theta,a,b,z,A2,phi,status
25.0,8.2,6.2,-2.0,-14.0,0.0,NotYet
25.0,8.2,6.2,-2.0,-14.0,10.0,NotYet
25.0,8.2,6.2,-2.0,-14.0,20.0,NotYet
25.0,8.2,6.2,-2.0,-14.0,30.0,NotYet
25.0,8.2,6.2,-2.0,-14.0,40.0,NotYet
25.0,8.2,6.2,-2.0,-14.0,50.0,NotYet
25.0,8.2,6.2,-2.0,-14.0,60.0,NotYet
25.0,8.2,6.2,-2.0,-14.0,70.0,NotYet
25.0,8.2,6.2,-2.0,-14.0,80.0,NotYet
25.0,8.2,6.2,-2.0,-14.0,90.0,NotYet
25.0,8.2,6.2,-2.0,-14.0,100.0,NotYet
25.0,8.2,6.2,-2.0,-14.0,110.0,NotYet
25.0,8.2,6.2,-2.0,-14.0,120.0,NotYet
25.0,8.2,6.2,-2.0,-14.0,130.0,NotYet
25.0,8.2,6.2,-2.0,-14.0,140.0,NotYet
25.0,8.2,6.2,-2.0,-14.0,150.0,NotYet
25.0,8.2,6.2,-2.0,-14.0,160.0,NotYet
25.0,8.2,6.2,-2.0,-14.0,170.0,NotYet
25.0,8.2,6.2,-2.0,-14.0,180.0,NotYet
25.0,8.2,6.2,-2.0,-14.0,190.0,NotYet
25.0,8.2,6.2,-2.0,-14.0,200.0,NotYet
25.0,8.2,6.2,-2.0,-14.0,210.0,NotYet
25.0,8.2,6.2,-2.0,-14.0,220.0,NotYet
25.0,8.2,6.2,-2.0,-14.0,230.0,NotYet
25.0,8.2,6.2,-2.0,-14.0,240.0,NotYet
25.0,8.2,6.2,-2.0,-14.0,250.0,NotYet
25.0,8.2,6.2,-2.0,-14.0,260.0,NotYet
25.0,8.2,6.2,-2.0,-14.0,270.0,NotYet
25.0,8.2,6.2,-2.0,-14.0,280.0,NotYet
25.0,8.2,6.2,-2.0,-14.0,290.0,NotYet
25.0,8.2,6.2,-2.0,-14.0,300.0,NotYet
25.0,8.2,6.2,-2.0,-14.0,310.0,NotYet
25.0,8.2,6.2,-2.0,-14.0,320.0,NotYet
25.0,8.2,6.2,-2.0,-14.0,330.0,NotYet
25.0,8.2,6.2,-2.0,-14.0,340.0,NotYet
25.0,8.2,6.2,-2.0,-14.0,350.0,NotYet
25.0,8.2,6.2,-2.0,-12.0,0.0,NotYet
25.0,8.2,6.2,-2.0,-12.0,10.0,NotYet
25.0,8.2,6.2,-2.0,-12.0,20.0,NotYet
25.0,8.2,6.2,-2.0,-12.0,30.0,NotYet
25.0,8.2,6.2,-2.0,-12.0,40.0,NotYet
25.0,8.2,6.2,-2.0,-12.0,50.0,NotYet
25.0,8.2,6.2,-2.0,-12.0,60.0,NotYet
25.0,8.2,6.2,-2.0,-12.0,70.0,NotYet
25.0,8.2,6.2,-2.0,-12.0,80.0,NotYet
25.0,8.2,6.2,-2.0,-12.0,90.0,NotYet
25.0,8.2,6.2,-2.0,-12.0,100.0,NotYet
25.0,8.2,6.2,-2.0,-12.0,110.0,NotYet
25.0,8.2,6.2,-2.0,-12.0,120.0,NotYet
25.0,8.2,6.2,-2.0,-12.0,130.0,NotYet
25.0,8.2,6.2,-2.0,-12.0,140.0,NotYet
25.0,8.2,6.2,-2.0,-12.0,150.0,NotYet
25.0,8.2,6.2,-2.0,-12.0,160.0,NotYet
25.0,8.2,6.2,-2.0,-12.0,170.0,NotYet
25.0,8.2,6.2,-2.0,-12.0,180.0,NotYet
25.0,8.2,6.2,-2.0,-12.0,190.0,NotYet
25.0,8.2,6.2,-2.0,-12.0,200.0,NotYet
25.0,8.2,6.2,-2.0,-12.0,210.0,NotYet
25.0,8.2,6.2,-2.0,-12.0,220.0,NotYet
25.0,8.2,6.2,-2.0,-12.0,230.0,NotYet
25.0,8.2,6.2,-2.0,-12.0,240.0,NotYet
25.0,8.2,6.2,-2.0,-12.0,250.0,NotYet
25.0,8.2,6.2,-2.0,-12.0,260.0,NotYet
25.0,8.2,6.2,-2.0,-12.0,270.0,NotYet
25.0,8.2,6.2,-2.0,-12.0,280.0,NotYet
25.0,8.2,6.2,-2.0,-12.0,290.0,NotYet
25.0,8.2,6.2,-2.0,-12.0,300.0,NotYet
25.0,8.2,6.2,-2.0,-12.0,310.0,NotYet
25.0,8.2,6.2,-2.0,-12.0,320.0,NotYet
25.0,8.2,6.2,-2.0,-12.0,330.0,NotYet
25.0,8.2,6.2,-2.0,-12.0,340.0,NotYet
25.0,8.2,6.2,-2.0,-12.0,350.0,NotYet
25.0,8.2,6.2,-2.0,-10.0,0.0,NotYet
25.0,8.2,6.2,-2.0,-10.0,10.0,NotYet
25.0,8.2,6.2,-2.0,-10.0,20.0,NotYet
25.0,8.2,6.2,-2.0,-10.0,30.0,NotYet
25.0,8.2,6.2,-2.0,-10.0,40.0,NotYet
25.0,8.2,6.2,-2.0,-10.0,50.0,NotYet
25.0,8.2,6.2,-2.0,-10.0,60.0,NotYet
25.0,8.2,6.2,-2.0,-10.0,70.0,NotYet
25.0,8.2,6.2,-2.0,-10.0,80.0,NotYet
25.0,8.2,6.2,-2.0,-10.0,90.0,NotYet
25.0,8.2,6.2,-2.0,-10.0,100.0,NotYet
25.0,8.2,6.2,-2.0,-10.0,110.0,NotYet
25.0,8.2,6.2,-2.0,-10.0,120.0,NotYet
25.0,8.2,6.2,-2.0,-10.0,130.0,NotYet
25.0,8.2,6.2,-2.0,-10.0,140.0,NotYet
25.0,8.2,6.2,-2.0,-10.0,150.0,NotYet
25.0,8.2,6.2,-2.0,-10.0,160.0,NotYet
25.0,8.2,6.2,-2.0,-10.0,170.0,NotYet
25.0,8.2,6.2,-2.0,-10.0,180.0,NotYet
25.0,8.2,6.2,-2.0,-10.0,190.0,NotYet
25.0,8.2,6.2,-2.0,-10.0,200.0,NotYet
25.0,8.2,6.2,-2.0,-10.0,210.0,NotYet
25.0,8.2,6.2,-2.0,-10.0,220.0,NotYet
25.0,8.2,6.2,-2.0,-10.0,230.0,NotYet
25.0,8.2,6.2,-2.0,-10.0,240.0,NotYet
25.0,8.2,6.2,-2.0,-10.0,250.0,NotYet
25.0,8.2,6.2,-2.0,-10.0,260.0,NotYet
25.0,8.2,6.2,-2.0,-10.0,270.0,NotYet
25.0,8.2,6.2,-2.0,-10.0,280.0,NotYet
25.0,8.2,6.2,-2.0,-10.0,290.0,NotYet
25.0,8.2,6.2,-2.0,-10.0,300.0,NotYet
25.0,8.2,6.2,-2.0,-10.0,310.0,NotYet
25.0,8.2,6.2,-2.0,-10.0,320.0,NotYet
25.0,8.2,6.2,-2.0,-10.0,330.0,NotYet
25.0,8.2,6.2,-2.0,-10.0,340.0,NotYet
25.0,8.2,6.2,-2.0,-10.0,350.0,NotYet
25.0,8.2,6.2,-2.0,-8.0,0.0,NotYet
25.0,8.2,6.2,-2.0,-8.0,10.0,NotYet
25.0,8.2,6.2,-2.0,-8.0,20.0,NotYet
25.0,8.2,6.2,-2.0,-8.0,30.0,NotYet
25.0,8.2,6.2,-2.0,-8.0,40.0,NotYet
25.0,8.2,6.2,-2.0,-8.0,50.0,NotYet
25.0,8.2,6.2,-2.0,-8.0,60.0,NotYet
25.0,8.2,6.2,-2.0,-8.0,70.0,NotYet
25.0,8.2,6.2,-2.0,-8.0,80.0,NotYet
25.0,8.2,6.2,-2.0,-8.0,90.0,NotYet
25.0,8.2,6.2,-2.0,-8.0,100.0,NotYet
25.0,8.2,6.2,-2.0,-8.0,110.0,NotYet
25.0,8.2,6.2,-2.0,-8.0,120.0,NotYet
25.0,8.2,6.2,-2.0,-8.0,130.0,NotYet
25.0,8.2,6.2,-2.0,-8.0,140.0,NotYet
25.0,8.2,6.2,-2.0,-8.0,150.0,NotYet
25.0,8.2,6.2,-2.0,-8.0,160.0,NotYet
25.0,8.2,6.2,-2.0,-8.0,170.0,NotYet
25.0,8.2,6.2,-2.0,-8.0,180.0,NotYet
25.0,8.2,6.2,-2.0,-8.0,190.0,NotYet
25.0,8.2,6.2,-2.0,-8.0,200.0,NotYet
25.0,8.2,6.2,-2.0,-8.0,210.0,NotYet
25.0,8.2,6.2,-2.0,-8.0,220.0,NotYet
25.0,8.2,6.2,-2.0,-8.0,230.0,NotYet
25.0,8.2,6.2,-2.0,-8.0,240.0,NotYet
25.0,8.2,6.2,-2.0,-8.0,250.0,NotYet
25.0,8.2,6.2,-2.0,-8.0,260.0,NotYet
25.0,8.2,6.2,-2.0,-8.0,270.0,NotYet
25.0,8.2,6.2,-2.0,-8.0,280.0,NotYet
25.0,8.2,6.2,-2.0,-8.0,290.0,NotYet
25.0,8.2,6.2,-2.0,-8.0,300.0,NotYet
25.0,8.2,6.2,-2.0,-8.0,310.0,NotYet
25.0,8.2,6.2,-2.0,-8.0,320.0,NotYet
25.0,8.2,6.2,-2.0,-8.0,330.0,NotYet
25.0,8.2,6.2,-2.0,-8.0,340.0,NotYet
25.0,8.2,6.2,-2.0,-8.0,350.0,NotYet
25.0,8.2,6.2,-2.0,-6.0,0.0,NotYet
25.0,8.2,6.2,-2.0,-6.0,10.0,NotYet
25.0,8.2,6.2,-2.0,-6.0,20.0,NotYet
25.0,8.2,6.2,-2.0,-6.0,30.0,NotYet
25.0,8.2,6.2,-2.0,-6.0,40.0,NotYet
25.0,8.2,6.2,-2.0,-6.0,50.0,NotYet
25.0,8.2,6.2,-2.0,-6.0,60.0,NotYet
25.0,8.2,6.2,-2.0,-6.0,70.0,NotYet
25.0,8.2,6.2,-2.0,-6.0,80.0,NotYet
25.0,8.2,6.2,-2.0,-6.0,90.0,NotYet
25.0,8.2,6.2,-2.0,-6.0,100.0,NotYet
25.0,8.2,6.2,-2.0,-6.0,110.0,NotYet
25.0,8.2,6.2,-2.0,-6.0,120.0,NotYet
25.0,8.2,6.2,-2.0,-6.0,130.0,NotYet
25.0,8.2,6.2,-2.0,-6.0,140.0,NotYet
25.0,8.2,6.2,-2.0,-6.0,150.0,NotYet
25.0,8.2,6.2,-2.0,-6.0,160.0,NotYet
25.0,8.2,6.2,-2.0,-6.0,170.0,NotYet
25.0,8.2,6.2,-2.0,-6.0,180.0,NotYet
25.0,8.2,6.2,-2.0,-6.0,190.0,NotYet
25.0,8.2,6.2,-2.0,-6.0,200.0,NotYet
25.0,8.2,6.2,-2.0,-6.0,210.0,NotYet
25.0,8.2,6.2,-2.0,-6.0,220.0,NotYet
25.0,8.2,6.2,-2.0,-6.0,230.0,NotYet
25.0,8.2,6.2,-2.0,-6.0,240.0,NotYet
25.0,8.2,6.2,-2.0,-6.0,250.0,NotYet
25.0,8.2,6.2,-2.0,-6.0,260.0,NotYet
25.0,8.2,6.2,-2.0,-6.0,270.0,NotYet
25.0,8.2,6.2,-2.0,-6.0,280.0,NotYet
25.0,8.2,6.2,-2.0,-6.0,290.0,NotYet
25.0,8.2,6.2,-2.0,-6.0,300.0,NotYet
25.0,8.2,6.2,-2.0,-6.0,310.0,NotYet
25.0,8.2,6.2,-2.0,-6.0,320.0,NotYet
25.0,8.2,6.2,-2.0,-6.0,330.0,NotYet
25.0,8.2,6.2,-2.0,-6.0,340.0,NotYet
25.0,8.2,6.2,-2.0,-6.0,350.0,NotYet
25.0,8.2,6.2,-2.0,-4.0,0.0,NotYet
25.0,8.2,6.2,-2.0,-4.0,10.0,NotYet
25.0,8.2,6.2,-2.0,-4.0,20.0,NotYet
25.0,8.2,6.2,-2.0,-4.0,30.0,NotYet
25.0,8.2,6.2,-2.0,-4.0,40.0,NotYet
25.0,8.2,6.2,-2.0,-4.0,50.0,NotYet
25.0,8.2,6.2,-2.0,-4.0,60.0,NotYet
25.0,8.2,6.2,-2.0,-4.0,70.0,NotYet
25.0,8.2,6.2,-2.0,-4.0,80.0,NotYet
25.0,8.2,6.2,-2.0,-4.0,90.0,NotYet
25.0,8.2,6.2,-2.0,-4.0,100.0,NotYet
25.0,8.2,6.2,-2.0,-4.0,110.0,NotYet
25.0,8.2,6.2,-2.0,-4.0,120.0,NotYet
25.0,8.2,6.2,-2.0,-4.0,130.0,NotYet
25.0,8.2,6.2,-2.0,-4.0,140.0,NotYet
25.0,8.2,6.2,-2.0,-4.0,150.0,NotYet
25.0,8.2,6.2,-2.0,-4.0,160.0,NotYet
25.0,8.2,6.2,-2.0,-4.0,170.0,NotYet
25.0,8.2,6.2,-2.0,-4.0,180.0,NotYet
25.0,8.2,6.2,-2.0,-4.0,190.0,NotYet
25.0,8.2,6.2,-2.0,-4.0,200.0,NotYet
25.0,8.2,6.2,-2.0,-4.0,210.0,NotYet
25.0,8.2,6.2,-2.0,-4.0,220.0,NotYet
25.0,8.2,6.2,-2.0,-4.0,230.0,NotYet
25.0,8.2,6.2,-2.0,-4.0,240.0,NotYet
25.0,8.2,6.2,-2.0,-4.0,250.0,NotYet
25.0,8.2,6.2,-2.0,-4.0,260.0,NotYet
25.0,8.2,6.2,-2.0,-4.0,270.0,NotYet
25.0,8.2,6.2,-2.0,-4.0,280.0,NotYet
25.0,8.2,6.2,-2.0,-4.0,290.0,NotYet
25.0,8.2,6.2,-2.0,-4.0,300.0,NotYet
25.0,8.2,6.2,-2.0,-4.0,310.0,NotYet
25.0,8.2,6.2,-2.0,-4.0,320.0,NotYet
25.0,8.2,6.2,-2.0,-4.0,330.0,NotYet
25.0,8.2,6.2,-2.0,-4.0,340.0,NotYet
25.0,8.2,6.2,-2.0,-4.0,350.0,NotYet
25.0,8.2,6.2,-2.0,-2.0,0.0,NotYet
25.0,8.2,6.2,-2.0,-2.0,10.0,NotYet
25.0,8.2,6.2,-2.0,-2.0,20.0,NotYet
25.0,8.2,6.2,-2.0,-2.0,30.0,NotYet
25.0,8.2,6.2,-2.0,-2.0,40.0,NotYet
25.0,8.2,6.2,-2.0,-2.0,50.0,NotYet
25.0,8.2,6.2,-2.0,-2.0,60.0,NotYet
25.0,8.2,6.2,-2.0,-2.0,70.0,NotYet
25.0,8.2,6.2,-2.0,-2.0,80.0,NotYet
25.0,8.2,6.2,-2.0,-2.0,90.0,NotYet
25.0,8.2,6.2,-2.0,-2.0,100.0,NotYet
25.0,8.2,6.2,-2.0,-2.0,110.0,NotYet
25.0,8.2,6.2,-2.0,-2.0,120.0,NotYet
25.0,8.2,6.2,-2.0,-2.0,130.0,NotYet
25.0,8.2,6.2,-2.0,-2.0,140.0,NotYet
25.0,8.2,6.2,-2.0,-2.0,150.0,NotYet
25.0,8.2,6.2,-2.0,-2.0,160.0,NotYet
25.0,8.2,6.2,-2.0,-2.0,170.0,NotYet
25.0,8.2,6.2,-2.0,-2.0,180.0,NotYet
25.0,8.2,6.2,-2.0,-2.0,190.0,NotYet
25.0,8.2,6.2,-2.0,-2.0,200.0,NotYet
25.0,8.2,6.2,-2.0,-2.0,210.0,NotYet
25.0,8.2,6.2,-2.0,-2.0,220.0,NotYet
25.0,8.2,6.2,-2.0,-2.0,230.0,NotYet
25.0,8.2,6.2,-2.0,-2.0,240.0,NotYet
25.0,8.2,6.2,-2.0,-2.0,250.0,NotYet
25.0,8.2,6.2,-2.0,-2.0,260.0,NotYet
25.0,8.2,6.2,-2.0,-2.0,270.0,NotYet
25.0,8.2,6.2,-2.0,-2.0,280.0,NotYet
25.0,8.2,6.2,-2.0,-2.0,290.0,NotYet
25.0,8.2,6.2,-2.0,-2.0,300.0,NotYet
25.0,8.2,6.2,-2.0,-2.0,310.0,NotYet
25.0,8.2,6.2,-2.0,-2.0,320.0,NotYet
25.0,8.2,6.2,-2.0,-2.0,330.0,NotYet
25.0,8.2,6.2,-2.0,-2.0,340.0,NotYet
25.0,8.2,6.2,-2.0,-2.0,350.0,NotYet
25.0,8.2,6.2,-2.0,0.0,0.0,NotYet
25.0,8.2,6.2,-2.0,0.0,10.0,NotYet
25.0,8.2,6.2,-2.0,0.0,20.0,NotYet
25.0,8.2,6.2,-2.0,0.0,30.0,NotYet
25.0,8.2,6.2,-2.0,0.0,40.0,NotYet
25.0,8.2,6.2,-2.0,0.0,50.0,NotYet
25.0,8.2,6.2,-2.0,0.0,60.0,NotYet
25.0,8.2,6.2,-2.0,0.0,70.0,NotYet
25.0,8.2,6.2,-2.0,0.0,80.0,NotYet
25.0,8.2,6.2,-2.0,0.0,90.0,NotYet
25.0,8.2,6.2,-2.0,0.0,100.0,NotYet
25.0,8.2,6.2,-2.0,0.0,110.0,NotYet
25.0,8.2,6.2,-2.0,0.0,120.0,NotYet
25.0,8.2,6.2,-2.0,0.0,130.0,NotYet
25.0,8.2,6.2,-2.0,0.0,140.0,NotYet
25.0,8.2,6.2,-2.0,0.0,150.0,NotYet
25.0,8.2,6.2,-2.0,0.0,160.0,NotYet
25.0,8.2,6.2,-2.0,0.0,170.0,NotYet
25.0,8.2,6.2,-2.0,0.0,180.0,NotYet
25.0,8.2,6.2,-2.0,0.0,190.0,NotYet
25.0,8.2,6.2,-2.0,0.0,200.0,NotYet
25.0,8.2,6.2,-2.0,0.0,210.0,NotYet
25.0,8.2,6.2,-2.0,0.0,220.0,NotYet
25.0,8.2,6.2,-2.0,0.0,230.0,NotYet
25.0,8.2,6.2,-2.0,0.0,240.0,NotYet
25.0,8.2,6.2,-2.0,0.0,250.0,NotYet
25.0,8.2,6.2,-2.0,0.0,260.0,NotYet
25.0,8.2,6.2,-2.0,0.0,270.0,NotYet
25.0,8.2,6.2,-2.0,0.0,280.0,NotYet
25.0,8.2,6.2,-2.0,0.0,290.0,NotYet
25.0,8.2,6.2,-2.0,0.0,300.0,NotYet
25.0,8.2,6.2,-2.0,0.0,310.0,NotYet
25.0,8.2,6.2,-2.0,0.0,320.0,NotYet
25.0,8.2,6.2,-2.0,0.0,330.0,NotYet
25.0,8.2,6.2,-2.0,0.0,340.0,NotYet
25.0,8.2,6.2,-2.0,0.0,350.0,NotYet
25.0,8.2,6.2,-2.0,2.0,0.0,NotYet
25.0,8.2,6.2,-2.0,2.0,10.0,NotYet
25.0,8.2,6.2,-2.0,2.0,20.0,NotYet
25.0,8.2,6.2,-2.0,2.0,30.0,NotYet
25.0,8.2,6.2,-2.0,2.0,40.0,NotYet
25.0,8.2,6.2,-2.0,2.0,50.0,NotYet
25.0,8.2,6.2,-2.0,2.0,60.0,NotYet
25.0,8.2,6.2,-2.0,2.0,70.0,NotYet
25.0,8.2,6.2,-2.0,2.0,80.0,NotYet
25.0,8.2,6.2,-2.0,2.0,90.0,NotYet
25.0,8.2,6.2,-2.0,2.0,100.0,NotYet
25.0,8.2,6.2,-2.0,2.0,110.0,NotYet
25.0,8.2,6.2,-2.0,2.0,120.0,NotYet
25.0,8.2,6.2,-2.0,2.0,130.0,NotYet
25.0,8.2,6.2,-2.0,2.0,140.0,NotYet
25.0,8.2,6.2,-2.0,2.0,150.0,NotYet
25.0,8.2,6.2,-2.0,2.0,160.0,NotYet
25.0,8.2,6.2,-2.0,2.0,170.0,NotYet
25.0,8.2,6.2,-2.0,2.0,180.0,NotYet
25.0,8.2,6.2,-2.0,2.0,190.0,NotYet
25.0,8.2,6.2,-2.0,2.0,200.0,NotYet
25.0,8.2,6.2,-2.0,2.0,210.0,NotYet
25.0,8.2,6.2,-2.0,2.0,220.0,NotYet
25.0,8.2,6.2,-2.0,2.0,230.0,NotYet
25.0,8.2,6.2,-2.0,2.0,240.0,NotYet
25.0,8.2,6.2,-2.0,2.0,250.0,NotYet
25.0,8.2,6.2,-2.0,2.0,260.0,NotYet
25.0,8.2,6.2,-2.0,2.0,270.0,NotYet
25.0,8.2,6.2,-2.0,2.0,280.0,NotYet
25.0,8.2,6.2,-2.0,2.0,290.0,NotYet
25.0,8.2,6.2,-2.0,2.0,300.0,NotYet
25.0,8.2,6.2,-2.0,2.0,310.0,NotYet
25.0,8.2,6.2,-2.0,2.0,320.0,NotYet
25.0,8.2,6.2,-2.0,2.0,330.0,NotYet
25.0,8.2,6.2,-2.0,2.0,340.0,NotYet
25.0,8.2,6.2,-2.0,2.0,350.0,NotYet
25.0,8.2,6.2,-2.0,4.0,0.0,NotYet
25.0,8.2,6.2,-2.0,4.0,10.0,NotYet
25.0,8.2,6.2,-2.0,4.0,20.0,NotYet
25.0,8.2,6.2,-2.0,4.0,30.0,NotYet
25.0,8.2,6.2,-2.0,4.0,40.0,NotYet
25.0,8.2,6.2,-2.0,4.0,50.0,NotYet
25.0,8.2,6.2,-2.0,4.0,60.0,NotYet
25.0,8.2,6.2,-2.0,4.0,70.0,NotYet
25.0,8.2,6.2,-2.0,4.0,80.0,NotYet
25.0,8.2,6.2,-2.0,4.0,90.0,NotYet
25.0,8.2,6.2,-2.0,4.0,100.0,NotYet
25.0,8.2,6.2,-2.0,4.0,110.0,NotYet
25.0,8.2,6.2,-2.0,4.0,120.0,NotYet
25.0,8.2,6.2,-2.0,4.0,130.0,NotYet
25.0,8.2,6.2,-2.0,4.0,140.0,NotYet
25.0,8.2,6.2,-2.0,4.0,150.0,NotYet
25.0,8.2,6.2,-2.0,4.0,160.0,NotYet
25.0,8.2,6.2,-2.0,4.0,170.0,NotYet
25.0,8.2,6.2,-2.0,4.0,180.0,NotYet
25.0,8.2,6.2,-2.0,4.0,190.0,NotYet
25.0,8.2,6.2,-2.0,4.0,200.0,NotYet
25.0,8.2,6.2,-2.0,4.0,210.0,NotYet
25.0,8.2,6.2,-2.0,4.0,220.0,NotYet
25.0,8.2,6.2,-2.0,4.0,230.0,NotYet
25.0,8.2,6.2,-2.0,4.0,240.0,NotYet
25.0,8.2,6.2,-2.0,4.0,250.0,NotYet
25.0,8.2,6.2,-2.0,4.0,260.0,NotYet
25.0,8.2,6.2,-2.0,4.0,270.0,NotYet
25.0,8.2,6.2,-2.0,4.0,280.0,NotYet
25.0,8.2,6.2,-2.0,4.0,290.0,NotYet
25.0,8.2,6.2,-2.0,4.0,300.0,NotYet
25.0,8.2,6.2,-2.0,4.0,310.0,NotYet
25.0,8.2,6.2,-2.0,4.0,320.0,NotYet
25.0,8.2,6.2,-2.0,4.0,330.0,NotYet
25.0,8.2,6.2,-2.0,4.0,340.0,NotYet
25.0,8.2,6.2,-2.0,4.0,350.0,NotYet
25.0,8.2,6.2,-2.0,6.0,0.0,NotYet
25.0,8.2,6.2,-2.0,6.0,10.0,NotYet
25.0,8.2,6.2,-2.0,6.0,20.0,NotYet
25.0,8.2,6.2,-2.0,6.0,30.0,NotYet
25.0,8.2,6.2,-2.0,6.0,40.0,NotYet
25.0,8.2,6.2,-2.0,6.0,50.0,NotYet
25.0,8.2,6.2,-2.0,6.0,60.0,NotYet
25.0,8.2,6.2,-2.0,6.0,70.0,NotYet
25.0,8.2,6.2,-2.0,6.0,80.0,NotYet
25.0,8.2,6.2,-2.0,6.0,90.0,NotYet
25.0,8.2,6.2,-2.0,6.0,100.0,NotYet
25.0,8.2,6.2,-2.0,6.0,110.0,NotYet
25.0,8.2,6.2,-2.0,6.0,120.0,NotYet
25.0,8.2,6.2,-2.0,6.0,130.0,NotYet
25.0,8.2,6.2,-2.0,6.0,140.0,NotYet
25.0,8.2,6.2,-2.0,6.0,150.0,NotYet
25.0,8.2,6.2,-2.0,6.0,160.0,NotYet
25.0,8.2,6.2,-2.0,6.0,170.0,NotYet
25.0,8.2,6.2,-2.0,6.0,180.0,NotYet
25.0,8.2,6.2,-2.0,6.0,190.0,NotYet
25.0,8.2,6.2,-2.0,6.0,200.0,NotYet
25.0,8.2,6.2,-2.0,6.0,210.0,NotYet
25.0,8.2,6.2,-2.0,6.0,220.0,NotYet
25.0,8.2,6.2,-2.0,6.0,230.0,NotYet
25.0,8.2,6.2,-2.0,6.0,240.0,NotYet
25.0,8.2,6.2,-2.0,6.0,250.0,NotYet
25.0,8.2,6.2,-2.0,6.0,260.0,NotYet
25.0,8.2,6.2,-2.0,6.0,270.0,NotYet
25.0,8.2,6.2,-2.0,6.0,280.0,NotYet
25.0,8.2,6.2,-2.0,6.0,290.0,NotYet
25.0,8.2,6.2,-2.0,6.0,300.0,NotYet
25.0,8.2,6.2,-2.0,6.0,310.0,NotYet
25.0,8.2,6.2,-2.0,6.0,320.0,NotYet
25.0,8.2,6.2,-2.0,6.0,330.0,NotYet
25.0,8.2,6.2,-2.0,6.0,340.0,NotYet
25.0,8.2,6.2,-2.0,6.0,350.0,NotYet
25.0,8.2,6.2,-2.0,8.0,0.0,NotYet
25.0,8.2,6.2,-2.0,8.0,10.0,NotYet
25.0,8.2,6.2,-2.0,8.0,20.0,NotYet
25.0,8.2,6.2,-2.0,8.0,30.0,NotYet
25.0,8.2,6.2,-2.0,8.0,40.0,NotYet
25.0,8.2,6.2,-2.0,8.0,50.0,NotYet
25.0,8.2,6.2,-2.0,8.0,60.0,NotYet
25.0,8.2,6.2,-2.0,8.0,70.0,NotYet
25.0,8.2,6.2,-2.0,8.0,80.0,NotYet
25.0,8.2,6.2,-2.0,8.0,90.0,NotYet
25.0,8.2,6.2,-2.0,8.0,100.0,NotYet
25.0,8.2,6.2,-2.0,8.0,110.0,NotYet
25.0,8.2,6.2,-2.0,8.0,120.0,NotYet
25.0,8.2,6.2,-2.0,8.0,130.0,NotYet
25.0,8.2,6.2,-2.0,8.0,140.0,NotYet
25.0,8.2,6.2,-2.0,8.0,150.0,NotYet
25.0,8.2,6.2,-2.0,8.0,160.0,NotYet
25.0,8.2,6.2,-2.0,8.0,170.0,NotYet
25.0,8.2,6.2,-2.0,8.0,180.0,NotYet
25.0,8.2,6.2,-2.0,8.0,190.0,NotYet
25.0,8.2,6.2,-2.0,8.0,200.0,NotYet
25.0,8.2,6.2,-2.0,8.0,210.0,NotYet
25.0,8.2,6.2,-2.0,8.0,220.0,NotYet
25.0,8.2,6.2,-2.0,8.0,230.0,NotYet
25.0,8.2,6.2,-2.0,8.0,240.0,NotYet
25.0,8.2,6.2,-2.0,8.0,250.0,NotYet
25.0,8.2,6.2,-2.0,8.0,260.0,NotYet
25.0,8.2,6.2,-2.0,8.0,270.0,NotYet
25.0,8.2,6.2,-2.0,8.0,280.0,NotYet
25.0,8.2,6.2,-2.0,8.0,290.0,NotYet
25.0,8.2,6.2,-2.0,8.0,300.0,NotYet
25.0,8.2,6.2,-2.0,8.0,310.0,NotYet
25.0,8.2,6.2,-2.0,8.0,320.0,NotYet
25.0,8.2,6.2,-2.0,8.0,330.0,NotYet
25.0,8.2,6.2,-2.0,8.0,340.0,NotYet
25.0,8.2,6.2,-2.0,8.0,350.0,NotYet
25.0,8.2,6.2,-2.0,10.0,0.0,NotYet
25.0,8.2,6.2,-2.0,10.0,10.0,NotYet
25.0,8.2,6.2,-2.0,10.0,20.0,NotYet
25.0,8.2,6.2,-2.0,10.0,30.0,NotYet
25.0,8.2,6.2,-2.0,10.0,40.0,NotYet
25.0,8.2,6.2,-2.0,10.0,50.0,NotYet
25.0,8.2,6.2,-2.0,10.0,60.0,NotYet
25.0,8.2,6.2,-2.0,10.0,70.0,NotYet
25.0,8.2,6.2,-2.0,10.0,80.0,NotYet
25.0,8.2,6.2,-2.0,10.0,90.0,NotYet
25.0,8.2,6.2,-2.0,10.0,100.0,NotYet
25.0,8.2,6.2,-2.0,10.0,110.0,NotYet
25.0,8.2,6.2,-2.0,10.0,120.0,NotYet
25.0,8.2,6.2,-2.0,10.0,130.0,NotYet
25.0,8.2,6.2,-2.0,10.0,140.0,NotYet
25.0,8.2,6.2,-2.0,10.0,150.0,NotYet
25.0,8.2,6.2,-2.0,10.0,160.0,NotYet
25.0,8.2,6.2,-2.0,10.0,170.0,NotYet
25.0,8.2,6.2,-2.0,10.0,180.0,NotYet
25.0,8.2,6.2,-2.0,10.0,190.0,NotYet
25.0,8.2,6.2,-2.0,10.0,200.0,NotYet
25.0,8.2,6.2,-2.0,10.0,210.0,NotYet
25.0,8.2,6.2,-2.0,10.0,220.0,NotYet
25.0,8.2,6.2,-2.0,10.0,230.0,NotYet
25.0,8.2,6.2,-2.0,10.0,240.0,NotYet
25.0,8.2,6.2,-2.0,10.0,250.0,NotYet
25.0,8.2,6.2,-2.0,10.0,260.0,NotYet
25.0,8.2,6.2,-2.0,10.0,270.0,NotYet
25.0,8.2,6.2,-2.0,10.0,280.0,NotYet
25.0,8.2,6.2,-2.0,10.0,290.0,NotYet
25.0,8.2,6.2,-2.0,10.0,300.0,NotYet
25.0,8.2,6.2,-2.0,10.0,310.0,NotYet
25.0,8.2,6.2,-2.0,10.0,320.0,NotYet
25.0,8.2,6.2,-2.0,10.0,330.0,NotYet
25.0,8.2,6.2,-2.0,10.0,340.0,NotYet
25.0,8.2,6.2,-2.0,10.0,350.0,NotYet
25.0,8.2,6.2,-2.0,12.0,0.0,NotYet
25.0,8.2,6.2,-2.0,12.0,10.0,NotYet
25.0,8.2,6.2,-2.0,12.0,20.0,NotYet
25.0,8.2,6.2,-2.0,12.0,30.0,NotYet
25.0,8.2,6.2,-2.0,12.0,40.0,NotYet
25.0,8.2,6.2,-2.0,12.0,50.0,NotYet
25.0,8.2,6.2,-2.0,12.0,60.0,NotYet
25.0,8.2,6.2,-2.0,12.0,70.0,NotYet
25.0,8.2,6.2,-2.0,12.0,80.0,NotYet
25.0,8.2,6.2,-2.0,12.0,90.0,NotYet
25.0,8.2,6.2,-2.0,12.0,100.0,NotYet
25.0,8.2,6.2,-2.0,12.0,110.0,NotYet
25.0,8.2,6.2,-2.0,12.0,120.0,NotYet
25.0,8.2,6.2,-2.0,12.0,130.0,NotYet
25.0,8.2,6.2,-2.0,12.0,140.0,NotYet
25.0,8.2,6.2,-2.0,12.0,150.0,NotYet
25.0,8.2,6.2,-2.0,12.0,160.0,NotYet
25.0,8.2,6.2,-2.0,12.0,170.0,NotYet
25.0,8.2,6.2,-2.0,12.0,180.0,NotYet
25.0,8.2,6.2,-2.0,12.0,190.0,NotYet
25.0,8.2,6.2,-2.0,12.0,200.0,NotYet
25.0,8.2,6.2,-2.0,12.0,210.0,NotYet
25.0,8.2,6.2,-2.0,12.0,220.0,NotYet
25.0,8.2,6.2,-2.0,12.0,230.0,NotYet
25.0,8.2,6.2,-2.0,12.0,240.0,NotYet
25.0,8.2,6.2,-2.0,12.0,250.0,NotYet
25.0,8.2,6.2,-2.0,12.0,260.0,NotYet
25.0,8.2,6.2,-2.0,12.0,270.0,NotYet
25.0,8.2,6.2,-2.0,12.0,280.0,NotYet
25.0,8.2,6.2,-2.0,12.0,290.0,NotYet
25.0,8.2,6.2,-2.0,12.0,300.0,NotYet
25.0,8.2,6.2,-2.0,12.0,310.0,NotYet
25.0,8.2,6.2,-2.0,12.0,320.0,NotYet
25.0,8.2,6.2,-2.0,12.0,330.0,NotYet
25.0,8.2,6.2,-2.0,12.0,340.0,NotYet
25.0,8.2,6.2,-2.0,12.0,350.0,NotYet
25.0,8.2,6.2,-2.0,14.0,0.0,NotYet
25.0,8.2,6.2,-2.0,14.0,10.0,NotYet
25.0,8.2,6.2,-2.0,14.0,20.0,NotYet
25.0,8.2,6.2,-2.0,14.0,30.0,NotYet
25.0,8.2,6.2,-2.0,14.0,40.0,NotYet
25.0,8.2,6.2,-2.0,14.0,50.0,NotYet
25.0,8.2,6.2,-2.0,14.0,60.0,NotYet
25.0,8.2,6.2,-2.0,14.0,70.0,NotYet
25.0,8.2,6.2,-2.0,14.0,80.0,NotYet
25.0,8.2,6.2,-2.0,14.0,90.0,NotYet
25.0,8.2,6.2,-2.0,14.0,100.0,NotYet
25.0,8.2,6.2,-2.0,14.0,110.0,NotYet
25.0,8.2,6.2,-2.0,14.0,120.0,NotYet
25.0,8.2,6.2,-2.0,14.0,130.0,NotYet
25.0,8.2,6.2,-2.0,14.0,140.0,NotYet
25.0,8.2,6.2,-2.0,14.0,150.0,NotYet
25.0,8.2,6.2,-2.0,14.0,160.0,NotYet
25.0,8.2,6.2,-2.0,14.0,170.0,NotYet
25.0,8.2,6.2,-2.0,14.0,180.0,NotYet
25.0,8.2,6.2,-2.0,14.0,190.0,NotYet
25.0,8.2,6.2,-2.0,14.0,200.0,NotYet
25.0,8.2,6.2,-2.0,14.0,210.0,NotYet
25.0,8.2,6.2,-2.0,14.0,220.0,NotYet
25.0,8.2,6.2,-2.0,14.0,230.0,NotYet
25.0,8.2,6.2,-2.0,14.0,240.0,NotYet
25.0,8.2,6.2,-2.0,14.0,250.0,NotYet
25.0,8.2,6.2,-2.0,14.0,260.0,NotYet
25.0,8.2,6.2,-2.0,14.0,270.0,NotYet
25.0,8.2,6.2,-2.0,14.0,280.0,NotYet
25.0,8.2,6.2,-2.0,14.0,290.0,NotYet
25.0,8.2,6.2,-2.0,14.0,300.0,NotYet
25.0,8.2,6.2,-2.0,14.0,310.0,NotYet
25.0,8.2,6.2,-2.0,14.0,320.0,NotYet
25.0,8.2,6.2,-2.0,14.0,330.0,NotYet
25.0,8.2,6.2,-2.0,14.0,340.0,NotYet
25.0,8.2,6.2,-2.0,14.0,350.0,NotYet
25.0,8.2,6.2,-1.8,-14.0,0.0,NotYet
25.0,8.2,6.2,-1.8,-14.0,10.0,NotYet
25.0,8.2,6.2,-1.8,-14.0,20.0,NotYet
25.0,8.2,6.2,-1.8,-14.0,30.0,NotYet
25.0,8.2,6.2,-1.8,-14.0,40.0,NotYet
25.0,8.2,6.2,-1.8,-14.0,50.0,NotYet
25.0,8.2,6.2,-1.8,-14.0,60.0,NotYet
25.0,8.2,6.2,-1.8,-14.0,70.0,NotYet
25.0,8.2,6.2,-1.8,-14.0,80.0,NotYet
25.0,8.2,6.2,-1.8,-14.0,90.0,NotYet
25.0,8.2,6.2,-1.8,-14.0,100.0,NotYet
25.0,8.2,6.2,-1.8,-14.0,110.0,NotYet
25.0,8.2,6.2,-1.8,-14.0,120.0,NotYet
25.0,8.2,6.2,-1.8,-14.0,130.0,NotYet
25.0,8.2,6.2,-1.8,-14.0,140.0,NotYet
25.0,8.2,6.2,-1.8,-14.0,150.0,NotYet
25.0,8.2,6.2,-1.8,-14.0,160.0,NotYet
25.0,8.2,6.2,-1.8,-14.0,170.0,NotYet
25.0,8.2,6.2,-1.8,-14.0,180.0,NotYet
25.0,8.2,6.2,-1.8,-14.0,190.0,NotYet
25.0,8.2,6.2,-1.8,-14.0,200.0,NotYet
25.0,8.2,6.2,-1.8,-14.0,210.0,NotYet
25.0,8.2,6.2,-1.8,-14.0,220.0,NotYet
25.0,8.2,6.2,-1.8,-14.0,230.0,NotYet
25.0,8.2,6.2,-1.8,-14.0,240.0,NotYet
25.0,8.2,6.2,-1.8,-14.0,250.0,NotYet
25.0,8.2,6.2,-1.8,-14.0,260.0,NotYet
25.0,8.2,6.2,-1.8,-14.0,270.0,NotYet
25.0,8.2,6.2,-1.8,-14.0,280.0,NotYet
25.0,8.2,6.2,-1.8,-14.0,290.0,NotYet
25.0,8.2,6.2,-1.8,-14.0,300.0,NotYet
25.0,8.2,6.2,-1.8,-14.0,310.0,NotYet
25.0,8.2,6.2,-1.8,-14.0,320.0,NotYet
25.0,8.2,6.2,-1.8,-14.0,330.0,NotYet
25.0,8.2,6.2,-1.8,-14.0,340.0,NotYet
25.0,8.2,6.2,-1.8,-14.0,350.0,NotYet
25.0,8.2,6.2,-1.8,-12.0,0.0,NotYet
25.0,8.2,6.2,-1.8,-12.0,10.0,NotYet
25.0,8.2,6.2,-1.8,-12.0,20.0,NotYet
25.0,8.2,6.2,-1.8,-12.0,30.0,NotYet
25.0,8.2,6.2,-1.8,-12.0,40.0,NotYet
25.0,8.2,6.2,-1.8,-12.0,50.0,NotYet
25.0,8.2,6.2,-1.8,-12.0,60.0,NotYet
25.0,8.2,6.2,-1.8,-12.0,70.0,NotYet
25.0,8.2,6.2,-1.8,-12.0,80.0,NotYet
25.0,8.2,6.2,-1.8,-12.0,90.0,NotYet
25.0,8.2,6.2,-1.8,-12.0,100.0,NotYet
25.0,8.2,6.2,-1.8,-12.0,110.0,NotYet
25.0,8.2,6.2,-1.8,-12.0,120.0,NotYet
25.0,8.2,6.2,-1.8,-12.0,130.0,NotYet
25.0,8.2,6.2,-1.8,-12.0,140.0,NotYet
25.0,8.2,6.2,-1.8,-12.0,150.0,NotYet
25.0,8.2,6.2,-1.8,-12.0,160.0,NotYet
25.0,8.2,6.2,-1.8,-12.0,170.0,NotYet
25.0,8.2,6.2,-1.8,-12.0,180.0,NotYet
25.0,8.2,6.2,-1.8,-12.0,190.0,NotYet
25.0,8.2,6.2,-1.8,-12.0,200.0,NotYet
25.0,8.2,6.2,-1.8,-12.0,210.0,NotYet
25.0,8.2,6.2,-1.8,-12.0,220.0,NotYet
25.0,8.2,6.2,-1.8,-12.0,230.0,NotYet
25.0,8.2,6.2,-1.8,-12.0,240.0,NotYet
25.0,8.2,6.2,-1.8,-12.0,250.0,NotYet
25.0,8.2,6.2,-1.8,-12.0,260.0,NotYet
25.0,8.2,6.2,-1.8,-12.0,270.0,NotYet
25.0,8.2,6.2,-1.8,-12.0,280.0,NotYet
25.0,8.2,6.2,-1.8,-12.0,290.0,NotYet
25.0,8.2,6.2,-1.8,-12.0,300.0,NotYet
25.0,8.2,6.2,-1.8,-12.0,310.0,NotYet
25.0,8.2,6.2,-1.8,-12.0,320.0,NotYet
25.0,8.2,6.2,-1.8,-12.0,330.0,NotYet
25.0,8.2,6.2,-1.8,-12.0,340.0,NotYet
25.0,8.2,6.2,-1.8,-12.0,350.0,NotYet
25.0,8.2,6.2,-1.8,-10.0,0.0,NotYet
25.0,8.2,6.2,-1.8,-10.0,10.0,NotYet
25.0,8.2,6.2,-1.8,-10.0,20.0,NotYet
25.0,8.2,6.2,-1.8,-10.0,30.0,NotYet
25.0,8.2,6.2,-1.8,-10.0,40.0,NotYet
25.0,8.2,6.2,-1.8,-10.0,50.0,NotYet
25.0,8.2,6.2,-1.8,-10.0,60.0,NotYet
25.0,8.2,6.2,-1.8,-10.0,70.0,NotYet
25.0,8.2,6.2,-1.8,-10.0,80.0,NotYet
25.0,8.2,6.2,-1.8,-10.0,90.0,NotYet
25.0,8.2,6.2,-1.8,-10.0,100.0,NotYet
25.0,8.2,6.2,-1.8,-10.0,110.0,NotYet
25.0,8.2,6.2,-1.8,-10.0,120.0,NotYet
25.0,8.2,6.2,-1.8,-10.0,130.0,NotYet
25.0,8.2,6.2,-1.8,-10.0,140.0,NotYet
25.0,8.2,6.2,-1.8,-10.0,150.0,NotYet
25.0,8.2,6.2,-1.8,-10.0,160.0,NotYet
25.0,8.2,6.2,-1.8,-10.0,170.0,NotYet
25.0,8.2,6.2,-1.8,-10.0,180.0,NotYet
25.0,8.2,6.2,-1.8,-10.0,190.0,NotYet
25.0,8.2,6.2,-1.8,-10.0,200.0,NotYet
25.0,8.2,6.2,-1.8,-10.0,210.0,NotYet
25.0,8.2,6.2,-1.8,-10.0,220.0,NotYet
25.0,8.2,6.2,-1.8,-10.0,230.0,NotYet
25.0,8.2,6.2,-1.8,-10.0,240.0,NotYet
25.0,8.2,6.2,-1.8,-10.0,250.0,NotYet
25.0,8.2,6.2,-1.8,-10.0,260.0,NotYet
25.0,8.2,6.2,-1.8,-10.0,270.0,NotYet
25.0,8.2,6.2,-1.8,-10.0,280.0,NotYet
25.0,8.2,6.2,-1.8,-10.0,290.0,NotYet
25.0,8.2,6.2,-1.8,-10.0,300.0,NotYet
25.0,8.2,6.2,-1.8,-10.0,310.0,NotYet
25.0,8.2,6.2,-1.8,-10.0,320.0,NotYet
25.0,8.2,6.2,-1.8,-10.0,330.0,NotYet
25.0,8.2,6.2,-1.8,-10.0,340.0,NotYet
25.0,8.2,6.2,-1.8,-10.0,350.0,NotYet
25.0,8.2,6.2,-1.8,-8.0,0.0,NotYet
25.0,8.2,6.2,-1.8,-8.0,10.0,NotYet
25.0,8.2,6.2,-1.8,-8.0,20.0,NotYet
25.0,8.2,6.2,-1.8,-8.0,30.0,NotYet
25.0,8.2,6.2,-1.8,-8.0,40.0,NotYet
25.0,8.2,6.2,-1.8,-8.0,50.0,NotYet
25.0,8.2,6.2,-1.8,-8.0,60.0,NotYet
25.0,8.2,6.2,-1.8,-8.0,70.0,NotYet
25.0,8.2,6.2,-1.8,-8.0,80.0,NotYet
25.0,8.2,6.2,-1.8,-8.0,90.0,NotYet
25.0,8.2,6.2,-1.8,-8.0,100.0,NotYet
25.0,8.2,6.2,-1.8,-8.0,110.0,NotYet
25.0,8.2,6.2,-1.8,-8.0,120.0,NotYet
25.0,8.2,6.2,-1.8,-8.0,130.0,NotYet
25.0,8.2,6.2,-1.8,-8.0,140.0,NotYet
25.0,8.2,6.2,-1.8,-8.0,150.0,NotYet
25.0,8.2,6.2,-1.8,-8.0,160.0,NotYet
25.0,8.2,6.2,-1.8,-8.0,170.0,NotYet
25.0,8.2,6.2,-1.8,-8.0,180.0,NotYet
25.0,8.2,6.2,-1.8,-8.0,190.0,NotYet
25.0,8.2,6.2,-1.8,-8.0,200.0,NotYet
25.0,8.2,6.2,-1.8,-8.0,210.0,NotYet
25.0,8.2,6.2,-1.8,-8.0,220.0,NotYet
25.0,8.2,6.2,-1.8,-8.0,230.0,NotYet
25.0,8.2,6.2,-1.8,-8.0,240.0,NotYet
25.0,8.2,6.2,-1.8,-8.0,250.0,NotYet
25.0,8.2,6.2,-1.8,-8.0,260.0,NotYet
25.0,8.2,6.2,-1.8,-8.0,270.0,NotYet
25.0,8.2,6.2,-1.8,-8.0,280.0,NotYet
25.0,8.2,6.2,-1.8,-8.0,290.0,NotYet
25.0,8.2,6.2,-1.8,-8.0,300.0,NotYet
25.0,8.2,6.2,-1.8,-8.0,310.0,NotYet
25.0,8.2,6.2,-1.8,-8.0,320.0,NotYet
25.0,8.2,6.2,-1.8,-8.0,330.0,NotYet
25.0,8.2,6.2,-1.8,-8.0,340.0,NotYet
25.0,8.2,6.2,-1.8,-8.0,350.0,NotYet
25.0,8.2,6.2,-1.8,-6.0,0.0,NotYet
25.0,8.2,6.2,-1.8,-6.0,10.0,NotYet
25.0,8.2,6.2,-1.8,-6.0,20.0,NotYet
25.0,8.2,6.2,-1.8,-6.0,30.0,NotYet
25.0,8.2,6.2,-1.8,-6.0,40.0,NotYet
25.0,8.2,6.2,-1.8,-6.0,50.0,NotYet
25.0,8.2,6.2,-1.8,-6.0,60.0,NotYet
25.0,8.2,6.2,-1.8,-6.0,70.0,NotYet
25.0,8.2,6.2,-1.8,-6.0,80.0,NotYet
25.0,8.2,6.2,-1.8,-6.0,90.0,NotYet
25.0,8.2,6.2,-1.8,-6.0,100.0,NotYet
25.0,8.2,6.2,-1.8,-6.0,110.0,NotYet
25.0,8.2,6.2,-1.8,-6.0,120.0,NotYet
25.0,8.2,6.2,-1.8,-6.0,130.0,NotYet
25.0,8.2,6.2,-1.8,-6.0,140.0,NotYet
25.0,8.2,6.2,-1.8,-6.0,150.0,NotYet
25.0,8.2,6.2,-1.8,-6.0,160.0,NotYet
25.0,8.2,6.2,-1.8,-6.0,170.0,NotYet
25.0,8.2,6.2,-1.8,-6.0,180.0,NotYet
25.0,8.2,6.2,-1.8,-6.0,190.0,NotYet
25.0,8.2,6.2,-1.8,-6.0,200.0,NotYet
25.0,8.2,6.2,-1.8,-6.0,210.0,NotYet
25.0,8.2,6.2,-1.8,-6.0,220.0,NotYet
25.0,8.2,6.2,-1.8,-6.0,230.0,NotYet
25.0,8.2,6.2,-1.8,-6.0,240.0,NotYet
25.0,8.2,6.2,-1.8,-6.0,250.0,NotYet
25.0,8.2,6.2,-1.8,-6.0,260.0,NotYet
25.0,8.2,6.2,-1.8,-6.0,270.0,NotYet
25.0,8.2,6.2,-1.8,-6.0,280.0,NotYet
25.0,8.2,6.2,-1.8,-6.0,290.0,NotYet
25.0,8.2,6.2,-1.8,-6.0,300.0,NotYet
25.0,8.2,6.2,-1.8,-6.0,310.0,NotYet
25.0,8.2,6.2,-1.8,-6.0,320.0,NotYet
25.0,8.2,6.2,-1.8,-6.0,330.0,NotYet
25.0,8.2,6.2,-1.8,-6.0,340.0,NotYet
25.0,8.2,6.2,-1.8,-6.0,350.0,NotYet
25.0,8.2,6.2,-1.8,-4.0,0.0,NotYet
25.0,8.2,6.2,-1.8,-4.0,10.0,NotYet
25.0,8.2,6.2,-1.8,-4.0,20.0,NotYet
25.0,8.2,6.2,-1.8,-4.0,30.0,NotYet
25.0,8.2,6.2,-1.8,-4.0,40.0,NotYet
25.0,8.2,6.2,-1.8,-4.0,50.0,NotYet
25.0,8.2,6.2,-1.8,-4.0,60.0,NotYet
25.0,8.2,6.2,-1.8,-4.0,70.0,NotYet
25.0,8.2,6.2,-1.8,-4.0,80.0,NotYet
25.0,8.2,6.2,-1.8,-4.0,90.0,NotYet
25.0,8.2,6.2,-1.8,-4.0,100.0,NotYet
25.0,8.2,6.2,-1.8,-4.0,110.0,NotYet
25.0,8.2,6.2,-1.8,-4.0,120.0,NotYet
25.0,8.2,6.2,-1.8,-4.0,130.0,NotYet
25.0,8.2,6.2,-1.8,-4.0,140.0,NotYet
25.0,8.2,6.2,-1.8,-4.0,150.0,NotYet
25.0,8.2,6.2,-1.8,-4.0,160.0,NotYet
25.0,8.2,6.2,-1.8,-4.0,170.0,NotYet
25.0,8.2,6.2,-1.8,-4.0,180.0,NotYet
25.0,8.2,6.2,-1.8,-4.0,190.0,NotYet
25.0,8.2,6.2,-1.8,-4.0,200.0,NotYet
25.0,8.2,6.2,-1.8,-4.0,210.0,NotYet
25.0,8.2,6.2,-1.8,-4.0,220.0,NotYet
25.0,8.2,6.2,-1.8,-4.0,230.0,NotYet
25.0,8.2,6.2,-1.8,-4.0,240.0,NotYet
25.0,8.2,6.2,-1.8,-4.0,250.0,NotYet
25.0,8.2,6.2,-1.8,-4.0,260.0,NotYet
25.0,8.2,6.2,-1.8,-4.0,270.0,NotYet
25.0,8.2,6.2,-1.8,-4.0,280.0,NotYet
25.0,8.2,6.2,-1.8,-4.0,290.0,NotYet
25.0,8.2,6.2,-1.8,-4.0,300.0,NotYet
25.0,8.2,6.2,-1.8,-4.0,310.0,NotYet
25.0,8.2,6.2,-1.8,-4.0,320.0,NotYet
25.0,8.2,6.2,-1.8,-4.0,330.0,NotYet
25.0,8.2,6.2,-1.8,-4.0,340.0,NotYet
25.0,8.2,6.2,-1.8,-4.0,350.0,NotYet
25.0,8.2,6.2,-1.8,-2.0,0.0,NotYet
25.0,8.2,6.2,-1.8,-2.0,10.0,NotYet
25.0,8.2,6.2,-1.8,-2.0,20.0,NotYet
25.0,8.2,6.2,-1.8,-2.0,30.0,NotYet
25.0,8.2,6.2,-1.8,-2.0,40.0,NotYet
25.0,8.2,6.2,-1.8,-2.0,50.0,NotYet
25.0,8.2,6.2,-1.8,-2.0,60.0,NotYet
25.0,8.2,6.2,-1.8,-2.0,70.0,NotYet
25.0,8.2,6.2,-1.8,-2.0,80.0,NotYet
25.0,8.2,6.2,-1.8,-2.0,90.0,NotYet
25.0,8.2,6.2,-1.8,-2.0,100.0,NotYet
25.0,8.2,6.2,-1.8,-2.0,110.0,NotYet
25.0,8.2,6.2,-1.8,-2.0,120.0,NotYet
25.0,8.2,6.2,-1.8,-2.0,130.0,NotYet
25.0,8.2,6.2,-1.8,-2.0,140.0,NotYet
25.0,8.2,6.2,-1.8,-2.0,150.0,NotYet
25.0,8.2,6.2,-1.8,-2.0,160.0,NotYet
25.0,8.2,6.2,-1.8,-2.0,170.0,NotYet
25.0,8.2,6.2,-1.8,-2.0,180.0,NotYet
25.0,8.2,6.2,-1.8,-2.0,190.0,NotYet
25.0,8.2,6.2,-1.8,-2.0,200.0,NotYet
25.0,8.2,6.2,-1.8,-2.0,210.0,NotYet
25.0,8.2,6.2,-1.8,-2.0,220.0,NotYet
25.0,8.2,6.2,-1.8,-2.0,230.0,NotYet
25.0,8.2,6.2,-1.8,-2.0,240.0,NotYet
25.0,8.2,6.2,-1.8,-2.0,250.0,NotYet
25.0,8.2,6.2,-1.8,-2.0,260.0,NotYet
25.0,8.2,6.2,-1.8,-2.0,270.0,NotYet
25.0,8.2,6.2,-1.8,-2.0,280.0,NotYet
25.0,8.2,6.2,-1.8,-2.0,290.0,NotYet
25.0,8.2,6.2,-1.8,-2.0,300.0,NotYet
25.0,8.2,6.2,-1.8,-2.0,310.0,NotYet
25.0,8.2,6.2,-1.8,-2.0,320.0,NotYet
25.0,8.2,6.2,-1.8,-2.0,330.0,NotYet
25.0,8.2,6.2,-1.8,-2.0,340.0,NotYet
25.0,8.2,6.2,-1.8,-2.0,350.0,NotYet
25.0,8.2,6.2,-1.8,0.0,0.0,NotYet
25.0,8.2,6.2,-1.8,0.0,10.0,NotYet
25.0,8.2,6.2,-1.8,0.0,20.0,NotYet
25.0,8.2,6.2,-1.8,0.0,30.0,NotYet
25.0,8.2,6.2,-1.8,0.0,40.0,NotYet
25.0,8.2,6.2,-1.8,0.0,50.0,NotYet
25.0,8.2,6.2,-1.8,0.0,60.0,NotYet
25.0,8.2,6.2,-1.8,0.0,70.0,NotYet
25.0,8.2,6.2,-1.8,0.0,80.0,NotYet
25.0,8.2,6.2,-1.8,0.0,90.0,NotYet
25.0,8.2,6.2,-1.8,0.0,100.0,NotYet
25.0,8.2,6.2,-1.8,0.0,110.0,NotYet
25.0,8.2,6.2,-1.8,0.0,120.0,NotYet
25.0,8.2,6.2,-1.8,0.0,130.0,NotYet
25.0,8.2,6.2,-1.8,0.0,140.0,NotYet
25.0,8.2,6.2,-1.8,0.0,150.0,NotYet
25.0,8.2,6.2,-1.8,0.0,160.0,NotYet
25.0,8.2,6.2,-1.8,0.0,170.0,NotYet
25.0,8.2,6.2,-1.8,0.0,180.0,NotYet
25.0,8.2,6.2,-1.8,0.0,190.0,NotYet
25.0,8.2,6.2,-1.8,0.0,200.0,NotYet
25.0,8.2,6.2,-1.8,0.0,210.0,NotYet
25.0,8.2,6.2,-1.8,0.0,220.0,NotYet
25.0,8.2,6.2,-1.8,0.0,230.0,NotYet
25.0,8.2,6.2,-1.8,0.0,240.0,NotYet
25.0,8.2,6.2,-1.8,0.0,250.0,NotYet
25.0,8.2,6.2,-1.8,0.0,260.0,NotYet
25.0,8.2,6.2,-1.8,0.0,270.0,NotYet
25.0,8.2,6.2,-1.8,0.0,280.0,NotYet
25.0,8.2,6.2,-1.8,0.0,290.0,NotYet
25.0,8.2,6.2,-1.8,0.0,300.0,NotYet
25.0,8.2,6.2,-1.8,0.0,310.0,NotYet
25.0,8.2,6.2,-1.8,0.0,320.0,NotYet
25.0,8.2,6.2,-1.8,0.0,330.0,NotYet
25.0,8.2,6.2,-1.8,0.0,340.0,NotYet
25.0,8.2,6.2,-1.8,0.0,350.0,NotYet
25.0,8.2,6.2,-1.8,2.0,0.0,NotYet
25.0,8.2,6.2,-1.8,2.0,10.0,NotYet
25.0,8.2,6.2,-1.8,2.0,20.0,NotYet
25.0,8.2,6.2,-1.8,2.0,30.0,NotYet
25.0,8.2,6.2,-1.8,2.0,40.0,NotYet
25.0,8.2,6.2,-1.8,2.0,50.0,NotYet
25.0,8.2,6.2,-1.8,2.0,60.0,NotYet
25.0,8.2,6.2,-1.8,2.0,70.0,NotYet
25.0,8.2,6.2,-1.8,2.0,80.0,NotYet
25.0,8.2,6.2,-1.8,2.0,90.0,NotYet
25.0,8.2,6.2,-1.8,2.0,100.0,NotYet
25.0,8.2,6.2,-1.8,2.0,110.0,NotYet
25.0,8.2,6.2,-1.8,2.0,120.0,NotYet
25.0,8.2,6.2,-1.8,2.0,130.0,NotYet
25.0,8.2,6.2,-1.8,2.0,140.0,NotYet
25.0,8.2,6.2,-1.8,2.0,150.0,NotYet
25.0,8.2,6.2,-1.8,2.0,160.0,NotYet
25.0,8.2,6.2,-1.8,2.0,170.0,NotYet
25.0,8.2,6.2,-1.8,2.0,180.0,NotYet
25.0,8.2,6.2,-1.8,2.0,190.0,NotYet
25.0,8.2,6.2,-1.8,2.0,200.0,NotYet
25.0,8.2,6.2,-1.8,2.0,210.0,NotYet
25.0,8.2,6.2,-1.8,2.0,220.0,NotYet
25.0,8.2,6.2,-1.8,2.0,230.0,NotYet
25.0,8.2,6.2,-1.8,2.0,240.0,NotYet
25.0,8.2,6.2,-1.8,2.0,250.0,NotYet
25.0,8.2,6.2,-1.8,2.0,260.0,NotYet
25.0,8.2,6.2,-1.8,2.0,270.0,NotYet
25.0,8.2,6.2,-1.8,2.0,280.0,NotYet
25.0,8.2,6.2,-1.8,2.0,290.0,NotYet
25.0,8.2,6.2,-1.8,2.0,300.0,NotYet
25.0,8.2,6.2,-1.8,2.0,310.0,NotYet
25.0,8.2,6.2,-1.8,2.0,320.0,NotYet
25.0,8.2,6.2,-1.8,2.0,330.0,NotYet
25.0,8.2,6.2,-1.8,2.0,340.0,NotYet
25.0,8.2,6.2,-1.8,2.0,350.0,NotYet
25.0,8.2,6.2,-1.8,4.0,0.0,NotYet
25.0,8.2,6.2,-1.8,4.0,10.0,NotYet
25.0,8.2,6.2,-1.8,4.0,20.0,NotYet
25.0,8.2,6.2,-1.8,4.0,30.0,NotYet
25.0,8.2,6.2,-1.8,4.0,40.0,NotYet
25.0,8.2,6.2,-1.8,4.0,50.0,NotYet
25.0,8.2,6.2,-1.8,4.0,60.0,NotYet
25.0,8.2,6.2,-1.8,4.0,70.0,NotYet
25.0,8.2,6.2,-1.8,4.0,80.0,NotYet
25.0,8.2,6.2,-1.8,4.0,90.0,NotYet
25.0,8.2,6.2,-1.8,4.0,100.0,NotYet
25.0,8.2,6.2,-1.8,4.0,110.0,NotYet
25.0,8.2,6.2,-1.8,4.0,120.0,NotYet
25.0,8.2,6.2,-1.8,4.0,130.0,NotYet
25.0,8.2,6.2,-1.8,4.0,140.0,NotYet
25.0,8.2,6.2,-1.8,4.0,150.0,NotYet
25.0,8.2,6.2,-1.8,4.0,160.0,NotYet
25.0,8.2,6.2,-1.8,4.0,170.0,NotYet
25.0,8.2,6.2,-1.8,4.0,180.0,NotYet
25.0,8.2,6.2,-1.8,4.0,190.0,NotYet
25.0,8.2,6.2,-1.8,4.0,200.0,NotYet
25.0,8.2,6.2,-1.8,4.0,210.0,NotYet
25.0,8.2,6.2,-1.8,4.0,220.0,NotYet
25.0,8.2,6.2,-1.8,4.0,230.0,NotYet
25.0,8.2,6.2,-1.8,4.0,240.0,NotYet
25.0,8.2,6.2,-1.8,4.0,250.0,NotYet
25.0,8.2,6.2,-1.8,4.0,260.0,NotYet
25.0,8.2,6.2,-1.8,4.0,270.0,NotYet
25.0,8.2,6.2,-1.8,4.0,280.0,NotYet
25.0,8.2,6.2,-1.8,4.0,290.0,NotYet
25.0,8.2,6.2,-1.8,4.0,300.0,NotYet
25.0,8.2,6.2,-1.8,4.0,310.0,NotYet
25.0,8.2,6.2,-1.8,4.0,320.0,NotYet
25.0,8.2,6.2,-1.8,4.0,330.0,NotYet
25.0,8.2,6.2,-1.8,4.0,340.0,NotYet
25.0,8.2,6.2,-1.8,4.0,350.0,NotYet
25.0,8.2,6.2,-1.8,6.0,0.0,NotYet
25.0,8.2,6.2,-1.8,6.0,10.0,NotYet
25.0,8.2,6.2,-1.8,6.0,20.0,NotYet
25.0,8.2,6.2,-1.8,6.0,30.0,NotYet
25.0,8.2,6.2,-1.8,6.0,40.0,NotYet
25.0,8.2,6.2,-1.8,6.0,50.0,NotYet
25.0,8.2,6.2,-1.8,6.0,60.0,NotYet
25.0,8.2,6.2,-1.8,6.0,70.0,NotYet
25.0,8.2,6.2,-1.8,6.0,80.0,NotYet
25.0,8.2,6.2,-1.8,6.0,90.0,NotYet
25.0,8.2,6.2,-1.8,6.0,100.0,NotYet
25.0,8.2,6.2,-1.8,6.0,110.0,NotYet
25.0,8.2,6.2,-1.8,6.0,120.0,NotYet
25.0,8.2,6.2,-1.8,6.0,130.0,NotYet
25.0,8.2,6.2,-1.8,6.0,140.0,NotYet
25.0,8.2,6.2,-1.8,6.0,150.0,NotYet
25.0,8.2,6.2,-1.8,6.0,160.0,NotYet
25.0,8.2,6.2,-1.8,6.0,170.0,NotYet
25.0,8.2,6.2,-1.8,6.0,180.0,NotYet
25.0,8.2,6.2,-1.8,6.0,190.0,NotYet
25.0,8.2,6.2,-1.8,6.0,200.0,NotYet
25.0,8.2,6.2,-1.8,6.0,210.0,NotYet
25.0,8.2,6.2,-1.8,6.0,220.0,NotYet
25.0,8.2,6.2,-1.8,6.0,230.0,NotYet
25.0,8.2,6.2,-1.8,6.0,240.0,NotYet
25.0,8.2,6.2,-1.8,6.0,250.0,NotYet
25.0,8.2,6.2,-1.8,6.0,260.0,NotYet
25.0,8.2,6.2,-1.8,6.0,270.0,NotYet
25.0,8.2,6.2,-1.8,6.0,280.0,NotYet
25.0,8.2,6.2,-1.8,6.0,290.0,NotYet
25.0,8.2,6.2,-1.8,6.0,300.0,NotYet
25.0,8.2,6.2,-1.8,6.0,310.0,NotYet
25.0,8.2,6.2,-1.8,6.0,320.0,NotYet
25.0,8.2,6.2,-1.8,6.0,330.0,NotYet
25.0,8.2,6.2,-1.8,6.0,340.0,NotYet
25.0,8.2,6.2,-1.8,6.0,350.0,NotYet
25.0,8.2,6.2,-1.8,8.0,0.0,NotYet
25.0,8.2,6.2,-1.8,8.0,10.0,NotYet
25.0,8.2,6.2,-1.8,8.0,20.0,NotYet
25.0,8.2,6.2,-1.8,8.0,30.0,NotYet
25.0,8.2,6.2,-1.8,8.0,40.0,NotYet
25.0,8.2,6.2,-1.8,8.0,50.0,NotYet
25.0,8.2,6.2,-1.8,8.0,60.0,NotYet
25.0,8.2,6.2,-1.8,8.0,70.0,NotYet
25.0,8.2,6.2,-1.8,8.0,80.0,NotYet
25.0,8.2,6.2,-1.8,8.0,90.0,NotYet
25.0,8.2,6.2,-1.8,8.0,100.0,NotYet
25.0,8.2,6.2,-1.8,8.0,110.0,NotYet
25.0,8.2,6.2,-1.8,8.0,120.0,NotYet
25.0,8.2,6.2,-1.8,8.0,130.0,NotYet
25.0,8.2,6.2,-1.8,8.0,140.0,NotYet
25.0,8.2,6.2,-1.8,8.0,150.0,NotYet
25.0,8.2,6.2,-1.8,8.0,160.0,NotYet
25.0,8.2,6.2,-1.8,8.0,170.0,NotYet
25.0,8.2,6.2,-1.8,8.0,180.0,NotYet
25.0,8.2,6.2,-1.8,8.0,190.0,NotYet
25.0,8.2,6.2,-1.8,8.0,200.0,NotYet
25.0,8.2,6.2,-1.8,8.0,210.0,NotYet
25.0,8.2,6.2,-1.8,8.0,220.0,NotYet
25.0,8.2,6.2,-1.8,8.0,230.0,NotYet
25.0,8.2,6.2,-1.8,8.0,240.0,NotYet
25.0,8.2,6.2,-1.8,8.0,250.0,NotYet
25.0,8.2,6.2,-1.8,8.0,260.0,NotYet
25.0,8.2,6.2,-1.8,8.0,270.0,NotYet
25.0,8.2,6.2,-1.8,8.0,280.0,NotYet
25.0,8.2,6.2,-1.8,8.0,290.0,NotYet
25.0,8.2,6.2,-1.8,8.0,300.0,NotYet
25.0,8.2,6.2,-1.8,8.0,310.0,NotYet
25.0,8.2,6.2,-1.8,8.0,320.0,NotYet
25.0,8.2,6.2,-1.8,8.0,330.0,NotYet
25.0,8.2,6.2,-1.8,8.0,340.0,NotYet
25.0,8.2,6.2,-1.8,8.0,350.0,NotYet
25.0,8.2,6.2,-1.8,10.0,0.0,NotYet
25.0,8.2,6.2,-1.8,10.0,10.0,NotYet
25.0,8.2,6.2,-1.8,10.0,20.0,NotYet
25.0,8.2,6.2,-1.8,10.0,30.0,NotYet
25.0,8.2,6.2,-1.8,10.0,40.0,NotYet
25.0,8.2,6.2,-1.8,10.0,50.0,NotYet
25.0,8.2,6.2,-1.8,10.0,60.0,NotYet
25.0,8.2,6.2,-1.8,10.0,70.0,NotYet
25.0,8.2,6.2,-1.8,10.0,80.0,NotYet
25.0,8.2,6.2,-1.8,10.0,90.0,NotYet
25.0,8.2,6.2,-1.8,10.0,100.0,NotYet
25.0,8.2,6.2,-1.8,10.0,110.0,NotYet
25.0,8.2,6.2,-1.8,10.0,120.0,NotYet
25.0,8.2,6.2,-1.8,10.0,130.0,NotYet
25.0,8.2,6.2,-1.8,10.0,140.0,NotYet
25.0,8.2,6.2,-1.8,10.0,150.0,NotYet
25.0,8.2,6.2,-1.8,10.0,160.0,NotYet
25.0,8.2,6.2,-1.8,10.0,170.0,NotYet
25.0,8.2,6.2,-1.8,10.0,180.0,NotYet
25.0,8.2,6.2,-1.8,10.0,190.0,NotYet
25.0,8.2,6.2,-1.8,10.0,200.0,NotYet
25.0,8.2,6.2,-1.8,10.0,210.0,NotYet
25.0,8.2,6.2,-1.8,10.0,220.0,NotYet
25.0,8.2,6.2,-1.8,10.0,230.0,NotYet
25.0,8.2,6.2,-1.8,10.0,240.0,NotYet
25.0,8.2,6.2,-1.8,10.0,250.0,NotYet
25.0,8.2,6.2,-1.8,10.0,260.0,NotYet
25.0,8.2,6.2,-1.8,10.0,270.0,NotYet
25.0,8.2,6.2,-1.8,10.0,280.0,NotYet
25.0,8.2,6.2,-1.8,10.0,290.0,NotYet
25.0,8.2,6.2,-1.8,10.0,300.0,NotYet
25.0,8.2,6.2,-1.8,10.0,310.0,NotYet
25.0,8.2,6.2,-1.8,10.0,320.0,NotYet
25.0,8.2,6.2,-1.8,10.0,330.0,NotYet
25.0,8.2,6.2,-1.8,10.0,340.0,NotYet
25.0,8.2,6.2,-1.8,10.0,350.0,NotYet
25.0,8.2,6.2,-1.8,12.0,0.0,NotYet
25.0,8.2,6.2,-1.8,12.0,10.0,NotYet
25.0,8.2,6.2,-1.8,12.0,20.0,NotYet
25.0,8.2,6.2,-1.8,12.0,30.0,NotYet
25.0,8.2,6.2,-1.8,12.0,40.0,NotYet
25.0,8.2,6.2,-1.8,12.0,50.0,NotYet
25.0,8.2,6.2,-1.8,12.0,60.0,NotYet
25.0,8.2,6.2,-1.8,12.0,70.0,NotYet
25.0,8.2,6.2,-1.8,12.0,80.0,NotYet
25.0,8.2,6.2,-1.8,12.0,90.0,NotYet
25.0,8.2,6.2,-1.8,12.0,100.0,NotYet
25.0,8.2,6.2,-1.8,12.0,110.0,NotYet
25.0,8.2,6.2,-1.8,12.0,120.0,NotYet
25.0,8.2,6.2,-1.8,12.0,130.0,NotYet
25.0,8.2,6.2,-1.8,12.0,140.0,NotYet
25.0,8.2,6.2,-1.8,12.0,150.0,NotYet
25.0,8.2,6.2,-1.8,12.0,160.0,NotYet
25.0,8.2,6.2,-1.8,12.0,170.0,NotYet
25.0,8.2,6.2,-1.8,12.0,180.0,NotYet
25.0,8.2,6.2,-1.8,12.0,190.0,NotYet
25.0,8.2,6.2,-1.8,12.0,200.0,NotYet
25.0,8.2,6.2,-1.8,12.0,210.0,NotYet
25.0,8.2,6.2,-1.8,12.0,220.0,NotYet
25.0,8.2,6.2,-1.8,12.0,230.0,NotYet
25.0,8.2,6.2,-1.8,12.0,240.0,NotYet
25.0,8.2,6.2,-1.8,12.0,250.0,NotYet
25.0,8.2,6.2,-1.8,12.0,260.0,NotYet
25.0,8.2,6.2,-1.8,12.0,270.0,NotYet
25.0,8.2,6.2,-1.8,12.0,280.0,NotYet
25.0,8.2,6.2,-1.8,12.0,290.0,NotYet
25.0,8.2,6.2,-1.8,12.0,300.0,NotYet
25.0,8.2,6.2,-1.8,12.0,310.0,NotYet
25.0,8.2,6.2,-1.8,12.0,320.0,NotYet
25.0,8.2,6.2,-1.8,12.0,330.0,NotYet
25.0,8.2,6.2,-1.8,12.0,340.0,NotYet
25.0,8.2,6.2,-1.8,12.0,350.0,NotYet
25.0,8.2,6.2,-1.8,14.0,0.0,NotYet
25.0,8.2,6.2,-1.8,14.0,10.0,NotYet
25.0,8.2,6.2,-1.8,14.0,20.0,NotYet
25.0,8.2,6.2,-1.8,14.0,30.0,NotYet
25.0,8.2,6.2,-1.8,14.0,40.0,NotYet
25.0,8.2,6.2,-1.8,14.0,50.0,NotYet
25.0,8.2,6.2,-1.8,14.0,60.0,NotYet
25.0,8.2,6.2,-1.8,14.0,70.0,NotYet
25.0,8.2,6.2,-1.8,14.0,80.0,NotYet
25.0,8.2,6.2,-1.8,14.0,90.0,NotYet
25.0,8.2,6.2,-1.8,14.0,100.0,NotYet
25.0,8.2,6.2,-1.8,14.0,110.0,NotYet
25.0,8.2,6.2,-1.8,14.0,120.0,NotYet
25.0,8.2,6.2,-1.8,14.0,130.0,NotYet
25.0,8.2,6.2,-1.8,14.0,140.0,NotYet
25.0,8.2,6.2,-1.8,14.0,150.0,NotYet
25.0,8.2,6.2,-1.8,14.0,160.0,NotYet
25.0,8.2,6.2,-1.8,14.0,170.0,NotYet
25.0,8.2,6.2,-1.8,14.0,180.0,NotYet
25.0,8.2,6.2,-1.8,14.0,190.0,NotYet
25.0,8.2,6.2,-1.8,14.0,200.0,NotYet
25.0,8.2,6.2,-1.8,14.0,210.0,NotYet
25.0,8.2,6.2,-1.8,14.0,220.0,NotYet
25.0,8.2,6.2,-1.8,14.0,230.0,NotYet
25.0,8.2,6.2,-1.8,14.0,240.0,NotYet
25.0,8.2,6.2,-1.8,14.0,250.0,NotYet
25.0,8.2,6.2,-1.8,14.0,260.0,NotYet
25.0,8.2,6.2,-1.8,14.0,270.0,NotYet
25.0,8.2,6.2,-1.8,14.0,280.0,NotYet
25.0,8.2,6.2,-1.8,14.0,290.0,NotYet
25.0,8.2,6.2,-1.8,14.0,300.0,NotYet
25.0,8.2,6.2,-1.8,14.0,310.0,NotYet
25.0,8.2,6.2,-1.8,14.0,320.0,NotYet
25.0,8.2,6.2,-1.8,14.0,330.0,NotYet
25.0,8.2,6.2,-1.8,14.0,340.0,NotYet
25.0,8.2,6.2,-1.8,14.0,350.0,NotYet
25.0,8.2,6.2,-1.6,-14.0,0.0,NotYet
25.0,8.2,6.2,-1.6,-14.0,10.0,NotYet
25.0,8.2,6.2,-1.6,-14.0,20.0,NotYet
25.0,8.2,6.2,-1.6,-14.0,30.0,NotYet
25.0,8.2,6.2,-1.6,-14.0,40.0,NotYet
25.0,8.2,6.2,-1.6,-14.0,50.0,NotYet
25.0,8.2,6.2,-1.6,-14.0,60.0,NotYet
25.0,8.2,6.2,-1.6,-14.0,70.0,NotYet
25.0,8.2,6.2,-1.6,-14.0,80.0,NotYet
25.0,8.2,6.2,-1.6,-14.0,90.0,NotYet
25.0,8.2,6.2,-1.6,-14.0,100.0,NotYet
25.0,8.2,6.2,-1.6,-14.0,110.0,NotYet
25.0,8.2,6.2,-1.6,-14.0,120.0,NotYet
25.0,8.2,6.2,-1.6,-14.0,130.0,NotYet
25.0,8.2,6.2,-1.6,-14.0,140.0,NotYet
25.0,8.2,6.2,-1.6,-14.0,150.0,NotYet
25.0,8.2,6.2,-1.6,-14.0,160.0,NotYet
25.0,8.2,6.2,-1.6,-14.0,170.0,NotYet
25.0,8.2,6.2,-1.6,-14.0,180.0,NotYet
25.0,8.2,6.2,-1.6,-14.0,190.0,NotYet
25.0,8.2,6.2,-1.6,-14.0,200.0,NotYet
25.0,8.2,6.2,-1.6,-14.0,210.0,NotYet
25.0,8.2,6.2,-1.6,-14.0,220.0,NotYet
25.0,8.2,6.2,-1.6,-14.0,230.0,NotYet
25.0,8.2,6.2,-1.6,-14.0,240.0,NotYet
25.0,8.2,6.2,-1.6,-14.0,250.0,NotYet
25.0,8.2,6.2,-1.6,-14.0,260.0,NotYet
25.0,8.2,6.2,-1.6,-14.0,270.0,NotYet
25.0,8.2,6.2,-1.6,-14.0,280.0,NotYet
25.0,8.2,6.2,-1.6,-14.0,290.0,NotYet
25.0,8.2,6.2,-1.6,-14.0,300.0,NotYet
25.0,8.2,6.2,-1.6,-14.0,310.0,NotYet
25.0,8.2,6.2,-1.6,-14.0,320.0,NotYet
25.0,8.2,6.2,-1.6,-14.0,330.0,NotYet
25.0,8.2,6.2,-1.6,-14.0,340.0,NotYet
25.0,8.2,6.2,-1.6,-14.0,350.0,NotYet
25.0,8.2,6.2,-1.6,-12.0,0.0,NotYet
25.0,8.2,6.2,-1.6,-12.0,10.0,NotYet
25.0,8.2,6.2,-1.6,-12.0,20.0,NotYet
25.0,8.2,6.2,-1.6,-12.0,30.0,NotYet
25.0,8.2,6.2,-1.6,-12.0,40.0,NotYet
25.0,8.2,6.2,-1.6,-12.0,50.0,NotYet
25.0,8.2,6.2,-1.6,-12.0,60.0,NotYet
25.0,8.2,6.2,-1.6,-12.0,70.0,NotYet
25.0,8.2,6.2,-1.6,-12.0,80.0,NotYet
25.0,8.2,6.2,-1.6,-12.0,90.0,NotYet
25.0,8.2,6.2,-1.6,-12.0,100.0,NotYet
25.0,8.2,6.2,-1.6,-12.0,110.0,NotYet
25.0,8.2,6.2,-1.6,-12.0,120.0,NotYet
25.0,8.2,6.2,-1.6,-12.0,130.0,NotYet
25.0,8.2,6.2,-1.6,-12.0,140.0,NotYet
25.0,8.2,6.2,-1.6,-12.0,150.0,NotYet
25.0,8.2,6.2,-1.6,-12.0,160.0,NotYet
25.0,8.2,6.2,-1.6,-12.0,170.0,NotYet
25.0,8.2,6.2,-1.6,-12.0,180.0,NotYet
25.0,8.2,6.2,-1.6,-12.0,190.0,NotYet
25.0,8.2,6.2,-1.6,-12.0,200.0,NotYet
25.0,8.2,6.2,-1.6,-12.0,210.0,NotYet
25.0,8.2,6.2,-1.6,-12.0,220.0,NotYet
25.0,8.2,6.2,-1.6,-12.0,230.0,NotYet
25.0,8.2,6.2,-1.6,-12.0,240.0,NotYet
25.0,8.2,6.2,-1.6,-12.0,250.0,NotYet
25.0,8.2,6.2,-1.6,-12.0,260.0,NotYet
25.0,8.2,6.2,-1.6,-12.0,270.0,NotYet
25.0,8.2,6.2,-1.6,-12.0,280.0,NotYet
25.0,8.2,6.2,-1.6,-12.0,290.0,NotYet
25.0,8.2,6.2,-1.6,-12.0,300.0,NotYet
25.0,8.2,6.2,-1.6,-12.0,310.0,NotYet
25.0,8.2,6.2,-1.6,-12.0,320.0,NotYet
25.0,8.2,6.2,-1.6,-12.0,330.0,NotYet
25.0,8.2,6.2,-1.6,-12.0,340.0,NotYet
25.0,8.2,6.2,-1.6,-12.0,350.0,NotYet
25.0,8.2,6.2,-1.6,-10.0,0.0,NotYet
25.0,8.2,6.2,-1.6,-10.0,10.0,NotYet
25.0,8.2,6.2,-1.6,-10.0,20.0,NotYet
25.0,8.2,6.2,-1.6,-10.0,30.0,NotYet
25.0,8.2,6.2,-1.6,-10.0,40.0,NotYet
25.0,8.2,6.2,-1.6,-10.0,50.0,NotYet
25.0,8.2,6.2,-1.6,-10.0,60.0,NotYet
25.0,8.2,6.2,-1.6,-10.0,70.0,NotYet
25.0,8.2,6.2,-1.6,-10.0,80.0,NotYet
25.0,8.2,6.2,-1.6,-10.0,90.0,NotYet
25.0,8.2,6.2,-1.6,-10.0,100.0,NotYet
25.0,8.2,6.2,-1.6,-10.0,110.0,NotYet
25.0,8.2,6.2,-1.6,-10.0,120.0,NotYet
25.0,8.2,6.2,-1.6,-10.0,130.0,NotYet
25.0,8.2,6.2,-1.6,-10.0,140.0,NotYet
25.0,8.2,6.2,-1.6,-10.0,150.0,NotYet
25.0,8.2,6.2,-1.6,-10.0,160.0,NotYet
25.0,8.2,6.2,-1.6,-10.0,170.0,NotYet
25.0,8.2,6.2,-1.6,-10.0,180.0,NotYet
25.0,8.2,6.2,-1.6,-10.0,190.0,NotYet
25.0,8.2,6.2,-1.6,-10.0,200.0,NotYet
25.0,8.2,6.2,-1.6,-10.0,210.0,NotYet
25.0,8.2,6.2,-1.6,-10.0,220.0,NotYet
25.0,8.2,6.2,-1.6,-10.0,230.0,NotYet
25.0,8.2,6.2,-1.6,-10.0,240.0,NotYet
25.0,8.2,6.2,-1.6,-10.0,250.0,NotYet
25.0,8.2,6.2,-1.6,-10.0,260.0,NotYet
25.0,8.2,6.2,-1.6,-10.0,270.0,NotYet
25.0,8.2,6.2,-1.6,-10.0,280.0,NotYet
25.0,8.2,6.2,-1.6,-10.0,290.0,NotYet
25.0,8.2,6.2,-1.6,-10.0,300.0,NotYet
25.0,8.2,6.2,-1.6,-10.0,310.0,NotYet
25.0,8.2,6.2,-1.6,-10.0,320.0,NotYet
25.0,8.2,6.2,-1.6,-10.0,330.0,NotYet
25.0,8.2,6.2,-1.6,-10.0,340.0,NotYet
25.0,8.2,6.2,-1.6,-10.0,350.0,NotYet
25.0,8.2,6.2,-1.6,-8.0,0.0,NotYet
25.0,8.2,6.2,-1.6,-8.0,10.0,NotYet
25.0,8.2,6.2,-1.6,-8.0,20.0,NotYet
25.0,8.2,6.2,-1.6,-8.0,30.0,NotYet
25.0,8.2,6.2,-1.6,-8.0,40.0,NotYet
25.0,8.2,6.2,-1.6,-8.0,50.0,NotYet
25.0,8.2,6.2,-1.6,-8.0,60.0,NotYet
25.0,8.2,6.2,-1.6,-8.0,70.0,NotYet
25.0,8.2,6.2,-1.6,-8.0,80.0,NotYet
25.0,8.2,6.2,-1.6,-8.0,90.0,NotYet
25.0,8.2,6.2,-1.6,-8.0,100.0,NotYet
25.0,8.2,6.2,-1.6,-8.0,110.0,NotYet
25.0,8.2,6.2,-1.6,-8.0,120.0,NotYet
25.0,8.2,6.2,-1.6,-8.0,130.0,NotYet
25.0,8.2,6.2,-1.6,-8.0,140.0,NotYet
25.0,8.2,6.2,-1.6,-8.0,150.0,NotYet
25.0,8.2,6.2,-1.6,-8.0,160.0,NotYet
25.0,8.2,6.2,-1.6,-8.0,170.0,NotYet
25.0,8.2,6.2,-1.6,-8.0,180.0,NotYet
25.0,8.2,6.2,-1.6,-8.0,190.0,NotYet
25.0,8.2,6.2,-1.6,-8.0,200.0,NotYet
25.0,8.2,6.2,-1.6,-8.0,210.0,NotYet
25.0,8.2,6.2,-1.6,-8.0,220.0,NotYet
25.0,8.2,6.2,-1.6,-8.0,230.0,NotYet
25.0,8.2,6.2,-1.6,-8.0,240.0,NotYet
25.0,8.2,6.2,-1.6,-8.0,250.0,NotYet
25.0,8.2,6.2,-1.6,-8.0,260.0,NotYet
25.0,8.2,6.2,-1.6,-8.0,270.0,NotYet
25.0,8.2,6.2,-1.6,-8.0,280.0,NotYet
25.0,8.2,6.2,-1.6,-8.0,290.0,NotYet
25.0,8.2,6.2,-1.6,-8.0,300.0,NotYet
25.0,8.2,6.2,-1.6,-8.0,310.0,NotYet
25.0,8.2,6.2,-1.6,-8.0,320.0,NotYet
25.0,8.2,6.2,-1.6,-8.0,330.0,NotYet
25.0,8.2,6.2,-1.6,-8.0,340.0,NotYet
25.0,8.2,6.2,-1.6,-8.0,350.0,NotYet
25.0,8.2,6.2,-1.6,-6.0,0.0,NotYet
25.0,8.2,6.2,-1.6,-6.0,10.0,NotYet
25.0,8.2,6.2,-1.6,-6.0,20.0,NotYet
25.0,8.2,6.2,-1.6,-6.0,30.0,NotYet
25.0,8.2,6.2,-1.6,-6.0,40.0,NotYet
25.0,8.2,6.2,-1.6,-6.0,50.0,NotYet
25.0,8.2,6.2,-1.6,-6.0,60.0,NotYet
25.0,8.2,6.2,-1.6,-6.0,70.0,NotYet
25.0,8.2,6.2,-1.6,-6.0,80.0,NotYet
25.0,8.2,6.2,-1.6,-6.0,90.0,NotYet
25.0,8.2,6.2,-1.6,-6.0,100.0,NotYet
25.0,8.2,6.2,-1.6,-6.0,110.0,NotYet
25.0,8.2,6.2,-1.6,-6.0,120.0,NotYet
25.0,8.2,6.2,-1.6,-6.0,130.0,NotYet
25.0,8.2,6.2,-1.6,-6.0,140.0,NotYet
25.0,8.2,6.2,-1.6,-6.0,150.0,NotYet
25.0,8.2,6.2,-1.6,-6.0,160.0,NotYet
25.0,8.2,6.2,-1.6,-6.0,170.0,NotYet
25.0,8.2,6.2,-1.6,-6.0,180.0,NotYet
25.0,8.2,6.2,-1.6,-6.0,190.0,NotYet
25.0,8.2,6.2,-1.6,-6.0,200.0,NotYet
25.0,8.2,6.2,-1.6,-6.0,210.0,NotYet
25.0,8.2,6.2,-1.6,-6.0,220.0,NotYet
25.0,8.2,6.2,-1.6,-6.0,230.0,NotYet
25.0,8.2,6.2,-1.6,-6.0,240.0,NotYet
25.0,8.2,6.2,-1.6,-6.0,250.0,NotYet
25.0,8.2,6.2,-1.6,-6.0,260.0,NotYet
25.0,8.2,6.2,-1.6,-6.0,270.0,NotYet
25.0,8.2,6.2,-1.6,-6.0,280.0,NotYet
25.0,8.2,6.2,-1.6,-6.0,290.0,NotYet
25.0,8.2,6.2,-1.6,-6.0,300.0,NotYet
25.0,8.2,6.2,-1.6,-6.0,310.0,NotYet
25.0,8.2,6.2,-1.6,-6.0,320.0,NotYet
25.0,8.2,6.2,-1.6,-6.0,330.0,NotYet
25.0,8.2,6.2,-1.6,-6.0,340.0,NotYet
25.0,8.2,6.2,-1.6,-6.0,350.0,NotYet
25.0,8.2,6.2,-1.6,-4.0,0.0,NotYet
25.0,8.2,6.2,-1.6,-4.0,10.0,NotYet
25.0,8.2,6.2,-1.6,-4.0,20.0,NotYet
25.0,8.2,6.2,-1.6,-4.0,30.0,NotYet
25.0,8.2,6.2,-1.6,-4.0,40.0,NotYet
25.0,8.2,6.2,-1.6,-4.0,50.0,NotYet
25.0,8.2,6.2,-1.6,-4.0,60.0,NotYet
25.0,8.2,6.2,-1.6,-4.0,70.0,NotYet
25.0,8.2,6.2,-1.6,-4.0,80.0,NotYet
25.0,8.2,6.2,-1.6,-4.0,90.0,NotYet
25.0,8.2,6.2,-1.6,-4.0,100.0,NotYet
25.0,8.2,6.2,-1.6,-4.0,110.0,NotYet
25.0,8.2,6.2,-1.6,-4.0,120.0,NotYet
25.0,8.2,6.2,-1.6,-4.0,130.0,NotYet
25.0,8.2,6.2,-1.6,-4.0,140.0,NotYet
25.0,8.2,6.2,-1.6,-4.0,150.0,NotYet
25.0,8.2,6.2,-1.6,-4.0,160.0,NotYet
25.0,8.2,6.2,-1.6,-4.0,170.0,NotYet
25.0,8.2,6.2,-1.6,-4.0,180.0,NotYet
25.0,8.2,6.2,-1.6,-4.0,190.0,NotYet
25.0,8.2,6.2,-1.6,-4.0,200.0,NotYet
25.0,8.2,6.2,-1.6,-4.0,210.0,NotYet
25.0,8.2,6.2,-1.6,-4.0,220.0,NotYet
25.0,8.2,6.2,-1.6,-4.0,230.0,NotYet
25.0,8.2,6.2,-1.6,-4.0,240.0,NotYet
25.0,8.2,6.2,-1.6,-4.0,250.0,NotYet
25.0,8.2,6.2,-1.6,-4.0,260.0,NotYet
25.0,8.2,6.2,-1.6,-4.0,270.0,NotYet
25.0,8.2,6.2,-1.6,-4.0,280.0,NotYet
25.0,8.2,6.2,-1.6,-4.0,290.0,NotYet
25.0,8.2,6.2,-1.6,-4.0,300.0,NotYet
25.0,8.2,6.2,-1.6,-4.0,310.0,NotYet
25.0,8.2,6.2,-1.6,-4.0,320.0,NotYet
25.0,8.2,6.2,-1.6,-4.0,330.0,NotYet
25.0,8.2,6.2,-1.6,-4.0,340.0,NotYet
25.0,8.2,6.2,-1.6,-4.0,350.0,NotYet
25.0,8.2,6.2,-1.6,-2.0,0.0,NotYet
25.0,8.2,6.2,-1.6,-2.0,10.0,NotYet
25.0,8.2,6.2,-1.6,-2.0,20.0,NotYet
25.0,8.2,6.2,-1.6,-2.0,30.0,NotYet
25.0,8.2,6.2,-1.6,-2.0,40.0,NotYet
25.0,8.2,6.2,-1.6,-2.0,50.0,NotYet
25.0,8.2,6.2,-1.6,-2.0,60.0,NotYet
25.0,8.2,6.2,-1.6,-2.0,70.0,NotYet
25.0,8.2,6.2,-1.6,-2.0,80.0,NotYet
25.0,8.2,6.2,-1.6,-2.0,90.0,NotYet
25.0,8.2,6.2,-1.6,-2.0,100.0,NotYet
25.0,8.2,6.2,-1.6,-2.0,110.0,NotYet
25.0,8.2,6.2,-1.6,-2.0,120.0,NotYet
25.0,8.2,6.2,-1.6,-2.0,130.0,NotYet
25.0,8.2,6.2,-1.6,-2.0,140.0,NotYet
25.0,8.2,6.2,-1.6,-2.0,150.0,NotYet
25.0,8.2,6.2,-1.6,-2.0,160.0,NotYet
25.0,8.2,6.2,-1.6,-2.0,170.0,NotYet
25.0,8.2,6.2,-1.6,-2.0,180.0,NotYet
25.0,8.2,6.2,-1.6,-2.0,190.0,NotYet
25.0,8.2,6.2,-1.6,-2.0,200.0,NotYet
25.0,8.2,6.2,-1.6,-2.0,210.0,NotYet
25.0,8.2,6.2,-1.6,-2.0,220.0,NotYet
25.0,8.2,6.2,-1.6,-2.0,230.0,NotYet
25.0,8.2,6.2,-1.6,-2.0,240.0,NotYet
25.0,8.2,6.2,-1.6,-2.0,250.0,NotYet
25.0,8.2,6.2,-1.6,-2.0,260.0,NotYet
25.0,8.2,6.2,-1.6,-2.0,270.0,NotYet
25.0,8.2,6.2,-1.6,-2.0,280.0,NotYet
25.0,8.2,6.2,-1.6,-2.0,290.0,NotYet
25.0,8.2,6.2,-1.6,-2.0,300.0,NotYet
25.0,8.2,6.2,-1.6,-2.0,310.0,NotYet
25.0,8.2,6.2,-1.6,-2.0,320.0,NotYet
25.0,8.2,6.2,-1.6,-2.0,330.0,NotYet
25.0,8.2,6.2,-1.6,-2.0,340.0,NotYet
25.0,8.2,6.2,-1.6,-2.0,350.0,NotYet
25.0,8.2,6.2,-1.6,0.0,0.0,NotYet
25.0,8.2,6.2,-1.6,0.0,10.0,NotYet
25.0,8.2,6.2,-1.6,0.0,20.0,NotYet
25.0,8.2,6.2,-1.6,0.0,30.0,NotYet
25.0,8.2,6.2,-1.6,0.0,40.0,NotYet
25.0,8.2,6.2,-1.6,0.0,50.0,NotYet
25.0,8.2,6.2,-1.6,0.0,60.0,NotYet
25.0,8.2,6.2,-1.6,0.0,70.0,NotYet
25.0,8.2,6.2,-1.6,0.0,80.0,NotYet
25.0,8.2,6.2,-1.6,0.0,90.0,NotYet
25.0,8.2,6.2,-1.6,0.0,100.0,NotYet
25.0,8.2,6.2,-1.6,0.0,110.0,NotYet
25.0,8.2,6.2,-1.6,0.0,120.0,NotYet
25.0,8.2,6.2,-1.6,0.0,130.0,NotYet
25.0,8.2,6.2,-1.6,0.0,140.0,NotYet
25.0,8.2,6.2,-1.6,0.0,150.0,NotYet
25.0,8.2,6.2,-1.6,0.0,160.0,NotYet
25.0,8.2,6.2,-1.6,0.0,170.0,NotYet
25.0,8.2,6.2,-1.6,0.0,180.0,NotYet
25.0,8.2,6.2,-1.6,0.0,190.0,NotYet
25.0,8.2,6.2,-1.6,0.0,200.0,NotYet
25.0,8.2,6.2,-1.6,0.0,210.0,NotYet
25.0,8.2,6.2,-1.6,0.0,220.0,NotYet
25.0,8.2,6.2,-1.6,0.0,230.0,NotYet
25.0,8.2,6.2,-1.6,0.0,240.0,NotYet
25.0,8.2,6.2,-1.6,0.0,250.0,NotYet
25.0,8.2,6.2,-1.6,0.0,260.0,NotYet
25.0,8.2,6.2,-1.6,0.0,270.0,NotYet
25.0,8.2,6.2,-1.6,0.0,280.0,NotYet
25.0,8.2,6.2,-1.6,0.0,290.0,NotYet
25.0,8.2,6.2,-1.6,0.0,300.0,NotYet
25.0,8.2,6.2,-1.6,0.0,310.0,NotYet
25.0,8.2,6.2,-1.6,0.0,320.0,NotYet
25.0,8.2,6.2,-1.6,0.0,330.0,NotYet
25.0,8.2,6.2,-1.6,0.0,340.0,NotYet
25.0,8.2,6.2,-1.6,0.0,350.0,NotYet
25.0,8.2,6.2,-1.6,2.0,0.0,NotYet
25.0,8.2,6.2,-1.6,2.0,10.0,NotYet
25.0,8.2,6.2,-1.6,2.0,20.0,NotYet
25.0,8.2,6.2,-1.6,2.0,30.0,NotYet
25.0,8.2,6.2,-1.6,2.0,40.0,NotYet
25.0,8.2,6.2,-1.6,2.0,50.0,NotYet
25.0,8.2,6.2,-1.6,2.0,60.0,NotYet
25.0,8.2,6.2,-1.6,2.0,70.0,NotYet
25.0,8.2,6.2,-1.6,2.0,80.0,NotYet
25.0,8.2,6.2,-1.6,2.0,90.0,NotYet
25.0,8.2,6.2,-1.6,2.0,100.0,NotYet
25.0,8.2,6.2,-1.6,2.0,110.0,NotYet
25.0,8.2,6.2,-1.6,2.0,120.0,NotYet
25.0,8.2,6.2,-1.6,2.0,130.0,NotYet
25.0,8.2,6.2,-1.6,2.0,140.0,NotYet
25.0,8.2,6.2,-1.6,2.0,150.0,NotYet
25.0,8.2,6.2,-1.6,2.0,160.0,NotYet
25.0,8.2,6.2,-1.6,2.0,170.0,NotYet
25.0,8.2,6.2,-1.6,2.0,180.0,NotYet
25.0,8.2,6.2,-1.6,2.0,190.0,NotYet
25.0,8.2,6.2,-1.6,2.0,200.0,NotYet
25.0,8.2,6.2,-1.6,2.0,210.0,NotYet
25.0,8.2,6.2,-1.6,2.0,220.0,NotYet
25.0,8.2,6.2,-1.6,2.0,230.0,NotYet
25.0,8.2,6.2,-1.6,2.0,240.0,NotYet
25.0,8.2,6.2,-1.6,2.0,250.0,NotYet
25.0,8.2,6.2,-1.6,2.0,260.0,NotYet
25.0,8.2,6.2,-1.6,2.0,270.0,NotYet
25.0,8.2,6.2,-1.6,2.0,280.0,NotYet
25.0,8.2,6.2,-1.6,2.0,290.0,NotYet
25.0,8.2,6.2,-1.6,2.0,300.0,NotYet
25.0,8.2,6.2,-1.6,2.0,310.0,NotYet
25.0,8.2,6.2,-1.6,2.0,320.0,NotYet
25.0,8.2,6.2,-1.6,2.0,330.0,NotYet
25.0,8.2,6.2,-1.6,2.0,340.0,NotYet
25.0,8.2,6.2,-1.6,2.0,350.0,NotYet
25.0,8.2,6.2,-1.6,4.0,0.0,NotYet
25.0,8.2,6.2,-1.6,4.0,10.0,NotYet
25.0,8.2,6.2,-1.6,4.0,20.0,NotYet
25.0,8.2,6.2,-1.6,4.0,30.0,NotYet
25.0,8.2,6.2,-1.6,4.0,40.0,NotYet
25.0,8.2,6.2,-1.6,4.0,50.0,NotYet
25.0,8.2,6.2,-1.6,4.0,60.0,NotYet
25.0,8.2,6.2,-1.6,4.0,70.0,NotYet
25.0,8.2,6.2,-1.6,4.0,80.0,NotYet
25.0,8.2,6.2,-1.6,4.0,90.0,NotYet
25.0,8.2,6.2,-1.6,4.0,100.0,NotYet
25.0,8.2,6.2,-1.6,4.0,110.0,NotYet
25.0,8.2,6.2,-1.6,4.0,120.0,NotYet
25.0,8.2,6.2,-1.6,4.0,130.0,NotYet
25.0,8.2,6.2,-1.6,4.0,140.0,NotYet
25.0,8.2,6.2,-1.6,4.0,150.0,NotYet
25.0,8.2,6.2,-1.6,4.0,160.0,NotYet
25.0,8.2,6.2,-1.6,4.0,170.0,NotYet
25.0,8.2,6.2,-1.6,4.0,180.0,NotYet
25.0,8.2,6.2,-1.6,4.0,190.0,NotYet
25.0,8.2,6.2,-1.6,4.0,200.0,NotYet
25.0,8.2,6.2,-1.6,4.0,210.0,NotYet
25.0,8.2,6.2,-1.6,4.0,220.0,NotYet
25.0,8.2,6.2,-1.6,4.0,230.0,NotYet
25.0,8.2,6.2,-1.6,4.0,240.0,NotYet
25.0,8.2,6.2,-1.6,4.0,250.0,NotYet
25.0,8.2,6.2,-1.6,4.0,260.0,NotYet
25.0,8.2,6.2,-1.6,4.0,270.0,NotYet
25.0,8.2,6.2,-1.6,4.0,280.0,NotYet
25.0,8.2,6.2,-1.6,4.0,290.0,NotYet
25.0,8.2,6.2,-1.6,4.0,300.0,NotYet
25.0,8.2,6.2,-1.6,4.0,310.0,NotYet
25.0,8.2,6.2,-1.6,4.0,320.0,NotYet
25.0,8.2,6.2,-1.6,4.0,330.0,NotYet
25.0,8.2,6.2,-1.6,4.0,340.0,NotYet
25.0,8.2,6.2,-1.6,4.0,350.0,NotYet
25.0,8.2,6.2,-1.6,6.0,0.0,NotYet
25.0,8.2,6.2,-1.6,6.0,10.0,NotYet
25.0,8.2,6.2,-1.6,6.0,20.0,NotYet
25.0,8.2,6.2,-1.6,6.0,30.0,NotYet
25.0,8.2,6.2,-1.6,6.0,40.0,NotYet
25.0,8.2,6.2,-1.6,6.0,50.0,NotYet
25.0,8.2,6.2,-1.6,6.0,60.0,NotYet
25.0,8.2,6.2,-1.6,6.0,70.0,NotYet
25.0,8.2,6.2,-1.6,6.0,80.0,NotYet
25.0,8.2,6.2,-1.6,6.0,90.0,NotYet
25.0,8.2,6.2,-1.6,6.0,100.0,NotYet
25.0,8.2,6.2,-1.6,6.0,110.0,NotYet
25.0,8.2,6.2,-1.6,6.0,120.0,NotYet
25.0,8.2,6.2,-1.6,6.0,130.0,NotYet
25.0,8.2,6.2,-1.6,6.0,140.0,NotYet
25.0,8.2,6.2,-1.6,6.0,150.0,NotYet
25.0,8.2,6.2,-1.6,6.0,160.0,NotYet
25.0,8.2,6.2,-1.6,6.0,170.0,NotYet
25.0,8.2,6.2,-1.6,6.0,180.0,NotYet
25.0,8.2,6.2,-1.6,6.0,190.0,NotYet
25.0,8.2,6.2,-1.6,6.0,200.0,NotYet
25.0,8.2,6.2,-1.6,6.0,210.0,NotYet
25.0,8.2,6.2,-1.6,6.0,220.0,NotYet
25.0,8.2,6.2,-1.6,6.0,230.0,NotYet
25.0,8.2,6.2,-1.6,6.0,240.0,NotYet
25.0,8.2,6.2,-1.6,6.0,250.0,NotYet
25.0,8.2,6.2,-1.6,6.0,260.0,NotYet
25.0,8.2,6.2,-1.6,6.0,270.0,NotYet
25.0,8.2,6.2,-1.6,6.0,280.0,NotYet
25.0,8.2,6.2,-1.6,6.0,290.0,NotYet
25.0,8.2,6.2,-1.6,6.0,300.0,NotYet
25.0,8.2,6.2,-1.6,6.0,310.0,NotYet
25.0,8.2,6.2,-1.6,6.0,320.0,NotYet
25.0,8.2,6.2,-1.6,6.0,330.0,NotYet
25.0,8.2,6.2,-1.6,6.0,340.0,NotYet
25.0,8.2,6.2,-1.6,6.0,350.0,NotYet
25.0,8.2,6.2,-1.6,8.0,0.0,NotYet
25.0,8.2,6.2,-1.6,8.0,10.0,NotYet
25.0,8.2,6.2,-1.6,8.0,20.0,NotYet
25.0,8.2,6.2,-1.6,8.0,30.0,NotYet
25.0,8.2,6.2,-1.6,8.0,40.0,NotYet
25.0,8.2,6.2,-1.6,8.0,50.0,NotYet
25.0,8.2,6.2,-1.6,8.0,60.0,NotYet
25.0,8.2,6.2,-1.6,8.0,70.0,NotYet
25.0,8.2,6.2,-1.6,8.0,80.0,NotYet
25.0,8.2,6.2,-1.6,8.0,90.0,NotYet
25.0,8.2,6.2,-1.6,8.0,100.0,NotYet
25.0,8.2,6.2,-1.6,8.0,110.0,NotYet
25.0,8.2,6.2,-1.6,8.0,120.0,NotYet
25.0,8.2,6.2,-1.6,8.0,130.0,NotYet
25.0,8.2,6.2,-1.6,8.0,140.0,NotYet
25.0,8.2,6.2,-1.6,8.0,150.0,NotYet
25.0,8.2,6.2,-1.6,8.0,160.0,NotYet
25.0,8.2,6.2,-1.6,8.0,170.0,NotYet
25.0,8.2,6.2,-1.6,8.0,180.0,NotYet
25.0,8.2,6.2,-1.6,8.0,190.0,NotYet
25.0,8.2,6.2,-1.6,8.0,200.0,NotYet
25.0,8.2,6.2,-1.6,8.0,210.0,NotYet
25.0,8.2,6.2,-1.6,8.0,220.0,NotYet
25.0,8.2,6.2,-1.6,8.0,230.0,NotYet
25.0,8.2,6.2,-1.6,8.0,240.0,NotYet
25.0,8.2,6.2,-1.6,8.0,250.0,NotYet
25.0,8.2,6.2,-1.6,8.0,260.0,NotYet
25.0,8.2,6.2,-1.6,8.0,270.0,NotYet
25.0,8.2,6.2,-1.6,8.0,280.0,NotYet
25.0,8.2,6.2,-1.6,8.0,290.0,NotYet
25.0,8.2,6.2,-1.6,8.0,300.0,NotYet
25.0,8.2,6.2,-1.6,8.0,310.0,NotYet
25.0,8.2,6.2,-1.6,8.0,320.0,NotYet
25.0,8.2,6.2,-1.6,8.0,330.0,NotYet
25.0,8.2,6.2,-1.6,8.0,340.0,NotYet
25.0,8.2,6.2,-1.6,8.0,350.0,NotYet
25.0,8.2,6.2,-1.6,10.0,0.0,NotYet
25.0,8.2,6.2,-1.6,10.0,10.0,NotYet
25.0,8.2,6.2,-1.6,10.0,20.0,NotYet
25.0,8.2,6.2,-1.6,10.0,30.0,NotYet
25.0,8.2,6.2,-1.6,10.0,40.0,NotYet
25.0,8.2,6.2,-1.6,10.0,50.0,NotYet
25.0,8.2,6.2,-1.6,10.0,60.0,NotYet
25.0,8.2,6.2,-1.6,10.0,70.0,NotYet
25.0,8.2,6.2,-1.6,10.0,80.0,NotYet
25.0,8.2,6.2,-1.6,10.0,90.0,NotYet
25.0,8.2,6.2,-1.6,10.0,100.0,NotYet
25.0,8.2,6.2,-1.6,10.0,110.0,NotYet
25.0,8.2,6.2,-1.6,10.0,120.0,NotYet
25.0,8.2,6.2,-1.6,10.0,130.0,NotYet
25.0,8.2,6.2,-1.6,10.0,140.0,NotYet
25.0,8.2,6.2,-1.6,10.0,150.0,NotYet
25.0,8.2,6.2,-1.6,10.0,160.0,NotYet
25.0,8.2,6.2,-1.6,10.0,170.0,NotYet
25.0,8.2,6.2,-1.6,10.0,180.0,NotYet
25.0,8.2,6.2,-1.6,10.0,190.0,NotYet
25.0,8.2,6.2,-1.6,10.0,200.0,NotYet
25.0,8.2,6.2,-1.6,10.0,210.0,NotYet
25.0,8.2,6.2,-1.6,10.0,220.0,NotYet
25.0,8.2,6.2,-1.6,10.0,230.0,NotYet
25.0,8.2,6.2,-1.6,10.0,240.0,NotYet
25.0,8.2,6.2,-1.6,10.0,250.0,NotYet
25.0,8.2,6.2,-1.6,10.0,260.0,NotYet
25.0,8.2,6.2,-1.6,10.0,270.0,NotYet
25.0,8.2,6.2,-1.6,10.0,280.0,NotYet
25.0,8.2,6.2,-1.6,10.0,290.0,NotYet
25.0,8.2,6.2,-1.6,10.0,300.0,NotYet
25.0,8.2,6.2,-1.6,10.0,310.0,NotYet
25.0,8.2,6.2,-1.6,10.0,320.0,NotYet
25.0,8.2,6.2,-1.6,10.0,330.0,NotYet
25.0,8.2,6.2,-1.6,10.0,340.0,NotYet
25.0,8.2,6.2,-1.6,10.0,350.0,NotYet
25.0,8.2,6.2,-1.6,12.0,0.0,NotYet
25.0,8.2,6.2,-1.6,12.0,10.0,NotYet
25.0,8.2,6.2,-1.6,12.0,20.0,NotYet
25.0,8.2,6.2,-1.6,12.0,30.0,NotYet
25.0,8.2,6.2,-1.6,12.0,40.0,NotYet
25.0,8.2,6.2,-1.6,12.0,50.0,NotYet
25.0,8.2,6.2,-1.6,12.0,60.0,NotYet
25.0,8.2,6.2,-1.6,12.0,70.0,NotYet
25.0,8.2,6.2,-1.6,12.0,80.0,NotYet
25.0,8.2,6.2,-1.6,12.0,90.0,NotYet
25.0,8.2,6.2,-1.6,12.0,100.0,NotYet
25.0,8.2,6.2,-1.6,12.0,110.0,NotYet
25.0,8.2,6.2,-1.6,12.0,120.0,NotYet
25.0,8.2,6.2,-1.6,12.0,130.0,NotYet
25.0,8.2,6.2,-1.6,12.0,140.0,NotYet
25.0,8.2,6.2,-1.6,12.0,150.0,NotYet
25.0,8.2,6.2,-1.6,12.0,160.0,NotYet
25.0,8.2,6.2,-1.6,12.0,170.0,NotYet
25.0,8.2,6.2,-1.6,12.0,180.0,NotYet
25.0,8.2,6.2,-1.6,12.0,190.0,NotYet
25.0,8.2,6.2,-1.6,12.0,200.0,NotYet
25.0,8.2,6.2,-1.6,12.0,210.0,NotYet
25.0,8.2,6.2,-1.6,12.0,220.0,NotYet
25.0,8.2,6.2,-1.6,12.0,230.0,NotYet
25.0,8.2,6.2,-1.6,12.0,240.0,NotYet
25.0,8.2,6.2,-1.6,12.0,250.0,NotYet
25.0,8.2,6.2,-1.6,12.0,260.0,NotYet
25.0,8.2,6.2,-1.6,12.0,270.0,NotYet
25.0,8.2,6.2,-1.6,12.0,280.0,NotYet
25.0,8.2,6.2,-1.6,12.0,290.0,NotYet
25.0,8.2,6.2,-1.6,12.0,300.0,NotYet
25.0,8.2,6.2,-1.6,12.0,310.0,NotYet
25.0,8.2,6.2,-1.6,12.0,320.0,NotYet
25.0,8.2,6.2,-1.6,12.0,330.0,NotYet
25.0,8.2,6.2,-1.6,12.0,340.0,NotYet
25.0,8.2,6.2,-1.6,12.0,350.0,NotYet
25.0,8.2,6.2,-1.6,14.0,0.0,NotYet
25.0,8.2,6.2,-1.6,14.0,10.0,NotYet
25.0,8.2,6.2,-1.6,14.0,20.0,NotYet
25.0,8.2,6.2,-1.6,14.0,30.0,NotYet
25.0,8.2,6.2,-1.6,14.0,40.0,NotYet
25.0,8.2,6.2,-1.6,14.0,50.0,NotYet
25.0,8.2,6.2,-1.6,14.0,60.0,NotYet
25.0,8.2,6.2,-1.6,14.0,70.0,NotYet
25.0,8.2,6.2,-1.6,14.0,80.0,NotYet
25.0,8.2,6.2,-1.6,14.0,90.0,NotYet
25.0,8.2,6.2,-1.6,14.0,100.0,NotYet
25.0,8.2,6.2,-1.6,14.0,110.0,NotYet
25.0,8.2,6.2,-1.6,14.0,120.0,NotYet
25.0,8.2,6.2,-1.6,14.0,130.0,NotYet
25.0,8.2,6.2,-1.6,14.0,140.0,NotYet
25.0,8.2,6.2,-1.6,14.0,150.0,NotYet
25.0,8.2,6.2,-1.6,14.0,160.0,NotYet
25.0,8.2,6.2,-1.6,14.0,170.0,NotYet
25.0,8.2,6.2,-1.6,14.0,180.0,NotYet
25.0,8.2,6.2,-1.6,14.0,190.0,NotYet
25.0,8.2,6.2,-1.6,14.0,200.0,NotYet
25.0,8.2,6.2,-1.6,14.0,210.0,NotYet
25.0,8.2,6.2,-1.6,14.0,220.0,NotYet
25.0,8.2,6.2,-1.6,14.0,230.0,NotYet
25.0,8.2,6.2,-1.6,14.0,240.0,NotYet
25.0,8.2,6.2,-1.6,14.0,250.0,NotYet
25.0,8.2,6.2,-1.6,14.0,260.0,NotYet
25.0,8.2,6.2,-1.6,14.0,270.0,NotYet
25.0,8.2,6.2,-1.6,14.0,280.0,NotYet
25.0,8.2,6.2,-1.6,14.0,290.0,NotYet
25.0,8.2,6.2,-1.6,14.0,300.0,NotYet
25.0,8.2,6.2,-1.6,14.0,310.0,NotYet
25.0,8.2,6.2,-1.6,14.0,320.0,NotYet
25.0,8.2,6.2,-1.6,14.0,330.0,NotYet
25.0,8.2,6.2,-1.6,14.0,340.0,NotYet
25.0,8.2,6.2,-1.6,14.0,350.0,NotYet
25.0,8.2,6.2,-1.4,-14.0,0.0,NotYet
25.0,8.2,6.2,-1.4,-14.0,10.0,NotYet
25.0,8.2,6.2,-1.4,-14.0,20.0,NotYet
25.0,8.2,6.2,-1.4,-14.0,30.0,NotYet
25.0,8.2,6.2,-1.4,-14.0,40.0,NotYet
25.0,8.2,6.2,-1.4,-14.0,50.0,NotYet
25.0,8.2,6.2,-1.4,-14.0,60.0,NotYet
25.0,8.2,6.2,-1.4,-14.0,70.0,NotYet
25.0,8.2,6.2,-1.4,-14.0,80.0,NotYet
25.0,8.2,6.2,-1.4,-14.0,90.0,NotYet
25.0,8.2,6.2,-1.4,-14.0,100.0,NotYet
25.0,8.2,6.2,-1.4,-14.0,110.0,NotYet
25.0,8.2,6.2,-1.4,-14.0,120.0,NotYet
25.0,8.2,6.2,-1.4,-14.0,130.0,NotYet
25.0,8.2,6.2,-1.4,-14.0,140.0,NotYet
25.0,8.2,6.2,-1.4,-14.0,150.0,NotYet
25.0,8.2,6.2,-1.4,-14.0,160.0,NotYet
25.0,8.2,6.2,-1.4,-14.0,170.0,NotYet
25.0,8.2,6.2,-1.4,-14.0,180.0,NotYet
25.0,8.2,6.2,-1.4,-14.0,190.0,NotYet
25.0,8.2,6.2,-1.4,-14.0,200.0,NotYet
25.0,8.2,6.2,-1.4,-14.0,210.0,NotYet
25.0,8.2,6.2,-1.4,-14.0,220.0,NotYet
25.0,8.2,6.2,-1.4,-14.0,230.0,NotYet
25.0,8.2,6.2,-1.4,-14.0,240.0,NotYet
25.0,8.2,6.2,-1.4,-14.0,250.0,NotYet
25.0,8.2,6.2,-1.4,-14.0,260.0,NotYet
25.0,8.2,6.2,-1.4,-14.0,270.0,NotYet
25.0,8.2,6.2,-1.4,-14.0,280.0,NotYet
25.0,8.2,6.2,-1.4,-14.0,290.0,NotYet
25.0,8.2,6.2,-1.4,-14.0,300.0,NotYet
25.0,8.2,6.2,-1.4,-14.0,310.0,NotYet
25.0,8.2,6.2,-1.4,-14.0,320.0,NotYet
25.0,8.2,6.2,-1.4,-14.0,330.0,NotYet
25.0,8.2,6.2,-1.4,-14.0,340.0,NotYet
25.0,8.2,6.2,-1.4,-14.0,350.0,NotYet
25.0,8.2,6.2,-1.4,-12.0,0.0,NotYet
25.0,8.2,6.2,-1.4,-12.0,10.0,NotYet
25.0,8.2,6.2,-1.4,-12.0,20.0,NotYet
25.0,8.2,6.2,-1.4,-12.0,30.0,NotYet
25.0,8.2,6.2,-1.4,-12.0,40.0,NotYet
25.0,8.2,6.2,-1.4,-12.0,50.0,NotYet
25.0,8.2,6.2,-1.4,-12.0,60.0,NotYet
25.0,8.2,6.2,-1.4,-12.0,70.0,NotYet
25.0,8.2,6.2,-1.4,-12.0,80.0,NotYet
25.0,8.2,6.2,-1.4,-12.0,90.0,NotYet
25.0,8.2,6.2,-1.4,-12.0,100.0,NotYet
25.0,8.2,6.2,-1.4,-12.0,110.0,NotYet
25.0,8.2,6.2,-1.4,-12.0,120.0,NotYet
25.0,8.2,6.2,-1.4,-12.0,130.0,NotYet
25.0,8.2,6.2,-1.4,-12.0,140.0,NotYet
25.0,8.2,6.2,-1.4,-12.0,150.0,NotYet
25.0,8.2,6.2,-1.4,-12.0,160.0,NotYet
25.0,8.2,6.2,-1.4,-12.0,170.0,NotYet
25.0,8.2,6.2,-1.4,-12.0,180.0,NotYet
25.0,8.2,6.2,-1.4,-12.0,190.0,NotYet
25.0,8.2,6.2,-1.4,-12.0,200.0,NotYet
25.0,8.2,6.2,-1.4,-12.0,210.0,NotYet
25.0,8.2,6.2,-1.4,-12.0,220.0,NotYet
25.0,8.2,6.2,-1.4,-12.0,230.0,NotYet
25.0,8.2,6.2,-1.4,-12.0,240.0,NotYet
25.0,8.2,6.2,-1.4,-12.0,250.0,NotYet
25.0,8.2,6.2,-1.4,-12.0,260.0,NotYet
25.0,8.2,6.2,-1.4,-12.0,270.0,NotYet
25.0,8.2,6.2,-1.4,-12.0,280.0,NotYet
25.0,8.2,6.2,-1.4,-12.0,290.0,NotYet
25.0,8.2,6.2,-1.4,-12.0,300.0,NotYet
25.0,8.2,6.2,-1.4,-12.0,310.0,NotYet
25.0,8.2,6.2,-1.4,-12.0,320.0,NotYet
25.0,8.2,6.2,-1.4,-12.0,330.0,NotYet
25.0,8.2,6.2,-1.4,-12.0,340.0,NotYet
25.0,8.2,6.2,-1.4,-12.0,350.0,NotYet
25.0,8.2,6.2,-1.4,-10.0,0.0,NotYet
25.0,8.2,6.2,-1.4,-10.0,10.0,NotYet
25.0,8.2,6.2,-1.4,-10.0,20.0,NotYet
25.0,8.2,6.2,-1.4,-10.0,30.0,NotYet
25.0,8.2,6.2,-1.4,-10.0,40.0,NotYet
25.0,8.2,6.2,-1.4,-10.0,50.0,NotYet
25.0,8.2,6.2,-1.4,-10.0,60.0,NotYet
25.0,8.2,6.2,-1.4,-10.0,70.0,NotYet
25.0,8.2,6.2,-1.4,-10.0,80.0,NotYet
25.0,8.2,6.2,-1.4,-10.0,90.0,NotYet
25.0,8.2,6.2,-1.4,-10.0,100.0,NotYet
25.0,8.2,6.2,-1.4,-10.0,110.0,NotYet
25.0,8.2,6.2,-1.4,-10.0,120.0,NotYet
25.0,8.2,6.2,-1.4,-10.0,130.0,NotYet
25.0,8.2,6.2,-1.4,-10.0,140.0,NotYet
25.0,8.2,6.2,-1.4,-10.0,150.0,NotYet
25.0,8.2,6.2,-1.4,-10.0,160.0,NotYet
25.0,8.2,6.2,-1.4,-10.0,170.0,NotYet
25.0,8.2,6.2,-1.4,-10.0,180.0,NotYet
25.0,8.2,6.2,-1.4,-10.0,190.0,NotYet
25.0,8.2,6.2,-1.4,-10.0,200.0,NotYet
25.0,8.2,6.2,-1.4,-10.0,210.0,NotYet
25.0,8.2,6.2,-1.4,-10.0,220.0,NotYet
25.0,8.2,6.2,-1.4,-10.0,230.0,NotYet
25.0,8.2,6.2,-1.4,-10.0,240.0,NotYet
25.0,8.2,6.2,-1.4,-10.0,250.0,NotYet
25.0,8.2,6.2,-1.4,-10.0,260.0,NotYet
25.0,8.2,6.2,-1.4,-10.0,270.0,NotYet
25.0,8.2,6.2,-1.4,-10.0,280.0,NotYet
25.0,8.2,6.2,-1.4,-10.0,290.0,NotYet
25.0,8.2,6.2,-1.4,-10.0,300.0,NotYet
25.0,8.2,6.2,-1.4,-10.0,310.0,NotYet
25.0,8.2,6.2,-1.4,-10.0,320.0,NotYet
25.0,8.2,6.2,-1.4,-10.0,330.0,NotYet
25.0,8.2,6.2,-1.4,-10.0,340.0,NotYet
25.0,8.2,6.2,-1.4,-10.0,350.0,NotYet
25.0,8.2,6.2,-1.4,-8.0,0.0,NotYet
25.0,8.2,6.2,-1.4,-8.0,10.0,NotYet
25.0,8.2,6.2,-1.4,-8.0,20.0,NotYet
25.0,8.2,6.2,-1.4,-8.0,30.0,NotYet
25.0,8.2,6.2,-1.4,-8.0,40.0,NotYet
25.0,8.2,6.2,-1.4,-8.0,50.0,NotYet
25.0,8.2,6.2,-1.4,-8.0,60.0,NotYet
25.0,8.2,6.2,-1.4,-8.0,70.0,NotYet
25.0,8.2,6.2,-1.4,-8.0,80.0,NotYet
25.0,8.2,6.2,-1.4,-8.0,90.0,NotYet
25.0,8.2,6.2,-1.4,-8.0,100.0,NotYet
25.0,8.2,6.2,-1.4,-8.0,110.0,NotYet
25.0,8.2,6.2,-1.4,-8.0,120.0,NotYet
25.0,8.2,6.2,-1.4,-8.0,130.0,NotYet
25.0,8.2,6.2,-1.4,-8.0,140.0,NotYet
25.0,8.2,6.2,-1.4,-8.0,150.0,NotYet
25.0,8.2,6.2,-1.4,-8.0,160.0,NotYet
25.0,8.2,6.2,-1.4,-8.0,170.0,NotYet
25.0,8.2,6.2,-1.4,-8.0,180.0,NotYet
25.0,8.2,6.2,-1.4,-8.0,190.0,NotYet
25.0,8.2,6.2,-1.4,-8.0,200.0,NotYet
25.0,8.2,6.2,-1.4,-8.0,210.0,NotYet
25.0,8.2,6.2,-1.4,-8.0,220.0,NotYet
25.0,8.2,6.2,-1.4,-8.0,230.0,NotYet
25.0,8.2,6.2,-1.4,-8.0,240.0,NotYet
25.0,8.2,6.2,-1.4,-8.0,250.0,NotYet
25.0,8.2,6.2,-1.4,-8.0,260.0,NotYet
25.0,8.2,6.2,-1.4,-8.0,270.0,NotYet
25.0,8.2,6.2,-1.4,-8.0,280.0,NotYet
25.0,8.2,6.2,-1.4,-8.0,290.0,NotYet
25.0,8.2,6.2,-1.4,-8.0,300.0,NotYet
25.0,8.2,6.2,-1.4,-8.0,310.0,NotYet
25.0,8.2,6.2,-1.4,-8.0,320.0,NotYet
25.0,8.2,6.2,-1.4,-8.0,330.0,NotYet
25.0,8.2,6.2,-1.4,-8.0,340.0,NotYet
25.0,8.2,6.2,-1.4,-8.0,350.0,NotYet
25.0,8.2,6.2,-1.4,-6.0,0.0,NotYet
25.0,8.2,6.2,-1.4,-6.0,10.0,NotYet
25.0,8.2,6.2,-1.4,-6.0,20.0,NotYet
25.0,8.2,6.2,-1.4,-6.0,30.0,NotYet
25.0,8.2,6.2,-1.4,-6.0,40.0,NotYet
25.0,8.2,6.2,-1.4,-6.0,50.0,NotYet
25.0,8.2,6.2,-1.4,-6.0,60.0,NotYet
25.0,8.2,6.2,-1.4,-6.0,70.0,NotYet
25.0,8.2,6.2,-1.4,-6.0,80.0,NotYet
25.0,8.2,6.2,-1.4,-6.0,90.0,NotYet
25.0,8.2,6.2,-1.4,-6.0,100.0,NotYet
25.0,8.2,6.2,-1.4,-6.0,110.0,NotYet
25.0,8.2,6.2,-1.4,-6.0,120.0,NotYet
25.0,8.2,6.2,-1.4,-6.0,130.0,NotYet
25.0,8.2,6.2,-1.4,-6.0,140.0,NotYet
25.0,8.2,6.2,-1.4,-6.0,150.0,NotYet
25.0,8.2,6.2,-1.4,-6.0,160.0,NotYet
25.0,8.2,6.2,-1.4,-6.0,170.0,NotYet
25.0,8.2,6.2,-1.4,-6.0,180.0,NotYet
25.0,8.2,6.2,-1.4,-6.0,190.0,NotYet
25.0,8.2,6.2,-1.4,-6.0,200.0,NotYet
25.0,8.2,6.2,-1.4,-6.0,210.0,NotYet
25.0,8.2,6.2,-1.4,-6.0,220.0,NotYet
25.0,8.2,6.2,-1.4,-6.0,230.0,NotYet
25.0,8.2,6.2,-1.4,-6.0,240.0,NotYet
25.0,8.2,6.2,-1.4,-6.0,250.0,NotYet
25.0,8.2,6.2,-1.4,-6.0,260.0,NotYet
25.0,8.2,6.2,-1.4,-6.0,270.0,NotYet
25.0,8.2,6.2,-1.4,-6.0,280.0,NotYet
25.0,8.2,6.2,-1.4,-6.0,290.0,NotYet
25.0,8.2,6.2,-1.4,-6.0,300.0,NotYet
25.0,8.2,6.2,-1.4,-6.0,310.0,NotYet
25.0,8.2,6.2,-1.4,-6.0,320.0,NotYet
25.0,8.2,6.2,-1.4,-6.0,330.0,NotYet
25.0,8.2,6.2,-1.4,-6.0,340.0,NotYet
25.0,8.2,6.2,-1.4,-6.0,350.0,NotYet
25.0,8.2,6.2,-1.4,-4.0,0.0,NotYet
25.0,8.2,6.2,-1.4,-4.0,10.0,NotYet
25.0,8.2,6.2,-1.4,-4.0,20.0,NotYet
25.0,8.2,6.2,-1.4,-4.0,30.0,NotYet
25.0,8.2,6.2,-1.4,-4.0,40.0,NotYet
25.0,8.2,6.2,-1.4,-4.0,50.0,NotYet
25.0,8.2,6.2,-1.4,-4.0,60.0,NotYet
25.0,8.2,6.2,-1.4,-4.0,70.0,NotYet
25.0,8.2,6.2,-1.4,-4.0,80.0,NotYet
25.0,8.2,6.2,-1.4,-4.0,90.0,NotYet
25.0,8.2,6.2,-1.4,-4.0,100.0,NotYet
25.0,8.2,6.2,-1.4,-4.0,110.0,NotYet
25.0,8.2,6.2,-1.4,-4.0,120.0,NotYet
25.0,8.2,6.2,-1.4,-4.0,130.0,NotYet
25.0,8.2,6.2,-1.4,-4.0,140.0,NotYet
25.0,8.2,6.2,-1.4,-4.0,150.0,NotYet
25.0,8.2,6.2,-1.4,-4.0,160.0,NotYet
25.0,8.2,6.2,-1.4,-4.0,170.0,NotYet
25.0,8.2,6.2,-1.4,-4.0,180.0,NotYet
25.0,8.2,6.2,-1.4,-4.0,190.0,NotYet
25.0,8.2,6.2,-1.4,-4.0,200.0,NotYet
25.0,8.2,6.2,-1.4,-4.0,210.0,NotYet
25.0,8.2,6.2,-1.4,-4.0,220.0,NotYet
25.0,8.2,6.2,-1.4,-4.0,230.0,NotYet
25.0,8.2,6.2,-1.4,-4.0,240.0,NotYet
25.0,8.2,6.2,-1.4,-4.0,250.0,NotYet
25.0,8.2,6.2,-1.4,-4.0,260.0,NotYet
25.0,8.2,6.2,-1.4,-4.0,270.0,NotYet
25.0,8.2,6.2,-1.4,-4.0,280.0,NotYet
25.0,8.2,6.2,-1.4,-4.0,290.0,NotYet
25.0,8.2,6.2,-1.4,-4.0,300.0,NotYet
25.0,8.2,6.2,-1.4,-4.0,310.0,NotYet
25.0,8.2,6.2,-1.4,-4.0,320.0,NotYet
25.0,8.2,6.2,-1.4,-4.0,330.0,NotYet
25.0,8.2,6.2,-1.4,-4.0,340.0,NotYet
25.0,8.2,6.2,-1.4,-4.0,350.0,NotYet
25.0,8.2,6.2,-1.4,-2.0,0.0,NotYet
25.0,8.2,6.2,-1.4,-2.0,10.0,NotYet
25.0,8.2,6.2,-1.4,-2.0,20.0,NotYet
25.0,8.2,6.2,-1.4,-2.0,30.0,NotYet
25.0,8.2,6.2,-1.4,-2.0,40.0,NotYet
25.0,8.2,6.2,-1.4,-2.0,50.0,NotYet
25.0,8.2,6.2,-1.4,-2.0,60.0,NotYet
25.0,8.2,6.2,-1.4,-2.0,70.0,NotYet
25.0,8.2,6.2,-1.4,-2.0,80.0,NotYet
25.0,8.2,6.2,-1.4,-2.0,90.0,NotYet
25.0,8.2,6.2,-1.4,-2.0,100.0,NotYet
25.0,8.2,6.2,-1.4,-2.0,110.0,NotYet
25.0,8.2,6.2,-1.4,-2.0,120.0,NotYet
25.0,8.2,6.2,-1.4,-2.0,130.0,NotYet
25.0,8.2,6.2,-1.4,-2.0,140.0,NotYet
25.0,8.2,6.2,-1.4,-2.0,150.0,NotYet
25.0,8.2,6.2,-1.4,-2.0,160.0,NotYet
25.0,8.2,6.2,-1.4,-2.0,170.0,NotYet
25.0,8.2,6.2,-1.4,-2.0,180.0,NotYet
25.0,8.2,6.2,-1.4,-2.0,190.0,NotYet
25.0,8.2,6.2,-1.4,-2.0,200.0,NotYet
25.0,8.2,6.2,-1.4,-2.0,210.0,NotYet
25.0,8.2,6.2,-1.4,-2.0,220.0,NotYet
25.0,8.2,6.2,-1.4,-2.0,230.0,NotYet
25.0,8.2,6.2,-1.4,-2.0,240.0,NotYet
25.0,8.2,6.2,-1.4,-2.0,250.0,NotYet
25.0,8.2,6.2,-1.4,-2.0,260.0,NotYet
25.0,8.2,6.2,-1.4,-2.0,270.0,NotYet
25.0,8.2,6.2,-1.4,-2.0,280.0,NotYet
25.0,8.2,6.2,-1.4,-2.0,290.0,NotYet
25.0,8.2,6.2,-1.4,-2.0,300.0,NotYet
25.0,8.2,6.2,-1.4,-2.0,310.0,NotYet
25.0,8.2,6.2,-1.4,-2.0,320.0,NotYet
25.0,8.2,6.2,-1.4,-2.0,330.0,NotYet
25.0,8.2,6.2,-1.4,-2.0,340.0,NotYet
25.0,8.2,6.2,-1.4,-2.0,350.0,NotYet
25.0,8.2,6.2,-1.4,0.0,0.0,NotYet
25.0,8.2,6.2,-1.4,0.0,10.0,NotYet
25.0,8.2,6.2,-1.4,0.0,20.0,NotYet
25.0,8.2,6.2,-1.4,0.0,30.0,NotYet
25.0,8.2,6.2,-1.4,0.0,40.0,NotYet
25.0,8.2,6.2,-1.4,0.0,50.0,NotYet
25.0,8.2,6.2,-1.4,0.0,60.0,NotYet
25.0,8.2,6.2,-1.4,0.0,70.0,NotYet
25.0,8.2,6.2,-1.4,0.0,80.0,NotYet
25.0,8.2,6.2,-1.4,0.0,90.0,NotYet
25.0,8.2,6.2,-1.4,0.0,100.0,NotYet
25.0,8.2,6.2,-1.4,0.0,110.0,NotYet
25.0,8.2,6.2,-1.4,0.0,120.0,NotYet
25.0,8.2,6.2,-1.4,0.0,130.0,NotYet
25.0,8.2,6.2,-1.4,0.0,140.0,NotYet
25.0,8.2,6.2,-1.4,0.0,150.0,NotYet
25.0,8.2,6.2,-1.4,0.0,160.0,NotYet
25.0,8.2,6.2,-1.4,0.0,170.0,NotYet
25.0,8.2,6.2,-1.4,0.0,180.0,NotYet
25.0,8.2,6.2,-1.4,0.0,190.0,NotYet
25.0,8.2,6.2,-1.4,0.0,200.0,NotYet
25.0,8.2,6.2,-1.4,0.0,210.0,NotYet
25.0,8.2,6.2,-1.4,0.0,220.0,NotYet
25.0,8.2,6.2,-1.4,0.0,230.0,NotYet
25.0,8.2,6.2,-1.4,0.0,240.0,NotYet
25.0,8.2,6.2,-1.4,0.0,250.0,NotYet
25.0,8.2,6.2,-1.4,0.0,260.0,NotYet
25.0,8.2,6.2,-1.4,0.0,270.0,NotYet
25.0,8.2,6.2,-1.4,0.0,280.0,NotYet
25.0,8.2,6.2,-1.4,0.0,290.0,NotYet
25.0,8.2,6.2,-1.4,0.0,300.0,NotYet
25.0,8.2,6.2,-1.4,0.0,310.0,NotYet
25.0,8.2,6.2,-1.4,0.0,320.0,NotYet
25.0,8.2,6.2,-1.4,0.0,330.0,NotYet
25.0,8.2,6.2,-1.4,0.0,340.0,NotYet
25.0,8.2,6.2,-1.4,0.0,350.0,NotYet
25.0,8.2,6.2,-1.4,2.0,0.0,NotYet
25.0,8.2,6.2,-1.4,2.0,10.0,NotYet
25.0,8.2,6.2,-1.4,2.0,20.0,NotYet
25.0,8.2,6.2,-1.4,2.0,30.0,NotYet
25.0,8.2,6.2,-1.4,2.0,40.0,NotYet
25.0,8.2,6.2,-1.4,2.0,50.0,NotYet
25.0,8.2,6.2,-1.4,2.0,60.0,NotYet
25.0,8.2,6.2,-1.4,2.0,70.0,NotYet
25.0,8.2,6.2,-1.4,2.0,80.0,NotYet
25.0,8.2,6.2,-1.4,2.0,90.0,NotYet
25.0,8.2,6.2,-1.4,2.0,100.0,NotYet
25.0,8.2,6.2,-1.4,2.0,110.0,NotYet
25.0,8.2,6.2,-1.4,2.0,120.0,NotYet
25.0,8.2,6.2,-1.4,2.0,130.0,NotYet
25.0,8.2,6.2,-1.4,2.0,140.0,NotYet
25.0,8.2,6.2,-1.4,2.0,150.0,NotYet
25.0,8.2,6.2,-1.4,2.0,160.0,NotYet
25.0,8.2,6.2,-1.4,2.0,170.0,NotYet
25.0,8.2,6.2,-1.4,2.0,180.0,NotYet
25.0,8.2,6.2,-1.4,2.0,190.0,NotYet
25.0,8.2,6.2,-1.4,2.0,200.0,NotYet
25.0,8.2,6.2,-1.4,2.0,210.0,NotYet
25.0,8.2,6.2,-1.4,2.0,220.0,NotYet
25.0,8.2,6.2,-1.4,2.0,230.0,NotYet
25.0,8.2,6.2,-1.4,2.0,240.0,NotYet
25.0,8.2,6.2,-1.4,2.0,250.0,NotYet
25.0,8.2,6.2,-1.4,2.0,260.0,NotYet
25.0,8.2,6.2,-1.4,2.0,270.0,NotYet
25.0,8.2,6.2,-1.4,2.0,280.0,NotYet
25.0,8.2,6.2,-1.4,2.0,290.0,NotYet
25.0,8.2,6.2,-1.4,2.0,300.0,NotYet
25.0,8.2,6.2,-1.4,2.0,310.0,NotYet
25.0,8.2,6.2,-1.4,2.0,320.0,NotYet
25.0,8.2,6.2,-1.4,2.0,330.0,NotYet
25.0,8.2,6.2,-1.4,2.0,340.0,NotYet
25.0,8.2,6.2,-1.4,2.0,350.0,NotYet
25.0,8.2,6.2,-1.4,4.0,0.0,NotYet
25.0,8.2,6.2,-1.4,4.0,10.0,NotYet
25.0,8.2,6.2,-1.4,4.0,20.0,NotYet
25.0,8.2,6.2,-1.4,4.0,30.0,NotYet
25.0,8.2,6.2,-1.4,4.0,40.0,NotYet
25.0,8.2,6.2,-1.4,4.0,50.0,NotYet
25.0,8.2,6.2,-1.4,4.0,60.0,NotYet
25.0,8.2,6.2,-1.4,4.0,70.0,NotYet
25.0,8.2,6.2,-1.4,4.0,80.0,NotYet
25.0,8.2,6.2,-1.4,4.0,90.0,NotYet
25.0,8.2,6.2,-1.4,4.0,100.0,NotYet
25.0,8.2,6.2,-1.4,4.0,110.0,NotYet
25.0,8.2,6.2,-1.4,4.0,120.0,NotYet
25.0,8.2,6.2,-1.4,4.0,130.0,NotYet
25.0,8.2,6.2,-1.4,4.0,140.0,NotYet
25.0,8.2,6.2,-1.4,4.0,150.0,NotYet
25.0,8.2,6.2,-1.4,4.0,160.0,NotYet
25.0,8.2,6.2,-1.4,4.0,170.0,NotYet
25.0,8.2,6.2,-1.4,4.0,180.0,NotYet
25.0,8.2,6.2,-1.4,4.0,190.0,NotYet
25.0,8.2,6.2,-1.4,4.0,200.0,NotYet
25.0,8.2,6.2,-1.4,4.0,210.0,NotYet
25.0,8.2,6.2,-1.4,4.0,220.0,NotYet
25.0,8.2,6.2,-1.4,4.0,230.0,NotYet
25.0,8.2,6.2,-1.4,4.0,240.0,NotYet
25.0,8.2,6.2,-1.4,4.0,250.0,NotYet
25.0,8.2,6.2,-1.4,4.0,260.0,NotYet
25.0,8.2,6.2,-1.4,4.0,270.0,NotYet
25.0,8.2,6.2,-1.4,4.0,280.0,NotYet
25.0,8.2,6.2,-1.4,4.0,290.0,NotYet
25.0,8.2,6.2,-1.4,4.0,300.0,NotYet
25.0,8.2,6.2,-1.4,4.0,310.0,NotYet
25.0,8.2,6.2,-1.4,4.0,320.0,NotYet
25.0,8.2,6.2,-1.4,4.0,330.0,NotYet
25.0,8.2,6.2,-1.4,4.0,340.0,NotYet
25.0,8.2,6.2,-1.4,4.0,350.0,NotYet
25.0,8.2,6.2,-1.4,6.0,0.0,NotYet
25.0,8.2,6.2,-1.4,6.0,10.0,NotYet
25.0,8.2,6.2,-1.4,6.0,20.0,NotYet
25.0,8.2,6.2,-1.4,6.0,30.0,NotYet
25.0,8.2,6.2,-1.4,6.0,40.0,NotYet
25.0,8.2,6.2,-1.4,6.0,50.0,NotYet
25.0,8.2,6.2,-1.4,6.0,60.0,NotYet
25.0,8.2,6.2,-1.4,6.0,70.0,NotYet
25.0,8.2,6.2,-1.4,6.0,80.0,NotYet
25.0,8.2,6.2,-1.4,6.0,90.0,NotYet
25.0,8.2,6.2,-1.4,6.0,100.0,NotYet
25.0,8.2,6.2,-1.4,6.0,110.0,NotYet
25.0,8.2,6.2,-1.4,6.0,120.0,NotYet
25.0,8.2,6.2,-1.4,6.0,130.0,NotYet
25.0,8.2,6.2,-1.4,6.0,140.0,NotYet
25.0,8.2,6.2,-1.4,6.0,150.0,NotYet
25.0,8.2,6.2,-1.4,6.0,160.0,NotYet
25.0,8.2,6.2,-1.4,6.0,170.0,NotYet
25.0,8.2,6.2,-1.4,6.0,180.0,NotYet
25.0,8.2,6.2,-1.4,6.0,190.0,NotYet
25.0,8.2,6.2,-1.4,6.0,200.0,NotYet
25.0,8.2,6.2,-1.4,6.0,210.0,NotYet
25.0,8.2,6.2,-1.4,6.0,220.0,NotYet
25.0,8.2,6.2,-1.4,6.0,230.0,NotYet
25.0,8.2,6.2,-1.4,6.0,240.0,NotYet
25.0,8.2,6.2,-1.4,6.0,250.0,NotYet
25.0,8.2,6.2,-1.4,6.0,260.0,NotYet
25.0,8.2,6.2,-1.4,6.0,270.0,NotYet
25.0,8.2,6.2,-1.4,6.0,280.0,NotYet
25.0,8.2,6.2,-1.4,6.0,290.0,NotYet
25.0,8.2,6.2,-1.4,6.0,300.0,NotYet
25.0,8.2,6.2,-1.4,6.0,310.0,NotYet
25.0,8.2,6.2,-1.4,6.0,320.0,NotYet
25.0,8.2,6.2,-1.4,6.0,330.0,NotYet
25.0,8.2,6.2,-1.4,6.0,340.0,NotYet
25.0,8.2,6.2,-1.4,6.0,350.0,NotYet
25.0,8.2,6.2,-1.4,8.0,0.0,NotYet
25.0,8.2,6.2,-1.4,8.0,10.0,NotYet
25.0,8.2,6.2,-1.4,8.0,20.0,NotYet
25.0,8.2,6.2,-1.4,8.0,30.0,NotYet
25.0,8.2,6.2,-1.4,8.0,40.0,NotYet
25.0,8.2,6.2,-1.4,8.0,50.0,NotYet
25.0,8.2,6.2,-1.4,8.0,60.0,NotYet
25.0,8.2,6.2,-1.4,8.0,70.0,NotYet
25.0,8.2,6.2,-1.4,8.0,80.0,NotYet
25.0,8.2,6.2,-1.4,8.0,90.0,NotYet
25.0,8.2,6.2,-1.4,8.0,100.0,NotYet
25.0,8.2,6.2,-1.4,8.0,110.0,NotYet
25.0,8.2,6.2,-1.4,8.0,120.0,NotYet
25.0,8.2,6.2,-1.4,8.0,130.0,NotYet
25.0,8.2,6.2,-1.4,8.0,140.0,NotYet
25.0,8.2,6.2,-1.4,8.0,150.0,NotYet
25.0,8.2,6.2,-1.4,8.0,160.0,NotYet
25.0,8.2,6.2,-1.4,8.0,170.0,NotYet
25.0,8.2,6.2,-1.4,8.0,180.0,NotYet
25.0,8.2,6.2,-1.4,8.0,190.0,NotYet
25.0,8.2,6.2,-1.4,8.0,200.0,NotYet
25.0,8.2,6.2,-1.4,8.0,210.0,NotYet
25.0,8.2,6.2,-1.4,8.0,220.0,NotYet
25.0,8.2,6.2,-1.4,8.0,230.0,NotYet
25.0,8.2,6.2,-1.4,8.0,240.0,NotYet
25.0,8.2,6.2,-1.4,8.0,250.0,NotYet
25.0,8.2,6.2,-1.4,8.0,260.0,NotYet
25.0,8.2,6.2,-1.4,8.0,270.0,NotYet
25.0,8.2,6.2,-1.4,8.0,280.0,NotYet
25.0,8.2,6.2,-1.4,8.0,290.0,NotYet
25.0,8.2,6.2,-1.4,8.0,300.0,NotYet
25.0,8.2,6.2,-1.4,8.0,310.0,NotYet
25.0,8.2,6.2,-1.4,8.0,320.0,NotYet
25.0,8.2,6.2,-1.4,8.0,330.0,NotYet
25.0,8.2,6.2,-1.4,8.0,340.0,NotYet
25.0,8.2,6.2,-1.4,8.0,350.0,NotYet
25.0,8.2,6.2,-1.4,10.0,0.0,NotYet
25.0,8.2,6.2,-1.4,10.0,10.0,NotYet
25.0,8.2,6.2,-1.4,10.0,20.0,NotYet
25.0,8.2,6.2,-1.4,10.0,30.0,NotYet
25.0,8.2,6.2,-1.4,10.0,40.0,NotYet
25.0,8.2,6.2,-1.4,10.0,50.0,NotYet
25.0,8.2,6.2,-1.4,10.0,60.0,NotYet
25.0,8.2,6.2,-1.4,10.0,70.0,NotYet
25.0,8.2,6.2,-1.4,10.0,80.0,NotYet
25.0,8.2,6.2,-1.4,10.0,90.0,NotYet
25.0,8.2,6.2,-1.4,10.0,100.0,NotYet
25.0,8.2,6.2,-1.4,10.0,110.0,NotYet
25.0,8.2,6.2,-1.4,10.0,120.0,NotYet
25.0,8.2,6.2,-1.4,10.0,130.0,NotYet
25.0,8.2,6.2,-1.4,10.0,140.0,NotYet
25.0,8.2,6.2,-1.4,10.0,150.0,NotYet
25.0,8.2,6.2,-1.4,10.0,160.0,NotYet
25.0,8.2,6.2,-1.4,10.0,170.0,NotYet
25.0,8.2,6.2,-1.4,10.0,180.0,NotYet
25.0,8.2,6.2,-1.4,10.0,190.0,NotYet
25.0,8.2,6.2,-1.4,10.0,200.0,NotYet
25.0,8.2,6.2,-1.4,10.0,210.0,NotYet
25.0,8.2,6.2,-1.4,10.0,220.0,NotYet
25.0,8.2,6.2,-1.4,10.0,230.0,NotYet
25.0,8.2,6.2,-1.4,10.0,240.0,NotYet
25.0,8.2,6.2,-1.4,10.0,250.0,NotYet
25.0,8.2,6.2,-1.4,10.0,260.0,NotYet
25.0,8.2,6.2,-1.4,10.0,270.0,NotYet
25.0,8.2,6.2,-1.4,10.0,280.0,NotYet
25.0,8.2,6.2,-1.4,10.0,290.0,NotYet
25.0,8.2,6.2,-1.4,10.0,300.0,NotYet
25.0,8.2,6.2,-1.4,10.0,310.0,NotYet
25.0,8.2,6.2,-1.4,10.0,320.0,NotYet
25.0,8.2,6.2,-1.4,10.0,330.0,NotYet
25.0,8.2,6.2,-1.4,10.0,340.0,NotYet
25.0,8.2,6.2,-1.4,10.0,350.0,NotYet
25.0,8.2,6.2,-1.4,12.0,0.0,NotYet
25.0,8.2,6.2,-1.4,12.0,10.0,NotYet
25.0,8.2,6.2,-1.4,12.0,20.0,NotYet
25.0,8.2,6.2,-1.4,12.0,30.0,NotYet
25.0,8.2,6.2,-1.4,12.0,40.0,NotYet
25.0,8.2,6.2,-1.4,12.0,50.0,NotYet
25.0,8.2,6.2,-1.4,12.0,60.0,NotYet
25.0,8.2,6.2,-1.4,12.0,70.0,NotYet
25.0,8.2,6.2,-1.4,12.0,80.0,NotYet
25.0,8.2,6.2,-1.4,12.0,90.0,NotYet
25.0,8.2,6.2,-1.4,12.0,100.0,NotYet
25.0,8.2,6.2,-1.4,12.0,110.0,NotYet
25.0,8.2,6.2,-1.4,12.0,120.0,NotYet
25.0,8.2,6.2,-1.4,12.0,130.0,NotYet
25.0,8.2,6.2,-1.4,12.0,140.0,NotYet
25.0,8.2,6.2,-1.4,12.0,150.0,NotYet
25.0,8.2,6.2,-1.4,12.0,160.0,NotYet
25.0,8.2,6.2,-1.4,12.0,170.0,NotYet
25.0,8.2,6.2,-1.4,12.0,180.0,NotYet
25.0,8.2,6.2,-1.4,12.0,190.0,NotYet
25.0,8.2,6.2,-1.4,12.0,200.0,NotYet
25.0,8.2,6.2,-1.4,12.0,210.0,NotYet
25.0,8.2,6.2,-1.4,12.0,220.0,NotYet
25.0,8.2,6.2,-1.4,12.0,230.0,NotYet
25.0,8.2,6.2,-1.4,12.0,240.0,NotYet
25.0,8.2,6.2,-1.4,12.0,250.0,NotYet
25.0,8.2,6.2,-1.4,12.0,260.0,NotYet
25.0,8.2,6.2,-1.4,12.0,270.0,NotYet
25.0,8.2,6.2,-1.4,12.0,280.0,NotYet
25.0,8.2,6.2,-1.4,12.0,290.0,NotYet
25.0,8.2,6.2,-1.4,12.0,300.0,NotYet
25.0,8.2,6.2,-1.4,12.0,310.0,NotYet
25.0,8.2,6.2,-1.4,12.0,320.0,NotYet
25.0,8.2,6.2,-1.4,12.0,330.0,NotYet
25.0,8.2,6.2,-1.4,12.0,340.0,NotYet
25.0,8.2,6.2,-1.4,12.0,350.0,NotYet
25.0,8.2,6.2,-1.4,14.0,0.0,NotYet
25.0,8.2,6.2,-1.4,14.0,10.0,NotYet
25.0,8.2,6.2,-1.4,14.0,20.0,NotYet
25.0,8.2,6.2,-1.4,14.0,30.0,NotYet
25.0,8.2,6.2,-1.4,14.0,40.0,NotYet
25.0,8.2,6.2,-1.4,14.0,50.0,NotYet
25.0,8.2,6.2,-1.4,14.0,60.0,NotYet
25.0,8.2,6.2,-1.4,14.0,70.0,NotYet
25.0,8.2,6.2,-1.4,14.0,80.0,NotYet
25.0,8.2,6.2,-1.4,14.0,90.0,NotYet
25.0,8.2,6.2,-1.4,14.0,100.0,NotYet
25.0,8.2,6.2,-1.4,14.0,110.0,NotYet
25.0,8.2,6.2,-1.4,14.0,120.0,NotYet
25.0,8.2,6.2,-1.4,14.0,130.0,NotYet
25.0,8.2,6.2,-1.4,14.0,140.0,NotYet
25.0,8.2,6.2,-1.4,14.0,150.0,NotYet
25.0,8.2,6.2,-1.4,14.0,160.0,NotYet
25.0,8.2,6.2,-1.4,14.0,170.0,NotYet
25.0,8.2,6.2,-1.4,14.0,180.0,NotYet
25.0,8.2,6.2,-1.4,14.0,190.0,NotYet
25.0,8.2,6.2,-1.4,14.0,200.0,NotYet
25.0,8.2,6.2,-1.4,14.0,210.0,NotYet
25.0,8.2,6.2,-1.4,14.0,220.0,NotYet
25.0,8.2,6.2,-1.4,14.0,230.0,NotYet
25.0,8.2,6.2,-1.4,14.0,240.0,NotYet
25.0,8.2,6.2,-1.4,14.0,250.0,NotYet
25.0,8.2,6.2,-1.4,14.0,260.0,NotYet
25.0,8.2,6.2,-1.4,14.0,270.0,NotYet
25.0,8.2,6.2,-1.4,14.0,280.0,NotYet
25.0,8.2,6.2,-1.4,14.0,290.0,NotYet
25.0,8.2,6.2,-1.4,14.0,300.0,NotYet
25.0,8.2,6.2,-1.4,14.0,310.0,NotYet
25.0,8.2,6.2,-1.4,14.0,320.0,NotYet
25.0,8.2,6.2,-1.4,14.0,330.0,NotYet
25.0,8.2,6.2,-1.4,14.0,340.0,NotYet
25.0,8.2,6.2,-1.4,14.0,350.0,NotYet
25.0,8.2,6.2,-1.2,-14.0,0.0,NotYet
25.0,8.2,6.2,-1.2,-14.0,10.0,NotYet
25.0,8.2,6.2,-1.2,-14.0,20.0,NotYet
25.0,8.2,6.2,-1.2,-14.0,30.0,NotYet
25.0,8.2,6.2,-1.2,-14.0,40.0,NotYet
25.0,8.2,6.2,-1.2,-14.0,50.0,NotYet
25.0,8.2,6.2,-1.2,-14.0,60.0,NotYet
25.0,8.2,6.2,-1.2,-14.0,70.0,NotYet
25.0,8.2,6.2,-1.2,-14.0,80.0,NotYet
25.0,8.2,6.2,-1.2,-14.0,90.0,NotYet
25.0,8.2,6.2,-1.2,-14.0,100.0,NotYet
25.0,8.2,6.2,-1.2,-14.0,110.0,NotYet
25.0,8.2,6.2,-1.2,-14.0,120.0,NotYet
25.0,8.2,6.2,-1.2,-14.0,130.0,NotYet
25.0,8.2,6.2,-1.2,-14.0,140.0,NotYet
25.0,8.2,6.2,-1.2,-14.0,150.0,NotYet
25.0,8.2,6.2,-1.2,-14.0,160.0,NotYet
25.0,8.2,6.2,-1.2,-14.0,170.0,NotYet
25.0,8.2,6.2,-1.2,-14.0,180.0,NotYet
25.0,8.2,6.2,-1.2,-14.0,190.0,NotYet
25.0,8.2,6.2,-1.2,-14.0,200.0,NotYet
25.0,8.2,6.2,-1.2,-14.0,210.0,NotYet
25.0,8.2,6.2,-1.2,-14.0,220.0,NotYet
25.0,8.2,6.2,-1.2,-14.0,230.0,NotYet
25.0,8.2,6.2,-1.2,-14.0,240.0,NotYet
25.0,8.2,6.2,-1.2,-14.0,250.0,NotYet
25.0,8.2,6.2,-1.2,-14.0,260.0,NotYet
25.0,8.2,6.2,-1.2,-14.0,270.0,NotYet
25.0,8.2,6.2,-1.2,-14.0,280.0,NotYet
25.0,8.2,6.2,-1.2,-14.0,290.0,NotYet
25.0,8.2,6.2,-1.2,-14.0,300.0,NotYet
25.0,8.2,6.2,-1.2,-14.0,310.0,NotYet
25.0,8.2,6.2,-1.2,-14.0,320.0,NotYet
25.0,8.2,6.2,-1.2,-14.0,330.0,NotYet
25.0,8.2,6.2,-1.2,-14.0,340.0,NotYet
25.0,8.2,6.2,-1.2,-14.0,350.0,NotYet
25.0,8.2,6.2,-1.2,-12.0,0.0,NotYet
25.0,8.2,6.2,-1.2,-12.0,10.0,NotYet
25.0,8.2,6.2,-1.2,-12.0,20.0,NotYet
25.0,8.2,6.2,-1.2,-12.0,30.0,NotYet
25.0,8.2,6.2,-1.2,-12.0,40.0,NotYet
25.0,8.2,6.2,-1.2,-12.0,50.0,NotYet
25.0,8.2,6.2,-1.2,-12.0,60.0,NotYet
25.0,8.2,6.2,-1.2,-12.0,70.0,NotYet
25.0,8.2,6.2,-1.2,-12.0,80.0,NotYet
25.0,8.2,6.2,-1.2,-12.0,90.0,NotYet
25.0,8.2,6.2,-1.2,-12.0,100.0,NotYet
25.0,8.2,6.2,-1.2,-12.0,110.0,NotYet
25.0,8.2,6.2,-1.2,-12.0,120.0,NotYet
25.0,8.2,6.2,-1.2,-12.0,130.0,NotYet
25.0,8.2,6.2,-1.2,-12.0,140.0,NotYet
25.0,8.2,6.2,-1.2,-12.0,150.0,NotYet
25.0,8.2,6.2,-1.2,-12.0,160.0,NotYet
25.0,8.2,6.2,-1.2,-12.0,170.0,NotYet
25.0,8.2,6.2,-1.2,-12.0,180.0,NotYet
25.0,8.2,6.2,-1.2,-12.0,190.0,NotYet
25.0,8.2,6.2,-1.2,-12.0,200.0,NotYet
25.0,8.2,6.2,-1.2,-12.0,210.0,NotYet
25.0,8.2,6.2,-1.2,-12.0,220.0,NotYet
25.0,8.2,6.2,-1.2,-12.0,230.0,NotYet
25.0,8.2,6.2,-1.2,-12.0,240.0,NotYet
25.0,8.2,6.2,-1.2,-12.0,250.0,NotYet
25.0,8.2,6.2,-1.2,-12.0,260.0,NotYet
25.0,8.2,6.2,-1.2,-12.0,270.0,NotYet
25.0,8.2,6.2,-1.2,-12.0,280.0,NotYet
25.0,8.2,6.2,-1.2,-12.0,290.0,NotYet
25.0,8.2,6.2,-1.2,-12.0,300.0,NotYet
25.0,8.2,6.2,-1.2,-12.0,310.0,NotYet
25.0,8.2,6.2,-1.2,-12.0,320.0,NotYet
25.0,8.2,6.2,-1.2,-12.0,330.0,NotYet
25.0,8.2,6.2,-1.2,-12.0,340.0,NotYet
25.0,8.2,6.2,-1.2,-12.0,350.0,NotYet
25.0,8.2,6.2,-1.2,-10.0,0.0,NotYet
25.0,8.2,6.2,-1.2,-10.0,10.0,NotYet
25.0,8.2,6.2,-1.2,-10.0,20.0,NotYet
25.0,8.2,6.2,-1.2,-10.0,30.0,NotYet
25.0,8.2,6.2,-1.2,-10.0,40.0,NotYet
25.0,8.2,6.2,-1.2,-10.0,50.0,NotYet
25.0,8.2,6.2,-1.2,-10.0,60.0,NotYet
25.0,8.2,6.2,-1.2,-10.0,70.0,NotYet
25.0,8.2,6.2,-1.2,-10.0,80.0,NotYet
25.0,8.2,6.2,-1.2,-10.0,90.0,NotYet
25.0,8.2,6.2,-1.2,-10.0,100.0,NotYet
25.0,8.2,6.2,-1.2,-10.0,110.0,NotYet
25.0,8.2,6.2,-1.2,-10.0,120.0,NotYet
25.0,8.2,6.2,-1.2,-10.0,130.0,NotYet
25.0,8.2,6.2,-1.2,-10.0,140.0,NotYet
25.0,8.2,6.2,-1.2,-10.0,150.0,NotYet
25.0,8.2,6.2,-1.2,-10.0,160.0,NotYet
25.0,8.2,6.2,-1.2,-10.0,170.0,NotYet
25.0,8.2,6.2,-1.2,-10.0,180.0,NotYet
25.0,8.2,6.2,-1.2,-10.0,190.0,NotYet
25.0,8.2,6.2,-1.2,-10.0,200.0,NotYet
25.0,8.2,6.2,-1.2,-10.0,210.0,NotYet
25.0,8.2,6.2,-1.2,-10.0,220.0,NotYet
25.0,8.2,6.2,-1.2,-10.0,230.0,NotYet
25.0,8.2,6.2,-1.2,-10.0,240.0,NotYet
25.0,8.2,6.2,-1.2,-10.0,250.0,NotYet
25.0,8.2,6.2,-1.2,-10.0,260.0,NotYet
25.0,8.2,6.2,-1.2,-10.0,270.0,NotYet
25.0,8.2,6.2,-1.2,-10.0,280.0,NotYet
25.0,8.2,6.2,-1.2,-10.0,290.0,NotYet
25.0,8.2,6.2,-1.2,-10.0,300.0,NotYet
25.0,8.2,6.2,-1.2,-10.0,310.0,NotYet
25.0,8.2,6.2,-1.2,-10.0,320.0,NotYet
25.0,8.2,6.2,-1.2,-10.0,330.0,NotYet
25.0,8.2,6.2,-1.2,-10.0,340.0,NotYet
25.0,8.2,6.2,-1.2,-10.0,350.0,NotYet
25.0,8.2,6.2,-1.2,-8.0,0.0,NotYet
25.0,8.2,6.2,-1.2,-8.0,10.0,NotYet
25.0,8.2,6.2,-1.2,-8.0,20.0,NotYet
25.0,8.2,6.2,-1.2,-8.0,30.0,NotYet
25.0,8.2,6.2,-1.2,-8.0,40.0,NotYet
25.0,8.2,6.2,-1.2,-8.0,50.0,NotYet
25.0,8.2,6.2,-1.2,-8.0,60.0,NotYet
25.0,8.2,6.2,-1.2,-8.0,70.0,NotYet
25.0,8.2,6.2,-1.2,-8.0,80.0,NotYet
25.0,8.2,6.2,-1.2,-8.0,90.0,NotYet
25.0,8.2,6.2,-1.2,-8.0,100.0,NotYet
25.0,8.2,6.2,-1.2,-8.0,110.0,NotYet
25.0,8.2,6.2,-1.2,-8.0,120.0,NotYet
25.0,8.2,6.2,-1.2,-8.0,130.0,NotYet
25.0,8.2,6.2,-1.2,-8.0,140.0,NotYet
25.0,8.2,6.2,-1.2,-8.0,150.0,NotYet
25.0,8.2,6.2,-1.2,-8.0,160.0,NotYet
25.0,8.2,6.2,-1.2,-8.0,170.0,NotYet
25.0,8.2,6.2,-1.2,-8.0,180.0,NotYet
25.0,8.2,6.2,-1.2,-8.0,190.0,NotYet
25.0,8.2,6.2,-1.2,-8.0,200.0,NotYet
25.0,8.2,6.2,-1.2,-8.0,210.0,NotYet
25.0,8.2,6.2,-1.2,-8.0,220.0,NotYet
25.0,8.2,6.2,-1.2,-8.0,230.0,NotYet
25.0,8.2,6.2,-1.2,-8.0,240.0,NotYet
25.0,8.2,6.2,-1.2,-8.0,250.0,NotYet
25.0,8.2,6.2,-1.2,-8.0,260.0,NotYet
25.0,8.2,6.2,-1.2,-8.0,270.0,NotYet
25.0,8.2,6.2,-1.2,-8.0,280.0,NotYet
25.0,8.2,6.2,-1.2,-8.0,290.0,NotYet
25.0,8.2,6.2,-1.2,-8.0,300.0,NotYet
25.0,8.2,6.2,-1.2,-8.0,310.0,NotYet
25.0,8.2,6.2,-1.2,-8.0,320.0,NotYet
25.0,8.2,6.2,-1.2,-8.0,330.0,NotYet
25.0,8.2,6.2,-1.2,-8.0,340.0,NotYet
25.0,8.2,6.2,-1.2,-8.0,350.0,NotYet
25.0,8.2,6.2,-1.2,-6.0,0.0,NotYet
25.0,8.2,6.2,-1.2,-6.0,10.0,NotYet
25.0,8.2,6.2,-1.2,-6.0,20.0,NotYet
25.0,8.2,6.2,-1.2,-6.0,30.0,NotYet
25.0,8.2,6.2,-1.2,-6.0,40.0,NotYet
25.0,8.2,6.2,-1.2,-6.0,50.0,NotYet
25.0,8.2,6.2,-1.2,-6.0,60.0,NotYet
25.0,8.2,6.2,-1.2,-6.0,70.0,NotYet
25.0,8.2,6.2,-1.2,-6.0,80.0,NotYet
25.0,8.2,6.2,-1.2,-6.0,90.0,NotYet
25.0,8.2,6.2,-1.2,-6.0,100.0,NotYet
25.0,8.2,6.2,-1.2,-6.0,110.0,NotYet
25.0,8.2,6.2,-1.2,-6.0,120.0,NotYet
25.0,8.2,6.2,-1.2,-6.0,130.0,NotYet
25.0,8.2,6.2,-1.2,-6.0,140.0,NotYet
25.0,8.2,6.2,-1.2,-6.0,150.0,NotYet
25.0,8.2,6.2,-1.2,-6.0,160.0,NotYet
25.0,8.2,6.2,-1.2,-6.0,170.0,NotYet
25.0,8.2,6.2,-1.2,-6.0,180.0,NotYet
25.0,8.2,6.2,-1.2,-6.0,190.0,NotYet
25.0,8.2,6.2,-1.2,-6.0,200.0,NotYet
25.0,8.2,6.2,-1.2,-6.0,210.0,NotYet
25.0,8.2,6.2,-1.2,-6.0,220.0,NotYet
25.0,8.2,6.2,-1.2,-6.0,230.0,NotYet
25.0,8.2,6.2,-1.2,-6.0,240.0,NotYet
25.0,8.2,6.2,-1.2,-6.0,250.0,NotYet
25.0,8.2,6.2,-1.2,-6.0,260.0,NotYet
25.0,8.2,6.2,-1.2,-6.0,270.0,NotYet
25.0,8.2,6.2,-1.2,-6.0,280.0,NotYet
25.0,8.2,6.2,-1.2,-6.0,290.0,NotYet
25.0,8.2,6.2,-1.2,-6.0,300.0,NotYet
25.0,8.2,6.2,-1.2,-6.0,310.0,NotYet
25.0,8.2,6.2,-1.2,-6.0,320.0,NotYet
25.0,8.2,6.2,-1.2,-6.0,330.0,NotYet
25.0,8.2,6.2,-1.2,-6.0,340.0,NotYet
25.0,8.2,6.2,-1.2,-6.0,350.0,NotYet
25.0,8.2,6.2,-1.2,-4.0,0.0,NotYet
25.0,8.2,6.2,-1.2,-4.0,10.0,NotYet
25.0,8.2,6.2,-1.2,-4.0,20.0,NotYet
25.0,8.2,6.2,-1.2,-4.0,30.0,NotYet
25.0,8.2,6.2,-1.2,-4.0,40.0,NotYet
25.0,8.2,6.2,-1.2,-4.0,50.0,NotYet
25.0,8.2,6.2,-1.2,-4.0,60.0,NotYet
25.0,8.2,6.2,-1.2,-4.0,70.0,NotYet
25.0,8.2,6.2,-1.2,-4.0,80.0,NotYet
25.0,8.2,6.2,-1.2,-4.0,90.0,NotYet
25.0,8.2,6.2,-1.2,-4.0,100.0,NotYet
25.0,8.2,6.2,-1.2,-4.0,110.0,NotYet
25.0,8.2,6.2,-1.2,-4.0,120.0,NotYet
25.0,8.2,6.2,-1.2,-4.0,130.0,NotYet
25.0,8.2,6.2,-1.2,-4.0,140.0,NotYet
25.0,8.2,6.2,-1.2,-4.0,150.0,NotYet
25.0,8.2,6.2,-1.2,-4.0,160.0,NotYet
25.0,8.2,6.2,-1.2,-4.0,170.0,NotYet
25.0,8.2,6.2,-1.2,-4.0,180.0,NotYet
25.0,8.2,6.2,-1.2,-4.0,190.0,NotYet
25.0,8.2,6.2,-1.2,-4.0,200.0,NotYet
25.0,8.2,6.2,-1.2,-4.0,210.0,NotYet
25.0,8.2,6.2,-1.2,-4.0,220.0,NotYet
25.0,8.2,6.2,-1.2,-4.0,230.0,NotYet
25.0,8.2,6.2,-1.2,-4.0,240.0,NotYet
25.0,8.2,6.2,-1.2,-4.0,250.0,NotYet
25.0,8.2,6.2,-1.2,-4.0,260.0,NotYet
25.0,8.2,6.2,-1.2,-4.0,270.0,NotYet
25.0,8.2,6.2,-1.2,-4.0,280.0,NotYet
25.0,8.2,6.2,-1.2,-4.0,290.0,NotYet
25.0,8.2,6.2,-1.2,-4.0,300.0,NotYet
25.0,8.2,6.2,-1.2,-4.0,310.0,NotYet
25.0,8.2,6.2,-1.2,-4.0,320.0,NotYet
25.0,8.2,6.2,-1.2,-4.0,330.0,NotYet
25.0,8.2,6.2,-1.2,-4.0,340.0,NotYet
25.0,8.2,6.2,-1.2,-4.0,350.0,NotYet
25.0,8.2,6.2,-1.2,-2.0,0.0,NotYet
25.0,8.2,6.2,-1.2,-2.0,10.0,NotYet
25.0,8.2,6.2,-1.2,-2.0,20.0,NotYet
25.0,8.2,6.2,-1.2,-2.0,30.0,NotYet
25.0,8.2,6.2,-1.2,-2.0,40.0,NotYet
25.0,8.2,6.2,-1.2,-2.0,50.0,NotYet
25.0,8.2,6.2,-1.2,-2.0,60.0,NotYet
25.0,8.2,6.2,-1.2,-2.0,70.0,NotYet
25.0,8.2,6.2,-1.2,-2.0,80.0,NotYet
25.0,8.2,6.2,-1.2,-2.0,90.0,NotYet
25.0,8.2,6.2,-1.2,-2.0,100.0,NotYet
25.0,8.2,6.2,-1.2,-2.0,110.0,NotYet
25.0,8.2,6.2,-1.2,-2.0,120.0,NotYet
25.0,8.2,6.2,-1.2,-2.0,130.0,NotYet
25.0,8.2,6.2,-1.2,-2.0,140.0,NotYet
25.0,8.2,6.2,-1.2,-2.0,150.0,NotYet
25.0,8.2,6.2,-1.2,-2.0,160.0,NotYet
25.0,8.2,6.2,-1.2,-2.0,170.0,NotYet
25.0,8.2,6.2,-1.2,-2.0,180.0,NotYet
25.0,8.2,6.2,-1.2,-2.0,190.0,NotYet
25.0,8.2,6.2,-1.2,-2.0,200.0,NotYet
25.0,8.2,6.2,-1.2,-2.0,210.0,NotYet
25.0,8.2,6.2,-1.2,-2.0,220.0,NotYet
25.0,8.2,6.2,-1.2,-2.0,230.0,NotYet
25.0,8.2,6.2,-1.2,-2.0,240.0,NotYet
25.0,8.2,6.2,-1.2,-2.0,250.0,NotYet
25.0,8.2,6.2,-1.2,-2.0,260.0,NotYet
25.0,8.2,6.2,-1.2,-2.0,270.0,NotYet
25.0,8.2,6.2,-1.2,-2.0,280.0,NotYet
25.0,8.2,6.2,-1.2,-2.0,290.0,NotYet
25.0,8.2,6.2,-1.2,-2.0,300.0,NotYet
25.0,8.2,6.2,-1.2,-2.0,310.0,NotYet
25.0,8.2,6.2,-1.2,-2.0,320.0,NotYet
25.0,8.2,6.2,-1.2,-2.0,330.0,NotYet
25.0,8.2,6.2,-1.2,-2.0,340.0,NotYet
25.0,8.2,6.2,-1.2,-2.0,350.0,NotYet
25.0,8.2,6.2,-1.2,0.0,0.0,NotYet
25.0,8.2,6.2,-1.2,0.0,10.0,NotYet
25.0,8.2,6.2,-1.2,0.0,20.0,NotYet
25.0,8.2,6.2,-1.2,0.0,30.0,NotYet
25.0,8.2,6.2,-1.2,0.0,40.0,NotYet
25.0,8.2,6.2,-1.2,0.0,50.0,NotYet
25.0,8.2,6.2,-1.2,0.0,60.0,NotYet
25.0,8.2,6.2,-1.2,0.0,70.0,NotYet
25.0,8.2,6.2,-1.2,0.0,80.0,NotYet
25.0,8.2,6.2,-1.2,0.0,90.0,NotYet
25.0,8.2,6.2,-1.2,0.0,100.0,NotYet
25.0,8.2,6.2,-1.2,0.0,110.0,NotYet
25.0,8.2,6.2,-1.2,0.0,120.0,NotYet
25.0,8.2,6.2,-1.2,0.0,130.0,NotYet
25.0,8.2,6.2,-1.2,0.0,140.0,NotYet
25.0,8.2,6.2,-1.2,0.0,150.0,NotYet
25.0,8.2,6.2,-1.2,0.0,160.0,NotYet
25.0,8.2,6.2,-1.2,0.0,170.0,NotYet
25.0,8.2,6.2,-1.2,0.0,180.0,NotYet
25.0,8.2,6.2,-1.2,0.0,190.0,NotYet
25.0,8.2,6.2,-1.2,0.0,200.0,NotYet
25.0,8.2,6.2,-1.2,0.0,210.0,NotYet
25.0,8.2,6.2,-1.2,0.0,220.0,NotYet
25.0,8.2,6.2,-1.2,0.0,230.0,NotYet
25.0,8.2,6.2,-1.2,0.0,240.0,NotYet
25.0,8.2,6.2,-1.2,0.0,250.0,NotYet
25.0,8.2,6.2,-1.2,0.0,260.0,NotYet
25.0,8.2,6.2,-1.2,0.0,270.0,NotYet
25.0,8.2,6.2,-1.2,0.0,280.0,NotYet
25.0,8.2,6.2,-1.2,0.0,290.0,NotYet
25.0,8.2,6.2,-1.2,0.0,300.0,NotYet
25.0,8.2,6.2,-1.2,0.0,310.0,NotYet
25.0,8.2,6.2,-1.2,0.0,320.0,NotYet
25.0,8.2,6.2,-1.2,0.0,330.0,NotYet
25.0,8.2,6.2,-1.2,0.0,340.0,NotYet
25.0,8.2,6.2,-1.2,0.0,350.0,NotYet
25.0,8.2,6.2,-1.2,2.0,0.0,NotYet
25.0,8.2,6.2,-1.2,2.0,10.0,NotYet
25.0,8.2,6.2,-1.2,2.0,20.0,NotYet
25.0,8.2,6.2,-1.2,2.0,30.0,NotYet
25.0,8.2,6.2,-1.2,2.0,40.0,NotYet
25.0,8.2,6.2,-1.2,2.0,50.0,NotYet
25.0,8.2,6.2,-1.2,2.0,60.0,NotYet
25.0,8.2,6.2,-1.2,2.0,70.0,NotYet
25.0,8.2,6.2,-1.2,2.0,80.0,NotYet
25.0,8.2,6.2,-1.2,2.0,90.0,NotYet
25.0,8.2,6.2,-1.2,2.0,100.0,NotYet
25.0,8.2,6.2,-1.2,2.0,110.0,NotYet
25.0,8.2,6.2,-1.2,2.0,120.0,NotYet
25.0,8.2,6.2,-1.2,2.0,130.0,NotYet
25.0,8.2,6.2,-1.2,2.0,140.0,NotYet
25.0,8.2,6.2,-1.2,2.0,150.0,NotYet
25.0,8.2,6.2,-1.2,2.0,160.0,NotYet
25.0,8.2,6.2,-1.2,2.0,170.0,NotYet
25.0,8.2,6.2,-1.2,2.0,180.0,NotYet
25.0,8.2,6.2,-1.2,2.0,190.0,NotYet
25.0,8.2,6.2,-1.2,2.0,200.0,NotYet
25.0,8.2,6.2,-1.2,2.0,210.0,NotYet
25.0,8.2,6.2,-1.2,2.0,220.0,NotYet
25.0,8.2,6.2,-1.2,2.0,230.0,NotYet
25.0,8.2,6.2,-1.2,2.0,240.0,NotYet
25.0,8.2,6.2,-1.2,2.0,250.0,NotYet
25.0,8.2,6.2,-1.2,2.0,260.0,NotYet
25.0,8.2,6.2,-1.2,2.0,270.0,NotYet
25.0,8.2,6.2,-1.2,2.0,280.0,NotYet
25.0,8.2,6.2,-1.2,2.0,290.0,NotYet
25.0,8.2,6.2,-1.2,2.0,300.0,NotYet
25.0,8.2,6.2,-1.2,2.0,310.0,NotYet
25.0,8.2,6.2,-1.2,2.0,320.0,NotYet
25.0,8.2,6.2,-1.2,2.0,330.0,NotYet
25.0,8.2,6.2,-1.2,2.0,340.0,NotYet
25.0,8.2,6.2,-1.2,2.0,350.0,NotYet
25.0,8.2,6.2,-1.2,4.0,0.0,NotYet
25.0,8.2,6.2,-1.2,4.0,10.0,NotYet
25.0,8.2,6.2,-1.2,4.0,20.0,NotYet
25.0,8.2,6.2,-1.2,4.0,30.0,NotYet
25.0,8.2,6.2,-1.2,4.0,40.0,NotYet
25.0,8.2,6.2,-1.2,4.0,50.0,NotYet
25.0,8.2,6.2,-1.2,4.0,60.0,NotYet
25.0,8.2,6.2,-1.2,4.0,70.0,NotYet
25.0,8.2,6.2,-1.2,4.0,80.0,NotYet
25.0,8.2,6.2,-1.2,4.0,90.0,NotYet
25.0,8.2,6.2,-1.2,4.0,100.0,NotYet
25.0,8.2,6.2,-1.2,4.0,110.0,NotYet
25.0,8.2,6.2,-1.2,4.0,120.0,NotYet
25.0,8.2,6.2,-1.2,4.0,130.0,NotYet
25.0,8.2,6.2,-1.2,4.0,140.0,NotYet
25.0,8.2,6.2,-1.2,4.0,150.0,NotYet
25.0,8.2,6.2,-1.2,4.0,160.0,NotYet
25.0,8.2,6.2,-1.2,4.0,170.0,NotYet
25.0,8.2,6.2,-1.2,4.0,180.0,NotYet
25.0,8.2,6.2,-1.2,4.0,190.0,NotYet
25.0,8.2,6.2,-1.2,4.0,200.0,NotYet
25.0,8.2,6.2,-1.2,4.0,210.0,NotYet
25.0,8.2,6.2,-1.2,4.0,220.0,NotYet
25.0,8.2,6.2,-1.2,4.0,230.0,NotYet
25.0,8.2,6.2,-1.2,4.0,240.0,NotYet
25.0,8.2,6.2,-1.2,4.0,250.0,NotYet
25.0,8.2,6.2,-1.2,4.0,260.0,NotYet
25.0,8.2,6.2,-1.2,4.0,270.0,NotYet
25.0,8.2,6.2,-1.2,4.0,280.0,NotYet
25.0,8.2,6.2,-1.2,4.0,290.0,NotYet
25.0,8.2,6.2,-1.2,4.0,300.0,NotYet
25.0,8.2,6.2,-1.2,4.0,310.0,NotYet
25.0,8.2,6.2,-1.2,4.0,320.0,NotYet
25.0,8.2,6.2,-1.2,4.0,330.0,NotYet
25.0,8.2,6.2,-1.2,4.0,340.0,NotYet
25.0,8.2,6.2,-1.2,4.0,350.0,NotYet
25.0,8.2,6.2,-1.2,6.0,0.0,NotYet
25.0,8.2,6.2,-1.2,6.0,10.0,NotYet
25.0,8.2,6.2,-1.2,6.0,20.0,NotYet
25.0,8.2,6.2,-1.2,6.0,30.0,NotYet
25.0,8.2,6.2,-1.2,6.0,40.0,NotYet
25.0,8.2,6.2,-1.2,6.0,50.0,NotYet
25.0,8.2,6.2,-1.2,6.0,60.0,NotYet
25.0,8.2,6.2,-1.2,6.0,70.0,NotYet
25.0,8.2,6.2,-1.2,6.0,80.0,NotYet
25.0,8.2,6.2,-1.2,6.0,90.0,NotYet
25.0,8.2,6.2,-1.2,6.0,100.0,NotYet
25.0,8.2,6.2,-1.2,6.0,110.0,NotYet
25.0,8.2,6.2,-1.2,6.0,120.0,NotYet
25.0,8.2,6.2,-1.2,6.0,130.0,NotYet
25.0,8.2,6.2,-1.2,6.0,140.0,NotYet
25.0,8.2,6.2,-1.2,6.0,150.0,NotYet
25.0,8.2,6.2,-1.2,6.0,160.0,NotYet
25.0,8.2,6.2,-1.2,6.0,170.0,NotYet
25.0,8.2,6.2,-1.2,6.0,180.0,NotYet
25.0,8.2,6.2,-1.2,6.0,190.0,NotYet
25.0,8.2,6.2,-1.2,6.0,200.0,NotYet
25.0,8.2,6.2,-1.2,6.0,210.0,NotYet
25.0,8.2,6.2,-1.2,6.0,220.0,NotYet
25.0,8.2,6.2,-1.2,6.0,230.0,NotYet
25.0,8.2,6.2,-1.2,6.0,240.0,NotYet
25.0,8.2,6.2,-1.2,6.0,250.0,NotYet
25.0,8.2,6.2,-1.2,6.0,260.0,NotYet
25.0,8.2,6.2,-1.2,6.0,270.0,NotYet
25.0,8.2,6.2,-1.2,6.0,280.0,NotYet
25.0,8.2,6.2,-1.2,6.0,290.0,NotYet
25.0,8.2,6.2,-1.2,6.0,300.0,NotYet
25.0,8.2,6.2,-1.2,6.0,310.0,NotYet
25.0,8.2,6.2,-1.2,6.0,320.0,NotYet
25.0,8.2,6.2,-1.2,6.0,330.0,NotYet
25.0,8.2,6.2,-1.2,6.0,340.0,NotYet
25.0,8.2,6.2,-1.2,6.0,350.0,NotYet
25.0,8.2,6.2,-1.2,8.0,0.0,NotYet
25.0,8.2,6.2,-1.2,8.0,10.0,NotYet
25.0,8.2,6.2,-1.2,8.0,20.0,NotYet
25.0,8.2,6.2,-1.2,8.0,30.0,NotYet
25.0,8.2,6.2,-1.2,8.0,40.0,NotYet
25.0,8.2,6.2,-1.2,8.0,50.0,NotYet
25.0,8.2,6.2,-1.2,8.0,60.0,NotYet
25.0,8.2,6.2,-1.2,8.0,70.0,NotYet
25.0,8.2,6.2,-1.2,8.0,80.0,NotYet
25.0,8.2,6.2,-1.2,8.0,90.0,NotYet
25.0,8.2,6.2,-1.2,8.0,100.0,NotYet
25.0,8.2,6.2,-1.2,8.0,110.0,NotYet
25.0,8.2,6.2,-1.2,8.0,120.0,NotYet
25.0,8.2,6.2,-1.2,8.0,130.0,NotYet
25.0,8.2,6.2,-1.2,8.0,140.0,NotYet
25.0,8.2,6.2,-1.2,8.0,150.0,NotYet
25.0,8.2,6.2,-1.2,8.0,160.0,NotYet
25.0,8.2,6.2,-1.2,8.0,170.0,NotYet
25.0,8.2,6.2,-1.2,8.0,180.0,NotYet
25.0,8.2,6.2,-1.2,8.0,190.0,NotYet
25.0,8.2,6.2,-1.2,8.0,200.0,NotYet
25.0,8.2,6.2,-1.2,8.0,210.0,NotYet
25.0,8.2,6.2,-1.2,8.0,220.0,NotYet
25.0,8.2,6.2,-1.2,8.0,230.0,NotYet
25.0,8.2,6.2,-1.2,8.0,240.0,NotYet
25.0,8.2,6.2,-1.2,8.0,250.0,NotYet
25.0,8.2,6.2,-1.2,8.0,260.0,NotYet
25.0,8.2,6.2,-1.2,8.0,270.0,NotYet
25.0,8.2,6.2,-1.2,8.0,280.0,NotYet
25.0,8.2,6.2,-1.2,8.0,290.0,NotYet
25.0,8.2,6.2,-1.2,8.0,300.0,NotYet
25.0,8.2,6.2,-1.2,8.0,310.0,NotYet
25.0,8.2,6.2,-1.2,8.0,320.0,NotYet
25.0,8.2,6.2,-1.2,8.0,330.0,NotYet
25.0,8.2,6.2,-1.2,8.0,340.0,NotYet
25.0,8.2,6.2,-1.2,8.0,350.0,NotYet
25.0,8.2,6.2,-1.2,10.0,0.0,NotYet
25.0,8.2,6.2,-1.2,10.0,10.0,NotYet
25.0,8.2,6.2,-1.2,10.0,20.0,NotYet
25.0,8.2,6.2,-1.2,10.0,30.0,NotYet
25.0,8.2,6.2,-1.2,10.0,40.0,NotYet
25.0,8.2,6.2,-1.2,10.0,50.0,NotYet
25.0,8.2,6.2,-1.2,10.0,60.0,NotYet
25.0,8.2,6.2,-1.2,10.0,70.0,NotYet
25.0,8.2,6.2,-1.2,10.0,80.0,NotYet
25.0,8.2,6.2,-1.2,10.0,90.0,NotYet
25.0,8.2,6.2,-1.2,10.0,100.0,NotYet
25.0,8.2,6.2,-1.2,10.0,110.0,NotYet
25.0,8.2,6.2,-1.2,10.0,120.0,NotYet
25.0,8.2,6.2,-1.2,10.0,130.0,NotYet
25.0,8.2,6.2,-1.2,10.0,140.0,NotYet
25.0,8.2,6.2,-1.2,10.0,150.0,NotYet
25.0,8.2,6.2,-1.2,10.0,160.0,NotYet
25.0,8.2,6.2,-1.2,10.0,170.0,NotYet
25.0,8.2,6.2,-1.2,10.0,180.0,NotYet
25.0,8.2,6.2,-1.2,10.0,190.0,NotYet
25.0,8.2,6.2,-1.2,10.0,200.0,NotYet
25.0,8.2,6.2,-1.2,10.0,210.0,NotYet
25.0,8.2,6.2,-1.2,10.0,220.0,NotYet
25.0,8.2,6.2,-1.2,10.0,230.0,NotYet
25.0,8.2,6.2,-1.2,10.0,240.0,NotYet
25.0,8.2,6.2,-1.2,10.0,250.0,NotYet
25.0,8.2,6.2,-1.2,10.0,260.0,NotYet
25.0,8.2,6.2,-1.2,10.0,270.0,NotYet
25.0,8.2,6.2,-1.2,10.0,280.0,NotYet
25.0,8.2,6.2,-1.2,10.0,290.0,NotYet
25.0,8.2,6.2,-1.2,10.0,300.0,NotYet
25.0,8.2,6.2,-1.2,10.0,310.0,NotYet
25.0,8.2,6.2,-1.2,10.0,320.0,NotYet
25.0,8.2,6.2,-1.2,10.0,330.0,NotYet
25.0,8.2,6.2,-1.2,10.0,340.0,NotYet
25.0,8.2,6.2,-1.2,10.0,350.0,NotYet
25.0,8.2,6.2,-1.2,12.0,0.0,NotYet
25.0,8.2,6.2,-1.2,12.0,10.0,NotYet
25.0,8.2,6.2,-1.2,12.0,20.0,NotYet
25.0,8.2,6.2,-1.2,12.0,30.0,NotYet
25.0,8.2,6.2,-1.2,12.0,40.0,NotYet
25.0,8.2,6.2,-1.2,12.0,50.0,NotYet
25.0,8.2,6.2,-1.2,12.0,60.0,NotYet
25.0,8.2,6.2,-1.2,12.0,70.0,NotYet
25.0,8.2,6.2,-1.2,12.0,80.0,NotYet
25.0,8.2,6.2,-1.2,12.0,90.0,NotYet
25.0,8.2,6.2,-1.2,12.0,100.0,NotYet
25.0,8.2,6.2,-1.2,12.0,110.0,NotYet
25.0,8.2,6.2,-1.2,12.0,120.0,NotYet
25.0,8.2,6.2,-1.2,12.0,130.0,NotYet
25.0,8.2,6.2,-1.2,12.0,140.0,NotYet
25.0,8.2,6.2,-1.2,12.0,150.0,NotYet
25.0,8.2,6.2,-1.2,12.0,160.0,NotYet
25.0,8.2,6.2,-1.2,12.0,170.0,NotYet
25.0,8.2,6.2,-1.2,12.0,180.0,NotYet
25.0,8.2,6.2,-1.2,12.0,190.0,NotYet
25.0,8.2,6.2,-1.2,12.0,200.0,NotYet
25.0,8.2,6.2,-1.2,12.0,210.0,NotYet
25.0,8.2,6.2,-1.2,12.0,220.0,NotYet
25.0,8.2,6.2,-1.2,12.0,230.0,NotYet
25.0,8.2,6.2,-1.2,12.0,240.0,NotYet
25.0,8.2,6.2,-1.2,12.0,250.0,NotYet
25.0,8.2,6.2,-1.2,12.0,260.0,NotYet
25.0,8.2,6.2,-1.2,12.0,270.0,NotYet
25.0,8.2,6.2,-1.2,12.0,280.0,NotYet
25.0,8.2,6.2,-1.2,12.0,290.0,NotYet
25.0,8.2,6.2,-1.2,12.0,300.0,NotYet
25.0,8.2,6.2,-1.2,12.0,310.0,NotYet
25.0,8.2,6.2,-1.2,12.0,320.0,NotYet
25.0,8.2,6.2,-1.2,12.0,330.0,NotYet
25.0,8.2,6.2,-1.2,12.0,340.0,NotYet
25.0,8.2,6.2,-1.2,12.0,350.0,NotYet
25.0,8.2,6.2,-1.2,14.0,0.0,NotYet
25.0,8.2,6.2,-1.2,14.0,10.0,NotYet
25.0,8.2,6.2,-1.2,14.0,20.0,NotYet
25.0,8.2,6.2,-1.2,14.0,30.0,NotYet
25.0,8.2,6.2,-1.2,14.0,40.0,NotYet
25.0,8.2,6.2,-1.2,14.0,50.0,NotYet
25.0,8.2,6.2,-1.2,14.0,60.0,NotYet
25.0,8.2,6.2,-1.2,14.0,70.0,NotYet
25.0,8.2,6.2,-1.2,14.0,80.0,NotYet
25.0,8.2,6.2,-1.2,14.0,90.0,NotYet
25.0,8.2,6.2,-1.2,14.0,100.0,NotYet
25.0,8.2,6.2,-1.2,14.0,110.0,NotYet
25.0,8.2,6.2,-1.2,14.0,120.0,NotYet
25.0,8.2,6.2,-1.2,14.0,130.0,NotYet
25.0,8.2,6.2,-1.2,14.0,140.0,NotYet
25.0,8.2,6.2,-1.2,14.0,150.0,NotYet
25.0,8.2,6.2,-1.2,14.0,160.0,NotYet
25.0,8.2,6.2,-1.2,14.0,170.0,NotYet
25.0,8.2,6.2,-1.2,14.0,180.0,NotYet
25.0,8.2,6.2,-1.2,14.0,190.0,NotYet
25.0,8.2,6.2,-1.2,14.0,200.0,NotYet
25.0,8.2,6.2,-1.2,14.0,210.0,NotYet
25.0,8.2,6.2,-1.2,14.0,220.0,NotYet
25.0,8.2,6.2,-1.2,14.0,230.0,NotYet
25.0,8.2,6.2,-1.2,14.0,240.0,NotYet
25.0,8.2,6.2,-1.2,14.0,250.0,NotYet
25.0,8.2,6.2,-1.2,14.0,260.0,NotYet
25.0,8.2,6.2,-1.2,14.0,270.0,NotYet
25.0,8.2,6.2,-1.2,14.0,280.0,NotYet
25.0,8.2,6.2,-1.2,14.0,290.0,NotYet
25.0,8.2,6.2,-1.2,14.0,300.0,NotYet
25.0,8.2,6.2,-1.2,14.0,310.0,NotYet
25.0,8.2,6.2,-1.2,14.0,320.0,NotYet
25.0,8.2,6.2,-1.2,14.0,330.0,NotYet
25.0,8.2,6.2,-1.2,14.0,340.0,NotYet
25.0,8.2,6.2,-1.2,14.0,350.0,NotYet
25.0,8.2,6.2,-1.0,-14.0,0.0,NotYet
25.0,8.2,6.2,-1.0,-14.0,10.0,NotYet
25.0,8.2,6.2,-1.0,-14.0,20.0,NotYet
25.0,8.2,6.2,-1.0,-14.0,30.0,NotYet
25.0,8.2,6.2,-1.0,-14.0,40.0,NotYet
25.0,8.2,6.2,-1.0,-14.0,50.0,NotYet
25.0,8.2,6.2,-1.0,-14.0,60.0,NotYet
25.0,8.2,6.2,-1.0,-14.0,70.0,NotYet
25.0,8.2,6.2,-1.0,-14.0,80.0,NotYet
25.0,8.2,6.2,-1.0,-14.0,90.0,NotYet
25.0,8.2,6.2,-1.0,-14.0,100.0,NotYet
25.0,8.2,6.2,-1.0,-14.0,110.0,NotYet
25.0,8.2,6.2,-1.0,-14.0,120.0,NotYet
25.0,8.2,6.2,-1.0,-14.0,130.0,NotYet
25.0,8.2,6.2,-1.0,-14.0,140.0,NotYet
25.0,8.2,6.2,-1.0,-14.0,150.0,NotYet
25.0,8.2,6.2,-1.0,-14.0,160.0,NotYet
25.0,8.2,6.2,-1.0,-14.0,170.0,NotYet
25.0,8.2,6.2,-1.0,-14.0,180.0,NotYet
25.0,8.2,6.2,-1.0,-14.0,190.0,NotYet
25.0,8.2,6.2,-1.0,-14.0,200.0,NotYet
25.0,8.2,6.2,-1.0,-14.0,210.0,NotYet
25.0,8.2,6.2,-1.0,-14.0,220.0,NotYet
25.0,8.2,6.2,-1.0,-14.0,230.0,NotYet
25.0,8.2,6.2,-1.0,-14.0,240.0,NotYet
25.0,8.2,6.2,-1.0,-14.0,250.0,NotYet
25.0,8.2,6.2,-1.0,-14.0,260.0,NotYet
25.0,8.2,6.2,-1.0,-14.0,270.0,NotYet
25.0,8.2,6.2,-1.0,-14.0,280.0,NotYet
25.0,8.2,6.2,-1.0,-14.0,290.0,NotYet
25.0,8.2,6.2,-1.0,-14.0,300.0,NotYet
25.0,8.2,6.2,-1.0,-14.0,310.0,NotYet
25.0,8.2,6.2,-1.0,-14.0,320.0,NotYet
25.0,8.2,6.2,-1.0,-14.0,330.0,NotYet
25.0,8.2,6.2,-1.0,-14.0,340.0,NotYet
25.0,8.2,6.2,-1.0,-14.0,350.0,NotYet
25.0,8.2,6.2,-1.0,-12.0,0.0,NotYet
25.0,8.2,6.2,-1.0,-12.0,10.0,NotYet
25.0,8.2,6.2,-1.0,-12.0,20.0,NotYet
25.0,8.2,6.2,-1.0,-12.0,30.0,NotYet
25.0,8.2,6.2,-1.0,-12.0,40.0,NotYet
25.0,8.2,6.2,-1.0,-12.0,50.0,NotYet
25.0,8.2,6.2,-1.0,-12.0,60.0,NotYet
25.0,8.2,6.2,-1.0,-12.0,70.0,NotYet
25.0,8.2,6.2,-1.0,-12.0,80.0,NotYet
25.0,8.2,6.2,-1.0,-12.0,90.0,NotYet
25.0,8.2,6.2,-1.0,-12.0,100.0,NotYet
25.0,8.2,6.2,-1.0,-12.0,110.0,NotYet
25.0,8.2,6.2,-1.0,-12.0,120.0,NotYet
25.0,8.2,6.2,-1.0,-12.0,130.0,NotYet
25.0,8.2,6.2,-1.0,-12.0,140.0,NotYet
25.0,8.2,6.2,-1.0,-12.0,150.0,NotYet
25.0,8.2,6.2,-1.0,-12.0,160.0,NotYet
25.0,8.2,6.2,-1.0,-12.0,170.0,NotYet
25.0,8.2,6.2,-1.0,-12.0,180.0,NotYet
25.0,8.2,6.2,-1.0,-12.0,190.0,NotYet
25.0,8.2,6.2,-1.0,-12.0,200.0,NotYet
25.0,8.2,6.2,-1.0,-12.0,210.0,NotYet
25.0,8.2,6.2,-1.0,-12.0,220.0,NotYet
25.0,8.2,6.2,-1.0,-12.0,230.0,NotYet
25.0,8.2,6.2,-1.0,-12.0,240.0,NotYet
25.0,8.2,6.2,-1.0,-12.0,250.0,NotYet
25.0,8.2,6.2,-1.0,-12.0,260.0,NotYet
25.0,8.2,6.2,-1.0,-12.0,270.0,NotYet
25.0,8.2,6.2,-1.0,-12.0,280.0,NotYet
25.0,8.2,6.2,-1.0,-12.0,290.0,NotYet
25.0,8.2,6.2,-1.0,-12.0,300.0,NotYet
25.0,8.2,6.2,-1.0,-12.0,310.0,NotYet
25.0,8.2,6.2,-1.0,-12.0,320.0,NotYet
25.0,8.2,6.2,-1.0,-12.0,330.0,NotYet
25.0,8.2,6.2,-1.0,-12.0,340.0,NotYet
25.0,8.2,6.2,-1.0,-12.0,350.0,NotYet
25.0,8.2,6.2,-1.0,-10.0,0.0,NotYet
25.0,8.2,6.2,-1.0,-10.0,10.0,NotYet
25.0,8.2,6.2,-1.0,-10.0,20.0,NotYet
25.0,8.2,6.2,-1.0,-10.0,30.0,NotYet
25.0,8.2,6.2,-1.0,-10.0,40.0,NotYet
25.0,8.2,6.2,-1.0,-10.0,50.0,NotYet
25.0,8.2,6.2,-1.0,-10.0,60.0,NotYet
25.0,8.2,6.2,-1.0,-10.0,70.0,NotYet
25.0,8.2,6.2,-1.0,-10.0,80.0,NotYet
25.0,8.2,6.2,-1.0,-10.0,90.0,NotYet
25.0,8.2,6.2,-1.0,-10.0,100.0,NotYet
25.0,8.2,6.2,-1.0,-10.0,110.0,NotYet
25.0,8.2,6.2,-1.0,-10.0,120.0,NotYet
25.0,8.2,6.2,-1.0,-10.0,130.0,NotYet
25.0,8.2,6.2,-1.0,-10.0,140.0,NotYet
25.0,8.2,6.2,-1.0,-10.0,150.0,NotYet
25.0,8.2,6.2,-1.0,-10.0,160.0,NotYet
25.0,8.2,6.2,-1.0,-10.0,170.0,NotYet
25.0,8.2,6.2,-1.0,-10.0,180.0,NotYet
25.0,8.2,6.2,-1.0,-10.0,190.0,NotYet
25.0,8.2,6.2,-1.0,-10.0,200.0,NotYet
25.0,8.2,6.2,-1.0,-10.0,210.0,NotYet
25.0,8.2,6.2,-1.0,-10.0,220.0,NotYet
25.0,8.2,6.2,-1.0,-10.0,230.0,NotYet
25.0,8.2,6.2,-1.0,-10.0,240.0,NotYet
25.0,8.2,6.2,-1.0,-10.0,250.0,NotYet
25.0,8.2,6.2,-1.0,-10.0,260.0,NotYet
25.0,8.2,6.2,-1.0,-10.0,270.0,NotYet
25.0,8.2,6.2,-1.0,-10.0,280.0,NotYet
25.0,8.2,6.2,-1.0,-10.0,290.0,NotYet
25.0,8.2,6.2,-1.0,-10.0,300.0,NotYet
25.0,8.2,6.2,-1.0,-10.0,310.0,NotYet
25.0,8.2,6.2,-1.0,-10.0,320.0,NotYet
25.0,8.2,6.2,-1.0,-10.0,330.0,NotYet
25.0,8.2,6.2,-1.0,-10.0,340.0,NotYet
25.0,8.2,6.2,-1.0,-10.0,350.0,NotYet
25.0,8.2,6.2,-1.0,-8.0,0.0,NotYet
25.0,8.2,6.2,-1.0,-8.0,10.0,NotYet
25.0,8.2,6.2,-1.0,-8.0,20.0,NotYet
25.0,8.2,6.2,-1.0,-8.0,30.0,NotYet
25.0,8.2,6.2,-1.0,-8.0,40.0,NotYet
25.0,8.2,6.2,-1.0,-8.0,50.0,NotYet
25.0,8.2,6.2,-1.0,-8.0,60.0,NotYet
25.0,8.2,6.2,-1.0,-8.0,70.0,NotYet
25.0,8.2,6.2,-1.0,-8.0,80.0,NotYet
25.0,8.2,6.2,-1.0,-8.0,90.0,NotYet
25.0,8.2,6.2,-1.0,-8.0,100.0,NotYet
25.0,8.2,6.2,-1.0,-8.0,110.0,NotYet
25.0,8.2,6.2,-1.0,-8.0,120.0,NotYet
25.0,8.2,6.2,-1.0,-8.0,130.0,NotYet
25.0,8.2,6.2,-1.0,-8.0,140.0,NotYet
25.0,8.2,6.2,-1.0,-8.0,150.0,NotYet
25.0,8.2,6.2,-1.0,-8.0,160.0,NotYet
25.0,8.2,6.2,-1.0,-8.0,170.0,NotYet
25.0,8.2,6.2,-1.0,-8.0,180.0,NotYet
25.0,8.2,6.2,-1.0,-8.0,190.0,NotYet
25.0,8.2,6.2,-1.0,-8.0,200.0,NotYet
25.0,8.2,6.2,-1.0,-8.0,210.0,NotYet
25.0,8.2,6.2,-1.0,-8.0,220.0,NotYet
25.0,8.2,6.2,-1.0,-8.0,230.0,NotYet
25.0,8.2,6.2,-1.0,-8.0,240.0,NotYet
25.0,8.2,6.2,-1.0,-8.0,250.0,NotYet
25.0,8.2,6.2,-1.0,-8.0,260.0,NotYet
25.0,8.2,6.2,-1.0,-8.0,270.0,NotYet
25.0,8.2,6.2,-1.0,-8.0,280.0,NotYet
25.0,8.2,6.2,-1.0,-8.0,290.0,NotYet
25.0,8.2,6.2,-1.0,-8.0,300.0,NotYet
25.0,8.2,6.2,-1.0,-8.0,310.0,NotYet
25.0,8.2,6.2,-1.0,-8.0,320.0,NotYet
25.0,8.2,6.2,-1.0,-8.0,330.0,NotYet
25.0,8.2,6.2,-1.0,-8.0,340.0,NotYet
25.0,8.2,6.2,-1.0,-8.0,350.0,NotYet
25.0,8.2,6.2,-1.0,-6.0,0.0,NotYet
25.0,8.2,6.2,-1.0,-6.0,10.0,NotYet
25.0,8.2,6.2,-1.0,-6.0,20.0,NotYet
25.0,8.2,6.2,-1.0,-6.0,30.0,NotYet
25.0,8.2,6.2,-1.0,-6.0,40.0,NotYet
25.0,8.2,6.2,-1.0,-6.0,50.0,NotYet
25.0,8.2,6.2,-1.0,-6.0,60.0,NotYet
25.0,8.2,6.2,-1.0,-6.0,70.0,NotYet
25.0,8.2,6.2,-1.0,-6.0,80.0,NotYet
25.0,8.2,6.2,-1.0,-6.0,90.0,NotYet
25.0,8.2,6.2,-1.0,-6.0,100.0,NotYet
25.0,8.2,6.2,-1.0,-6.0,110.0,NotYet
25.0,8.2,6.2,-1.0,-6.0,120.0,NotYet
25.0,8.2,6.2,-1.0,-6.0,130.0,NotYet
25.0,8.2,6.2,-1.0,-6.0,140.0,NotYet
25.0,8.2,6.2,-1.0,-6.0,150.0,NotYet
25.0,8.2,6.2,-1.0,-6.0,160.0,NotYet
25.0,8.2,6.2,-1.0,-6.0,170.0,NotYet
25.0,8.2,6.2,-1.0,-6.0,180.0,NotYet
25.0,8.2,6.2,-1.0,-6.0,190.0,NotYet
25.0,8.2,6.2,-1.0,-6.0,200.0,NotYet
25.0,8.2,6.2,-1.0,-6.0,210.0,NotYet
25.0,8.2,6.2,-1.0,-6.0,220.0,NotYet
25.0,8.2,6.2,-1.0,-6.0,230.0,NotYet
25.0,8.2,6.2,-1.0,-6.0,240.0,NotYet
25.0,8.2,6.2,-1.0,-6.0,250.0,NotYet
25.0,8.2,6.2,-1.0,-6.0,260.0,NotYet
25.0,8.2,6.2,-1.0,-6.0,270.0,NotYet
25.0,8.2,6.2,-1.0,-6.0,280.0,NotYet
25.0,8.2,6.2,-1.0,-6.0,290.0,NotYet
25.0,8.2,6.2,-1.0,-6.0,300.0,NotYet
25.0,8.2,6.2,-1.0,-6.0,310.0,NotYet
25.0,8.2,6.2,-1.0,-6.0,320.0,NotYet
25.0,8.2,6.2,-1.0,-6.0,330.0,NotYet
25.0,8.2,6.2,-1.0,-6.0,340.0,NotYet
25.0,8.2,6.2,-1.0,-6.0,350.0,NotYet
25.0,8.2,6.2,-1.0,-4.0,0.0,NotYet
25.0,8.2,6.2,-1.0,-4.0,10.0,NotYet
25.0,8.2,6.2,-1.0,-4.0,20.0,NotYet
25.0,8.2,6.2,-1.0,-4.0,30.0,NotYet
25.0,8.2,6.2,-1.0,-4.0,40.0,NotYet
25.0,8.2,6.2,-1.0,-4.0,50.0,NotYet
25.0,8.2,6.2,-1.0,-4.0,60.0,NotYet
25.0,8.2,6.2,-1.0,-4.0,70.0,NotYet
25.0,8.2,6.2,-1.0,-4.0,80.0,NotYet
25.0,8.2,6.2,-1.0,-4.0,90.0,NotYet
25.0,8.2,6.2,-1.0,-4.0,100.0,NotYet
25.0,8.2,6.2,-1.0,-4.0,110.0,NotYet
25.0,8.2,6.2,-1.0,-4.0,120.0,NotYet
25.0,8.2,6.2,-1.0,-4.0,130.0,NotYet
25.0,8.2,6.2,-1.0,-4.0,140.0,NotYet
25.0,8.2,6.2,-1.0,-4.0,150.0,NotYet
25.0,8.2,6.2,-1.0,-4.0,160.0,NotYet
25.0,8.2,6.2,-1.0,-4.0,170.0,NotYet
25.0,8.2,6.2,-1.0,-4.0,180.0,NotYet
25.0,8.2,6.2,-1.0,-4.0,190.0,NotYet
25.0,8.2,6.2,-1.0,-4.0,200.0,NotYet
25.0,8.2,6.2,-1.0,-4.0,210.0,NotYet
25.0,8.2,6.2,-1.0,-4.0,220.0,NotYet
25.0,8.2,6.2,-1.0,-4.0,230.0,NotYet
25.0,8.2,6.2,-1.0,-4.0,240.0,NotYet
25.0,8.2,6.2,-1.0,-4.0,250.0,NotYet
25.0,8.2,6.2,-1.0,-4.0,260.0,NotYet
25.0,8.2,6.2,-1.0,-4.0,270.0,NotYet
25.0,8.2,6.2,-1.0,-4.0,280.0,NotYet
25.0,8.2,6.2,-1.0,-4.0,290.0,NotYet
25.0,8.2,6.2,-1.0,-4.0,300.0,NotYet
25.0,8.2,6.2,-1.0,-4.0,310.0,NotYet
25.0,8.2,6.2,-1.0,-4.0,320.0,NotYet
25.0,8.2,6.2,-1.0,-4.0,330.0,NotYet
25.0,8.2,6.2,-1.0,-4.0,340.0,NotYet
25.0,8.2,6.2,-1.0,-4.0,350.0,NotYet
25.0,8.2,6.2,-1.0,-2.0,0.0,NotYet
25.0,8.2,6.2,-1.0,-2.0,10.0,NotYet
25.0,8.2,6.2,-1.0,-2.0,20.0,NotYet
25.0,8.2,6.2,-1.0,-2.0,30.0,NotYet
25.0,8.2,6.2,-1.0,-2.0,40.0,NotYet
25.0,8.2,6.2,-1.0,-2.0,50.0,NotYet
25.0,8.2,6.2,-1.0,-2.0,60.0,NotYet
25.0,8.2,6.2,-1.0,-2.0,70.0,NotYet
25.0,8.2,6.2,-1.0,-2.0,80.0,NotYet
25.0,8.2,6.2,-1.0,-2.0,90.0,NotYet
25.0,8.2,6.2,-1.0,-2.0,100.0,NotYet
25.0,8.2,6.2,-1.0,-2.0,110.0,NotYet
25.0,8.2,6.2,-1.0,-2.0,120.0,NotYet
25.0,8.2,6.2,-1.0,-2.0,130.0,NotYet
25.0,8.2,6.2,-1.0,-2.0,140.0,NotYet
25.0,8.2,6.2,-1.0,-2.0,150.0,NotYet
25.0,8.2,6.2,-1.0,-2.0,160.0,NotYet
25.0,8.2,6.2,-1.0,-2.0,170.0,NotYet
25.0,8.2,6.2,-1.0,-2.0,180.0,NotYet
25.0,8.2,6.2,-1.0,-2.0,190.0,NotYet
25.0,8.2,6.2,-1.0,-2.0,200.0,NotYet
25.0,8.2,6.2,-1.0,-2.0,210.0,NotYet
25.0,8.2,6.2,-1.0,-2.0,220.0,NotYet
25.0,8.2,6.2,-1.0,-2.0,230.0,NotYet
25.0,8.2,6.2,-1.0,-2.0,240.0,NotYet
25.0,8.2,6.2,-1.0,-2.0,250.0,NotYet
25.0,8.2,6.2,-1.0,-2.0,260.0,NotYet
25.0,8.2,6.2,-1.0,-2.0,270.0,NotYet
25.0,8.2,6.2,-1.0,-2.0,280.0,NotYet
25.0,8.2,6.2,-1.0,-2.0,290.0,NotYet
25.0,8.2,6.2,-1.0,-2.0,300.0,NotYet
25.0,8.2,6.2,-1.0,-2.0,310.0,NotYet
25.0,8.2,6.2,-1.0,-2.0,320.0,NotYet
25.0,8.2,6.2,-1.0,-2.0,330.0,NotYet
25.0,8.2,6.2,-1.0,-2.0,340.0,NotYet
25.0,8.2,6.2,-1.0,-2.0,350.0,NotYet
25.0,8.2,6.2,-1.0,0.0,0.0,NotYet
25.0,8.2,6.2,-1.0,0.0,10.0,NotYet
25.0,8.2,6.2,-1.0,0.0,20.0,NotYet
25.0,8.2,6.2,-1.0,0.0,30.0,NotYet
25.0,8.2,6.2,-1.0,0.0,40.0,NotYet
25.0,8.2,6.2,-1.0,0.0,50.0,NotYet
25.0,8.2,6.2,-1.0,0.0,60.0,NotYet
25.0,8.2,6.2,-1.0,0.0,70.0,NotYet
25.0,8.2,6.2,-1.0,0.0,80.0,NotYet
25.0,8.2,6.2,-1.0,0.0,90.0,NotYet
25.0,8.2,6.2,-1.0,0.0,100.0,NotYet
25.0,8.2,6.2,-1.0,0.0,110.0,NotYet
25.0,8.2,6.2,-1.0,0.0,120.0,NotYet
25.0,8.2,6.2,-1.0,0.0,130.0,NotYet
25.0,8.2,6.2,-1.0,0.0,140.0,NotYet
25.0,8.2,6.2,-1.0,0.0,150.0,NotYet
25.0,8.2,6.2,-1.0,0.0,160.0,NotYet
25.0,8.2,6.2,-1.0,0.0,170.0,NotYet
25.0,8.2,6.2,-1.0,0.0,180.0,NotYet
25.0,8.2,6.2,-1.0,0.0,190.0,NotYet
25.0,8.2,6.2,-1.0,0.0,200.0,NotYet
25.0,8.2,6.2,-1.0,0.0,210.0,NotYet
25.0,8.2,6.2,-1.0,0.0,220.0,NotYet
25.0,8.2,6.2,-1.0,0.0,230.0,NotYet
25.0,8.2,6.2,-1.0,0.0,240.0,NotYet
25.0,8.2,6.2,-1.0,0.0,250.0,NotYet
25.0,8.2,6.2,-1.0,0.0,260.0,NotYet
25.0,8.2,6.2,-1.0,0.0,270.0,NotYet
25.0,8.2,6.2,-1.0,0.0,280.0,NotYet
25.0,8.2,6.2,-1.0,0.0,290.0,NotYet
25.0,8.2,6.2,-1.0,0.0,300.0,NotYet
25.0,8.2,6.2,-1.0,0.0,310.0,NotYet
25.0,8.2,6.2,-1.0,0.0,320.0,NotYet
25.0,8.2,6.2,-1.0,0.0,330.0,NotYet
25.0,8.2,6.2,-1.0,0.0,340.0,NotYet
25.0,8.2,6.2,-1.0,0.0,350.0,NotYet
25.0,8.2,6.2,-1.0,2.0,0.0,NotYet
25.0,8.2,6.2,-1.0,2.0,10.0,NotYet
25.0,8.2,6.2,-1.0,2.0,20.0,NotYet
25.0,8.2,6.2,-1.0,2.0,30.0,NotYet
25.0,8.2,6.2,-1.0,2.0,40.0,NotYet
25.0,8.2,6.2,-1.0,2.0,50.0,NotYet
25.0,8.2,6.2,-1.0,2.0,60.0,NotYet
25.0,8.2,6.2,-1.0,2.0,70.0,NotYet
25.0,8.2,6.2,-1.0,2.0,80.0,NotYet
25.0,8.2,6.2,-1.0,2.0,90.0,NotYet
25.0,8.2,6.2,-1.0,2.0,100.0,NotYet
25.0,8.2,6.2,-1.0,2.0,110.0,NotYet
25.0,8.2,6.2,-1.0,2.0,120.0,NotYet
25.0,8.2,6.2,-1.0,2.0,130.0,NotYet
25.0,8.2,6.2,-1.0,2.0,140.0,NotYet
25.0,8.2,6.2,-1.0,2.0,150.0,NotYet
25.0,8.2,6.2,-1.0,2.0,160.0,NotYet
25.0,8.2,6.2,-1.0,2.0,170.0,NotYet
25.0,8.2,6.2,-1.0,2.0,180.0,NotYet
25.0,8.2,6.2,-1.0,2.0,190.0,NotYet
25.0,8.2,6.2,-1.0,2.0,200.0,NotYet
25.0,8.2,6.2,-1.0,2.0,210.0,NotYet
25.0,8.2,6.2,-1.0,2.0,220.0,NotYet
25.0,8.2,6.2,-1.0,2.0,230.0,NotYet
25.0,8.2,6.2,-1.0,2.0,240.0,NotYet
25.0,8.2,6.2,-1.0,2.0,250.0,NotYet
25.0,8.2,6.2,-1.0,2.0,260.0,NotYet
25.0,8.2,6.2,-1.0,2.0,270.0,NotYet
25.0,8.2,6.2,-1.0,2.0,280.0,NotYet
25.0,8.2,6.2,-1.0,2.0,290.0,NotYet
25.0,8.2,6.2,-1.0,2.0,300.0,NotYet
25.0,8.2,6.2,-1.0,2.0,310.0,NotYet
25.0,8.2,6.2,-1.0,2.0,320.0,NotYet
25.0,8.2,6.2,-1.0,2.0,330.0,NotYet
25.0,8.2,6.2,-1.0,2.0,340.0,NotYet
25.0,8.2,6.2,-1.0,2.0,350.0,NotYet
25.0,8.2,6.2,-1.0,4.0,0.0,NotYet
25.0,8.2,6.2,-1.0,4.0,10.0,NotYet
25.0,8.2,6.2,-1.0,4.0,20.0,NotYet
25.0,8.2,6.2,-1.0,4.0,30.0,NotYet
25.0,8.2,6.2,-1.0,4.0,40.0,NotYet
25.0,8.2,6.2,-1.0,4.0,50.0,NotYet
25.0,8.2,6.2,-1.0,4.0,60.0,NotYet
25.0,8.2,6.2,-1.0,4.0,70.0,NotYet
25.0,8.2,6.2,-1.0,4.0,80.0,NotYet
25.0,8.2,6.2,-1.0,4.0,90.0,NotYet
25.0,8.2,6.2,-1.0,4.0,100.0,NotYet
25.0,8.2,6.2,-1.0,4.0,110.0,NotYet
25.0,8.2,6.2,-1.0,4.0,120.0,NotYet
25.0,8.2,6.2,-1.0,4.0,130.0,NotYet
25.0,8.2,6.2,-1.0,4.0,140.0,NotYet
25.0,8.2,6.2,-1.0,4.0,150.0,NotYet
25.0,8.2,6.2,-1.0,4.0,160.0,NotYet
25.0,8.2,6.2,-1.0,4.0,170.0,NotYet
25.0,8.2,6.2,-1.0,4.0,180.0,NotYet
25.0,8.2,6.2,-1.0,4.0,190.0,NotYet
25.0,8.2,6.2,-1.0,4.0,200.0,NotYet
25.0,8.2,6.2,-1.0,4.0,210.0,NotYet
25.0,8.2,6.2,-1.0,4.0,220.0,NotYet
25.0,8.2,6.2,-1.0,4.0,230.0,NotYet
25.0,8.2,6.2,-1.0,4.0,240.0,NotYet
25.0,8.2,6.2,-1.0,4.0,250.0,NotYet
25.0,8.2,6.2,-1.0,4.0,260.0,NotYet
25.0,8.2,6.2,-1.0,4.0,270.0,NotYet
25.0,8.2,6.2,-1.0,4.0,280.0,NotYet
25.0,8.2,6.2,-1.0,4.0,290.0,NotYet
25.0,8.2,6.2,-1.0,4.0,300.0,NotYet
25.0,8.2,6.2,-1.0,4.0,310.0,NotYet
25.0,8.2,6.2,-1.0,4.0,320.0,NotYet
25.0,8.2,6.2,-1.0,4.0,330.0,NotYet
25.0,8.2,6.2,-1.0,4.0,340.0,NotYet
25.0,8.2,6.2,-1.0,4.0,350.0,NotYet
25.0,8.2,6.2,-1.0,6.0,0.0,NotYet
25.0,8.2,6.2,-1.0,6.0,10.0,NotYet
25.0,8.2,6.2,-1.0,6.0,20.0,NotYet
25.0,8.2,6.2,-1.0,6.0,30.0,NotYet
25.0,8.2,6.2,-1.0,6.0,40.0,NotYet
25.0,8.2,6.2,-1.0,6.0,50.0,NotYet
25.0,8.2,6.2,-1.0,6.0,60.0,NotYet
25.0,8.2,6.2,-1.0,6.0,70.0,NotYet
25.0,8.2,6.2,-1.0,6.0,80.0,NotYet
25.0,8.2,6.2,-1.0,6.0,90.0,NotYet
25.0,8.2,6.2,-1.0,6.0,100.0,NotYet
25.0,8.2,6.2,-1.0,6.0,110.0,NotYet
25.0,8.2,6.2,-1.0,6.0,120.0,NotYet
25.0,8.2,6.2,-1.0,6.0,130.0,NotYet
25.0,8.2,6.2,-1.0,6.0,140.0,NotYet
25.0,8.2,6.2,-1.0,6.0,150.0,NotYet
25.0,8.2,6.2,-1.0,6.0,160.0,NotYet
25.0,8.2,6.2,-1.0,6.0,170.0,NotYet
25.0,8.2,6.2,-1.0,6.0,180.0,NotYet
25.0,8.2,6.2,-1.0,6.0,190.0,NotYet
25.0,8.2,6.2,-1.0,6.0,200.0,NotYet
25.0,8.2,6.2,-1.0,6.0,210.0,NotYet
25.0,8.2,6.2,-1.0,6.0,220.0,NotYet
25.0,8.2,6.2,-1.0,6.0,230.0,NotYet
25.0,8.2,6.2,-1.0,6.0,240.0,NotYet
25.0,8.2,6.2,-1.0,6.0,250.0,NotYet
25.0,8.2,6.2,-1.0,6.0,260.0,NotYet
25.0,8.2,6.2,-1.0,6.0,270.0,NotYet
25.0,8.2,6.2,-1.0,6.0,280.0,NotYet
25.0,8.2,6.2,-1.0,6.0,290.0,NotYet
25.0,8.2,6.2,-1.0,6.0,300.0,NotYet
25.0,8.2,6.2,-1.0,6.0,310.0,NotYet
25.0,8.2,6.2,-1.0,6.0,320.0,NotYet
25.0,8.2,6.2,-1.0,6.0,330.0,NotYet
25.0,8.2,6.2,-1.0,6.0,340.0,NotYet
25.0,8.2,6.2,-1.0,6.0,350.0,NotYet
25.0,8.2,6.2,-1.0,8.0,0.0,NotYet
25.0,8.2,6.2,-1.0,8.0,10.0,NotYet
25.0,8.2,6.2,-1.0,8.0,20.0,NotYet
25.0,8.2,6.2,-1.0,8.0,30.0,NotYet
25.0,8.2,6.2,-1.0,8.0,40.0,NotYet
25.0,8.2,6.2,-1.0,8.0,50.0,NotYet
25.0,8.2,6.2,-1.0,8.0,60.0,NotYet
25.0,8.2,6.2,-1.0,8.0,70.0,NotYet
25.0,8.2,6.2,-1.0,8.0,80.0,NotYet
25.0,8.2,6.2,-1.0,8.0,90.0,NotYet
25.0,8.2,6.2,-1.0,8.0,100.0,NotYet
25.0,8.2,6.2,-1.0,8.0,110.0,NotYet
25.0,8.2,6.2,-1.0,8.0,120.0,NotYet
25.0,8.2,6.2,-1.0,8.0,130.0,NotYet
25.0,8.2,6.2,-1.0,8.0,140.0,NotYet
25.0,8.2,6.2,-1.0,8.0,150.0,NotYet
25.0,8.2,6.2,-1.0,8.0,160.0,NotYet
25.0,8.2,6.2,-1.0,8.0,170.0,NotYet
25.0,8.2,6.2,-1.0,8.0,180.0,NotYet
25.0,8.2,6.2,-1.0,8.0,190.0,NotYet
25.0,8.2,6.2,-1.0,8.0,200.0,NotYet
25.0,8.2,6.2,-1.0,8.0,210.0,NotYet
25.0,8.2,6.2,-1.0,8.0,220.0,NotYet
25.0,8.2,6.2,-1.0,8.0,230.0,NotYet
25.0,8.2,6.2,-1.0,8.0,240.0,NotYet
25.0,8.2,6.2,-1.0,8.0,250.0,NotYet
25.0,8.2,6.2,-1.0,8.0,260.0,NotYet
25.0,8.2,6.2,-1.0,8.0,270.0,NotYet
25.0,8.2,6.2,-1.0,8.0,280.0,NotYet
25.0,8.2,6.2,-1.0,8.0,290.0,NotYet
25.0,8.2,6.2,-1.0,8.0,300.0,NotYet
25.0,8.2,6.2,-1.0,8.0,310.0,NotYet
25.0,8.2,6.2,-1.0,8.0,320.0,NotYet
25.0,8.2,6.2,-1.0,8.0,330.0,NotYet
25.0,8.2,6.2,-1.0,8.0,340.0,NotYet
25.0,8.2,6.2,-1.0,8.0,350.0,NotYet
25.0,8.2,6.2,-1.0,10.0,0.0,NotYet
25.0,8.2,6.2,-1.0,10.0,10.0,NotYet
25.0,8.2,6.2,-1.0,10.0,20.0,NotYet
25.0,8.2,6.2,-1.0,10.0,30.0,NotYet
25.0,8.2,6.2,-1.0,10.0,40.0,NotYet
25.0,8.2,6.2,-1.0,10.0,50.0,NotYet
25.0,8.2,6.2,-1.0,10.0,60.0,NotYet
25.0,8.2,6.2,-1.0,10.0,70.0,NotYet
25.0,8.2,6.2,-1.0,10.0,80.0,NotYet
25.0,8.2,6.2,-1.0,10.0,90.0,NotYet
25.0,8.2,6.2,-1.0,10.0,100.0,NotYet
25.0,8.2,6.2,-1.0,10.0,110.0,NotYet
25.0,8.2,6.2,-1.0,10.0,120.0,NotYet
25.0,8.2,6.2,-1.0,10.0,130.0,NotYet
25.0,8.2,6.2,-1.0,10.0,140.0,NotYet
25.0,8.2,6.2,-1.0,10.0,150.0,NotYet
25.0,8.2,6.2,-1.0,10.0,160.0,NotYet
25.0,8.2,6.2,-1.0,10.0,170.0,NotYet
25.0,8.2,6.2,-1.0,10.0,180.0,NotYet
25.0,8.2,6.2,-1.0,10.0,190.0,NotYet
25.0,8.2,6.2,-1.0,10.0,200.0,NotYet
25.0,8.2,6.2,-1.0,10.0,210.0,NotYet
25.0,8.2,6.2,-1.0,10.0,220.0,NotYet
25.0,8.2,6.2,-1.0,10.0,230.0,NotYet
25.0,8.2,6.2,-1.0,10.0,240.0,NotYet
25.0,8.2,6.2,-1.0,10.0,250.0,NotYet
25.0,8.2,6.2,-1.0,10.0,260.0,NotYet
25.0,8.2,6.2,-1.0,10.0,270.0,NotYet
25.0,8.2,6.2,-1.0,10.0,280.0,NotYet
25.0,8.2,6.2,-1.0,10.0,290.0,NotYet
25.0,8.2,6.2,-1.0,10.0,300.0,NotYet
25.0,8.2,6.2,-1.0,10.0,310.0,NotYet
25.0,8.2,6.2,-1.0,10.0,320.0,NotYet
25.0,8.2,6.2,-1.0,10.0,330.0,NotYet
25.0,8.2,6.2,-1.0,10.0,340.0,NotYet
25.0,8.2,6.2,-1.0,10.0,350.0,NotYet
25.0,8.2,6.2,-1.0,12.0,0.0,NotYet
25.0,8.2,6.2,-1.0,12.0,10.0,NotYet
25.0,8.2,6.2,-1.0,12.0,20.0,NotYet
25.0,8.2,6.2,-1.0,12.0,30.0,NotYet
25.0,8.2,6.2,-1.0,12.0,40.0,NotYet
25.0,8.2,6.2,-1.0,12.0,50.0,NotYet
25.0,8.2,6.2,-1.0,12.0,60.0,NotYet
25.0,8.2,6.2,-1.0,12.0,70.0,NotYet
25.0,8.2,6.2,-1.0,12.0,80.0,NotYet
25.0,8.2,6.2,-1.0,12.0,90.0,NotYet
25.0,8.2,6.2,-1.0,12.0,100.0,NotYet
25.0,8.2,6.2,-1.0,12.0,110.0,NotYet
25.0,8.2,6.2,-1.0,12.0,120.0,NotYet
25.0,8.2,6.2,-1.0,12.0,130.0,NotYet
25.0,8.2,6.2,-1.0,12.0,140.0,NotYet
25.0,8.2,6.2,-1.0,12.0,150.0,NotYet
25.0,8.2,6.2,-1.0,12.0,160.0,NotYet
25.0,8.2,6.2,-1.0,12.0,170.0,NotYet
25.0,8.2,6.2,-1.0,12.0,180.0,NotYet
25.0,8.2,6.2,-1.0,12.0,190.0,NotYet
25.0,8.2,6.2,-1.0,12.0,200.0,NotYet
25.0,8.2,6.2,-1.0,12.0,210.0,NotYet
25.0,8.2,6.2,-1.0,12.0,220.0,NotYet
25.0,8.2,6.2,-1.0,12.0,230.0,NotYet
25.0,8.2,6.2,-1.0,12.0,240.0,NotYet
25.0,8.2,6.2,-1.0,12.0,250.0,NotYet
25.0,8.2,6.2,-1.0,12.0,260.0,NotYet
25.0,8.2,6.2,-1.0,12.0,270.0,NotYet
25.0,8.2,6.2,-1.0,12.0,280.0,NotYet
25.0,8.2,6.2,-1.0,12.0,290.0,NotYet
25.0,8.2,6.2,-1.0,12.0,300.0,NotYet
25.0,8.2,6.2,-1.0,12.0,310.0,NotYet
25.0,8.2,6.2,-1.0,12.0,320.0,NotYet
25.0,8.2,6.2,-1.0,12.0,330.0,NotYet
25.0,8.2,6.2,-1.0,12.0,340.0,NotYet
25.0,8.2,6.2,-1.0,12.0,350.0,NotYet
25.0,8.2,6.2,-1.0,14.0,0.0,NotYet
25.0,8.2,6.2,-1.0,14.0,10.0,NotYet
25.0,8.2,6.2,-1.0,14.0,20.0,NotYet
25.0,8.2,6.2,-1.0,14.0,30.0,NotYet
25.0,8.2,6.2,-1.0,14.0,40.0,NotYet
25.0,8.2,6.2,-1.0,14.0,50.0,NotYet
25.0,8.2,6.2,-1.0,14.0,60.0,NotYet
25.0,8.2,6.2,-1.0,14.0,70.0,NotYet
25.0,8.2,6.2,-1.0,14.0,80.0,NotYet
25.0,8.2,6.2,-1.0,14.0,90.0,NotYet
25.0,8.2,6.2,-1.0,14.0,100.0,NotYet
25.0,8.2,6.2,-1.0,14.0,110.0,NotYet
25.0,8.2,6.2,-1.0,14.0,120.0,NotYet
25.0,8.2,6.2,-1.0,14.0,130.0,NotYet
25.0,8.2,6.2,-1.0,14.0,140.0,NotYet
25.0,8.2,6.2,-1.0,14.0,150.0,NotYet
25.0,8.2,6.2,-1.0,14.0,160.0,NotYet
25.0,8.2,6.2,-1.0,14.0,170.0,NotYet
25.0,8.2,6.2,-1.0,14.0,180.0,NotYet
25.0,8.2,6.2,-1.0,14.0,190.0,NotYet
25.0,8.2,6.2,-1.0,14.0,200.0,NotYet
25.0,8.2,6.2,-1.0,14.0,210.0,NotYet
25.0,8.2,6.2,-1.0,14.0,220.0,NotYet
25.0,8.2,6.2,-1.0,14.0,230.0,NotYet
25.0,8.2,6.2,-1.0,14.0,240.0,NotYet
25.0,8.2,6.2,-1.0,14.0,250.0,NotYet
25.0,8.2,6.2,-1.0,14.0,260.0,NotYet
25.0,8.2,6.2,-1.0,14.0,270.0,NotYet
25.0,8.2,6.2,-1.0,14.0,280.0,NotYet
25.0,8.2,6.2,-1.0,14.0,290.0,NotYet
25.0,8.2,6.2,-1.0,14.0,300.0,NotYet
25.0,8.2,6.2,-1.0,14.0,310.0,NotYet
25.0,8.2,6.2,-1.0,14.0,320.0,NotYet
25.0,8.2,6.2,-1.0,14.0,330.0,NotYet
25.0,8.2,6.2,-1.0,14.0,340.0,NotYet
25.0,8.2,6.2,-1.0,14.0,350.0,NotYet
25.0,8.2,6.2,-0.8,-14.0,0.0,NotYet
25.0,8.2,6.2,-0.8,-14.0,10.0,NotYet
25.0,8.2,6.2,-0.8,-14.0,20.0,NotYet
25.0,8.2,6.2,-0.8,-14.0,30.0,NotYet
25.0,8.2,6.2,-0.8,-14.0,40.0,NotYet
25.0,8.2,6.2,-0.8,-14.0,50.0,NotYet
25.0,8.2,6.2,-0.8,-14.0,60.0,NotYet
25.0,8.2,6.2,-0.8,-14.0,70.0,NotYet
25.0,8.2,6.2,-0.8,-14.0,80.0,NotYet
25.0,8.2,6.2,-0.8,-14.0,90.0,NotYet
25.0,8.2,6.2,-0.8,-14.0,100.0,NotYet
25.0,8.2,6.2,-0.8,-14.0,110.0,NotYet
25.0,8.2,6.2,-0.8,-14.0,120.0,NotYet
25.0,8.2,6.2,-0.8,-14.0,130.0,NotYet
25.0,8.2,6.2,-0.8,-14.0,140.0,NotYet
25.0,8.2,6.2,-0.8,-14.0,150.0,NotYet
25.0,8.2,6.2,-0.8,-14.0,160.0,NotYet
25.0,8.2,6.2,-0.8,-14.0,170.0,NotYet
25.0,8.2,6.2,-0.8,-14.0,180.0,NotYet
25.0,8.2,6.2,-0.8,-14.0,190.0,NotYet
25.0,8.2,6.2,-0.8,-14.0,200.0,NotYet
25.0,8.2,6.2,-0.8,-14.0,210.0,NotYet
25.0,8.2,6.2,-0.8,-14.0,220.0,NotYet
25.0,8.2,6.2,-0.8,-14.0,230.0,NotYet
25.0,8.2,6.2,-0.8,-14.0,240.0,NotYet
25.0,8.2,6.2,-0.8,-14.0,250.0,NotYet
25.0,8.2,6.2,-0.8,-14.0,260.0,NotYet
25.0,8.2,6.2,-0.8,-14.0,270.0,NotYet
25.0,8.2,6.2,-0.8,-14.0,280.0,NotYet
25.0,8.2,6.2,-0.8,-14.0,290.0,NotYet
25.0,8.2,6.2,-0.8,-14.0,300.0,NotYet
25.0,8.2,6.2,-0.8,-14.0,310.0,NotYet
25.0,8.2,6.2,-0.8,-14.0,320.0,NotYet
25.0,8.2,6.2,-0.8,-14.0,330.0,NotYet
25.0,8.2,6.2,-0.8,-14.0,340.0,NotYet
25.0,8.2,6.2,-0.8,-14.0,350.0,NotYet
25.0,8.2,6.2,-0.8,-12.0,0.0,NotYet
25.0,8.2,6.2,-0.8,-12.0,10.0,NotYet
25.0,8.2,6.2,-0.8,-12.0,20.0,NotYet
25.0,8.2,6.2,-0.8,-12.0,30.0,NotYet
25.0,8.2,6.2,-0.8,-12.0,40.0,NotYet
25.0,8.2,6.2,-0.8,-12.0,50.0,NotYet
25.0,8.2,6.2,-0.8,-12.0,60.0,NotYet
25.0,8.2,6.2,-0.8,-12.0,70.0,NotYet
25.0,8.2,6.2,-0.8,-12.0,80.0,NotYet
25.0,8.2,6.2,-0.8,-12.0,90.0,NotYet
25.0,8.2,6.2,-0.8,-12.0,100.0,NotYet
25.0,8.2,6.2,-0.8,-12.0,110.0,NotYet
25.0,8.2,6.2,-0.8,-12.0,120.0,NotYet
25.0,8.2,6.2,-0.8,-12.0,130.0,NotYet
25.0,8.2,6.2,-0.8,-12.0,140.0,NotYet
25.0,8.2,6.2,-0.8,-12.0,150.0,NotYet
25.0,8.2,6.2,-0.8,-12.0,160.0,NotYet
25.0,8.2,6.2,-0.8,-12.0,170.0,NotYet
25.0,8.2,6.2,-0.8,-12.0,180.0,NotYet
25.0,8.2,6.2,-0.8,-12.0,190.0,NotYet
25.0,8.2,6.2,-0.8,-12.0,200.0,NotYet
25.0,8.2,6.2,-0.8,-12.0,210.0,NotYet
25.0,8.2,6.2,-0.8,-12.0,220.0,NotYet
25.0,8.2,6.2,-0.8,-12.0,230.0,NotYet
25.0,8.2,6.2,-0.8,-12.0,240.0,NotYet
25.0,8.2,6.2,-0.8,-12.0,250.0,NotYet
25.0,8.2,6.2,-0.8,-12.0,260.0,NotYet
25.0,8.2,6.2,-0.8,-12.0,270.0,NotYet
25.0,8.2,6.2,-0.8,-12.0,280.0,NotYet
25.0,8.2,6.2,-0.8,-12.0,290.0,NotYet
25.0,8.2,6.2,-0.8,-12.0,300.0,NotYet
25.0,8.2,6.2,-0.8,-12.0,310.0,NotYet
25.0,8.2,6.2,-0.8,-12.0,320.0,NotYet
25.0,8.2,6.2,-0.8,-12.0,330.0,NotYet
25.0,8.2,6.2,-0.8,-12.0,340.0,NotYet
25.0,8.2,6.2,-0.8,-12.0,350.0,NotYet
25.0,8.2,6.2,-0.8,-10.0,0.0,NotYet
25.0,8.2,6.2,-0.8,-10.0,10.0,NotYet
25.0,8.2,6.2,-0.8,-10.0,20.0,NotYet
25.0,8.2,6.2,-0.8,-10.0,30.0,NotYet
25.0,8.2,6.2,-0.8,-10.0,40.0,NotYet
25.0,8.2,6.2,-0.8,-10.0,50.0,NotYet
25.0,8.2,6.2,-0.8,-10.0,60.0,NotYet
25.0,8.2,6.2,-0.8,-10.0,70.0,NotYet
25.0,8.2,6.2,-0.8,-10.0,80.0,NotYet
25.0,8.2,6.2,-0.8,-10.0,90.0,NotYet
25.0,8.2,6.2,-0.8,-10.0,100.0,NotYet
25.0,8.2,6.2,-0.8,-10.0,110.0,NotYet
25.0,8.2,6.2,-0.8,-10.0,120.0,NotYet
25.0,8.2,6.2,-0.8,-10.0,130.0,NotYet
25.0,8.2,6.2,-0.8,-10.0,140.0,NotYet
25.0,8.2,6.2,-0.8,-10.0,150.0,NotYet
25.0,8.2,6.2,-0.8,-10.0,160.0,NotYet
25.0,8.2,6.2,-0.8,-10.0,170.0,NotYet
25.0,8.2,6.2,-0.8,-10.0,180.0,NotYet
25.0,8.2,6.2,-0.8,-10.0,190.0,NotYet
25.0,8.2,6.2,-0.8,-10.0,200.0,NotYet
25.0,8.2,6.2,-0.8,-10.0,210.0,NotYet
25.0,8.2,6.2,-0.8,-10.0,220.0,NotYet
25.0,8.2,6.2,-0.8,-10.0,230.0,NotYet
25.0,8.2,6.2,-0.8,-10.0,240.0,NotYet
25.0,8.2,6.2,-0.8,-10.0,250.0,NotYet
25.0,8.2,6.2,-0.8,-10.0,260.0,NotYet
25.0,8.2,6.2,-0.8,-10.0,270.0,NotYet
25.0,8.2,6.2,-0.8,-10.0,280.0,NotYet
25.0,8.2,6.2,-0.8,-10.0,290.0,NotYet
25.0,8.2,6.2,-0.8,-10.0,300.0,NotYet
25.0,8.2,6.2,-0.8,-10.0,310.0,NotYet
25.0,8.2,6.2,-0.8,-10.0,320.0,NotYet
25.0,8.2,6.2,-0.8,-10.0,330.0,NotYet
25.0,8.2,6.2,-0.8,-10.0,340.0,NotYet
25.0,8.2,6.2,-0.8,-10.0,350.0,NotYet
25.0,8.2,6.2,-0.8,-8.0,0.0,NotYet
25.0,8.2,6.2,-0.8,-8.0,10.0,NotYet
25.0,8.2,6.2,-0.8,-8.0,20.0,NotYet
25.0,8.2,6.2,-0.8,-8.0,30.0,NotYet
25.0,8.2,6.2,-0.8,-8.0,40.0,NotYet
25.0,8.2,6.2,-0.8,-8.0,50.0,NotYet
25.0,8.2,6.2,-0.8,-8.0,60.0,NotYet
25.0,8.2,6.2,-0.8,-8.0,70.0,NotYet
25.0,8.2,6.2,-0.8,-8.0,80.0,NotYet
25.0,8.2,6.2,-0.8,-8.0,90.0,NotYet
25.0,8.2,6.2,-0.8,-8.0,100.0,NotYet
25.0,8.2,6.2,-0.8,-8.0,110.0,NotYet
25.0,8.2,6.2,-0.8,-8.0,120.0,NotYet
25.0,8.2,6.2,-0.8,-8.0,130.0,NotYet
25.0,8.2,6.2,-0.8,-8.0,140.0,NotYet
25.0,8.2,6.2,-0.8,-8.0,150.0,NotYet
25.0,8.2,6.2,-0.8,-8.0,160.0,NotYet
25.0,8.2,6.2,-0.8,-8.0,170.0,NotYet
25.0,8.2,6.2,-0.8,-8.0,180.0,NotYet
25.0,8.2,6.2,-0.8,-8.0,190.0,NotYet
25.0,8.2,6.2,-0.8,-8.0,200.0,NotYet
25.0,8.2,6.2,-0.8,-8.0,210.0,NotYet
25.0,8.2,6.2,-0.8,-8.0,220.0,NotYet
25.0,8.2,6.2,-0.8,-8.0,230.0,NotYet
25.0,8.2,6.2,-0.8,-8.0,240.0,NotYet
25.0,8.2,6.2,-0.8,-8.0,250.0,NotYet
25.0,8.2,6.2,-0.8,-8.0,260.0,NotYet
25.0,8.2,6.2,-0.8,-8.0,270.0,NotYet
25.0,8.2,6.2,-0.8,-8.0,280.0,NotYet
25.0,8.2,6.2,-0.8,-8.0,290.0,NotYet
25.0,8.2,6.2,-0.8,-8.0,300.0,NotYet
25.0,8.2,6.2,-0.8,-8.0,310.0,NotYet
25.0,8.2,6.2,-0.8,-8.0,320.0,NotYet
25.0,8.2,6.2,-0.8,-8.0,330.0,NotYet
25.0,8.2,6.2,-0.8,-8.0,340.0,NotYet
25.0,8.2,6.2,-0.8,-8.0,350.0,NotYet
25.0,8.2,6.2,-0.8,-6.0,0.0,NotYet
25.0,8.2,6.2,-0.8,-6.0,10.0,NotYet
25.0,8.2,6.2,-0.8,-6.0,20.0,NotYet
25.0,8.2,6.2,-0.8,-6.0,30.0,NotYet
25.0,8.2,6.2,-0.8,-6.0,40.0,NotYet
25.0,8.2,6.2,-0.8,-6.0,50.0,NotYet
25.0,8.2,6.2,-0.8,-6.0,60.0,NotYet
25.0,8.2,6.2,-0.8,-6.0,70.0,NotYet
25.0,8.2,6.2,-0.8,-6.0,80.0,NotYet
25.0,8.2,6.2,-0.8,-6.0,90.0,NotYet
25.0,8.2,6.2,-0.8,-6.0,100.0,NotYet
25.0,8.2,6.2,-0.8,-6.0,110.0,NotYet
25.0,8.2,6.2,-0.8,-6.0,120.0,NotYet
25.0,8.2,6.2,-0.8,-6.0,130.0,NotYet
25.0,8.2,6.2,-0.8,-6.0,140.0,NotYet
25.0,8.2,6.2,-0.8,-6.0,150.0,NotYet
25.0,8.2,6.2,-0.8,-6.0,160.0,NotYet
25.0,8.2,6.2,-0.8,-6.0,170.0,NotYet
25.0,8.2,6.2,-0.8,-6.0,180.0,NotYet
25.0,8.2,6.2,-0.8,-6.0,190.0,NotYet
25.0,8.2,6.2,-0.8,-6.0,200.0,NotYet
25.0,8.2,6.2,-0.8,-6.0,210.0,NotYet
25.0,8.2,6.2,-0.8,-6.0,220.0,NotYet
25.0,8.2,6.2,-0.8,-6.0,230.0,NotYet
25.0,8.2,6.2,-0.8,-6.0,240.0,NotYet
25.0,8.2,6.2,-0.8,-6.0,250.0,NotYet
25.0,8.2,6.2,-0.8,-6.0,260.0,NotYet
25.0,8.2,6.2,-0.8,-6.0,270.0,NotYet
25.0,8.2,6.2,-0.8,-6.0,280.0,NotYet
25.0,8.2,6.2,-0.8,-6.0,290.0,NotYet
25.0,8.2,6.2,-0.8,-6.0,300.0,NotYet
25.0,8.2,6.2,-0.8,-6.0,310.0,NotYet
25.0,8.2,6.2,-0.8,-6.0,320.0,NotYet
25.0,8.2,6.2,-0.8,-6.0,330.0,NotYet
25.0,8.2,6.2,-0.8,-6.0,340.0,NotYet
25.0,8.2,6.2,-0.8,-6.0,350.0,NotYet
25.0,8.2,6.2,-0.8,-4.0,0.0,NotYet
25.0,8.2,6.2,-0.8,-4.0,10.0,NotYet
25.0,8.2,6.2,-0.8,-4.0,20.0,NotYet
25.0,8.2,6.2,-0.8,-4.0,30.0,NotYet
25.0,8.2,6.2,-0.8,-4.0,40.0,NotYet
25.0,8.2,6.2,-0.8,-4.0,50.0,NotYet
25.0,8.2,6.2,-0.8,-4.0,60.0,NotYet
25.0,8.2,6.2,-0.8,-4.0,70.0,NotYet
25.0,8.2,6.2,-0.8,-4.0,80.0,NotYet
25.0,8.2,6.2,-0.8,-4.0,90.0,NotYet
25.0,8.2,6.2,-0.8,-4.0,100.0,NotYet
25.0,8.2,6.2,-0.8,-4.0,110.0,NotYet
25.0,8.2,6.2,-0.8,-4.0,120.0,NotYet
25.0,8.2,6.2,-0.8,-4.0,130.0,NotYet
25.0,8.2,6.2,-0.8,-4.0,140.0,NotYet
25.0,8.2,6.2,-0.8,-4.0,150.0,NotYet
25.0,8.2,6.2,-0.8,-4.0,160.0,NotYet
25.0,8.2,6.2,-0.8,-4.0,170.0,NotYet
25.0,8.2,6.2,-0.8,-4.0,180.0,NotYet
25.0,8.2,6.2,-0.8,-4.0,190.0,NotYet
25.0,8.2,6.2,-0.8,-4.0,200.0,NotYet
25.0,8.2,6.2,-0.8,-4.0,210.0,NotYet
25.0,8.2,6.2,-0.8,-4.0,220.0,NotYet
25.0,8.2,6.2,-0.8,-4.0,230.0,NotYet
25.0,8.2,6.2,-0.8,-4.0,240.0,NotYet
25.0,8.2,6.2,-0.8,-4.0,250.0,NotYet
25.0,8.2,6.2,-0.8,-4.0,260.0,NotYet
25.0,8.2,6.2,-0.8,-4.0,270.0,NotYet
25.0,8.2,6.2,-0.8,-4.0,280.0,NotYet
25.0,8.2,6.2,-0.8,-4.0,290.0,NotYet
25.0,8.2,6.2,-0.8,-4.0,300.0,NotYet
25.0,8.2,6.2,-0.8,-4.0,310.0,NotYet
25.0,8.2,6.2,-0.8,-4.0,320.0,NotYet
25.0,8.2,6.2,-0.8,-4.0,330.0,NotYet
25.0,8.2,6.2,-0.8,-4.0,340.0,NotYet
25.0,8.2,6.2,-0.8,-4.0,350.0,NotYet
25.0,8.2,6.2,-0.8,-2.0,0.0,NotYet
25.0,8.2,6.2,-0.8,-2.0,10.0,NotYet
25.0,8.2,6.2,-0.8,-2.0,20.0,NotYet
25.0,8.2,6.2,-0.8,-2.0,30.0,NotYet
25.0,8.2,6.2,-0.8,-2.0,40.0,NotYet
25.0,8.2,6.2,-0.8,-2.0,50.0,NotYet
25.0,8.2,6.2,-0.8,-2.0,60.0,NotYet
25.0,8.2,6.2,-0.8,-2.0,70.0,NotYet
25.0,8.2,6.2,-0.8,-2.0,80.0,NotYet
25.0,8.2,6.2,-0.8,-2.0,90.0,NotYet
25.0,8.2,6.2,-0.8,-2.0,100.0,NotYet
25.0,8.2,6.2,-0.8,-2.0,110.0,NotYet
25.0,8.2,6.2,-0.8,-2.0,120.0,NotYet
25.0,8.2,6.2,-0.8,-2.0,130.0,NotYet
25.0,8.2,6.2,-0.8,-2.0,140.0,NotYet
25.0,8.2,6.2,-0.8,-2.0,150.0,NotYet
25.0,8.2,6.2,-0.8,-2.0,160.0,NotYet
25.0,8.2,6.2,-0.8,-2.0,170.0,NotYet
25.0,8.2,6.2,-0.8,-2.0,180.0,NotYet
25.0,8.2,6.2,-0.8,-2.0,190.0,NotYet
25.0,8.2,6.2,-0.8,-2.0,200.0,NotYet
25.0,8.2,6.2,-0.8,-2.0,210.0,NotYet
25.0,8.2,6.2,-0.8,-2.0,220.0,NotYet
25.0,8.2,6.2,-0.8,-2.0,230.0,NotYet
25.0,8.2,6.2,-0.8,-2.0,240.0,NotYet
25.0,8.2,6.2,-0.8,-2.0,250.0,NotYet
25.0,8.2,6.2,-0.8,-2.0,260.0,NotYet
25.0,8.2,6.2,-0.8,-2.0,270.0,NotYet
25.0,8.2,6.2,-0.8,-2.0,280.0,NotYet
25.0,8.2,6.2,-0.8,-2.0,290.0,NotYet
25.0,8.2,6.2,-0.8,-2.0,300.0,NotYet
25.0,8.2,6.2,-0.8,-2.0,310.0,NotYet
25.0,8.2,6.2,-0.8,-2.0,320.0,NotYet
25.0,8.2,6.2,-0.8,-2.0,330.0,NotYet
25.0,8.2,6.2,-0.8,-2.0,340.0,NotYet
25.0,8.2,6.2,-0.8,-2.0,350.0,NotYet
25.0,8.2,6.2,-0.8,0.0,0.0,NotYet
25.0,8.2,6.2,-0.8,0.0,10.0,NotYet
25.0,8.2,6.2,-0.8,0.0,20.0,NotYet
25.0,8.2,6.2,-0.8,0.0,30.0,NotYet
25.0,8.2,6.2,-0.8,0.0,40.0,NotYet
25.0,8.2,6.2,-0.8,0.0,50.0,NotYet
25.0,8.2,6.2,-0.8,0.0,60.0,NotYet
25.0,8.2,6.2,-0.8,0.0,70.0,NotYet
25.0,8.2,6.2,-0.8,0.0,80.0,NotYet
25.0,8.2,6.2,-0.8,0.0,90.0,NotYet
25.0,8.2,6.2,-0.8,0.0,100.0,NotYet
25.0,8.2,6.2,-0.8,0.0,110.0,NotYet
25.0,8.2,6.2,-0.8,0.0,120.0,NotYet
25.0,8.2,6.2,-0.8,0.0,130.0,NotYet
25.0,8.2,6.2,-0.8,0.0,140.0,NotYet
25.0,8.2,6.2,-0.8,0.0,150.0,NotYet
25.0,8.2,6.2,-0.8,0.0,160.0,NotYet
25.0,8.2,6.2,-0.8,0.0,170.0,NotYet
25.0,8.2,6.2,-0.8,0.0,180.0,NotYet
25.0,8.2,6.2,-0.8,0.0,190.0,NotYet
25.0,8.2,6.2,-0.8,0.0,200.0,NotYet
25.0,8.2,6.2,-0.8,0.0,210.0,NotYet
25.0,8.2,6.2,-0.8,0.0,220.0,NotYet
25.0,8.2,6.2,-0.8,0.0,230.0,NotYet
25.0,8.2,6.2,-0.8,0.0,240.0,NotYet
25.0,8.2,6.2,-0.8,0.0,250.0,NotYet
25.0,8.2,6.2,-0.8,0.0,260.0,NotYet
25.0,8.2,6.2,-0.8,0.0,270.0,NotYet
25.0,8.2,6.2,-0.8,0.0,280.0,NotYet
25.0,8.2,6.2,-0.8,0.0,290.0,NotYet
25.0,8.2,6.2,-0.8,0.0,300.0,NotYet
25.0,8.2,6.2,-0.8,0.0,310.0,NotYet
25.0,8.2,6.2,-0.8,0.0,320.0,NotYet
25.0,8.2,6.2,-0.8,0.0,330.0,NotYet
25.0,8.2,6.2,-0.8,0.0,340.0,NotYet
25.0,8.2,6.2,-0.8,0.0,350.0,NotYet
25.0,8.2,6.2,-0.8,2.0,0.0,NotYet
25.0,8.2,6.2,-0.8,2.0,10.0,NotYet
25.0,8.2,6.2,-0.8,2.0,20.0,NotYet
25.0,8.2,6.2,-0.8,2.0,30.0,NotYet
25.0,8.2,6.2,-0.8,2.0,40.0,NotYet
25.0,8.2,6.2,-0.8,2.0,50.0,NotYet
25.0,8.2,6.2,-0.8,2.0,60.0,NotYet
25.0,8.2,6.2,-0.8,2.0,70.0,NotYet
25.0,8.2,6.2,-0.8,2.0,80.0,NotYet
25.0,8.2,6.2,-0.8,2.0,90.0,NotYet
25.0,8.2,6.2,-0.8,2.0,100.0,NotYet
25.0,8.2,6.2,-0.8,2.0,110.0,NotYet
25.0,8.2,6.2,-0.8,2.0,120.0,NotYet
25.0,8.2,6.2,-0.8,2.0,130.0,NotYet
25.0,8.2,6.2,-0.8,2.0,140.0,NotYet
25.0,8.2,6.2,-0.8,2.0,150.0,NotYet
25.0,8.2,6.2,-0.8,2.0,160.0,NotYet
25.0,8.2,6.2,-0.8,2.0,170.0,NotYet
25.0,8.2,6.2,-0.8,2.0,180.0,NotYet
25.0,8.2,6.2,-0.8,2.0,190.0,NotYet
25.0,8.2,6.2,-0.8,2.0,200.0,NotYet
25.0,8.2,6.2,-0.8,2.0,210.0,NotYet
25.0,8.2,6.2,-0.8,2.0,220.0,NotYet
25.0,8.2,6.2,-0.8,2.0,230.0,NotYet
25.0,8.2,6.2,-0.8,2.0,240.0,NotYet
25.0,8.2,6.2,-0.8,2.0,250.0,NotYet
25.0,8.2,6.2,-0.8,2.0,260.0,NotYet
25.0,8.2,6.2,-0.8,2.0,270.0,NotYet
25.0,8.2,6.2,-0.8,2.0,280.0,NotYet
25.0,8.2,6.2,-0.8,2.0,290.0,NotYet
25.0,8.2,6.2,-0.8,2.0,300.0,NotYet
25.0,8.2,6.2,-0.8,2.0,310.0,NotYet
25.0,8.2,6.2,-0.8,2.0,320.0,NotYet
25.0,8.2,6.2,-0.8,2.0,330.0,NotYet
25.0,8.2,6.2,-0.8,2.0,340.0,NotYet
25.0,8.2,6.2,-0.8,2.0,350.0,NotYet
25.0,8.2,6.2,-0.8,4.0,0.0,NotYet
25.0,8.2,6.2,-0.8,4.0,10.0,NotYet
25.0,8.2,6.2,-0.8,4.0,20.0,NotYet
25.0,8.2,6.2,-0.8,4.0,30.0,NotYet
25.0,8.2,6.2,-0.8,4.0,40.0,NotYet
25.0,8.2,6.2,-0.8,4.0,50.0,NotYet
25.0,8.2,6.2,-0.8,4.0,60.0,NotYet
25.0,8.2,6.2,-0.8,4.0,70.0,NotYet
25.0,8.2,6.2,-0.8,4.0,80.0,NotYet
25.0,8.2,6.2,-0.8,4.0,90.0,NotYet
25.0,8.2,6.2,-0.8,4.0,100.0,NotYet
25.0,8.2,6.2,-0.8,4.0,110.0,NotYet
25.0,8.2,6.2,-0.8,4.0,120.0,NotYet
25.0,8.2,6.2,-0.8,4.0,130.0,NotYet
25.0,8.2,6.2,-0.8,4.0,140.0,NotYet
25.0,8.2,6.2,-0.8,4.0,150.0,NotYet
25.0,8.2,6.2,-0.8,4.0,160.0,NotYet
25.0,8.2,6.2,-0.8,4.0,170.0,NotYet
25.0,8.2,6.2,-0.8,4.0,180.0,NotYet
25.0,8.2,6.2,-0.8,4.0,190.0,NotYet
25.0,8.2,6.2,-0.8,4.0,200.0,NotYet
25.0,8.2,6.2,-0.8,4.0,210.0,NotYet
25.0,8.2,6.2,-0.8,4.0,220.0,NotYet
25.0,8.2,6.2,-0.8,4.0,230.0,NotYet
25.0,8.2,6.2,-0.8,4.0,240.0,NotYet
25.0,8.2,6.2,-0.8,4.0,250.0,NotYet
25.0,8.2,6.2,-0.8,4.0,260.0,NotYet
25.0,8.2,6.2,-0.8,4.0,270.0,NotYet
25.0,8.2,6.2,-0.8,4.0,280.0,NotYet
25.0,8.2,6.2,-0.8,4.0,290.0,NotYet
25.0,8.2,6.2,-0.8,4.0,300.0,NotYet
25.0,8.2,6.2,-0.8,4.0,310.0,NotYet
25.0,8.2,6.2,-0.8,4.0,320.0,NotYet
25.0,8.2,6.2,-0.8,4.0,330.0,NotYet
25.0,8.2,6.2,-0.8,4.0,340.0,NotYet
25.0,8.2,6.2,-0.8,4.0,350.0,NotYet
25.0,8.2,6.2,-0.8,6.0,0.0,NotYet
25.0,8.2,6.2,-0.8,6.0,10.0,NotYet
25.0,8.2,6.2,-0.8,6.0,20.0,NotYet
25.0,8.2,6.2,-0.8,6.0,30.0,NotYet
25.0,8.2,6.2,-0.8,6.0,40.0,NotYet
25.0,8.2,6.2,-0.8,6.0,50.0,NotYet
25.0,8.2,6.2,-0.8,6.0,60.0,NotYet
25.0,8.2,6.2,-0.8,6.0,70.0,NotYet
25.0,8.2,6.2,-0.8,6.0,80.0,NotYet
25.0,8.2,6.2,-0.8,6.0,90.0,NotYet
25.0,8.2,6.2,-0.8,6.0,100.0,NotYet
25.0,8.2,6.2,-0.8,6.0,110.0,NotYet
25.0,8.2,6.2,-0.8,6.0,120.0,NotYet
25.0,8.2,6.2,-0.8,6.0,130.0,NotYet
25.0,8.2,6.2,-0.8,6.0,140.0,NotYet
25.0,8.2,6.2,-0.8,6.0,150.0,NotYet
25.0,8.2,6.2,-0.8,6.0,160.0,NotYet
25.0,8.2,6.2,-0.8,6.0,170.0,NotYet
25.0,8.2,6.2,-0.8,6.0,180.0,NotYet
25.0,8.2,6.2,-0.8,6.0,190.0,NotYet
25.0,8.2,6.2,-0.8,6.0,200.0,NotYet
25.0,8.2,6.2,-0.8,6.0,210.0,NotYet
25.0,8.2,6.2,-0.8,6.0,220.0,NotYet
25.0,8.2,6.2,-0.8,6.0,230.0,NotYet
25.0,8.2,6.2,-0.8,6.0,240.0,NotYet
25.0,8.2,6.2,-0.8,6.0,250.0,NotYet
25.0,8.2,6.2,-0.8,6.0,260.0,NotYet
25.0,8.2,6.2,-0.8,6.0,270.0,NotYet
25.0,8.2,6.2,-0.8,6.0,280.0,NotYet
25.0,8.2,6.2,-0.8,6.0,290.0,NotYet
25.0,8.2,6.2,-0.8,6.0,300.0,NotYet
25.0,8.2,6.2,-0.8,6.0,310.0,NotYet
25.0,8.2,6.2,-0.8,6.0,320.0,NotYet
25.0,8.2,6.2,-0.8,6.0,330.0,NotYet
25.0,8.2,6.2,-0.8,6.0,340.0,NotYet
25.0,8.2,6.2,-0.8,6.0,350.0,NotYet
25.0,8.2,6.2,-0.8,8.0,0.0,NotYet
25.0,8.2,6.2,-0.8,8.0,10.0,NotYet
25.0,8.2,6.2,-0.8,8.0,20.0,NotYet
25.0,8.2,6.2,-0.8,8.0,30.0,NotYet
25.0,8.2,6.2,-0.8,8.0,40.0,NotYet
25.0,8.2,6.2,-0.8,8.0,50.0,NotYet
25.0,8.2,6.2,-0.8,8.0,60.0,NotYet
25.0,8.2,6.2,-0.8,8.0,70.0,NotYet
25.0,8.2,6.2,-0.8,8.0,80.0,NotYet
25.0,8.2,6.2,-0.8,8.0,90.0,NotYet
25.0,8.2,6.2,-0.8,8.0,100.0,NotYet
25.0,8.2,6.2,-0.8,8.0,110.0,NotYet
25.0,8.2,6.2,-0.8,8.0,120.0,NotYet
25.0,8.2,6.2,-0.8,8.0,130.0,NotYet
25.0,8.2,6.2,-0.8,8.0,140.0,NotYet
25.0,8.2,6.2,-0.8,8.0,150.0,NotYet
25.0,8.2,6.2,-0.8,8.0,160.0,NotYet
25.0,8.2,6.2,-0.8,8.0,170.0,NotYet
25.0,8.2,6.2,-0.8,8.0,180.0,NotYet
25.0,8.2,6.2,-0.8,8.0,190.0,NotYet
25.0,8.2,6.2,-0.8,8.0,200.0,NotYet
25.0,8.2,6.2,-0.8,8.0,210.0,NotYet
25.0,8.2,6.2,-0.8,8.0,220.0,NotYet
25.0,8.2,6.2,-0.8,8.0,230.0,NotYet
25.0,8.2,6.2,-0.8,8.0,240.0,NotYet
25.0,8.2,6.2,-0.8,8.0,250.0,NotYet
25.0,8.2,6.2,-0.8,8.0,260.0,NotYet
25.0,8.2,6.2,-0.8,8.0,270.0,NotYet
25.0,8.2,6.2,-0.8,8.0,280.0,NotYet
25.0,8.2,6.2,-0.8,8.0,290.0,NotYet
25.0,8.2,6.2,-0.8,8.0,300.0,NotYet
25.0,8.2,6.2,-0.8,8.0,310.0,NotYet
25.0,8.2,6.2,-0.8,8.0,320.0,NotYet
25.0,8.2,6.2,-0.8,8.0,330.0,NotYet
25.0,8.2,6.2,-0.8,8.0,340.0,NotYet
25.0,8.2,6.2,-0.8,8.0,350.0,NotYet
25.0,8.2,6.2,-0.8,10.0,0.0,NotYet
25.0,8.2,6.2,-0.8,10.0,10.0,NotYet
25.0,8.2,6.2,-0.8,10.0,20.0,NotYet
25.0,8.2,6.2,-0.8,10.0,30.0,NotYet
25.0,8.2,6.2,-0.8,10.0,40.0,NotYet
25.0,8.2,6.2,-0.8,10.0,50.0,NotYet
25.0,8.2,6.2,-0.8,10.0,60.0,NotYet
25.0,8.2,6.2,-0.8,10.0,70.0,NotYet
25.0,8.2,6.2,-0.8,10.0,80.0,NotYet
25.0,8.2,6.2,-0.8,10.0,90.0,NotYet
25.0,8.2,6.2,-0.8,10.0,100.0,NotYet
25.0,8.2,6.2,-0.8,10.0,110.0,NotYet
25.0,8.2,6.2,-0.8,10.0,120.0,NotYet
25.0,8.2,6.2,-0.8,10.0,130.0,NotYet
25.0,8.2,6.2,-0.8,10.0,140.0,NotYet
25.0,8.2,6.2,-0.8,10.0,150.0,NotYet
25.0,8.2,6.2,-0.8,10.0,160.0,NotYet
25.0,8.2,6.2,-0.8,10.0,170.0,NotYet
25.0,8.2,6.2,-0.8,10.0,180.0,NotYet
25.0,8.2,6.2,-0.8,10.0,190.0,NotYet
25.0,8.2,6.2,-0.8,10.0,200.0,NotYet
25.0,8.2,6.2,-0.8,10.0,210.0,NotYet
25.0,8.2,6.2,-0.8,10.0,220.0,NotYet
25.0,8.2,6.2,-0.8,10.0,230.0,NotYet
25.0,8.2,6.2,-0.8,10.0,240.0,NotYet
25.0,8.2,6.2,-0.8,10.0,250.0,NotYet
25.0,8.2,6.2,-0.8,10.0,260.0,NotYet
25.0,8.2,6.2,-0.8,10.0,270.0,NotYet
25.0,8.2,6.2,-0.8,10.0,280.0,NotYet
25.0,8.2,6.2,-0.8,10.0,290.0,NotYet
25.0,8.2,6.2,-0.8,10.0,300.0,NotYet
25.0,8.2,6.2,-0.8,10.0,310.0,NotYet
25.0,8.2,6.2,-0.8,10.0,320.0,NotYet
25.0,8.2,6.2,-0.8,10.0,330.0,NotYet
25.0,8.2,6.2,-0.8,10.0,340.0,NotYet
25.0,8.2,6.2,-0.8,10.0,350.0,NotYet
25.0,8.2,6.2,-0.8,12.0,0.0,NotYet
25.0,8.2,6.2,-0.8,12.0,10.0,NotYet
25.0,8.2,6.2,-0.8,12.0,20.0,NotYet
25.0,8.2,6.2,-0.8,12.0,30.0,NotYet
25.0,8.2,6.2,-0.8,12.0,40.0,NotYet
25.0,8.2,6.2,-0.8,12.0,50.0,NotYet
25.0,8.2,6.2,-0.8,12.0,60.0,NotYet
25.0,8.2,6.2,-0.8,12.0,70.0,NotYet
25.0,8.2,6.2,-0.8,12.0,80.0,NotYet
25.0,8.2,6.2,-0.8,12.0,90.0,NotYet
25.0,8.2,6.2,-0.8,12.0,100.0,NotYet
25.0,8.2,6.2,-0.8,12.0,110.0,NotYet
25.0,8.2,6.2,-0.8,12.0,120.0,NotYet
25.0,8.2,6.2,-0.8,12.0,130.0,NotYet
25.0,8.2,6.2,-0.8,12.0,140.0,NotYet
25.0,8.2,6.2,-0.8,12.0,150.0,NotYet
25.0,8.2,6.2,-0.8,12.0,160.0,NotYet
25.0,8.2,6.2,-0.8,12.0,170.0,NotYet
25.0,8.2,6.2,-0.8,12.0,180.0,NotYet
25.0,8.2,6.2,-0.8,12.0,190.0,NotYet
25.0,8.2,6.2,-0.8,12.0,200.0,NotYet
25.0,8.2,6.2,-0.8,12.0,210.0,NotYet
25.0,8.2,6.2,-0.8,12.0,220.0,NotYet
25.0,8.2,6.2,-0.8,12.0,230.0,NotYet
25.0,8.2,6.2,-0.8,12.0,240.0,NotYet
25.0,8.2,6.2,-0.8,12.0,250.0,NotYet
25.0,8.2,6.2,-0.8,12.0,260.0,NotYet
25.0,8.2,6.2,-0.8,12.0,270.0,NotYet
25.0,8.2,6.2,-0.8,12.0,280.0,NotYet
25.0,8.2,6.2,-0.8,12.0,290.0,NotYet
25.0,8.2,6.2,-0.8,12.0,300.0,NotYet
25.0,8.2,6.2,-0.8,12.0,310.0,NotYet
25.0,8.2,6.2,-0.8,12.0,320.0,NotYet
25.0,8.2,6.2,-0.8,12.0,330.0,NotYet
25.0,8.2,6.2,-0.8,12.0,340.0,NotYet
25.0,8.2,6.2,-0.8,12.0,350.0,NotYet
25.0,8.2,6.2,-0.8,14.0,0.0,NotYet
25.0,8.2,6.2,-0.8,14.0,10.0,NotYet
25.0,8.2,6.2,-0.8,14.0,20.0,NotYet
25.0,8.2,6.2,-0.8,14.0,30.0,NotYet
25.0,8.2,6.2,-0.8,14.0,40.0,NotYet
25.0,8.2,6.2,-0.8,14.0,50.0,NotYet
25.0,8.2,6.2,-0.8,14.0,60.0,NotYet
25.0,8.2,6.2,-0.8,14.0,70.0,NotYet
25.0,8.2,6.2,-0.8,14.0,80.0,NotYet
25.0,8.2,6.2,-0.8,14.0,90.0,NotYet
25.0,8.2,6.2,-0.8,14.0,100.0,NotYet
25.0,8.2,6.2,-0.8,14.0,110.0,NotYet
25.0,8.2,6.2,-0.8,14.0,120.0,NotYet
25.0,8.2,6.2,-0.8,14.0,130.0,NotYet
25.0,8.2,6.2,-0.8,14.0,140.0,NotYet
25.0,8.2,6.2,-0.8,14.0,150.0,NotYet
25.0,8.2,6.2,-0.8,14.0,160.0,NotYet
25.0,8.2,6.2,-0.8,14.0,170.0,NotYet
25.0,8.2,6.2,-0.8,14.0,180.0,NotYet
25.0,8.2,6.2,-0.8,14.0,190.0,NotYet
25.0,8.2,6.2,-0.8,14.0,200.0,NotYet
25.0,8.2,6.2,-0.8,14.0,210.0,NotYet
25.0,8.2,6.2,-0.8,14.0,220.0,NotYet
25.0,8.2,6.2,-0.8,14.0,230.0,NotYet
25.0,8.2,6.2,-0.8,14.0,240.0,NotYet
25.0,8.2,6.2,-0.8,14.0,250.0,NotYet
25.0,8.2,6.2,-0.8,14.0,260.0,NotYet
25.0,8.2,6.2,-0.8,14.0,270.0,NotYet
25.0,8.2,6.2,-0.8,14.0,280.0,NotYet
25.0,8.2,6.2,-0.8,14.0,290.0,NotYet
25.0,8.2,6.2,-0.8,14.0,300.0,NotYet
25.0,8.2,6.2,-0.8,14.0,310.0,NotYet
25.0,8.2,6.2,-0.8,14.0,320.0,NotYet
25.0,8.2,6.2,-0.8,14.0,330.0,NotYet
25.0,8.2,6.2,-0.8,14.0,340.0,NotYet
25.0,8.2,6.2,-0.8,14.0,350.0,NotYet
25.0,8.2,6.2,-0.6,-14.0,0.0,NotYet
25.0,8.2,6.2,-0.6,-14.0,10.0,NotYet
25.0,8.2,6.2,-0.6,-14.0,20.0,NotYet
25.0,8.2,6.2,-0.6,-14.0,30.0,NotYet
25.0,8.2,6.2,-0.6,-14.0,40.0,NotYet
25.0,8.2,6.2,-0.6,-14.0,50.0,NotYet
25.0,8.2,6.2,-0.6,-14.0,60.0,NotYet
25.0,8.2,6.2,-0.6,-14.0,70.0,NotYet
25.0,8.2,6.2,-0.6,-14.0,80.0,NotYet
25.0,8.2,6.2,-0.6,-14.0,90.0,NotYet
25.0,8.2,6.2,-0.6,-14.0,100.0,NotYet
25.0,8.2,6.2,-0.6,-14.0,110.0,NotYet
25.0,8.2,6.2,-0.6,-14.0,120.0,NotYet
25.0,8.2,6.2,-0.6,-14.0,130.0,NotYet
25.0,8.2,6.2,-0.6,-14.0,140.0,NotYet
25.0,8.2,6.2,-0.6,-14.0,150.0,NotYet
25.0,8.2,6.2,-0.6,-14.0,160.0,NotYet
25.0,8.2,6.2,-0.6,-14.0,170.0,NotYet
25.0,8.2,6.2,-0.6,-14.0,180.0,NotYet
25.0,8.2,6.2,-0.6,-14.0,190.0,NotYet
25.0,8.2,6.2,-0.6,-14.0,200.0,NotYet
25.0,8.2,6.2,-0.6,-14.0,210.0,NotYet
25.0,8.2,6.2,-0.6,-14.0,220.0,NotYet
25.0,8.2,6.2,-0.6,-14.0,230.0,NotYet
25.0,8.2,6.2,-0.6,-14.0,240.0,NotYet
25.0,8.2,6.2,-0.6,-14.0,250.0,NotYet
25.0,8.2,6.2,-0.6,-14.0,260.0,NotYet
25.0,8.2,6.2,-0.6,-14.0,270.0,NotYet
25.0,8.2,6.2,-0.6,-14.0,280.0,NotYet
25.0,8.2,6.2,-0.6,-14.0,290.0,NotYet
25.0,8.2,6.2,-0.6,-14.0,300.0,NotYet
25.0,8.2,6.2,-0.6,-14.0,310.0,NotYet
25.0,8.2,6.2,-0.6,-14.0,320.0,NotYet
25.0,8.2,6.2,-0.6,-14.0,330.0,NotYet
25.0,8.2,6.2,-0.6,-14.0,340.0,NotYet
25.0,8.2,6.2,-0.6,-14.0,350.0,NotYet
25.0,8.2,6.2,-0.6,-12.0,0.0,NotYet
25.0,8.2,6.2,-0.6,-12.0,10.0,NotYet
25.0,8.2,6.2,-0.6,-12.0,20.0,NotYet
25.0,8.2,6.2,-0.6,-12.0,30.0,NotYet
25.0,8.2,6.2,-0.6,-12.0,40.0,NotYet
25.0,8.2,6.2,-0.6,-12.0,50.0,NotYet
25.0,8.2,6.2,-0.6,-12.0,60.0,NotYet
25.0,8.2,6.2,-0.6,-12.0,70.0,NotYet
25.0,8.2,6.2,-0.6,-12.0,80.0,NotYet
25.0,8.2,6.2,-0.6,-12.0,90.0,NotYet
25.0,8.2,6.2,-0.6,-12.0,100.0,NotYet
25.0,8.2,6.2,-0.6,-12.0,110.0,NotYet
25.0,8.2,6.2,-0.6,-12.0,120.0,NotYet
25.0,8.2,6.2,-0.6,-12.0,130.0,NotYet
25.0,8.2,6.2,-0.6,-12.0,140.0,NotYet
25.0,8.2,6.2,-0.6,-12.0,150.0,NotYet
25.0,8.2,6.2,-0.6,-12.0,160.0,NotYet
25.0,8.2,6.2,-0.6,-12.0,170.0,NotYet
25.0,8.2,6.2,-0.6,-12.0,180.0,NotYet
25.0,8.2,6.2,-0.6,-12.0,190.0,NotYet
25.0,8.2,6.2,-0.6,-12.0,200.0,NotYet
25.0,8.2,6.2,-0.6,-12.0,210.0,NotYet
25.0,8.2,6.2,-0.6,-12.0,220.0,NotYet
25.0,8.2,6.2,-0.6,-12.0,230.0,NotYet
25.0,8.2,6.2,-0.6,-12.0,240.0,NotYet
25.0,8.2,6.2,-0.6,-12.0,250.0,NotYet
25.0,8.2,6.2,-0.6,-12.0,260.0,NotYet
25.0,8.2,6.2,-0.6,-12.0,270.0,NotYet
25.0,8.2,6.2,-0.6,-12.0,280.0,NotYet
25.0,8.2,6.2,-0.6,-12.0,290.0,NotYet
25.0,8.2,6.2,-0.6,-12.0,300.0,NotYet
25.0,8.2,6.2,-0.6,-12.0,310.0,NotYet
25.0,8.2,6.2,-0.6,-12.0,320.0,NotYet
25.0,8.2,6.2,-0.6,-12.0,330.0,NotYet
25.0,8.2,6.2,-0.6,-12.0,340.0,NotYet
25.0,8.2,6.2,-0.6,-12.0,350.0,NotYet
25.0,8.2,6.2,-0.6,-10.0,0.0,NotYet
25.0,8.2,6.2,-0.6,-10.0,10.0,NotYet
25.0,8.2,6.2,-0.6,-10.0,20.0,NotYet
25.0,8.2,6.2,-0.6,-10.0,30.0,NotYet
25.0,8.2,6.2,-0.6,-10.0,40.0,NotYet
25.0,8.2,6.2,-0.6,-10.0,50.0,NotYet
25.0,8.2,6.2,-0.6,-10.0,60.0,NotYet
25.0,8.2,6.2,-0.6,-10.0,70.0,NotYet
25.0,8.2,6.2,-0.6,-10.0,80.0,NotYet
25.0,8.2,6.2,-0.6,-10.0,90.0,NotYet
25.0,8.2,6.2,-0.6,-10.0,100.0,NotYet
25.0,8.2,6.2,-0.6,-10.0,110.0,NotYet
25.0,8.2,6.2,-0.6,-10.0,120.0,NotYet
25.0,8.2,6.2,-0.6,-10.0,130.0,NotYet
25.0,8.2,6.2,-0.6,-10.0,140.0,NotYet
25.0,8.2,6.2,-0.6,-10.0,150.0,NotYet
25.0,8.2,6.2,-0.6,-10.0,160.0,NotYet
25.0,8.2,6.2,-0.6,-10.0,170.0,NotYet
25.0,8.2,6.2,-0.6,-10.0,180.0,NotYet
25.0,8.2,6.2,-0.6,-10.0,190.0,NotYet
25.0,8.2,6.2,-0.6,-10.0,200.0,NotYet
25.0,8.2,6.2,-0.6,-10.0,210.0,NotYet
25.0,8.2,6.2,-0.6,-10.0,220.0,NotYet
25.0,8.2,6.2,-0.6,-10.0,230.0,NotYet
25.0,8.2,6.2,-0.6,-10.0,240.0,NotYet
25.0,8.2,6.2,-0.6,-10.0,250.0,NotYet
25.0,8.2,6.2,-0.6,-10.0,260.0,NotYet
25.0,8.2,6.2,-0.6,-10.0,270.0,NotYet
25.0,8.2,6.2,-0.6,-10.0,280.0,NotYet
25.0,8.2,6.2,-0.6,-10.0,290.0,NotYet
25.0,8.2,6.2,-0.6,-10.0,300.0,NotYet
25.0,8.2,6.2,-0.6,-10.0,310.0,NotYet
25.0,8.2,6.2,-0.6,-10.0,320.0,NotYet
25.0,8.2,6.2,-0.6,-10.0,330.0,NotYet
25.0,8.2,6.2,-0.6,-10.0,340.0,NotYet
25.0,8.2,6.2,-0.6,-10.0,350.0,NotYet
25.0,8.2,6.2,-0.6,-8.0,0.0,NotYet
25.0,8.2,6.2,-0.6,-8.0,10.0,NotYet
25.0,8.2,6.2,-0.6,-8.0,20.0,NotYet
25.0,8.2,6.2,-0.6,-8.0,30.0,NotYet
25.0,8.2,6.2,-0.6,-8.0,40.0,NotYet
25.0,8.2,6.2,-0.6,-8.0,50.0,NotYet
25.0,8.2,6.2,-0.6,-8.0,60.0,NotYet
25.0,8.2,6.2,-0.6,-8.0,70.0,NotYet
25.0,8.2,6.2,-0.6,-8.0,80.0,NotYet
25.0,8.2,6.2,-0.6,-8.0,90.0,NotYet
25.0,8.2,6.2,-0.6,-8.0,100.0,NotYet
25.0,8.2,6.2,-0.6,-8.0,110.0,NotYet
25.0,8.2,6.2,-0.6,-8.0,120.0,NotYet
25.0,8.2,6.2,-0.6,-8.0,130.0,NotYet
25.0,8.2,6.2,-0.6,-8.0,140.0,NotYet
25.0,8.2,6.2,-0.6,-8.0,150.0,NotYet
25.0,8.2,6.2,-0.6,-8.0,160.0,NotYet
25.0,8.2,6.2,-0.6,-8.0,170.0,NotYet
25.0,8.2,6.2,-0.6,-8.0,180.0,NotYet
25.0,8.2,6.2,-0.6,-8.0,190.0,NotYet
25.0,8.2,6.2,-0.6,-8.0,200.0,NotYet
25.0,8.2,6.2,-0.6,-8.0,210.0,NotYet
25.0,8.2,6.2,-0.6,-8.0,220.0,NotYet
25.0,8.2,6.2,-0.6,-8.0,230.0,NotYet
25.0,8.2,6.2,-0.6,-8.0,240.0,NotYet
25.0,8.2,6.2,-0.6,-8.0,250.0,NotYet
25.0,8.2,6.2,-0.6,-8.0,260.0,NotYet
25.0,8.2,6.2,-0.6,-8.0,270.0,NotYet
25.0,8.2,6.2,-0.6,-8.0,280.0,NotYet
25.0,8.2,6.2,-0.6,-8.0,290.0,NotYet
25.0,8.2,6.2,-0.6,-8.0,300.0,NotYet
25.0,8.2,6.2,-0.6,-8.0,310.0,NotYet
25.0,8.2,6.2,-0.6,-8.0,320.0,NotYet
25.0,8.2,6.2,-0.6,-8.0,330.0,NotYet
25.0,8.2,6.2,-0.6,-8.0,340.0,NotYet
25.0,8.2,6.2,-0.6,-8.0,350.0,NotYet
25.0,8.2,6.2,-0.6,-6.0,0.0,NotYet
25.0,8.2,6.2,-0.6,-6.0,10.0,NotYet
25.0,8.2,6.2,-0.6,-6.0,20.0,NotYet
25.0,8.2,6.2,-0.6,-6.0,30.0,NotYet
25.0,8.2,6.2,-0.6,-6.0,40.0,NotYet
25.0,8.2,6.2,-0.6,-6.0,50.0,NotYet
25.0,8.2,6.2,-0.6,-6.0,60.0,NotYet
25.0,8.2,6.2,-0.6,-6.0,70.0,NotYet
25.0,8.2,6.2,-0.6,-6.0,80.0,NotYet
25.0,8.2,6.2,-0.6,-6.0,90.0,NotYet
25.0,8.2,6.2,-0.6,-6.0,100.0,NotYet
25.0,8.2,6.2,-0.6,-6.0,110.0,NotYet
25.0,8.2,6.2,-0.6,-6.0,120.0,NotYet
25.0,8.2,6.2,-0.6,-6.0,130.0,NotYet
25.0,8.2,6.2,-0.6,-6.0,140.0,NotYet
25.0,8.2,6.2,-0.6,-6.0,150.0,NotYet
25.0,8.2,6.2,-0.6,-6.0,160.0,NotYet
25.0,8.2,6.2,-0.6,-6.0,170.0,NotYet
25.0,8.2,6.2,-0.6,-6.0,180.0,NotYet
25.0,8.2,6.2,-0.6,-6.0,190.0,NotYet
25.0,8.2,6.2,-0.6,-6.0,200.0,NotYet
25.0,8.2,6.2,-0.6,-6.0,210.0,NotYet
25.0,8.2,6.2,-0.6,-6.0,220.0,NotYet
25.0,8.2,6.2,-0.6,-6.0,230.0,NotYet
25.0,8.2,6.2,-0.6,-6.0,240.0,NotYet
25.0,8.2,6.2,-0.6,-6.0,250.0,NotYet
25.0,8.2,6.2,-0.6,-6.0,260.0,NotYet
25.0,8.2,6.2,-0.6,-6.0,270.0,NotYet
25.0,8.2,6.2,-0.6,-6.0,280.0,NotYet
25.0,8.2,6.2,-0.6,-6.0,290.0,NotYet
25.0,8.2,6.2,-0.6,-6.0,300.0,NotYet
25.0,8.2,6.2,-0.6,-6.0,310.0,NotYet
25.0,8.2,6.2,-0.6,-6.0,320.0,NotYet
25.0,8.2,6.2,-0.6,-6.0,330.0,NotYet
25.0,8.2,6.2,-0.6,-6.0,340.0,NotYet
25.0,8.2,6.2,-0.6,-6.0,350.0,NotYet
25.0,8.2,6.2,-0.6,-4.0,0.0,NotYet
25.0,8.2,6.2,-0.6,-4.0,10.0,NotYet
25.0,8.2,6.2,-0.6,-4.0,20.0,NotYet
25.0,8.2,6.2,-0.6,-4.0,30.0,NotYet
25.0,8.2,6.2,-0.6,-4.0,40.0,NotYet
25.0,8.2,6.2,-0.6,-4.0,50.0,NotYet
25.0,8.2,6.2,-0.6,-4.0,60.0,NotYet
25.0,8.2,6.2,-0.6,-4.0,70.0,NotYet
25.0,8.2,6.2,-0.6,-4.0,80.0,NotYet
25.0,8.2,6.2,-0.6,-4.0,90.0,NotYet
25.0,8.2,6.2,-0.6,-4.0,100.0,NotYet
25.0,8.2,6.2,-0.6,-4.0,110.0,NotYet
25.0,8.2,6.2,-0.6,-4.0,120.0,NotYet
25.0,8.2,6.2,-0.6,-4.0,130.0,NotYet
25.0,8.2,6.2,-0.6,-4.0,140.0,NotYet
25.0,8.2,6.2,-0.6,-4.0,150.0,NotYet
25.0,8.2,6.2,-0.6,-4.0,160.0,NotYet
25.0,8.2,6.2,-0.6,-4.0,170.0,NotYet
25.0,8.2,6.2,-0.6,-4.0,180.0,NotYet
25.0,8.2,6.2,-0.6,-4.0,190.0,NotYet
25.0,8.2,6.2,-0.6,-4.0,200.0,NotYet
25.0,8.2,6.2,-0.6,-4.0,210.0,NotYet
25.0,8.2,6.2,-0.6,-4.0,220.0,NotYet
25.0,8.2,6.2,-0.6,-4.0,230.0,NotYet
25.0,8.2,6.2,-0.6,-4.0,240.0,NotYet
25.0,8.2,6.2,-0.6,-4.0,250.0,NotYet
25.0,8.2,6.2,-0.6,-4.0,260.0,NotYet
25.0,8.2,6.2,-0.6,-4.0,270.0,NotYet
25.0,8.2,6.2,-0.6,-4.0,280.0,NotYet
25.0,8.2,6.2,-0.6,-4.0,290.0,NotYet
25.0,8.2,6.2,-0.6,-4.0,300.0,NotYet
25.0,8.2,6.2,-0.6,-4.0,310.0,NotYet
25.0,8.2,6.2,-0.6,-4.0,320.0,NotYet
25.0,8.2,6.2,-0.6,-4.0,330.0,NotYet
25.0,8.2,6.2,-0.6,-4.0,340.0,NotYet
25.0,8.2,6.2,-0.6,-4.0,350.0,NotYet
25.0,8.2,6.2,-0.6,-2.0,0.0,NotYet
25.0,8.2,6.2,-0.6,-2.0,10.0,NotYet
25.0,8.2,6.2,-0.6,-2.0,20.0,NotYet
25.0,8.2,6.2,-0.6,-2.0,30.0,NotYet
25.0,8.2,6.2,-0.6,-2.0,40.0,NotYet
25.0,8.2,6.2,-0.6,-2.0,50.0,NotYet
25.0,8.2,6.2,-0.6,-2.0,60.0,NotYet
25.0,8.2,6.2,-0.6,-2.0,70.0,NotYet
25.0,8.2,6.2,-0.6,-2.0,80.0,NotYet
25.0,8.2,6.2,-0.6,-2.0,90.0,NotYet
25.0,8.2,6.2,-0.6,-2.0,100.0,NotYet
25.0,8.2,6.2,-0.6,-2.0,110.0,NotYet
25.0,8.2,6.2,-0.6,-2.0,120.0,NotYet
25.0,8.2,6.2,-0.6,-2.0,130.0,NotYet
25.0,8.2,6.2,-0.6,-2.0,140.0,NotYet
25.0,8.2,6.2,-0.6,-2.0,150.0,NotYet
25.0,8.2,6.2,-0.6,-2.0,160.0,NotYet
25.0,8.2,6.2,-0.6,-2.0,170.0,NotYet
25.0,8.2,6.2,-0.6,-2.0,180.0,NotYet
25.0,8.2,6.2,-0.6,-2.0,190.0,NotYet
25.0,8.2,6.2,-0.6,-2.0,200.0,NotYet
25.0,8.2,6.2,-0.6,-2.0,210.0,NotYet
25.0,8.2,6.2,-0.6,-2.0,220.0,NotYet
25.0,8.2,6.2,-0.6,-2.0,230.0,NotYet
25.0,8.2,6.2,-0.6,-2.0,240.0,NotYet
25.0,8.2,6.2,-0.6,-2.0,250.0,NotYet
25.0,8.2,6.2,-0.6,-2.0,260.0,NotYet
25.0,8.2,6.2,-0.6,-2.0,270.0,NotYet
25.0,8.2,6.2,-0.6,-2.0,280.0,NotYet
25.0,8.2,6.2,-0.6,-2.0,290.0,NotYet
25.0,8.2,6.2,-0.6,-2.0,300.0,NotYet
25.0,8.2,6.2,-0.6,-2.0,310.0,NotYet
25.0,8.2,6.2,-0.6,-2.0,320.0,NotYet
25.0,8.2,6.2,-0.6,-2.0,330.0,NotYet
25.0,8.2,6.2,-0.6,-2.0,340.0,NotYet
25.0,8.2,6.2,-0.6,-2.0,350.0,NotYet
25.0,8.2,6.2,-0.6,0.0,0.0,NotYet
25.0,8.2,6.2,-0.6,0.0,10.0,NotYet
25.0,8.2,6.2,-0.6,0.0,20.0,NotYet
25.0,8.2,6.2,-0.6,0.0,30.0,NotYet
25.0,8.2,6.2,-0.6,0.0,40.0,NotYet
25.0,8.2,6.2,-0.6,0.0,50.0,NotYet
25.0,8.2,6.2,-0.6,0.0,60.0,NotYet
25.0,8.2,6.2,-0.6,0.0,70.0,NotYet
25.0,8.2,6.2,-0.6,0.0,80.0,NotYet
25.0,8.2,6.2,-0.6,0.0,90.0,NotYet
25.0,8.2,6.2,-0.6,0.0,100.0,NotYet
25.0,8.2,6.2,-0.6,0.0,110.0,NotYet
25.0,8.2,6.2,-0.6,0.0,120.0,NotYet
25.0,8.2,6.2,-0.6,0.0,130.0,NotYet
25.0,8.2,6.2,-0.6,0.0,140.0,NotYet
25.0,8.2,6.2,-0.6,0.0,150.0,NotYet
25.0,8.2,6.2,-0.6,0.0,160.0,NotYet
25.0,8.2,6.2,-0.6,0.0,170.0,NotYet
25.0,8.2,6.2,-0.6,0.0,180.0,NotYet
25.0,8.2,6.2,-0.6,0.0,190.0,NotYet
25.0,8.2,6.2,-0.6,0.0,200.0,NotYet
25.0,8.2,6.2,-0.6,0.0,210.0,NotYet
25.0,8.2,6.2,-0.6,0.0,220.0,NotYet
25.0,8.2,6.2,-0.6,0.0,230.0,NotYet
25.0,8.2,6.2,-0.6,0.0,240.0,NotYet
25.0,8.2,6.2,-0.6,0.0,250.0,NotYet
25.0,8.2,6.2,-0.6,0.0,260.0,NotYet
25.0,8.2,6.2,-0.6,0.0,270.0,NotYet
25.0,8.2,6.2,-0.6,0.0,280.0,NotYet
25.0,8.2,6.2,-0.6,0.0,290.0,NotYet
25.0,8.2,6.2,-0.6,0.0,300.0,NotYet
25.0,8.2,6.2,-0.6,0.0,310.0,NotYet
25.0,8.2,6.2,-0.6,0.0,320.0,NotYet
25.0,8.2,6.2,-0.6,0.0,330.0,NotYet
25.0,8.2,6.2,-0.6,0.0,340.0,NotYet
25.0,8.2,6.2,-0.6,0.0,350.0,NotYet
25.0,8.2,6.2,-0.6,2.0,0.0,NotYet
25.0,8.2,6.2,-0.6,2.0,10.0,NotYet
25.0,8.2,6.2,-0.6,2.0,20.0,NotYet
25.0,8.2,6.2,-0.6,2.0,30.0,NotYet
25.0,8.2,6.2,-0.6,2.0,40.0,NotYet
25.0,8.2,6.2,-0.6,2.0,50.0,NotYet
25.0,8.2,6.2,-0.6,2.0,60.0,NotYet
25.0,8.2,6.2,-0.6,2.0,70.0,NotYet
25.0,8.2,6.2,-0.6,2.0,80.0,NotYet
25.0,8.2,6.2,-0.6,2.0,90.0,NotYet
25.0,8.2,6.2,-0.6,2.0,100.0,NotYet
25.0,8.2,6.2,-0.6,2.0,110.0,NotYet
25.0,8.2,6.2,-0.6,2.0,120.0,NotYet
25.0,8.2,6.2,-0.6,2.0,130.0,NotYet
25.0,8.2,6.2,-0.6,2.0,140.0,NotYet
25.0,8.2,6.2,-0.6,2.0,150.0,NotYet
25.0,8.2,6.2,-0.6,2.0,160.0,NotYet
25.0,8.2,6.2,-0.6,2.0,170.0,NotYet
25.0,8.2,6.2,-0.6,2.0,180.0,NotYet
25.0,8.2,6.2,-0.6,2.0,190.0,NotYet
25.0,8.2,6.2,-0.6,2.0,200.0,NotYet
25.0,8.2,6.2,-0.6,2.0,210.0,NotYet
25.0,8.2,6.2,-0.6,2.0,220.0,NotYet
25.0,8.2,6.2,-0.6,2.0,230.0,NotYet
25.0,8.2,6.2,-0.6,2.0,240.0,NotYet
25.0,8.2,6.2,-0.6,2.0,250.0,NotYet
25.0,8.2,6.2,-0.6,2.0,260.0,NotYet
25.0,8.2,6.2,-0.6,2.0,270.0,NotYet
25.0,8.2,6.2,-0.6,2.0,280.0,NotYet
25.0,8.2,6.2,-0.6,2.0,290.0,NotYet
25.0,8.2,6.2,-0.6,2.0,300.0,NotYet
25.0,8.2,6.2,-0.6,2.0,310.0,NotYet
25.0,8.2,6.2,-0.6,2.0,320.0,NotYet
25.0,8.2,6.2,-0.6,2.0,330.0,NotYet
25.0,8.2,6.2,-0.6,2.0,340.0,NotYet
25.0,8.2,6.2,-0.6,2.0,350.0,NotYet
25.0,8.2,6.2,-0.6,4.0,0.0,NotYet
25.0,8.2,6.2,-0.6,4.0,10.0,NotYet
25.0,8.2,6.2,-0.6,4.0,20.0,NotYet
25.0,8.2,6.2,-0.6,4.0,30.0,NotYet
25.0,8.2,6.2,-0.6,4.0,40.0,NotYet
25.0,8.2,6.2,-0.6,4.0,50.0,NotYet
25.0,8.2,6.2,-0.6,4.0,60.0,NotYet
25.0,8.2,6.2,-0.6,4.0,70.0,NotYet
25.0,8.2,6.2,-0.6,4.0,80.0,NotYet
25.0,8.2,6.2,-0.6,4.0,90.0,NotYet
25.0,8.2,6.2,-0.6,4.0,100.0,NotYet
25.0,8.2,6.2,-0.6,4.0,110.0,NotYet
25.0,8.2,6.2,-0.6,4.0,120.0,NotYet
25.0,8.2,6.2,-0.6,4.0,130.0,NotYet
25.0,8.2,6.2,-0.6,4.0,140.0,NotYet
25.0,8.2,6.2,-0.6,4.0,150.0,NotYet
25.0,8.2,6.2,-0.6,4.0,160.0,NotYet
25.0,8.2,6.2,-0.6,4.0,170.0,NotYet
25.0,8.2,6.2,-0.6,4.0,180.0,NotYet
25.0,8.2,6.2,-0.6,4.0,190.0,NotYet
25.0,8.2,6.2,-0.6,4.0,200.0,NotYet
25.0,8.2,6.2,-0.6,4.0,210.0,NotYet
25.0,8.2,6.2,-0.6,4.0,220.0,NotYet
25.0,8.2,6.2,-0.6,4.0,230.0,NotYet
25.0,8.2,6.2,-0.6,4.0,240.0,NotYet
25.0,8.2,6.2,-0.6,4.0,250.0,NotYet
25.0,8.2,6.2,-0.6,4.0,260.0,NotYet
25.0,8.2,6.2,-0.6,4.0,270.0,NotYet
25.0,8.2,6.2,-0.6,4.0,280.0,NotYet
25.0,8.2,6.2,-0.6,4.0,290.0,NotYet
25.0,8.2,6.2,-0.6,4.0,300.0,NotYet
25.0,8.2,6.2,-0.6,4.0,310.0,NotYet
25.0,8.2,6.2,-0.6,4.0,320.0,NotYet
25.0,8.2,6.2,-0.6,4.0,330.0,NotYet
25.0,8.2,6.2,-0.6,4.0,340.0,NotYet
25.0,8.2,6.2,-0.6,4.0,350.0,NotYet
25.0,8.2,6.2,-0.6,6.0,0.0,NotYet
25.0,8.2,6.2,-0.6,6.0,10.0,NotYet
25.0,8.2,6.2,-0.6,6.0,20.0,NotYet
25.0,8.2,6.2,-0.6,6.0,30.0,NotYet
25.0,8.2,6.2,-0.6,6.0,40.0,NotYet
25.0,8.2,6.2,-0.6,6.0,50.0,NotYet
25.0,8.2,6.2,-0.6,6.0,60.0,NotYet
25.0,8.2,6.2,-0.6,6.0,70.0,NotYet
25.0,8.2,6.2,-0.6,6.0,80.0,NotYet
25.0,8.2,6.2,-0.6,6.0,90.0,NotYet
25.0,8.2,6.2,-0.6,6.0,100.0,NotYet
25.0,8.2,6.2,-0.6,6.0,110.0,NotYet
25.0,8.2,6.2,-0.6,6.0,120.0,NotYet
25.0,8.2,6.2,-0.6,6.0,130.0,NotYet
25.0,8.2,6.2,-0.6,6.0,140.0,NotYet
25.0,8.2,6.2,-0.6,6.0,150.0,NotYet
25.0,8.2,6.2,-0.6,6.0,160.0,NotYet
25.0,8.2,6.2,-0.6,6.0,170.0,NotYet
25.0,8.2,6.2,-0.6,6.0,180.0,NotYet
25.0,8.2,6.2,-0.6,6.0,190.0,NotYet
25.0,8.2,6.2,-0.6,6.0,200.0,NotYet
25.0,8.2,6.2,-0.6,6.0,210.0,NotYet
25.0,8.2,6.2,-0.6,6.0,220.0,NotYet
25.0,8.2,6.2,-0.6,6.0,230.0,NotYet
25.0,8.2,6.2,-0.6,6.0,240.0,NotYet
25.0,8.2,6.2,-0.6,6.0,250.0,NotYet
25.0,8.2,6.2,-0.6,6.0,260.0,NotYet
25.0,8.2,6.2,-0.6,6.0,270.0,NotYet
25.0,8.2,6.2,-0.6,6.0,280.0,NotYet
25.0,8.2,6.2,-0.6,6.0,290.0,NotYet
25.0,8.2,6.2,-0.6,6.0,300.0,NotYet
25.0,8.2,6.2,-0.6,6.0,310.0,NotYet
25.0,8.2,6.2,-0.6,6.0,320.0,NotYet
25.0,8.2,6.2,-0.6,6.0,330.0,NotYet
25.0,8.2,6.2,-0.6,6.0,340.0,NotYet
25.0,8.2,6.2,-0.6,6.0,350.0,NotYet
25.0,8.2,6.2,-0.6,8.0,0.0,NotYet
25.0,8.2,6.2,-0.6,8.0,10.0,NotYet
25.0,8.2,6.2,-0.6,8.0,20.0,NotYet
25.0,8.2,6.2,-0.6,8.0,30.0,NotYet
25.0,8.2,6.2,-0.6,8.0,40.0,NotYet
25.0,8.2,6.2,-0.6,8.0,50.0,NotYet
25.0,8.2,6.2,-0.6,8.0,60.0,NotYet
25.0,8.2,6.2,-0.6,8.0,70.0,NotYet
25.0,8.2,6.2,-0.6,8.0,80.0,NotYet
25.0,8.2,6.2,-0.6,8.0,90.0,NotYet
25.0,8.2,6.2,-0.6,8.0,100.0,NotYet
25.0,8.2,6.2,-0.6,8.0,110.0,NotYet
25.0,8.2,6.2,-0.6,8.0,120.0,NotYet
25.0,8.2,6.2,-0.6,8.0,130.0,NotYet
25.0,8.2,6.2,-0.6,8.0,140.0,NotYet
25.0,8.2,6.2,-0.6,8.0,150.0,NotYet
25.0,8.2,6.2,-0.6,8.0,160.0,NotYet
25.0,8.2,6.2,-0.6,8.0,170.0,NotYet
25.0,8.2,6.2,-0.6,8.0,180.0,NotYet
25.0,8.2,6.2,-0.6,8.0,190.0,NotYet
25.0,8.2,6.2,-0.6,8.0,200.0,NotYet
25.0,8.2,6.2,-0.6,8.0,210.0,NotYet
25.0,8.2,6.2,-0.6,8.0,220.0,NotYet
25.0,8.2,6.2,-0.6,8.0,230.0,NotYet
25.0,8.2,6.2,-0.6,8.0,240.0,NotYet
25.0,8.2,6.2,-0.6,8.0,250.0,NotYet
25.0,8.2,6.2,-0.6,8.0,260.0,NotYet
25.0,8.2,6.2,-0.6,8.0,270.0,NotYet
25.0,8.2,6.2,-0.6,8.0,280.0,NotYet
25.0,8.2,6.2,-0.6,8.0,290.0,NotYet
25.0,8.2,6.2,-0.6,8.0,300.0,NotYet
25.0,8.2,6.2,-0.6,8.0,310.0,NotYet
25.0,8.2,6.2,-0.6,8.0,320.0,NotYet
25.0,8.2,6.2,-0.6,8.0,330.0,NotYet
25.0,8.2,6.2,-0.6,8.0,340.0,NotYet
25.0,8.2,6.2,-0.6,8.0,350.0,NotYet
25.0,8.2,6.2,-0.6,10.0,0.0,NotYet
25.0,8.2,6.2,-0.6,10.0,10.0,NotYet
25.0,8.2,6.2,-0.6,10.0,20.0,NotYet
25.0,8.2,6.2,-0.6,10.0,30.0,NotYet
25.0,8.2,6.2,-0.6,10.0,40.0,NotYet
25.0,8.2,6.2,-0.6,10.0,50.0,NotYet
25.0,8.2,6.2,-0.6,10.0,60.0,NotYet
25.0,8.2,6.2,-0.6,10.0,70.0,NotYet
25.0,8.2,6.2,-0.6,10.0,80.0,NotYet
25.0,8.2,6.2,-0.6,10.0,90.0,NotYet
25.0,8.2,6.2,-0.6,10.0,100.0,NotYet
25.0,8.2,6.2,-0.6,10.0,110.0,NotYet
25.0,8.2,6.2,-0.6,10.0,120.0,NotYet
25.0,8.2,6.2,-0.6,10.0,130.0,NotYet
25.0,8.2,6.2,-0.6,10.0,140.0,NotYet
25.0,8.2,6.2,-0.6,10.0,150.0,NotYet
25.0,8.2,6.2,-0.6,10.0,160.0,NotYet
25.0,8.2,6.2,-0.6,10.0,170.0,NotYet
25.0,8.2,6.2,-0.6,10.0,180.0,NotYet
25.0,8.2,6.2,-0.6,10.0,190.0,NotYet
25.0,8.2,6.2,-0.6,10.0,200.0,NotYet
25.0,8.2,6.2,-0.6,10.0,210.0,NotYet
25.0,8.2,6.2,-0.6,10.0,220.0,NotYet
25.0,8.2,6.2,-0.6,10.0,230.0,NotYet
25.0,8.2,6.2,-0.6,10.0,240.0,NotYet
25.0,8.2,6.2,-0.6,10.0,250.0,NotYet
25.0,8.2,6.2,-0.6,10.0,260.0,NotYet
25.0,8.2,6.2,-0.6,10.0,270.0,NotYet
25.0,8.2,6.2,-0.6,10.0,280.0,NotYet
25.0,8.2,6.2,-0.6,10.0,290.0,NotYet
25.0,8.2,6.2,-0.6,10.0,300.0,NotYet
25.0,8.2,6.2,-0.6,10.0,310.0,NotYet
25.0,8.2,6.2,-0.6,10.0,320.0,NotYet
25.0,8.2,6.2,-0.6,10.0,330.0,NotYet
25.0,8.2,6.2,-0.6,10.0,340.0,NotYet
25.0,8.2,6.2,-0.6,10.0,350.0,NotYet
25.0,8.2,6.2,-0.6,12.0,0.0,NotYet
25.0,8.2,6.2,-0.6,12.0,10.0,NotYet
25.0,8.2,6.2,-0.6,12.0,20.0,NotYet
25.0,8.2,6.2,-0.6,12.0,30.0,NotYet
25.0,8.2,6.2,-0.6,12.0,40.0,NotYet
25.0,8.2,6.2,-0.6,12.0,50.0,NotYet
25.0,8.2,6.2,-0.6,12.0,60.0,NotYet
25.0,8.2,6.2,-0.6,12.0,70.0,NotYet
25.0,8.2,6.2,-0.6,12.0,80.0,NotYet
25.0,8.2,6.2,-0.6,12.0,90.0,NotYet
25.0,8.2,6.2,-0.6,12.0,100.0,NotYet
25.0,8.2,6.2,-0.6,12.0,110.0,NotYet
25.0,8.2,6.2,-0.6,12.0,120.0,NotYet
25.0,8.2,6.2,-0.6,12.0,130.0,NotYet
25.0,8.2,6.2,-0.6,12.0,140.0,NotYet
25.0,8.2,6.2,-0.6,12.0,150.0,NotYet
25.0,8.2,6.2,-0.6,12.0,160.0,NotYet
25.0,8.2,6.2,-0.6,12.0,170.0,NotYet
25.0,8.2,6.2,-0.6,12.0,180.0,NotYet
25.0,8.2,6.2,-0.6,12.0,190.0,NotYet
25.0,8.2,6.2,-0.6,12.0,200.0,NotYet
25.0,8.2,6.2,-0.6,12.0,210.0,NotYet
25.0,8.2,6.2,-0.6,12.0,220.0,NotYet
25.0,8.2,6.2,-0.6,12.0,230.0,NotYet
25.0,8.2,6.2,-0.6,12.0,240.0,NotYet
25.0,8.2,6.2,-0.6,12.0,250.0,NotYet
25.0,8.2,6.2,-0.6,12.0,260.0,NotYet
25.0,8.2,6.2,-0.6,12.0,270.0,NotYet
25.0,8.2,6.2,-0.6,12.0,280.0,NotYet
25.0,8.2,6.2,-0.6,12.0,290.0,NotYet
25.0,8.2,6.2,-0.6,12.0,300.0,NotYet
25.0,8.2,6.2,-0.6,12.0,310.0,NotYet
25.0,8.2,6.2,-0.6,12.0,320.0,NotYet
25.0,8.2,6.2,-0.6,12.0,330.0,NotYet
25.0,8.2,6.2,-0.6,12.0,340.0,NotYet
25.0,8.2,6.2,-0.6,12.0,350.0,NotYet
25.0,8.2,6.2,-0.6,14.0,0.0,NotYet
25.0,8.2,6.2,-0.6,14.0,10.0,NotYet
25.0,8.2,6.2,-0.6,14.0,20.0,NotYet
25.0,8.2,6.2,-0.6,14.0,30.0,NotYet
25.0,8.2,6.2,-0.6,14.0,40.0,NotYet
25.0,8.2,6.2,-0.6,14.0,50.0,NotYet
25.0,8.2,6.2,-0.6,14.0,60.0,NotYet
25.0,8.2,6.2,-0.6,14.0,70.0,NotYet
25.0,8.2,6.2,-0.6,14.0,80.0,NotYet
25.0,8.2,6.2,-0.6,14.0,90.0,NotYet
25.0,8.2,6.2,-0.6,14.0,100.0,NotYet
25.0,8.2,6.2,-0.6,14.0,110.0,NotYet
25.0,8.2,6.2,-0.6,14.0,120.0,NotYet
25.0,8.2,6.2,-0.6,14.0,130.0,NotYet
25.0,8.2,6.2,-0.6,14.0,140.0,NotYet
25.0,8.2,6.2,-0.6,14.0,150.0,NotYet
25.0,8.2,6.2,-0.6,14.0,160.0,NotYet
25.0,8.2,6.2,-0.6,14.0,170.0,NotYet
25.0,8.2,6.2,-0.6,14.0,180.0,NotYet
25.0,8.2,6.2,-0.6,14.0,190.0,NotYet
25.0,8.2,6.2,-0.6,14.0,200.0,NotYet
25.0,8.2,6.2,-0.6,14.0,210.0,NotYet
25.0,8.2,6.2,-0.6,14.0,220.0,NotYet
25.0,8.2,6.2,-0.6,14.0,230.0,NotYet
25.0,8.2,6.2,-0.6,14.0,240.0,NotYet
25.0,8.2,6.2,-0.6,14.0,250.0,NotYet
25.0,8.2,6.2,-0.6,14.0,260.0,NotYet
25.0,8.2,6.2,-0.6,14.0,270.0,NotYet
25.0,8.2,6.2,-0.6,14.0,280.0,NotYet
25.0,8.2,6.2,-0.6,14.0,290.0,NotYet
25.0,8.2,6.2,-0.6,14.0,300.0,NotYet
25.0,8.2,6.2,-0.6,14.0,310.0,NotYet
25.0,8.2,6.2,-0.6,14.0,320.0,NotYet
25.0,8.2,6.2,-0.6,14.0,330.0,NotYet
25.0,8.2,6.2,-0.6,14.0,340.0,NotYet
25.0,8.2,6.2,-0.6,14.0,350.0,NotYet
25.0,8.2,6.2,-0.4,-14.0,0.0,NotYet
25.0,8.2,6.2,-0.4,-14.0,10.0,NotYet
25.0,8.2,6.2,-0.4,-14.0,20.0,NotYet
25.0,8.2,6.2,-0.4,-14.0,30.0,NotYet
25.0,8.2,6.2,-0.4,-14.0,40.0,NotYet
25.0,8.2,6.2,-0.4,-14.0,50.0,NotYet
25.0,8.2,6.2,-0.4,-14.0,60.0,NotYet
25.0,8.2,6.2,-0.4,-14.0,70.0,NotYet
25.0,8.2,6.2,-0.4,-14.0,80.0,NotYet
25.0,8.2,6.2,-0.4,-14.0,90.0,NotYet
25.0,8.2,6.2,-0.4,-14.0,100.0,NotYet
25.0,8.2,6.2,-0.4,-14.0,110.0,NotYet
25.0,8.2,6.2,-0.4,-14.0,120.0,NotYet
25.0,8.2,6.2,-0.4,-14.0,130.0,NotYet
25.0,8.2,6.2,-0.4,-14.0,140.0,NotYet
25.0,8.2,6.2,-0.4,-14.0,150.0,NotYet
25.0,8.2,6.2,-0.4,-14.0,160.0,NotYet
25.0,8.2,6.2,-0.4,-14.0,170.0,NotYet
25.0,8.2,6.2,-0.4,-14.0,180.0,NotYet
25.0,8.2,6.2,-0.4,-14.0,190.0,NotYet
25.0,8.2,6.2,-0.4,-14.0,200.0,NotYet
25.0,8.2,6.2,-0.4,-14.0,210.0,NotYet
25.0,8.2,6.2,-0.4,-14.0,220.0,NotYet
25.0,8.2,6.2,-0.4,-14.0,230.0,NotYet
25.0,8.2,6.2,-0.4,-14.0,240.0,NotYet
25.0,8.2,6.2,-0.4,-14.0,250.0,NotYet
25.0,8.2,6.2,-0.4,-14.0,260.0,NotYet
25.0,8.2,6.2,-0.4,-14.0,270.0,NotYet
25.0,8.2,6.2,-0.4,-14.0,280.0,NotYet
25.0,8.2,6.2,-0.4,-14.0,290.0,NotYet
25.0,8.2,6.2,-0.4,-14.0,300.0,NotYet
25.0,8.2,6.2,-0.4,-14.0,310.0,NotYet
25.0,8.2,6.2,-0.4,-14.0,320.0,NotYet
25.0,8.2,6.2,-0.4,-14.0,330.0,NotYet
25.0,8.2,6.2,-0.4,-14.0,340.0,NotYet
25.0,8.2,6.2,-0.4,-14.0,350.0,NotYet
25.0,8.2,6.2,-0.4,-12.0,0.0,NotYet
25.0,8.2,6.2,-0.4,-12.0,10.0,NotYet
25.0,8.2,6.2,-0.4,-12.0,20.0,NotYet
25.0,8.2,6.2,-0.4,-12.0,30.0,NotYet
25.0,8.2,6.2,-0.4,-12.0,40.0,NotYet
25.0,8.2,6.2,-0.4,-12.0,50.0,NotYet
25.0,8.2,6.2,-0.4,-12.0,60.0,NotYet
25.0,8.2,6.2,-0.4,-12.0,70.0,NotYet
25.0,8.2,6.2,-0.4,-12.0,80.0,NotYet
25.0,8.2,6.2,-0.4,-12.0,90.0,NotYet
25.0,8.2,6.2,-0.4,-12.0,100.0,NotYet
25.0,8.2,6.2,-0.4,-12.0,110.0,NotYet
25.0,8.2,6.2,-0.4,-12.0,120.0,NotYet
25.0,8.2,6.2,-0.4,-12.0,130.0,NotYet
25.0,8.2,6.2,-0.4,-12.0,140.0,NotYet
25.0,8.2,6.2,-0.4,-12.0,150.0,NotYet
25.0,8.2,6.2,-0.4,-12.0,160.0,NotYet
25.0,8.2,6.2,-0.4,-12.0,170.0,NotYet
25.0,8.2,6.2,-0.4,-12.0,180.0,NotYet
25.0,8.2,6.2,-0.4,-12.0,190.0,NotYet
25.0,8.2,6.2,-0.4,-12.0,200.0,NotYet
25.0,8.2,6.2,-0.4,-12.0,210.0,NotYet
25.0,8.2,6.2,-0.4,-12.0,220.0,NotYet
25.0,8.2,6.2,-0.4,-12.0,230.0,NotYet
25.0,8.2,6.2,-0.4,-12.0,240.0,NotYet
25.0,8.2,6.2,-0.4,-12.0,250.0,NotYet
25.0,8.2,6.2,-0.4,-12.0,260.0,NotYet
25.0,8.2,6.2,-0.4,-12.0,270.0,NotYet
25.0,8.2,6.2,-0.4,-12.0,280.0,NotYet
25.0,8.2,6.2,-0.4,-12.0,290.0,NotYet
25.0,8.2,6.2,-0.4,-12.0,300.0,NotYet
25.0,8.2,6.2,-0.4,-12.0,310.0,NotYet
25.0,8.2,6.2,-0.4,-12.0,320.0,NotYet
25.0,8.2,6.2,-0.4,-12.0,330.0,NotYet
25.0,8.2,6.2,-0.4,-12.0,340.0,NotYet
25.0,8.2,6.2,-0.4,-12.0,350.0,NotYet
25.0,8.2,6.2,-0.4,-10.0,0.0,NotYet
25.0,8.2,6.2,-0.4,-10.0,10.0,NotYet
25.0,8.2,6.2,-0.4,-10.0,20.0,NotYet
25.0,8.2,6.2,-0.4,-10.0,30.0,NotYet
25.0,8.2,6.2,-0.4,-10.0,40.0,NotYet
25.0,8.2,6.2,-0.4,-10.0,50.0,NotYet
25.0,8.2,6.2,-0.4,-10.0,60.0,NotYet
25.0,8.2,6.2,-0.4,-10.0,70.0,NotYet
25.0,8.2,6.2,-0.4,-10.0,80.0,NotYet
25.0,8.2,6.2,-0.4,-10.0,90.0,NotYet
25.0,8.2,6.2,-0.4,-10.0,100.0,NotYet
25.0,8.2,6.2,-0.4,-10.0,110.0,NotYet
25.0,8.2,6.2,-0.4,-10.0,120.0,NotYet
25.0,8.2,6.2,-0.4,-10.0,130.0,NotYet
25.0,8.2,6.2,-0.4,-10.0,140.0,NotYet
25.0,8.2,6.2,-0.4,-10.0,150.0,NotYet
25.0,8.2,6.2,-0.4,-10.0,160.0,NotYet
25.0,8.2,6.2,-0.4,-10.0,170.0,NotYet
25.0,8.2,6.2,-0.4,-10.0,180.0,NotYet
25.0,8.2,6.2,-0.4,-10.0,190.0,NotYet
25.0,8.2,6.2,-0.4,-10.0,200.0,NotYet
25.0,8.2,6.2,-0.4,-10.0,210.0,NotYet
25.0,8.2,6.2,-0.4,-10.0,220.0,NotYet
25.0,8.2,6.2,-0.4,-10.0,230.0,NotYet
25.0,8.2,6.2,-0.4,-10.0,240.0,NotYet
25.0,8.2,6.2,-0.4,-10.0,250.0,NotYet
25.0,8.2,6.2,-0.4,-10.0,260.0,NotYet
25.0,8.2,6.2,-0.4,-10.0,270.0,NotYet
25.0,8.2,6.2,-0.4,-10.0,280.0,NotYet
25.0,8.2,6.2,-0.4,-10.0,290.0,NotYet
25.0,8.2,6.2,-0.4,-10.0,300.0,NotYet
25.0,8.2,6.2,-0.4,-10.0,310.0,NotYet
25.0,8.2,6.2,-0.4,-10.0,320.0,NotYet
25.0,8.2,6.2,-0.4,-10.0,330.0,NotYet
25.0,8.2,6.2,-0.4,-10.0,340.0,NotYet
25.0,8.2,6.2,-0.4,-10.0,350.0,NotYet
25.0,8.2,6.2,-0.4,-8.0,0.0,NotYet
25.0,8.2,6.2,-0.4,-8.0,10.0,NotYet
25.0,8.2,6.2,-0.4,-8.0,20.0,NotYet
25.0,8.2,6.2,-0.4,-8.0,30.0,NotYet
25.0,8.2,6.2,-0.4,-8.0,40.0,NotYet
25.0,8.2,6.2,-0.4,-8.0,50.0,NotYet
25.0,8.2,6.2,-0.4,-8.0,60.0,NotYet
25.0,8.2,6.2,-0.4,-8.0,70.0,NotYet
25.0,8.2,6.2,-0.4,-8.0,80.0,NotYet
25.0,8.2,6.2,-0.4,-8.0,90.0,NotYet
25.0,8.2,6.2,-0.4,-8.0,100.0,NotYet
25.0,8.2,6.2,-0.4,-8.0,110.0,NotYet
25.0,8.2,6.2,-0.4,-8.0,120.0,NotYet
25.0,8.2,6.2,-0.4,-8.0,130.0,NotYet
25.0,8.2,6.2,-0.4,-8.0,140.0,NotYet
25.0,8.2,6.2,-0.4,-8.0,150.0,NotYet
25.0,8.2,6.2,-0.4,-8.0,160.0,NotYet
25.0,8.2,6.2,-0.4,-8.0,170.0,NotYet
25.0,8.2,6.2,-0.4,-8.0,180.0,NotYet
25.0,8.2,6.2,-0.4,-8.0,190.0,NotYet
25.0,8.2,6.2,-0.4,-8.0,200.0,NotYet
25.0,8.2,6.2,-0.4,-8.0,210.0,NotYet
25.0,8.2,6.2,-0.4,-8.0,220.0,NotYet
25.0,8.2,6.2,-0.4,-8.0,230.0,NotYet
25.0,8.2,6.2,-0.4,-8.0,240.0,NotYet
25.0,8.2,6.2,-0.4,-8.0,250.0,NotYet
25.0,8.2,6.2,-0.4,-8.0,260.0,NotYet
25.0,8.2,6.2,-0.4,-8.0,270.0,NotYet
25.0,8.2,6.2,-0.4,-8.0,280.0,NotYet
25.0,8.2,6.2,-0.4,-8.0,290.0,NotYet
25.0,8.2,6.2,-0.4,-8.0,300.0,NotYet
25.0,8.2,6.2,-0.4,-8.0,310.0,NotYet
25.0,8.2,6.2,-0.4,-8.0,320.0,NotYet
25.0,8.2,6.2,-0.4,-8.0,330.0,NotYet
25.0,8.2,6.2,-0.4,-8.0,340.0,NotYet
25.0,8.2,6.2,-0.4,-8.0,350.0,NotYet
25.0,8.2,6.2,-0.4,-6.0,0.0,NotYet
25.0,8.2,6.2,-0.4,-6.0,10.0,NotYet
25.0,8.2,6.2,-0.4,-6.0,20.0,NotYet
25.0,8.2,6.2,-0.4,-6.0,30.0,NotYet
25.0,8.2,6.2,-0.4,-6.0,40.0,NotYet
25.0,8.2,6.2,-0.4,-6.0,50.0,NotYet
25.0,8.2,6.2,-0.4,-6.0,60.0,NotYet
25.0,8.2,6.2,-0.4,-6.0,70.0,NotYet
25.0,8.2,6.2,-0.4,-6.0,80.0,NotYet
25.0,8.2,6.2,-0.4,-6.0,90.0,NotYet
25.0,8.2,6.2,-0.4,-6.0,100.0,NotYet
25.0,8.2,6.2,-0.4,-6.0,110.0,NotYet
25.0,8.2,6.2,-0.4,-6.0,120.0,NotYet
25.0,8.2,6.2,-0.4,-6.0,130.0,NotYet
25.0,8.2,6.2,-0.4,-6.0,140.0,NotYet
25.0,8.2,6.2,-0.4,-6.0,150.0,NotYet
25.0,8.2,6.2,-0.4,-6.0,160.0,NotYet
25.0,8.2,6.2,-0.4,-6.0,170.0,NotYet
25.0,8.2,6.2,-0.4,-6.0,180.0,NotYet
25.0,8.2,6.2,-0.4,-6.0,190.0,NotYet
25.0,8.2,6.2,-0.4,-6.0,200.0,NotYet
25.0,8.2,6.2,-0.4,-6.0,210.0,NotYet
25.0,8.2,6.2,-0.4,-6.0,220.0,NotYet
25.0,8.2,6.2,-0.4,-6.0,230.0,NotYet
25.0,8.2,6.2,-0.4,-6.0,240.0,NotYet
25.0,8.2,6.2,-0.4,-6.0,250.0,NotYet
25.0,8.2,6.2,-0.4,-6.0,260.0,NotYet
25.0,8.2,6.2,-0.4,-6.0,270.0,NotYet
25.0,8.2,6.2,-0.4,-6.0,280.0,NotYet
25.0,8.2,6.2,-0.4,-6.0,290.0,NotYet
25.0,8.2,6.2,-0.4,-6.0,300.0,NotYet
25.0,8.2,6.2,-0.4,-6.0,310.0,NotYet
25.0,8.2,6.2,-0.4,-6.0,320.0,NotYet
25.0,8.2,6.2,-0.4,-6.0,330.0,NotYet
25.0,8.2,6.2,-0.4,-6.0,340.0,NotYet
25.0,8.2,6.2,-0.4,-6.0,350.0,NotYet
25.0,8.2,6.2,-0.4,-4.0,0.0,NotYet
25.0,8.2,6.2,-0.4,-4.0,10.0,NotYet
25.0,8.2,6.2,-0.4,-4.0,20.0,NotYet
25.0,8.2,6.2,-0.4,-4.0,30.0,NotYet
25.0,8.2,6.2,-0.4,-4.0,40.0,NotYet
25.0,8.2,6.2,-0.4,-4.0,50.0,NotYet
25.0,8.2,6.2,-0.4,-4.0,60.0,NotYet
25.0,8.2,6.2,-0.4,-4.0,70.0,NotYet
25.0,8.2,6.2,-0.4,-4.0,80.0,NotYet
25.0,8.2,6.2,-0.4,-4.0,90.0,NotYet
25.0,8.2,6.2,-0.4,-4.0,100.0,NotYet
25.0,8.2,6.2,-0.4,-4.0,110.0,NotYet
25.0,8.2,6.2,-0.4,-4.0,120.0,NotYet
25.0,8.2,6.2,-0.4,-4.0,130.0,NotYet
25.0,8.2,6.2,-0.4,-4.0,140.0,NotYet
25.0,8.2,6.2,-0.4,-4.0,150.0,NotYet
25.0,8.2,6.2,-0.4,-4.0,160.0,NotYet
25.0,8.2,6.2,-0.4,-4.0,170.0,NotYet
25.0,8.2,6.2,-0.4,-4.0,180.0,NotYet
25.0,8.2,6.2,-0.4,-4.0,190.0,NotYet
25.0,8.2,6.2,-0.4,-4.0,200.0,NotYet
25.0,8.2,6.2,-0.4,-4.0,210.0,NotYet
25.0,8.2,6.2,-0.4,-4.0,220.0,NotYet
25.0,8.2,6.2,-0.4,-4.0,230.0,NotYet
25.0,8.2,6.2,-0.4,-4.0,240.0,NotYet
25.0,8.2,6.2,-0.4,-4.0,250.0,NotYet
25.0,8.2,6.2,-0.4,-4.0,260.0,NotYet
25.0,8.2,6.2,-0.4,-4.0,270.0,NotYet
25.0,8.2,6.2,-0.4,-4.0,280.0,NotYet
25.0,8.2,6.2,-0.4,-4.0,290.0,NotYet
25.0,8.2,6.2,-0.4,-4.0,300.0,NotYet
25.0,8.2,6.2,-0.4,-4.0,310.0,NotYet
25.0,8.2,6.2,-0.4,-4.0,320.0,NotYet
25.0,8.2,6.2,-0.4,-4.0,330.0,NotYet
25.0,8.2,6.2,-0.4,-4.0,340.0,NotYet
25.0,8.2,6.2,-0.4,-4.0,350.0,NotYet
25.0,8.2,6.2,-0.4,-2.0,0.0,NotYet
25.0,8.2,6.2,-0.4,-2.0,10.0,NotYet
25.0,8.2,6.2,-0.4,-2.0,20.0,NotYet
25.0,8.2,6.2,-0.4,-2.0,30.0,NotYet
25.0,8.2,6.2,-0.4,-2.0,40.0,NotYet
25.0,8.2,6.2,-0.4,-2.0,50.0,NotYet
25.0,8.2,6.2,-0.4,-2.0,60.0,NotYet
25.0,8.2,6.2,-0.4,-2.0,70.0,NotYet
25.0,8.2,6.2,-0.4,-2.0,80.0,NotYet
25.0,8.2,6.2,-0.4,-2.0,90.0,NotYet
25.0,8.2,6.2,-0.4,-2.0,100.0,NotYet
25.0,8.2,6.2,-0.4,-2.0,110.0,NotYet
25.0,8.2,6.2,-0.4,-2.0,120.0,NotYet
25.0,8.2,6.2,-0.4,-2.0,130.0,NotYet
25.0,8.2,6.2,-0.4,-2.0,140.0,NotYet
25.0,8.2,6.2,-0.4,-2.0,150.0,NotYet
25.0,8.2,6.2,-0.4,-2.0,160.0,NotYet
25.0,8.2,6.2,-0.4,-2.0,170.0,NotYet
25.0,8.2,6.2,-0.4,-2.0,180.0,NotYet
25.0,8.2,6.2,-0.4,-2.0,190.0,NotYet
25.0,8.2,6.2,-0.4,-2.0,200.0,NotYet
25.0,8.2,6.2,-0.4,-2.0,210.0,NotYet
25.0,8.2,6.2,-0.4,-2.0,220.0,NotYet
25.0,8.2,6.2,-0.4,-2.0,230.0,NotYet
25.0,8.2,6.2,-0.4,-2.0,240.0,NotYet
25.0,8.2,6.2,-0.4,-2.0,250.0,NotYet
25.0,8.2,6.2,-0.4,-2.0,260.0,NotYet
25.0,8.2,6.2,-0.4,-2.0,270.0,NotYet
25.0,8.2,6.2,-0.4,-2.0,280.0,NotYet
25.0,8.2,6.2,-0.4,-2.0,290.0,NotYet
25.0,8.2,6.2,-0.4,-2.0,300.0,NotYet
25.0,8.2,6.2,-0.4,-2.0,310.0,NotYet
25.0,8.2,6.2,-0.4,-2.0,320.0,NotYet
25.0,8.2,6.2,-0.4,-2.0,330.0,NotYet
25.0,8.2,6.2,-0.4,-2.0,340.0,NotYet
25.0,8.2,6.2,-0.4,-2.0,350.0,NotYet
25.0,8.2,6.2,-0.4,0.0,0.0,NotYet
25.0,8.2,6.2,-0.4,0.0,10.0,NotYet
25.0,8.2,6.2,-0.4,0.0,20.0,NotYet
25.0,8.2,6.2,-0.4,0.0,30.0,NotYet
25.0,8.2,6.2,-0.4,0.0,40.0,NotYet
25.0,8.2,6.2,-0.4,0.0,50.0,NotYet
25.0,8.2,6.2,-0.4,0.0,60.0,NotYet
25.0,8.2,6.2,-0.4,0.0,70.0,NotYet
25.0,8.2,6.2,-0.4,0.0,80.0,NotYet
25.0,8.2,6.2,-0.4,0.0,90.0,NotYet
25.0,8.2,6.2,-0.4,0.0,100.0,NotYet
25.0,8.2,6.2,-0.4,0.0,110.0,NotYet
25.0,8.2,6.2,-0.4,0.0,120.0,NotYet
25.0,8.2,6.2,-0.4,0.0,130.0,NotYet
25.0,8.2,6.2,-0.4,0.0,140.0,NotYet
25.0,8.2,6.2,-0.4,0.0,150.0,NotYet
25.0,8.2,6.2,-0.4,0.0,160.0,NotYet
25.0,8.2,6.2,-0.4,0.0,170.0,NotYet
25.0,8.2,6.2,-0.4,0.0,180.0,NotYet
25.0,8.2,6.2,-0.4,0.0,190.0,NotYet
25.0,8.2,6.2,-0.4,0.0,200.0,NotYet
25.0,8.2,6.2,-0.4,0.0,210.0,NotYet
25.0,8.2,6.2,-0.4,0.0,220.0,NotYet
25.0,8.2,6.2,-0.4,0.0,230.0,NotYet
25.0,8.2,6.2,-0.4,0.0,240.0,NotYet
25.0,8.2,6.2,-0.4,0.0,250.0,NotYet
25.0,8.2,6.2,-0.4,0.0,260.0,NotYet
25.0,8.2,6.2,-0.4,0.0,270.0,NotYet
25.0,8.2,6.2,-0.4,0.0,280.0,NotYet
25.0,8.2,6.2,-0.4,0.0,290.0,NotYet
25.0,8.2,6.2,-0.4,0.0,300.0,NotYet
25.0,8.2,6.2,-0.4,0.0,310.0,NotYet
25.0,8.2,6.2,-0.4,0.0,320.0,NotYet
25.0,8.2,6.2,-0.4,0.0,330.0,NotYet
25.0,8.2,6.2,-0.4,0.0,340.0,NotYet
25.0,8.2,6.2,-0.4,0.0,350.0,NotYet
25.0,8.2,6.2,-0.4,2.0,0.0,NotYet
25.0,8.2,6.2,-0.4,2.0,10.0,NotYet
25.0,8.2,6.2,-0.4,2.0,20.0,NotYet
25.0,8.2,6.2,-0.4,2.0,30.0,NotYet
25.0,8.2,6.2,-0.4,2.0,40.0,NotYet
25.0,8.2,6.2,-0.4,2.0,50.0,NotYet
25.0,8.2,6.2,-0.4,2.0,60.0,NotYet
25.0,8.2,6.2,-0.4,2.0,70.0,NotYet
25.0,8.2,6.2,-0.4,2.0,80.0,NotYet
25.0,8.2,6.2,-0.4,2.0,90.0,NotYet
25.0,8.2,6.2,-0.4,2.0,100.0,NotYet
25.0,8.2,6.2,-0.4,2.0,110.0,NotYet
25.0,8.2,6.2,-0.4,2.0,120.0,NotYet
25.0,8.2,6.2,-0.4,2.0,130.0,NotYet
25.0,8.2,6.2,-0.4,2.0,140.0,NotYet
25.0,8.2,6.2,-0.4,2.0,150.0,NotYet
25.0,8.2,6.2,-0.4,2.0,160.0,NotYet
25.0,8.2,6.2,-0.4,2.0,170.0,NotYet
25.0,8.2,6.2,-0.4,2.0,180.0,NotYet
25.0,8.2,6.2,-0.4,2.0,190.0,NotYet
25.0,8.2,6.2,-0.4,2.0,200.0,NotYet
25.0,8.2,6.2,-0.4,2.0,210.0,NotYet
25.0,8.2,6.2,-0.4,2.0,220.0,NotYet
25.0,8.2,6.2,-0.4,2.0,230.0,NotYet
25.0,8.2,6.2,-0.4,2.0,240.0,NotYet
25.0,8.2,6.2,-0.4,2.0,250.0,NotYet
25.0,8.2,6.2,-0.4,2.0,260.0,NotYet
25.0,8.2,6.2,-0.4,2.0,270.0,NotYet
25.0,8.2,6.2,-0.4,2.0,280.0,NotYet
25.0,8.2,6.2,-0.4,2.0,290.0,NotYet
25.0,8.2,6.2,-0.4,2.0,300.0,NotYet
25.0,8.2,6.2,-0.4,2.0,310.0,NotYet
25.0,8.2,6.2,-0.4,2.0,320.0,NotYet
25.0,8.2,6.2,-0.4,2.0,330.0,NotYet
25.0,8.2,6.2,-0.4,2.0,340.0,NotYet
25.0,8.2,6.2,-0.4,2.0,350.0,NotYet
25.0,8.2,6.2,-0.4,4.0,0.0,NotYet
25.0,8.2,6.2,-0.4,4.0,10.0,NotYet
25.0,8.2,6.2,-0.4,4.0,20.0,NotYet
25.0,8.2,6.2,-0.4,4.0,30.0,NotYet
25.0,8.2,6.2,-0.4,4.0,40.0,NotYet
25.0,8.2,6.2,-0.4,4.0,50.0,NotYet
25.0,8.2,6.2,-0.4,4.0,60.0,NotYet
25.0,8.2,6.2,-0.4,4.0,70.0,NotYet
25.0,8.2,6.2,-0.4,4.0,80.0,NotYet
25.0,8.2,6.2,-0.4,4.0,90.0,NotYet
25.0,8.2,6.2,-0.4,4.0,100.0,NotYet
25.0,8.2,6.2,-0.4,4.0,110.0,NotYet
25.0,8.2,6.2,-0.4,4.0,120.0,NotYet
25.0,8.2,6.2,-0.4,4.0,130.0,NotYet
25.0,8.2,6.2,-0.4,4.0,140.0,NotYet
25.0,8.2,6.2,-0.4,4.0,150.0,NotYet
25.0,8.2,6.2,-0.4,4.0,160.0,NotYet
25.0,8.2,6.2,-0.4,4.0,170.0,NotYet
25.0,8.2,6.2,-0.4,4.0,180.0,NotYet
25.0,8.2,6.2,-0.4,4.0,190.0,NotYet
25.0,8.2,6.2,-0.4,4.0,200.0,NotYet
25.0,8.2,6.2,-0.4,4.0,210.0,NotYet
25.0,8.2,6.2,-0.4,4.0,220.0,NotYet
25.0,8.2,6.2,-0.4,4.0,230.0,NotYet
25.0,8.2,6.2,-0.4,4.0,240.0,NotYet
25.0,8.2,6.2,-0.4,4.0,250.0,NotYet
25.0,8.2,6.2,-0.4,4.0,260.0,NotYet
25.0,8.2,6.2,-0.4,4.0,270.0,NotYet
25.0,8.2,6.2,-0.4,4.0,280.0,NotYet
25.0,8.2,6.2,-0.4,4.0,290.0,NotYet
25.0,8.2,6.2,-0.4,4.0,300.0,NotYet
25.0,8.2,6.2,-0.4,4.0,310.0,NotYet
25.0,8.2,6.2,-0.4,4.0,320.0,NotYet
25.0,8.2,6.2,-0.4,4.0,330.0,NotYet
25.0,8.2,6.2,-0.4,4.0,340.0,NotYet
25.0,8.2,6.2,-0.4,4.0,350.0,NotYet
25.0,8.2,6.2,-0.4,6.0,0.0,NotYet
25.0,8.2,6.2,-0.4,6.0,10.0,NotYet
25.0,8.2,6.2,-0.4,6.0,20.0,NotYet
25.0,8.2,6.2,-0.4,6.0,30.0,NotYet
25.0,8.2,6.2,-0.4,6.0,40.0,NotYet
25.0,8.2,6.2,-0.4,6.0,50.0,NotYet
25.0,8.2,6.2,-0.4,6.0,60.0,NotYet
25.0,8.2,6.2,-0.4,6.0,70.0,NotYet
25.0,8.2,6.2,-0.4,6.0,80.0,NotYet
25.0,8.2,6.2,-0.4,6.0,90.0,NotYet
25.0,8.2,6.2,-0.4,6.0,100.0,NotYet
25.0,8.2,6.2,-0.4,6.0,110.0,NotYet
25.0,8.2,6.2,-0.4,6.0,120.0,NotYet
25.0,8.2,6.2,-0.4,6.0,130.0,NotYet
25.0,8.2,6.2,-0.4,6.0,140.0,NotYet
25.0,8.2,6.2,-0.4,6.0,150.0,NotYet
25.0,8.2,6.2,-0.4,6.0,160.0,NotYet
25.0,8.2,6.2,-0.4,6.0,170.0,NotYet
25.0,8.2,6.2,-0.4,6.0,180.0,NotYet
25.0,8.2,6.2,-0.4,6.0,190.0,NotYet
25.0,8.2,6.2,-0.4,6.0,200.0,NotYet
25.0,8.2,6.2,-0.4,6.0,210.0,NotYet
25.0,8.2,6.2,-0.4,6.0,220.0,NotYet
25.0,8.2,6.2,-0.4,6.0,230.0,NotYet
25.0,8.2,6.2,-0.4,6.0,240.0,NotYet
25.0,8.2,6.2,-0.4,6.0,250.0,NotYet
25.0,8.2,6.2,-0.4,6.0,260.0,NotYet
25.0,8.2,6.2,-0.4,6.0,270.0,NotYet
25.0,8.2,6.2,-0.4,6.0,280.0,NotYet
25.0,8.2,6.2,-0.4,6.0,290.0,NotYet
25.0,8.2,6.2,-0.4,6.0,300.0,NotYet
25.0,8.2,6.2,-0.4,6.0,310.0,NotYet
25.0,8.2,6.2,-0.4,6.0,320.0,NotYet
25.0,8.2,6.2,-0.4,6.0,330.0,NotYet
25.0,8.2,6.2,-0.4,6.0,340.0,NotYet
25.0,8.2,6.2,-0.4,6.0,350.0,NotYet
25.0,8.2,6.2,-0.4,8.0,0.0,NotYet
25.0,8.2,6.2,-0.4,8.0,10.0,NotYet
25.0,8.2,6.2,-0.4,8.0,20.0,NotYet
25.0,8.2,6.2,-0.4,8.0,30.0,NotYet
25.0,8.2,6.2,-0.4,8.0,40.0,NotYet
25.0,8.2,6.2,-0.4,8.0,50.0,NotYet
25.0,8.2,6.2,-0.4,8.0,60.0,NotYet
25.0,8.2,6.2,-0.4,8.0,70.0,NotYet
25.0,8.2,6.2,-0.4,8.0,80.0,NotYet
25.0,8.2,6.2,-0.4,8.0,90.0,NotYet
25.0,8.2,6.2,-0.4,8.0,100.0,NotYet
25.0,8.2,6.2,-0.4,8.0,110.0,NotYet
25.0,8.2,6.2,-0.4,8.0,120.0,NotYet
25.0,8.2,6.2,-0.4,8.0,130.0,NotYet
25.0,8.2,6.2,-0.4,8.0,140.0,NotYet
25.0,8.2,6.2,-0.4,8.0,150.0,NotYet
25.0,8.2,6.2,-0.4,8.0,160.0,NotYet
25.0,8.2,6.2,-0.4,8.0,170.0,NotYet
25.0,8.2,6.2,-0.4,8.0,180.0,NotYet
25.0,8.2,6.2,-0.4,8.0,190.0,NotYet
25.0,8.2,6.2,-0.4,8.0,200.0,NotYet
25.0,8.2,6.2,-0.4,8.0,210.0,NotYet
25.0,8.2,6.2,-0.4,8.0,220.0,NotYet
25.0,8.2,6.2,-0.4,8.0,230.0,NotYet
25.0,8.2,6.2,-0.4,8.0,240.0,NotYet
25.0,8.2,6.2,-0.4,8.0,250.0,NotYet
25.0,8.2,6.2,-0.4,8.0,260.0,NotYet
25.0,8.2,6.2,-0.4,8.0,270.0,NotYet
25.0,8.2,6.2,-0.4,8.0,280.0,NotYet
25.0,8.2,6.2,-0.4,8.0,290.0,NotYet
25.0,8.2,6.2,-0.4,8.0,300.0,NotYet
25.0,8.2,6.2,-0.4,8.0,310.0,NotYet
25.0,8.2,6.2,-0.4,8.0,320.0,NotYet
25.0,8.2,6.2,-0.4,8.0,330.0,NotYet
25.0,8.2,6.2,-0.4,8.0,340.0,NotYet
25.0,8.2,6.2,-0.4,8.0,350.0,NotYet
25.0,8.2,6.2,-0.4,10.0,0.0,NotYet
25.0,8.2,6.2,-0.4,10.0,10.0,NotYet
25.0,8.2,6.2,-0.4,10.0,20.0,NotYet
25.0,8.2,6.2,-0.4,10.0,30.0,NotYet
25.0,8.2,6.2,-0.4,10.0,40.0,NotYet
25.0,8.2,6.2,-0.4,10.0,50.0,NotYet
25.0,8.2,6.2,-0.4,10.0,60.0,NotYet
25.0,8.2,6.2,-0.4,10.0,70.0,NotYet
25.0,8.2,6.2,-0.4,10.0,80.0,NotYet
25.0,8.2,6.2,-0.4,10.0,90.0,NotYet
25.0,8.2,6.2,-0.4,10.0,100.0,NotYet
25.0,8.2,6.2,-0.4,10.0,110.0,NotYet
25.0,8.2,6.2,-0.4,10.0,120.0,NotYet
25.0,8.2,6.2,-0.4,10.0,130.0,NotYet
25.0,8.2,6.2,-0.4,10.0,140.0,NotYet
25.0,8.2,6.2,-0.4,10.0,150.0,NotYet
25.0,8.2,6.2,-0.4,10.0,160.0,NotYet
25.0,8.2,6.2,-0.4,10.0,170.0,NotYet
25.0,8.2,6.2,-0.4,10.0,180.0,NotYet
25.0,8.2,6.2,-0.4,10.0,190.0,NotYet
25.0,8.2,6.2,-0.4,10.0,200.0,NotYet
25.0,8.2,6.2,-0.4,10.0,210.0,NotYet
25.0,8.2,6.2,-0.4,10.0,220.0,NotYet
25.0,8.2,6.2,-0.4,10.0,230.0,NotYet
25.0,8.2,6.2,-0.4,10.0,240.0,NotYet
25.0,8.2,6.2,-0.4,10.0,250.0,NotYet
25.0,8.2,6.2,-0.4,10.0,260.0,NotYet
25.0,8.2,6.2,-0.4,10.0,270.0,NotYet
25.0,8.2,6.2,-0.4,10.0,280.0,NotYet
25.0,8.2,6.2,-0.4,10.0,290.0,NotYet
25.0,8.2,6.2,-0.4,10.0,300.0,NotYet
25.0,8.2,6.2,-0.4,10.0,310.0,NotYet
25.0,8.2,6.2,-0.4,10.0,320.0,NotYet
25.0,8.2,6.2,-0.4,10.0,330.0,NotYet
25.0,8.2,6.2,-0.4,10.0,340.0,NotYet
25.0,8.2,6.2,-0.4,10.0,350.0,NotYet
25.0,8.2,6.2,-0.4,12.0,0.0,NotYet
25.0,8.2,6.2,-0.4,12.0,10.0,NotYet
25.0,8.2,6.2,-0.4,12.0,20.0,NotYet
25.0,8.2,6.2,-0.4,12.0,30.0,NotYet
25.0,8.2,6.2,-0.4,12.0,40.0,NotYet
25.0,8.2,6.2,-0.4,12.0,50.0,NotYet
25.0,8.2,6.2,-0.4,12.0,60.0,NotYet
25.0,8.2,6.2,-0.4,12.0,70.0,NotYet
25.0,8.2,6.2,-0.4,12.0,80.0,NotYet
25.0,8.2,6.2,-0.4,12.0,90.0,NotYet
25.0,8.2,6.2,-0.4,12.0,100.0,NotYet
25.0,8.2,6.2,-0.4,12.0,110.0,NotYet
25.0,8.2,6.2,-0.4,12.0,120.0,NotYet
25.0,8.2,6.2,-0.4,12.0,130.0,NotYet
25.0,8.2,6.2,-0.4,12.0,140.0,NotYet
25.0,8.2,6.2,-0.4,12.0,150.0,NotYet
25.0,8.2,6.2,-0.4,12.0,160.0,NotYet
25.0,8.2,6.2,-0.4,12.0,170.0,NotYet
25.0,8.2,6.2,-0.4,12.0,180.0,NotYet
25.0,8.2,6.2,-0.4,12.0,190.0,NotYet
25.0,8.2,6.2,-0.4,12.0,200.0,NotYet
25.0,8.2,6.2,-0.4,12.0,210.0,NotYet
25.0,8.2,6.2,-0.4,12.0,220.0,NotYet
25.0,8.2,6.2,-0.4,12.0,230.0,NotYet
25.0,8.2,6.2,-0.4,12.0,240.0,NotYet
25.0,8.2,6.2,-0.4,12.0,250.0,NotYet
25.0,8.2,6.2,-0.4,12.0,260.0,NotYet
25.0,8.2,6.2,-0.4,12.0,270.0,NotYet
25.0,8.2,6.2,-0.4,12.0,280.0,NotYet
25.0,8.2,6.2,-0.4,12.0,290.0,NotYet
25.0,8.2,6.2,-0.4,12.0,300.0,NotYet
25.0,8.2,6.2,-0.4,12.0,310.0,NotYet
25.0,8.2,6.2,-0.4,12.0,320.0,NotYet
25.0,8.2,6.2,-0.4,12.0,330.0,NotYet
25.0,8.2,6.2,-0.4,12.0,340.0,NotYet
25.0,8.2,6.2,-0.4,12.0,350.0,NotYet
25.0,8.2,6.2,-0.4,14.0,0.0,NotYet
25.0,8.2,6.2,-0.4,14.0,10.0,NotYet
25.0,8.2,6.2,-0.4,14.0,20.0,NotYet
25.0,8.2,6.2,-0.4,14.0,30.0,NotYet
25.0,8.2,6.2,-0.4,14.0,40.0,NotYet
25.0,8.2,6.2,-0.4,14.0,50.0,NotYet
25.0,8.2,6.2,-0.4,14.0,60.0,NotYet
25.0,8.2,6.2,-0.4,14.0,70.0,NotYet
25.0,8.2,6.2,-0.4,14.0,80.0,NotYet
25.0,8.2,6.2,-0.4,14.0,90.0,NotYet
25.0,8.2,6.2,-0.4,14.0,100.0,NotYet
25.0,8.2,6.2,-0.4,14.0,110.0,NotYet
25.0,8.2,6.2,-0.4,14.0,120.0,NotYet
25.0,8.2,6.2,-0.4,14.0,130.0,NotYet
25.0,8.2,6.2,-0.4,14.0,140.0,NotYet
25.0,8.2,6.2,-0.4,14.0,150.0,NotYet
25.0,8.2,6.2,-0.4,14.0,160.0,NotYet
25.0,8.2,6.2,-0.4,14.0,170.0,NotYet
25.0,8.2,6.2,-0.4,14.0,180.0,NotYet
25.0,8.2,6.2,-0.4,14.0,190.0,NotYet
25.0,8.2,6.2,-0.4,14.0,200.0,NotYet
25.0,8.2,6.2,-0.4,14.0,210.0,NotYet
25.0,8.2,6.2,-0.4,14.0,220.0,NotYet
25.0,8.2,6.2,-0.4,14.0,230.0,NotYet
25.0,8.2,6.2,-0.4,14.0,240.0,NotYet
25.0,8.2,6.2,-0.4,14.0,250.0,NotYet
25.0,8.2,6.2,-0.4,14.0,260.0,NotYet
25.0,8.2,6.2,-0.4,14.0,270.0,NotYet
25.0,8.2,6.2,-0.4,14.0,280.0,NotYet
25.0,8.2,6.2,-0.4,14.0,290.0,NotYet
25.0,8.2,6.2,-0.4,14.0,300.0,NotYet
25.0,8.2,6.2,-0.4,14.0,310.0,NotYet
25.0,8.2,6.2,-0.4,14.0,320.0,NotYet
25.0,8.2,6.2,-0.4,14.0,330.0,NotYet
25.0,8.2,6.2,-0.4,14.0,340.0,NotYet
25.0,8.2,6.2,-0.4,14.0,350.0,NotYet
25.0,8.2,6.2,-0.2,-14.0,0.0,NotYet
25.0,8.2,6.2,-0.2,-14.0,10.0,NotYet
25.0,8.2,6.2,-0.2,-14.0,20.0,NotYet
25.0,8.2,6.2,-0.2,-14.0,30.0,NotYet
25.0,8.2,6.2,-0.2,-14.0,40.0,NotYet
25.0,8.2,6.2,-0.2,-14.0,50.0,NotYet
25.0,8.2,6.2,-0.2,-14.0,60.0,NotYet
25.0,8.2,6.2,-0.2,-14.0,70.0,NotYet
25.0,8.2,6.2,-0.2,-14.0,80.0,NotYet
25.0,8.2,6.2,-0.2,-14.0,90.0,NotYet
25.0,8.2,6.2,-0.2,-14.0,100.0,NotYet
25.0,8.2,6.2,-0.2,-14.0,110.0,NotYet
25.0,8.2,6.2,-0.2,-14.0,120.0,NotYet
25.0,8.2,6.2,-0.2,-14.0,130.0,NotYet
25.0,8.2,6.2,-0.2,-14.0,140.0,NotYet
25.0,8.2,6.2,-0.2,-14.0,150.0,NotYet
25.0,8.2,6.2,-0.2,-14.0,160.0,NotYet
25.0,8.2,6.2,-0.2,-14.0,170.0,NotYet
25.0,8.2,6.2,-0.2,-14.0,180.0,NotYet
25.0,8.2,6.2,-0.2,-14.0,190.0,NotYet
25.0,8.2,6.2,-0.2,-14.0,200.0,NotYet
25.0,8.2,6.2,-0.2,-14.0,210.0,NotYet
25.0,8.2,6.2,-0.2,-14.0,220.0,NotYet
25.0,8.2,6.2,-0.2,-14.0,230.0,NotYet
25.0,8.2,6.2,-0.2,-14.0,240.0,NotYet
25.0,8.2,6.2,-0.2,-14.0,250.0,NotYet
25.0,8.2,6.2,-0.2,-14.0,260.0,NotYet
25.0,8.2,6.2,-0.2,-14.0,270.0,NotYet
25.0,8.2,6.2,-0.2,-14.0,280.0,NotYet
25.0,8.2,6.2,-0.2,-14.0,290.0,NotYet
25.0,8.2,6.2,-0.2,-14.0,300.0,NotYet
25.0,8.2,6.2,-0.2,-14.0,310.0,NotYet
25.0,8.2,6.2,-0.2,-14.0,320.0,NotYet
25.0,8.2,6.2,-0.2,-14.0,330.0,NotYet
25.0,8.2,6.2,-0.2,-14.0,340.0,NotYet
25.0,8.2,6.2,-0.2,-14.0,350.0,NotYet
25.0,8.2,6.2,-0.2,-12.0,0.0,NotYet
25.0,8.2,6.2,-0.2,-12.0,10.0,NotYet
25.0,8.2,6.2,-0.2,-12.0,20.0,NotYet
25.0,8.2,6.2,-0.2,-12.0,30.0,NotYet
25.0,8.2,6.2,-0.2,-12.0,40.0,NotYet
25.0,8.2,6.2,-0.2,-12.0,50.0,NotYet
25.0,8.2,6.2,-0.2,-12.0,60.0,NotYet
25.0,8.2,6.2,-0.2,-12.0,70.0,NotYet
25.0,8.2,6.2,-0.2,-12.0,80.0,NotYet
25.0,8.2,6.2,-0.2,-12.0,90.0,NotYet
25.0,8.2,6.2,-0.2,-12.0,100.0,NotYet
25.0,8.2,6.2,-0.2,-12.0,110.0,NotYet
25.0,8.2,6.2,-0.2,-12.0,120.0,NotYet
25.0,8.2,6.2,-0.2,-12.0,130.0,NotYet
25.0,8.2,6.2,-0.2,-12.0,140.0,NotYet
25.0,8.2,6.2,-0.2,-12.0,150.0,NotYet
25.0,8.2,6.2,-0.2,-12.0,160.0,NotYet
25.0,8.2,6.2,-0.2,-12.0,170.0,NotYet
25.0,8.2,6.2,-0.2,-12.0,180.0,NotYet
25.0,8.2,6.2,-0.2,-12.0,190.0,NotYet
25.0,8.2,6.2,-0.2,-12.0,200.0,NotYet
25.0,8.2,6.2,-0.2,-12.0,210.0,NotYet
25.0,8.2,6.2,-0.2,-12.0,220.0,NotYet
25.0,8.2,6.2,-0.2,-12.0,230.0,NotYet
25.0,8.2,6.2,-0.2,-12.0,240.0,NotYet
25.0,8.2,6.2,-0.2,-12.0,250.0,NotYet
25.0,8.2,6.2,-0.2,-12.0,260.0,NotYet
25.0,8.2,6.2,-0.2,-12.0,270.0,NotYet
25.0,8.2,6.2,-0.2,-12.0,280.0,NotYet
25.0,8.2,6.2,-0.2,-12.0,290.0,NotYet
25.0,8.2,6.2,-0.2,-12.0,300.0,NotYet
25.0,8.2,6.2,-0.2,-12.0,310.0,NotYet
25.0,8.2,6.2,-0.2,-12.0,320.0,NotYet
25.0,8.2,6.2,-0.2,-12.0,330.0,NotYet
25.0,8.2,6.2,-0.2,-12.0,340.0,NotYet
25.0,8.2,6.2,-0.2,-12.0,350.0,NotYet
25.0,8.2,6.2,-0.2,-10.0,0.0,NotYet
25.0,8.2,6.2,-0.2,-10.0,10.0,NotYet
25.0,8.2,6.2,-0.2,-10.0,20.0,NotYet
25.0,8.2,6.2,-0.2,-10.0,30.0,NotYet
25.0,8.2,6.2,-0.2,-10.0,40.0,NotYet
25.0,8.2,6.2,-0.2,-10.0,50.0,NotYet
25.0,8.2,6.2,-0.2,-10.0,60.0,NotYet
25.0,8.2,6.2,-0.2,-10.0,70.0,NotYet
25.0,8.2,6.2,-0.2,-10.0,80.0,NotYet
25.0,8.2,6.2,-0.2,-10.0,90.0,NotYet
25.0,8.2,6.2,-0.2,-10.0,100.0,NotYet
25.0,8.2,6.2,-0.2,-10.0,110.0,NotYet
25.0,8.2,6.2,-0.2,-10.0,120.0,NotYet
25.0,8.2,6.2,-0.2,-10.0,130.0,NotYet
25.0,8.2,6.2,-0.2,-10.0,140.0,NotYet
25.0,8.2,6.2,-0.2,-10.0,150.0,NotYet
25.0,8.2,6.2,-0.2,-10.0,160.0,NotYet
25.0,8.2,6.2,-0.2,-10.0,170.0,NotYet
25.0,8.2,6.2,-0.2,-10.0,180.0,NotYet
25.0,8.2,6.2,-0.2,-10.0,190.0,NotYet
25.0,8.2,6.2,-0.2,-10.0,200.0,NotYet
25.0,8.2,6.2,-0.2,-10.0,210.0,NotYet
25.0,8.2,6.2,-0.2,-10.0,220.0,NotYet
25.0,8.2,6.2,-0.2,-10.0,230.0,NotYet
25.0,8.2,6.2,-0.2,-10.0,240.0,NotYet
25.0,8.2,6.2,-0.2,-10.0,250.0,NotYet
25.0,8.2,6.2,-0.2,-10.0,260.0,NotYet
25.0,8.2,6.2,-0.2,-10.0,270.0,NotYet
25.0,8.2,6.2,-0.2,-10.0,280.0,NotYet
25.0,8.2,6.2,-0.2,-10.0,290.0,NotYet
25.0,8.2,6.2,-0.2,-10.0,300.0,NotYet
25.0,8.2,6.2,-0.2,-10.0,310.0,NotYet
25.0,8.2,6.2,-0.2,-10.0,320.0,NotYet
25.0,8.2,6.2,-0.2,-10.0,330.0,NotYet
25.0,8.2,6.2,-0.2,-10.0,340.0,NotYet
25.0,8.2,6.2,-0.2,-10.0,350.0,NotYet
25.0,8.2,6.2,-0.2,-8.0,0.0,NotYet
25.0,8.2,6.2,-0.2,-8.0,10.0,NotYet
25.0,8.2,6.2,-0.2,-8.0,20.0,NotYet
25.0,8.2,6.2,-0.2,-8.0,30.0,NotYet
25.0,8.2,6.2,-0.2,-8.0,40.0,NotYet
25.0,8.2,6.2,-0.2,-8.0,50.0,NotYet
25.0,8.2,6.2,-0.2,-8.0,60.0,NotYet
25.0,8.2,6.2,-0.2,-8.0,70.0,NotYet
25.0,8.2,6.2,-0.2,-8.0,80.0,NotYet
25.0,8.2,6.2,-0.2,-8.0,90.0,NotYet
25.0,8.2,6.2,-0.2,-8.0,100.0,NotYet
25.0,8.2,6.2,-0.2,-8.0,110.0,NotYet
25.0,8.2,6.2,-0.2,-8.0,120.0,NotYet
25.0,8.2,6.2,-0.2,-8.0,130.0,NotYet
25.0,8.2,6.2,-0.2,-8.0,140.0,NotYet
25.0,8.2,6.2,-0.2,-8.0,150.0,NotYet
25.0,8.2,6.2,-0.2,-8.0,160.0,NotYet
25.0,8.2,6.2,-0.2,-8.0,170.0,NotYet
25.0,8.2,6.2,-0.2,-8.0,180.0,NotYet
25.0,8.2,6.2,-0.2,-8.0,190.0,NotYet
25.0,8.2,6.2,-0.2,-8.0,200.0,NotYet
25.0,8.2,6.2,-0.2,-8.0,210.0,NotYet
25.0,8.2,6.2,-0.2,-8.0,220.0,NotYet
25.0,8.2,6.2,-0.2,-8.0,230.0,NotYet
25.0,8.2,6.2,-0.2,-8.0,240.0,NotYet
25.0,8.2,6.2,-0.2,-8.0,250.0,NotYet
25.0,8.2,6.2,-0.2,-8.0,260.0,NotYet
25.0,8.2,6.2,-0.2,-8.0,270.0,NotYet
25.0,8.2,6.2,-0.2,-8.0,280.0,NotYet
25.0,8.2,6.2,-0.2,-8.0,290.0,NotYet
25.0,8.2,6.2,-0.2,-8.0,300.0,NotYet
25.0,8.2,6.2,-0.2,-8.0,310.0,NotYet
25.0,8.2,6.2,-0.2,-8.0,320.0,NotYet
25.0,8.2,6.2,-0.2,-8.0,330.0,NotYet
25.0,8.2,6.2,-0.2,-8.0,340.0,NotYet
25.0,8.2,6.2,-0.2,-8.0,350.0,NotYet
25.0,8.2,6.2,-0.2,-6.0,0.0,NotYet
25.0,8.2,6.2,-0.2,-6.0,10.0,NotYet
25.0,8.2,6.2,-0.2,-6.0,20.0,NotYet
25.0,8.2,6.2,-0.2,-6.0,30.0,NotYet
25.0,8.2,6.2,-0.2,-6.0,40.0,NotYet
25.0,8.2,6.2,-0.2,-6.0,50.0,NotYet
25.0,8.2,6.2,-0.2,-6.0,60.0,NotYet
25.0,8.2,6.2,-0.2,-6.0,70.0,NotYet
25.0,8.2,6.2,-0.2,-6.0,80.0,NotYet
25.0,8.2,6.2,-0.2,-6.0,90.0,NotYet
25.0,8.2,6.2,-0.2,-6.0,100.0,NotYet
25.0,8.2,6.2,-0.2,-6.0,110.0,NotYet
25.0,8.2,6.2,-0.2,-6.0,120.0,NotYet
25.0,8.2,6.2,-0.2,-6.0,130.0,NotYet
25.0,8.2,6.2,-0.2,-6.0,140.0,NotYet
25.0,8.2,6.2,-0.2,-6.0,150.0,NotYet
25.0,8.2,6.2,-0.2,-6.0,160.0,NotYet
25.0,8.2,6.2,-0.2,-6.0,170.0,NotYet
25.0,8.2,6.2,-0.2,-6.0,180.0,NotYet
25.0,8.2,6.2,-0.2,-6.0,190.0,NotYet
25.0,8.2,6.2,-0.2,-6.0,200.0,NotYet
25.0,8.2,6.2,-0.2,-6.0,210.0,NotYet
25.0,8.2,6.2,-0.2,-6.0,220.0,NotYet
25.0,8.2,6.2,-0.2,-6.0,230.0,NotYet
25.0,8.2,6.2,-0.2,-6.0,240.0,NotYet
25.0,8.2,6.2,-0.2,-6.0,250.0,NotYet
25.0,8.2,6.2,-0.2,-6.0,260.0,NotYet
25.0,8.2,6.2,-0.2,-6.0,270.0,NotYet
25.0,8.2,6.2,-0.2,-6.0,280.0,NotYet
25.0,8.2,6.2,-0.2,-6.0,290.0,NotYet
25.0,8.2,6.2,-0.2,-6.0,300.0,NotYet
25.0,8.2,6.2,-0.2,-6.0,310.0,NotYet
25.0,8.2,6.2,-0.2,-6.0,320.0,NotYet
25.0,8.2,6.2,-0.2,-6.0,330.0,NotYet
25.0,8.2,6.2,-0.2,-6.0,340.0,NotYet
25.0,8.2,6.2,-0.2,-6.0,350.0,NotYet
25.0,8.2,6.2,-0.2,-4.0,0.0,NotYet
25.0,8.2,6.2,-0.2,-4.0,10.0,NotYet
25.0,8.2,6.2,-0.2,-4.0,20.0,NotYet
25.0,8.2,6.2,-0.2,-4.0,30.0,NotYet
25.0,8.2,6.2,-0.2,-4.0,40.0,NotYet
25.0,8.2,6.2,-0.2,-4.0,50.0,NotYet
25.0,8.2,6.2,-0.2,-4.0,60.0,NotYet
25.0,8.2,6.2,-0.2,-4.0,70.0,NotYet
25.0,8.2,6.2,-0.2,-4.0,80.0,NotYet
25.0,8.2,6.2,-0.2,-4.0,90.0,NotYet
25.0,8.2,6.2,-0.2,-4.0,100.0,NotYet
25.0,8.2,6.2,-0.2,-4.0,110.0,NotYet
25.0,8.2,6.2,-0.2,-4.0,120.0,NotYet
25.0,8.2,6.2,-0.2,-4.0,130.0,NotYet
25.0,8.2,6.2,-0.2,-4.0,140.0,NotYet
25.0,8.2,6.2,-0.2,-4.0,150.0,NotYet
25.0,8.2,6.2,-0.2,-4.0,160.0,NotYet
25.0,8.2,6.2,-0.2,-4.0,170.0,NotYet
25.0,8.2,6.2,-0.2,-4.0,180.0,NotYet
25.0,8.2,6.2,-0.2,-4.0,190.0,NotYet
25.0,8.2,6.2,-0.2,-4.0,200.0,NotYet
25.0,8.2,6.2,-0.2,-4.0,210.0,NotYet
25.0,8.2,6.2,-0.2,-4.0,220.0,NotYet
25.0,8.2,6.2,-0.2,-4.0,230.0,NotYet
25.0,8.2,6.2,-0.2,-4.0,240.0,NotYet
25.0,8.2,6.2,-0.2,-4.0,250.0,NotYet
25.0,8.2,6.2,-0.2,-4.0,260.0,NotYet
25.0,8.2,6.2,-0.2,-4.0,270.0,NotYet
25.0,8.2,6.2,-0.2,-4.0,280.0,NotYet
25.0,8.2,6.2,-0.2,-4.0,290.0,NotYet
25.0,8.2,6.2,-0.2,-4.0,300.0,NotYet
25.0,8.2,6.2,-0.2,-4.0,310.0,NotYet
25.0,8.2,6.2,-0.2,-4.0,320.0,NotYet
25.0,8.2,6.2,-0.2,-4.0,330.0,NotYet
25.0,8.2,6.2,-0.2,-4.0,340.0,NotYet
25.0,8.2,6.2,-0.2,-4.0,350.0,NotYet
25.0,8.2,6.2,-0.2,-2.0,0.0,NotYet
25.0,8.2,6.2,-0.2,-2.0,10.0,NotYet
25.0,8.2,6.2,-0.2,-2.0,20.0,NotYet
25.0,8.2,6.2,-0.2,-2.0,30.0,NotYet
25.0,8.2,6.2,-0.2,-2.0,40.0,NotYet
25.0,8.2,6.2,-0.2,-2.0,50.0,NotYet
25.0,8.2,6.2,-0.2,-2.0,60.0,NotYet
25.0,8.2,6.2,-0.2,-2.0,70.0,NotYet
25.0,8.2,6.2,-0.2,-2.0,80.0,NotYet
25.0,8.2,6.2,-0.2,-2.0,90.0,NotYet
25.0,8.2,6.2,-0.2,-2.0,100.0,NotYet
25.0,8.2,6.2,-0.2,-2.0,110.0,NotYet
25.0,8.2,6.2,-0.2,-2.0,120.0,NotYet
25.0,8.2,6.2,-0.2,-2.0,130.0,NotYet
25.0,8.2,6.2,-0.2,-2.0,140.0,NotYet
25.0,8.2,6.2,-0.2,-2.0,150.0,NotYet
25.0,8.2,6.2,-0.2,-2.0,160.0,NotYet
25.0,8.2,6.2,-0.2,-2.0,170.0,NotYet
25.0,8.2,6.2,-0.2,-2.0,180.0,NotYet
25.0,8.2,6.2,-0.2,-2.0,190.0,NotYet
25.0,8.2,6.2,-0.2,-2.0,200.0,NotYet
25.0,8.2,6.2,-0.2,-2.0,210.0,NotYet
25.0,8.2,6.2,-0.2,-2.0,220.0,NotYet
25.0,8.2,6.2,-0.2,-2.0,230.0,NotYet
25.0,8.2,6.2,-0.2,-2.0,240.0,NotYet
25.0,8.2,6.2,-0.2,-2.0,250.0,NotYet
25.0,8.2,6.2,-0.2,-2.0,260.0,NotYet
25.0,8.2,6.2,-0.2,-2.0,270.0,NotYet
25.0,8.2,6.2,-0.2,-2.0,280.0,NotYet
25.0,8.2,6.2,-0.2,-2.0,290.0,NotYet
25.0,8.2,6.2,-0.2,-2.0,300.0,NotYet
25.0,8.2,6.2,-0.2,-2.0,310.0,NotYet
25.0,8.2,6.2,-0.2,-2.0,320.0,NotYet
25.0,8.2,6.2,-0.2,-2.0,330.0,NotYet
25.0,8.2,6.2,-0.2,-2.0,340.0,NotYet
25.0,8.2,6.2,-0.2,-2.0,350.0,NotYet
25.0,8.2,6.2,-0.2,0.0,0.0,NotYet
25.0,8.2,6.2,-0.2,0.0,10.0,NotYet
25.0,8.2,6.2,-0.2,0.0,20.0,NotYet
25.0,8.2,6.2,-0.2,0.0,30.0,NotYet
25.0,8.2,6.2,-0.2,0.0,40.0,NotYet
25.0,8.2,6.2,-0.2,0.0,50.0,NotYet
25.0,8.2,6.2,-0.2,0.0,60.0,NotYet
25.0,8.2,6.2,-0.2,0.0,70.0,NotYet
25.0,8.2,6.2,-0.2,0.0,80.0,NotYet
25.0,8.2,6.2,-0.2,0.0,90.0,NotYet
25.0,8.2,6.2,-0.2,0.0,100.0,NotYet
25.0,8.2,6.2,-0.2,0.0,110.0,NotYet
25.0,8.2,6.2,-0.2,0.0,120.0,NotYet
25.0,8.2,6.2,-0.2,0.0,130.0,NotYet
25.0,8.2,6.2,-0.2,0.0,140.0,NotYet
25.0,8.2,6.2,-0.2,0.0,150.0,NotYet
25.0,8.2,6.2,-0.2,0.0,160.0,NotYet
25.0,8.2,6.2,-0.2,0.0,170.0,NotYet
25.0,8.2,6.2,-0.2,0.0,180.0,NotYet
25.0,8.2,6.2,-0.2,0.0,190.0,NotYet
25.0,8.2,6.2,-0.2,0.0,200.0,NotYet
25.0,8.2,6.2,-0.2,0.0,210.0,NotYet
25.0,8.2,6.2,-0.2,0.0,220.0,NotYet
25.0,8.2,6.2,-0.2,0.0,230.0,NotYet
25.0,8.2,6.2,-0.2,0.0,240.0,NotYet
25.0,8.2,6.2,-0.2,0.0,250.0,NotYet
25.0,8.2,6.2,-0.2,0.0,260.0,NotYet
25.0,8.2,6.2,-0.2,0.0,270.0,NotYet
25.0,8.2,6.2,-0.2,0.0,280.0,NotYet
25.0,8.2,6.2,-0.2,0.0,290.0,NotYet
25.0,8.2,6.2,-0.2,0.0,300.0,NotYet
25.0,8.2,6.2,-0.2,0.0,310.0,NotYet
25.0,8.2,6.2,-0.2,0.0,320.0,NotYet
25.0,8.2,6.2,-0.2,0.0,330.0,NotYet
25.0,8.2,6.2,-0.2,0.0,340.0,NotYet
25.0,8.2,6.2,-0.2,0.0,350.0,NotYet
25.0,8.2,6.2,-0.2,2.0,0.0,NotYet
25.0,8.2,6.2,-0.2,2.0,10.0,NotYet
25.0,8.2,6.2,-0.2,2.0,20.0,NotYet
25.0,8.2,6.2,-0.2,2.0,30.0,NotYet
25.0,8.2,6.2,-0.2,2.0,40.0,NotYet
25.0,8.2,6.2,-0.2,2.0,50.0,NotYet
25.0,8.2,6.2,-0.2,2.0,60.0,NotYet
25.0,8.2,6.2,-0.2,2.0,70.0,NotYet
25.0,8.2,6.2,-0.2,2.0,80.0,NotYet
25.0,8.2,6.2,-0.2,2.0,90.0,NotYet
25.0,8.2,6.2,-0.2,2.0,100.0,NotYet
25.0,8.2,6.2,-0.2,2.0,110.0,NotYet
25.0,8.2,6.2,-0.2,2.0,120.0,NotYet
25.0,8.2,6.2,-0.2,2.0,130.0,NotYet
25.0,8.2,6.2,-0.2,2.0,140.0,NotYet
25.0,8.2,6.2,-0.2,2.0,150.0,NotYet
25.0,8.2,6.2,-0.2,2.0,160.0,NotYet
25.0,8.2,6.2,-0.2,2.0,170.0,NotYet
25.0,8.2,6.2,-0.2,2.0,180.0,NotYet
25.0,8.2,6.2,-0.2,2.0,190.0,NotYet
25.0,8.2,6.2,-0.2,2.0,200.0,NotYet
25.0,8.2,6.2,-0.2,2.0,210.0,NotYet
25.0,8.2,6.2,-0.2,2.0,220.0,NotYet
25.0,8.2,6.2,-0.2,2.0,230.0,NotYet
25.0,8.2,6.2,-0.2,2.0,240.0,NotYet
25.0,8.2,6.2,-0.2,2.0,250.0,NotYet
25.0,8.2,6.2,-0.2,2.0,260.0,NotYet
25.0,8.2,6.2,-0.2,2.0,270.0,NotYet
25.0,8.2,6.2,-0.2,2.0,280.0,NotYet
25.0,8.2,6.2,-0.2,2.0,290.0,NotYet
25.0,8.2,6.2,-0.2,2.0,300.0,NotYet
25.0,8.2,6.2,-0.2,2.0,310.0,NotYet
25.0,8.2,6.2,-0.2,2.0,320.0,NotYet
25.0,8.2,6.2,-0.2,2.0,330.0,NotYet
25.0,8.2,6.2,-0.2,2.0,340.0,NotYet
25.0,8.2,6.2,-0.2,2.0,350.0,NotYet
25.0,8.2,6.2,-0.2,4.0,0.0,NotYet
25.0,8.2,6.2,-0.2,4.0,10.0,NotYet
25.0,8.2,6.2,-0.2,4.0,20.0,NotYet
25.0,8.2,6.2,-0.2,4.0,30.0,NotYet
25.0,8.2,6.2,-0.2,4.0,40.0,NotYet
25.0,8.2,6.2,-0.2,4.0,50.0,NotYet
25.0,8.2,6.2,-0.2,4.0,60.0,NotYet
25.0,8.2,6.2,-0.2,4.0,70.0,NotYet
25.0,8.2,6.2,-0.2,4.0,80.0,NotYet
25.0,8.2,6.2,-0.2,4.0,90.0,NotYet
25.0,8.2,6.2,-0.2,4.0,100.0,NotYet
25.0,8.2,6.2,-0.2,4.0,110.0,NotYet
25.0,8.2,6.2,-0.2,4.0,120.0,NotYet
25.0,8.2,6.2,-0.2,4.0,130.0,NotYet
25.0,8.2,6.2,-0.2,4.0,140.0,NotYet
25.0,8.2,6.2,-0.2,4.0,150.0,NotYet
25.0,8.2,6.2,-0.2,4.0,160.0,NotYet
25.0,8.2,6.2,-0.2,4.0,170.0,NotYet
25.0,8.2,6.2,-0.2,4.0,180.0,NotYet
25.0,8.2,6.2,-0.2,4.0,190.0,NotYet
25.0,8.2,6.2,-0.2,4.0,200.0,NotYet
25.0,8.2,6.2,-0.2,4.0,210.0,NotYet
25.0,8.2,6.2,-0.2,4.0,220.0,NotYet
25.0,8.2,6.2,-0.2,4.0,230.0,NotYet
25.0,8.2,6.2,-0.2,4.0,240.0,NotYet
25.0,8.2,6.2,-0.2,4.0,250.0,NotYet
25.0,8.2,6.2,-0.2,4.0,260.0,NotYet
25.0,8.2,6.2,-0.2,4.0,270.0,NotYet
25.0,8.2,6.2,-0.2,4.0,280.0,NotYet
25.0,8.2,6.2,-0.2,4.0,290.0,NotYet
25.0,8.2,6.2,-0.2,4.0,300.0,NotYet
25.0,8.2,6.2,-0.2,4.0,310.0,NotYet
25.0,8.2,6.2,-0.2,4.0,320.0,NotYet
25.0,8.2,6.2,-0.2,4.0,330.0,NotYet
25.0,8.2,6.2,-0.2,4.0,340.0,NotYet
25.0,8.2,6.2,-0.2,4.0,350.0,NotYet
25.0,8.2,6.2,-0.2,6.0,0.0,NotYet
25.0,8.2,6.2,-0.2,6.0,10.0,NotYet
25.0,8.2,6.2,-0.2,6.0,20.0,NotYet
25.0,8.2,6.2,-0.2,6.0,30.0,NotYet
25.0,8.2,6.2,-0.2,6.0,40.0,NotYet
25.0,8.2,6.2,-0.2,6.0,50.0,NotYet
25.0,8.2,6.2,-0.2,6.0,60.0,NotYet
25.0,8.2,6.2,-0.2,6.0,70.0,NotYet
25.0,8.2,6.2,-0.2,6.0,80.0,NotYet
25.0,8.2,6.2,-0.2,6.0,90.0,NotYet
25.0,8.2,6.2,-0.2,6.0,100.0,NotYet
25.0,8.2,6.2,-0.2,6.0,110.0,NotYet
25.0,8.2,6.2,-0.2,6.0,120.0,NotYet
25.0,8.2,6.2,-0.2,6.0,130.0,NotYet
25.0,8.2,6.2,-0.2,6.0,140.0,NotYet
25.0,8.2,6.2,-0.2,6.0,150.0,NotYet
25.0,8.2,6.2,-0.2,6.0,160.0,NotYet
25.0,8.2,6.2,-0.2,6.0,170.0,NotYet
25.0,8.2,6.2,-0.2,6.0,180.0,NotYet
25.0,8.2,6.2,-0.2,6.0,190.0,NotYet
25.0,8.2,6.2,-0.2,6.0,200.0,NotYet
25.0,8.2,6.2,-0.2,6.0,210.0,NotYet
25.0,8.2,6.2,-0.2,6.0,220.0,NotYet
25.0,8.2,6.2,-0.2,6.0,230.0,NotYet
25.0,8.2,6.2,-0.2,6.0,240.0,NotYet
25.0,8.2,6.2,-0.2,6.0,250.0,NotYet
25.0,8.2,6.2,-0.2,6.0,260.0,NotYet
25.0,8.2,6.2,-0.2,6.0,270.0,NotYet
25.0,8.2,6.2,-0.2,6.0,280.0,NotYet
25.0,8.2,6.2,-0.2,6.0,290.0,NotYet
25.0,8.2,6.2,-0.2,6.0,300.0,NotYet
25.0,8.2,6.2,-0.2,6.0,310.0,NotYet
25.0,8.2,6.2,-0.2,6.0,320.0,NotYet
25.0,8.2,6.2,-0.2,6.0,330.0,NotYet
25.0,8.2,6.2,-0.2,6.0,340.0,NotYet
25.0,8.2,6.2,-0.2,6.0,350.0,NotYet
25.0,8.2,6.2,-0.2,8.0,0.0,NotYet
25.0,8.2,6.2,-0.2,8.0,10.0,NotYet
25.0,8.2,6.2,-0.2,8.0,20.0,NotYet
25.0,8.2,6.2,-0.2,8.0,30.0,NotYet
25.0,8.2,6.2,-0.2,8.0,40.0,NotYet
25.0,8.2,6.2,-0.2,8.0,50.0,NotYet
25.0,8.2,6.2,-0.2,8.0,60.0,NotYet
25.0,8.2,6.2,-0.2,8.0,70.0,NotYet
25.0,8.2,6.2,-0.2,8.0,80.0,NotYet
25.0,8.2,6.2,-0.2,8.0,90.0,NotYet
25.0,8.2,6.2,-0.2,8.0,100.0,NotYet
25.0,8.2,6.2,-0.2,8.0,110.0,NotYet
25.0,8.2,6.2,-0.2,8.0,120.0,NotYet
25.0,8.2,6.2,-0.2,8.0,130.0,NotYet
25.0,8.2,6.2,-0.2,8.0,140.0,NotYet
25.0,8.2,6.2,-0.2,8.0,150.0,NotYet
25.0,8.2,6.2,-0.2,8.0,160.0,NotYet
25.0,8.2,6.2,-0.2,8.0,170.0,NotYet
25.0,8.2,6.2,-0.2,8.0,180.0,NotYet
25.0,8.2,6.2,-0.2,8.0,190.0,NotYet
25.0,8.2,6.2,-0.2,8.0,200.0,NotYet
25.0,8.2,6.2,-0.2,8.0,210.0,NotYet
25.0,8.2,6.2,-0.2,8.0,220.0,NotYet
25.0,8.2,6.2,-0.2,8.0,230.0,NotYet
25.0,8.2,6.2,-0.2,8.0,240.0,NotYet
25.0,8.2,6.2,-0.2,8.0,250.0,NotYet
25.0,8.2,6.2,-0.2,8.0,260.0,NotYet
25.0,8.2,6.2,-0.2,8.0,270.0,NotYet
25.0,8.2,6.2,-0.2,8.0,280.0,NotYet
25.0,8.2,6.2,-0.2,8.0,290.0,NotYet
25.0,8.2,6.2,-0.2,8.0,300.0,NotYet
25.0,8.2,6.2,-0.2,8.0,310.0,NotYet
25.0,8.2,6.2,-0.2,8.0,320.0,NotYet
25.0,8.2,6.2,-0.2,8.0,330.0,NotYet
25.0,8.2,6.2,-0.2,8.0,340.0,NotYet
25.0,8.2,6.2,-0.2,8.0,350.0,NotYet
25.0,8.2,6.2,-0.2,10.0,0.0,NotYet
25.0,8.2,6.2,-0.2,10.0,10.0,NotYet
25.0,8.2,6.2,-0.2,10.0,20.0,NotYet
25.0,8.2,6.2,-0.2,10.0,30.0,NotYet
25.0,8.2,6.2,-0.2,10.0,40.0,NotYet
25.0,8.2,6.2,-0.2,10.0,50.0,NotYet
25.0,8.2,6.2,-0.2,10.0,60.0,NotYet
25.0,8.2,6.2,-0.2,10.0,70.0,NotYet
25.0,8.2,6.2,-0.2,10.0,80.0,NotYet
25.0,8.2,6.2,-0.2,10.0,90.0,NotYet
25.0,8.2,6.2,-0.2,10.0,100.0,NotYet
25.0,8.2,6.2,-0.2,10.0,110.0,NotYet
25.0,8.2,6.2,-0.2,10.0,120.0,NotYet
25.0,8.2,6.2,-0.2,10.0,130.0,NotYet
25.0,8.2,6.2,-0.2,10.0,140.0,NotYet
25.0,8.2,6.2,-0.2,10.0,150.0,NotYet
25.0,8.2,6.2,-0.2,10.0,160.0,NotYet
25.0,8.2,6.2,-0.2,10.0,170.0,NotYet
25.0,8.2,6.2,-0.2,10.0,180.0,NotYet
25.0,8.2,6.2,-0.2,10.0,190.0,NotYet
25.0,8.2,6.2,-0.2,10.0,200.0,NotYet
25.0,8.2,6.2,-0.2,10.0,210.0,NotYet
25.0,8.2,6.2,-0.2,10.0,220.0,NotYet
25.0,8.2,6.2,-0.2,10.0,230.0,NotYet
25.0,8.2,6.2,-0.2,10.0,240.0,NotYet
25.0,8.2,6.2,-0.2,10.0,250.0,NotYet
25.0,8.2,6.2,-0.2,10.0,260.0,NotYet
25.0,8.2,6.2,-0.2,10.0,270.0,NotYet
25.0,8.2,6.2,-0.2,10.0,280.0,NotYet
25.0,8.2,6.2,-0.2,10.0,290.0,NotYet
25.0,8.2,6.2,-0.2,10.0,300.0,NotYet
25.0,8.2,6.2,-0.2,10.0,310.0,NotYet
25.0,8.2,6.2,-0.2,10.0,320.0,NotYet
25.0,8.2,6.2,-0.2,10.0,330.0,NotYet
25.0,8.2,6.2,-0.2,10.0,340.0,NotYet
25.0,8.2,6.2,-0.2,10.0,350.0,NotYet
25.0,8.2,6.2,-0.2,12.0,0.0,NotYet
25.0,8.2,6.2,-0.2,12.0,10.0,NotYet
25.0,8.2,6.2,-0.2,12.0,20.0,NotYet
25.0,8.2,6.2,-0.2,12.0,30.0,NotYet
25.0,8.2,6.2,-0.2,12.0,40.0,NotYet
25.0,8.2,6.2,-0.2,12.0,50.0,NotYet
25.0,8.2,6.2,-0.2,12.0,60.0,NotYet
25.0,8.2,6.2,-0.2,12.0,70.0,NotYet
25.0,8.2,6.2,-0.2,12.0,80.0,NotYet
25.0,8.2,6.2,-0.2,12.0,90.0,NotYet
25.0,8.2,6.2,-0.2,12.0,100.0,NotYet
25.0,8.2,6.2,-0.2,12.0,110.0,NotYet
25.0,8.2,6.2,-0.2,12.0,120.0,NotYet
25.0,8.2,6.2,-0.2,12.0,130.0,NotYet
25.0,8.2,6.2,-0.2,12.0,140.0,NotYet
25.0,8.2,6.2,-0.2,12.0,150.0,NotYet
25.0,8.2,6.2,-0.2,12.0,160.0,NotYet
25.0,8.2,6.2,-0.2,12.0,170.0,NotYet
25.0,8.2,6.2,-0.2,12.0,180.0,NotYet
25.0,8.2,6.2,-0.2,12.0,190.0,NotYet
25.0,8.2,6.2,-0.2,12.0,200.0,NotYet
25.0,8.2,6.2,-0.2,12.0,210.0,NotYet
25.0,8.2,6.2,-0.2,12.0,220.0,NotYet
25.0,8.2,6.2,-0.2,12.0,230.0,NotYet
25.0,8.2,6.2,-0.2,12.0,240.0,NotYet
25.0,8.2,6.2,-0.2,12.0,250.0,NotYet
25.0,8.2,6.2,-0.2,12.0,260.0,NotYet
25.0,8.2,6.2,-0.2,12.0,270.0,NotYet
25.0,8.2,6.2,-0.2,12.0,280.0,NotYet
25.0,8.2,6.2,-0.2,12.0,290.0,NotYet
25.0,8.2,6.2,-0.2,12.0,300.0,NotYet
25.0,8.2,6.2,-0.2,12.0,310.0,NotYet
25.0,8.2,6.2,-0.2,12.0,320.0,NotYet
25.0,8.2,6.2,-0.2,12.0,330.0,NotYet
25.0,8.2,6.2,-0.2,12.0,340.0,NotYet
25.0,8.2,6.2,-0.2,12.0,350.0,NotYet
25.0,8.2,6.2,-0.2,14.0,0.0,NotYet
25.0,8.2,6.2,-0.2,14.0,10.0,NotYet
25.0,8.2,6.2,-0.2,14.0,20.0,NotYet
25.0,8.2,6.2,-0.2,14.0,30.0,NotYet
25.0,8.2,6.2,-0.2,14.0,40.0,NotYet
25.0,8.2,6.2,-0.2,14.0,50.0,NotYet
25.0,8.2,6.2,-0.2,14.0,60.0,NotYet
25.0,8.2,6.2,-0.2,14.0,70.0,NotYet
25.0,8.2,6.2,-0.2,14.0,80.0,NotYet
25.0,8.2,6.2,-0.2,14.0,90.0,NotYet
25.0,8.2,6.2,-0.2,14.0,100.0,NotYet
25.0,8.2,6.2,-0.2,14.0,110.0,NotYet
25.0,8.2,6.2,-0.2,14.0,120.0,NotYet
25.0,8.2,6.2,-0.2,14.0,130.0,NotYet
25.0,8.2,6.2,-0.2,14.0,140.0,NotYet
25.0,8.2,6.2,-0.2,14.0,150.0,NotYet
25.0,8.2,6.2,-0.2,14.0,160.0,NotYet
25.0,8.2,6.2,-0.2,14.0,170.0,NotYet
25.0,8.2,6.2,-0.2,14.0,180.0,NotYet
25.0,8.2,6.2,-0.2,14.0,190.0,NotYet
25.0,8.2,6.2,-0.2,14.0,200.0,NotYet
25.0,8.2,6.2,-0.2,14.0,210.0,NotYet
25.0,8.2,6.2,-0.2,14.0,220.0,NotYet
25.0,8.2,6.2,-0.2,14.0,230.0,NotYet
25.0,8.2,6.2,-0.2,14.0,240.0,NotYet
25.0,8.2,6.2,-0.2,14.0,250.0,NotYet
25.0,8.2,6.2,-0.2,14.0,260.0,NotYet
25.0,8.2,6.2,-0.2,14.0,270.0,NotYet
25.0,8.2,6.2,-0.2,14.0,280.0,NotYet
25.0,8.2,6.2,-0.2,14.0,290.0,NotYet
25.0,8.2,6.2,-0.2,14.0,300.0,NotYet
25.0,8.2,6.2,-0.2,14.0,310.0,NotYet
25.0,8.2,6.2,-0.2,14.0,320.0,NotYet
25.0,8.2,6.2,-0.2,14.0,330.0,NotYet
25.0,8.2,6.2,-0.2,14.0,340.0,NotYet
25.0,8.2,6.2,-0.2,14.0,350.0,NotYet
25.0,8.2,6.2,0.0,-14.0,0.0,NotYet
25.0,8.2,6.2,0.0,-14.0,10.0,NotYet
25.0,8.2,6.2,0.0,-14.0,20.0,NotYet
25.0,8.2,6.2,0.0,-14.0,30.0,NotYet
25.0,8.2,6.2,0.0,-14.0,40.0,NotYet
25.0,8.2,6.2,0.0,-14.0,50.0,NotYet
25.0,8.2,6.2,0.0,-14.0,60.0,NotYet
25.0,8.2,6.2,0.0,-14.0,70.0,NotYet
25.0,8.2,6.2,0.0,-14.0,80.0,NotYet
25.0,8.2,6.2,0.0,-14.0,90.0,NotYet
25.0,8.2,6.2,0.0,-14.0,100.0,NotYet
25.0,8.2,6.2,0.0,-14.0,110.0,NotYet
25.0,8.2,6.2,0.0,-14.0,120.0,NotYet
25.0,8.2,6.2,0.0,-14.0,130.0,NotYet
25.0,8.2,6.2,0.0,-14.0,140.0,NotYet
25.0,8.2,6.2,0.0,-14.0,150.0,NotYet
25.0,8.2,6.2,0.0,-14.0,160.0,NotYet
25.0,8.2,6.2,0.0,-14.0,170.0,NotYet
25.0,8.2,6.2,0.0,-14.0,180.0,NotYet
25.0,8.2,6.2,0.0,-14.0,190.0,NotYet
25.0,8.2,6.2,0.0,-14.0,200.0,NotYet
25.0,8.2,6.2,0.0,-14.0,210.0,NotYet
25.0,8.2,6.2,0.0,-14.0,220.0,NotYet
25.0,8.2,6.2,0.0,-14.0,230.0,NotYet
25.0,8.2,6.2,0.0,-14.0,240.0,NotYet
25.0,8.2,6.2,0.0,-14.0,250.0,NotYet
25.0,8.2,6.2,0.0,-14.0,260.0,NotYet
25.0,8.2,6.2,0.0,-14.0,270.0,NotYet
25.0,8.2,6.2,0.0,-14.0,280.0,NotYet
25.0,8.2,6.2,0.0,-14.0,290.0,NotYet
25.0,8.2,6.2,0.0,-14.0,300.0,NotYet
25.0,8.2,6.2,0.0,-14.0,310.0,NotYet
25.0,8.2,6.2,0.0,-14.0,320.0,NotYet
25.0,8.2,6.2,0.0,-14.0,330.0,NotYet
25.0,8.2,6.2,0.0,-14.0,340.0,NotYet
25.0,8.2,6.2,0.0,-14.0,350.0,NotYet
25.0,8.2,6.2,0.0,-12.0,0.0,NotYet
25.0,8.2,6.2,0.0,-12.0,10.0,NotYet
25.0,8.2,6.2,0.0,-12.0,20.0,NotYet
25.0,8.2,6.2,0.0,-12.0,30.0,NotYet
25.0,8.2,6.2,0.0,-12.0,40.0,NotYet
25.0,8.2,6.2,0.0,-12.0,50.0,NotYet
25.0,8.2,6.2,0.0,-12.0,60.0,NotYet
25.0,8.2,6.2,0.0,-12.0,70.0,NotYet
25.0,8.2,6.2,0.0,-12.0,80.0,NotYet
25.0,8.2,6.2,0.0,-12.0,90.0,NotYet
25.0,8.2,6.2,0.0,-12.0,100.0,NotYet
25.0,8.2,6.2,0.0,-12.0,110.0,NotYet
25.0,8.2,6.2,0.0,-12.0,120.0,NotYet
25.0,8.2,6.2,0.0,-12.0,130.0,NotYet
25.0,8.2,6.2,0.0,-12.0,140.0,NotYet
25.0,8.2,6.2,0.0,-12.0,150.0,NotYet
25.0,8.2,6.2,0.0,-12.0,160.0,NotYet
25.0,8.2,6.2,0.0,-12.0,170.0,NotYet
25.0,8.2,6.2,0.0,-12.0,180.0,NotYet
25.0,8.2,6.2,0.0,-12.0,190.0,NotYet
25.0,8.2,6.2,0.0,-12.0,200.0,NotYet
25.0,8.2,6.2,0.0,-12.0,210.0,NotYet
25.0,8.2,6.2,0.0,-12.0,220.0,NotYet
25.0,8.2,6.2,0.0,-12.0,230.0,NotYet
25.0,8.2,6.2,0.0,-12.0,240.0,NotYet
25.0,8.2,6.2,0.0,-12.0,250.0,NotYet
25.0,8.2,6.2,0.0,-12.0,260.0,NotYet
25.0,8.2,6.2,0.0,-12.0,270.0,NotYet
25.0,8.2,6.2,0.0,-12.0,280.0,NotYet
25.0,8.2,6.2,0.0,-12.0,290.0,NotYet
25.0,8.2,6.2,0.0,-12.0,300.0,NotYet
25.0,8.2,6.2,0.0,-12.0,310.0,NotYet
25.0,8.2,6.2,0.0,-12.0,320.0,NotYet
25.0,8.2,6.2,0.0,-12.0,330.0,NotYet
25.0,8.2,6.2,0.0,-12.0,340.0,NotYet
25.0,8.2,6.2,0.0,-12.0,350.0,NotYet
25.0,8.2,6.2,0.0,-10.0,0.0,NotYet
25.0,8.2,6.2,0.0,-10.0,10.0,NotYet
25.0,8.2,6.2,0.0,-10.0,20.0,NotYet
25.0,8.2,6.2,0.0,-10.0,30.0,NotYet
25.0,8.2,6.2,0.0,-10.0,40.0,NotYet
25.0,8.2,6.2,0.0,-10.0,50.0,NotYet
25.0,8.2,6.2,0.0,-10.0,60.0,NotYet
25.0,8.2,6.2,0.0,-10.0,70.0,NotYet
25.0,8.2,6.2,0.0,-10.0,80.0,NotYet
25.0,8.2,6.2,0.0,-10.0,90.0,NotYet
25.0,8.2,6.2,0.0,-10.0,100.0,NotYet
25.0,8.2,6.2,0.0,-10.0,110.0,NotYet
25.0,8.2,6.2,0.0,-10.0,120.0,NotYet
25.0,8.2,6.2,0.0,-10.0,130.0,NotYet
25.0,8.2,6.2,0.0,-10.0,140.0,NotYet
25.0,8.2,6.2,0.0,-10.0,150.0,NotYet
25.0,8.2,6.2,0.0,-10.0,160.0,NotYet
25.0,8.2,6.2,0.0,-10.0,170.0,NotYet
25.0,8.2,6.2,0.0,-10.0,180.0,NotYet
25.0,8.2,6.2,0.0,-10.0,190.0,NotYet
25.0,8.2,6.2,0.0,-10.0,200.0,NotYet
25.0,8.2,6.2,0.0,-10.0,210.0,NotYet
25.0,8.2,6.2,0.0,-10.0,220.0,NotYet
25.0,8.2,6.2,0.0,-10.0,230.0,NotYet
25.0,8.2,6.2,0.0,-10.0,240.0,NotYet
25.0,8.2,6.2,0.0,-10.0,250.0,NotYet
25.0,8.2,6.2,0.0,-10.0,260.0,NotYet
25.0,8.2,6.2,0.0,-10.0,270.0,NotYet
25.0,8.2,6.2,0.0,-10.0,280.0,NotYet
25.0,8.2,6.2,0.0,-10.0,290.0,NotYet
25.0,8.2,6.2,0.0,-10.0,300.0,NotYet
25.0,8.2,6.2,0.0,-10.0,310.0,NotYet
25.0,8.2,6.2,0.0,-10.0,320.0,NotYet
25.0,8.2,6.2,0.0,-10.0,330.0,NotYet
25.0,8.2,6.2,0.0,-10.0,340.0,NotYet
25.0,8.2,6.2,0.0,-10.0,350.0,NotYet
25.0,8.2,6.2,0.0,-8.0,0.0,NotYet
25.0,8.2,6.2,0.0,-8.0,10.0,NotYet
25.0,8.2,6.2,0.0,-8.0,20.0,NotYet
25.0,8.2,6.2,0.0,-8.0,30.0,NotYet
25.0,8.2,6.2,0.0,-8.0,40.0,NotYet
25.0,8.2,6.2,0.0,-8.0,50.0,NotYet
25.0,8.2,6.2,0.0,-8.0,60.0,NotYet
25.0,8.2,6.2,0.0,-8.0,70.0,NotYet
25.0,8.2,6.2,0.0,-8.0,80.0,NotYet
25.0,8.2,6.2,0.0,-8.0,90.0,NotYet
25.0,8.2,6.2,0.0,-8.0,100.0,NotYet
25.0,8.2,6.2,0.0,-8.0,110.0,NotYet
25.0,8.2,6.2,0.0,-8.0,120.0,NotYet
25.0,8.2,6.2,0.0,-8.0,130.0,NotYet
25.0,8.2,6.2,0.0,-8.0,140.0,NotYet
25.0,8.2,6.2,0.0,-8.0,150.0,NotYet
25.0,8.2,6.2,0.0,-8.0,160.0,NotYet
25.0,8.2,6.2,0.0,-8.0,170.0,NotYet
25.0,8.2,6.2,0.0,-8.0,180.0,NotYet
25.0,8.2,6.2,0.0,-8.0,190.0,NotYet
25.0,8.2,6.2,0.0,-8.0,200.0,NotYet
25.0,8.2,6.2,0.0,-8.0,210.0,NotYet
25.0,8.2,6.2,0.0,-8.0,220.0,NotYet
25.0,8.2,6.2,0.0,-8.0,230.0,NotYet
25.0,8.2,6.2,0.0,-8.0,240.0,NotYet
25.0,8.2,6.2,0.0,-8.0,250.0,NotYet
25.0,8.2,6.2,0.0,-8.0,260.0,NotYet
25.0,8.2,6.2,0.0,-8.0,270.0,NotYet
25.0,8.2,6.2,0.0,-8.0,280.0,NotYet
25.0,8.2,6.2,0.0,-8.0,290.0,NotYet
25.0,8.2,6.2,0.0,-8.0,300.0,NotYet
25.0,8.2,6.2,0.0,-8.0,310.0,NotYet
25.0,8.2,6.2,0.0,-8.0,320.0,NotYet
25.0,8.2,6.2,0.0,-8.0,330.0,NotYet
25.0,8.2,6.2,0.0,-8.0,340.0,NotYet
25.0,8.2,6.2,0.0,-8.0,350.0,NotYet
25.0,8.2,6.2,0.0,-6.0,0.0,NotYet
25.0,8.2,6.2,0.0,-6.0,10.0,NotYet
25.0,8.2,6.2,0.0,-6.0,20.0,NotYet
25.0,8.2,6.2,0.0,-6.0,30.0,NotYet
25.0,8.2,6.2,0.0,-6.0,40.0,NotYet
25.0,8.2,6.2,0.0,-6.0,50.0,NotYet
25.0,8.2,6.2,0.0,-6.0,60.0,NotYet
25.0,8.2,6.2,0.0,-6.0,70.0,NotYet
25.0,8.2,6.2,0.0,-6.0,80.0,NotYet
25.0,8.2,6.2,0.0,-6.0,90.0,NotYet
25.0,8.2,6.2,0.0,-6.0,100.0,NotYet
25.0,8.2,6.2,0.0,-6.0,110.0,NotYet
25.0,8.2,6.2,0.0,-6.0,120.0,NotYet
25.0,8.2,6.2,0.0,-6.0,130.0,NotYet
25.0,8.2,6.2,0.0,-6.0,140.0,NotYet
25.0,8.2,6.2,0.0,-6.0,150.0,NotYet
25.0,8.2,6.2,0.0,-6.0,160.0,NotYet
25.0,8.2,6.2,0.0,-6.0,170.0,NotYet
25.0,8.2,6.2,0.0,-6.0,180.0,NotYet
25.0,8.2,6.2,0.0,-6.0,190.0,NotYet
25.0,8.2,6.2,0.0,-6.0,200.0,NotYet
25.0,8.2,6.2,0.0,-6.0,210.0,NotYet
25.0,8.2,6.2,0.0,-6.0,220.0,NotYet
25.0,8.2,6.2,0.0,-6.0,230.0,NotYet
25.0,8.2,6.2,0.0,-6.0,240.0,NotYet
25.0,8.2,6.2,0.0,-6.0,250.0,NotYet
25.0,8.2,6.2,0.0,-6.0,260.0,NotYet
25.0,8.2,6.2,0.0,-6.0,270.0,NotYet
25.0,8.2,6.2,0.0,-6.0,280.0,NotYet
25.0,8.2,6.2,0.0,-6.0,290.0,NotYet
25.0,8.2,6.2,0.0,-6.0,300.0,NotYet
25.0,8.2,6.2,0.0,-6.0,310.0,NotYet
25.0,8.2,6.2,0.0,-6.0,320.0,NotYet
25.0,8.2,6.2,0.0,-6.0,330.0,NotYet
25.0,8.2,6.2,0.0,-6.0,340.0,NotYet
25.0,8.2,6.2,0.0,-6.0,350.0,NotYet
25.0,8.2,6.2,0.0,-4.0,0.0,NotYet
25.0,8.2,6.2,0.0,-4.0,10.0,NotYet
25.0,8.2,6.2,0.0,-4.0,20.0,NotYet
25.0,8.2,6.2,0.0,-4.0,30.0,NotYet
25.0,8.2,6.2,0.0,-4.0,40.0,NotYet
25.0,8.2,6.2,0.0,-4.0,50.0,NotYet
25.0,8.2,6.2,0.0,-4.0,60.0,NotYet
25.0,8.2,6.2,0.0,-4.0,70.0,NotYet
25.0,8.2,6.2,0.0,-4.0,80.0,NotYet
25.0,8.2,6.2,0.0,-4.0,90.0,NotYet
25.0,8.2,6.2,0.0,-4.0,100.0,NotYet
25.0,8.2,6.2,0.0,-4.0,110.0,NotYet
25.0,8.2,6.2,0.0,-4.0,120.0,NotYet
25.0,8.2,6.2,0.0,-4.0,130.0,NotYet
25.0,8.2,6.2,0.0,-4.0,140.0,NotYet
25.0,8.2,6.2,0.0,-4.0,150.0,NotYet
25.0,8.2,6.2,0.0,-4.0,160.0,NotYet
25.0,8.2,6.2,0.0,-4.0,170.0,NotYet
25.0,8.2,6.2,0.0,-4.0,180.0,NotYet
25.0,8.2,6.2,0.0,-4.0,190.0,NotYet
25.0,8.2,6.2,0.0,-4.0,200.0,NotYet
25.0,8.2,6.2,0.0,-4.0,210.0,NotYet
25.0,8.2,6.2,0.0,-4.0,220.0,NotYet
25.0,8.2,6.2,0.0,-4.0,230.0,NotYet
25.0,8.2,6.2,0.0,-4.0,240.0,NotYet
25.0,8.2,6.2,0.0,-4.0,250.0,NotYet
25.0,8.2,6.2,0.0,-4.0,260.0,NotYet
25.0,8.2,6.2,0.0,-4.0,270.0,NotYet
25.0,8.2,6.2,0.0,-4.0,280.0,NotYet
25.0,8.2,6.2,0.0,-4.0,290.0,NotYet
25.0,8.2,6.2,0.0,-4.0,300.0,NotYet
25.0,8.2,6.2,0.0,-4.0,310.0,NotYet
25.0,8.2,6.2,0.0,-4.0,320.0,NotYet
25.0,8.2,6.2,0.0,-4.0,330.0,NotYet
25.0,8.2,6.2,0.0,-4.0,340.0,NotYet
25.0,8.2,6.2,0.0,-4.0,350.0,NotYet
25.0,8.2,6.2,0.0,-2.0,0.0,NotYet
25.0,8.2,6.2,0.0,-2.0,10.0,NotYet
25.0,8.2,6.2,0.0,-2.0,20.0,NotYet
25.0,8.2,6.2,0.0,-2.0,30.0,NotYet
25.0,8.2,6.2,0.0,-2.0,40.0,NotYet
25.0,8.2,6.2,0.0,-2.0,50.0,NotYet
25.0,8.2,6.2,0.0,-2.0,60.0,NotYet
25.0,8.2,6.2,0.0,-2.0,70.0,NotYet
25.0,8.2,6.2,0.0,-2.0,80.0,NotYet
25.0,8.2,6.2,0.0,-2.0,90.0,NotYet
25.0,8.2,6.2,0.0,-2.0,100.0,NotYet
25.0,8.2,6.2,0.0,-2.0,110.0,NotYet
25.0,8.2,6.2,0.0,-2.0,120.0,NotYet
25.0,8.2,6.2,0.0,-2.0,130.0,NotYet
25.0,8.2,6.2,0.0,-2.0,140.0,NotYet
25.0,8.2,6.2,0.0,-2.0,150.0,NotYet
25.0,8.2,6.2,0.0,-2.0,160.0,NotYet
25.0,8.2,6.2,0.0,-2.0,170.0,NotYet
25.0,8.2,6.2,0.0,-2.0,180.0,NotYet
25.0,8.2,6.2,0.0,-2.0,190.0,NotYet
25.0,8.2,6.2,0.0,-2.0,200.0,NotYet
25.0,8.2,6.2,0.0,-2.0,210.0,NotYet
25.0,8.2,6.2,0.0,-2.0,220.0,NotYet
25.0,8.2,6.2,0.0,-2.0,230.0,NotYet
25.0,8.2,6.2,0.0,-2.0,240.0,NotYet
25.0,8.2,6.2,0.0,-2.0,250.0,NotYet
25.0,8.2,6.2,0.0,-2.0,260.0,NotYet
25.0,8.2,6.2,0.0,-2.0,270.0,NotYet
25.0,8.2,6.2,0.0,-2.0,280.0,NotYet
25.0,8.2,6.2,0.0,-2.0,290.0,NotYet
25.0,8.2,6.2,0.0,-2.0,300.0,NotYet
25.0,8.2,6.2,0.0,-2.0,310.0,NotYet
25.0,8.2,6.2,0.0,-2.0,320.0,NotYet
25.0,8.2,6.2,0.0,-2.0,330.0,NotYet
25.0,8.2,6.2,0.0,-2.0,340.0,NotYet
25.0,8.2,6.2,0.0,-2.0,350.0,NotYet
25.0,8.2,6.2,0.0,0.0,0.0,NotYet
25.0,8.2,6.2,0.0,0.0,10.0,NotYet
25.0,8.2,6.2,0.0,0.0,20.0,NotYet
25.0,8.2,6.2,0.0,0.0,30.0,NotYet
25.0,8.2,6.2,0.0,0.0,40.0,NotYet
25.0,8.2,6.2,0.0,0.0,50.0,NotYet
25.0,8.2,6.2,0.0,0.0,60.0,NotYet
25.0,8.2,6.2,0.0,0.0,70.0,NotYet
25.0,8.2,6.2,0.0,0.0,80.0,NotYet
25.0,8.2,6.2,0.0,0.0,90.0,NotYet
25.0,8.2,6.2,0.0,0.0,100.0,NotYet
25.0,8.2,6.2,0.0,0.0,110.0,NotYet
25.0,8.2,6.2,0.0,0.0,120.0,NotYet
25.0,8.2,6.2,0.0,0.0,130.0,NotYet
25.0,8.2,6.2,0.0,0.0,140.0,NotYet
25.0,8.2,6.2,0.0,0.0,150.0,NotYet
25.0,8.2,6.2,0.0,0.0,160.0,NotYet
25.0,8.2,6.2,0.0,0.0,170.0,NotYet
25.0,8.2,6.2,0.0,0.0,180.0,NotYet
25.0,8.2,6.2,0.0,0.0,190.0,NotYet
25.0,8.2,6.2,0.0,0.0,200.0,NotYet
25.0,8.2,6.2,0.0,0.0,210.0,NotYet
25.0,8.2,6.2,0.0,0.0,220.0,NotYet
25.0,8.2,6.2,0.0,0.0,230.0,NotYet
25.0,8.2,6.2,0.0,0.0,240.0,NotYet
25.0,8.2,6.2,0.0,0.0,250.0,NotYet
25.0,8.2,6.2,0.0,0.0,260.0,NotYet
25.0,8.2,6.2,0.0,0.0,270.0,NotYet
25.0,8.2,6.2,0.0,0.0,280.0,NotYet
25.0,8.2,6.2,0.0,0.0,290.0,NotYet
25.0,8.2,6.2,0.0,0.0,300.0,NotYet
25.0,8.2,6.2,0.0,0.0,310.0,NotYet
25.0,8.2,6.2,0.0,0.0,320.0,NotYet
25.0,8.2,6.2,0.0,0.0,330.0,NotYet
25.0,8.2,6.2,0.0,0.0,340.0,NotYet
25.0,8.2,6.2,0.0,0.0,350.0,NotYet
25.0,8.2,6.2,0.0,2.0,0.0,NotYet
25.0,8.2,6.2,0.0,2.0,10.0,NotYet
25.0,8.2,6.2,0.0,2.0,20.0,NotYet
25.0,8.2,6.2,0.0,2.0,30.0,NotYet
25.0,8.2,6.2,0.0,2.0,40.0,NotYet
25.0,8.2,6.2,0.0,2.0,50.0,NotYet
25.0,8.2,6.2,0.0,2.0,60.0,NotYet
25.0,8.2,6.2,0.0,2.0,70.0,NotYet
25.0,8.2,6.2,0.0,2.0,80.0,NotYet
25.0,8.2,6.2,0.0,2.0,90.0,NotYet
25.0,8.2,6.2,0.0,2.0,100.0,NotYet
25.0,8.2,6.2,0.0,2.0,110.0,NotYet
25.0,8.2,6.2,0.0,2.0,120.0,NotYet
25.0,8.2,6.2,0.0,2.0,130.0,NotYet
25.0,8.2,6.2,0.0,2.0,140.0,NotYet
25.0,8.2,6.2,0.0,2.0,150.0,NotYet
25.0,8.2,6.2,0.0,2.0,160.0,NotYet
25.0,8.2,6.2,0.0,2.0,170.0,NotYet
25.0,8.2,6.2,0.0,2.0,180.0,NotYet
25.0,8.2,6.2,0.0,2.0,190.0,NotYet
25.0,8.2,6.2,0.0,2.0,200.0,NotYet
25.0,8.2,6.2,0.0,2.0,210.0,NotYet
25.0,8.2,6.2,0.0,2.0,220.0,NotYet
25.0,8.2,6.2,0.0,2.0,230.0,NotYet
25.0,8.2,6.2,0.0,2.0,240.0,NotYet
25.0,8.2,6.2,0.0,2.0,250.0,NotYet
25.0,8.2,6.2,0.0,2.0,260.0,NotYet
25.0,8.2,6.2,0.0,2.0,270.0,NotYet
25.0,8.2,6.2,0.0,2.0,280.0,NotYet
25.0,8.2,6.2,0.0,2.0,290.0,NotYet
25.0,8.2,6.2,0.0,2.0,300.0,NotYet
25.0,8.2,6.2,0.0,2.0,310.0,NotYet
25.0,8.2,6.2,0.0,2.0,320.0,NotYet
25.0,8.2,6.2,0.0,2.0,330.0,NotYet
25.0,8.2,6.2,0.0,2.0,340.0,NotYet
25.0,8.2,6.2,0.0,2.0,350.0,NotYet
25.0,8.2,6.2,0.0,4.0,0.0,NotYet
25.0,8.2,6.2,0.0,4.0,10.0,NotYet
25.0,8.2,6.2,0.0,4.0,20.0,NotYet
25.0,8.2,6.2,0.0,4.0,30.0,NotYet
25.0,8.2,6.2,0.0,4.0,40.0,NotYet
25.0,8.2,6.2,0.0,4.0,50.0,NotYet
25.0,8.2,6.2,0.0,4.0,60.0,NotYet
25.0,8.2,6.2,0.0,4.0,70.0,NotYet
25.0,8.2,6.2,0.0,4.0,80.0,NotYet
25.0,8.2,6.2,0.0,4.0,90.0,NotYet
25.0,8.2,6.2,0.0,4.0,100.0,NotYet
25.0,8.2,6.2,0.0,4.0,110.0,NotYet
25.0,8.2,6.2,0.0,4.0,120.0,NotYet
25.0,8.2,6.2,0.0,4.0,130.0,NotYet
25.0,8.2,6.2,0.0,4.0,140.0,NotYet
25.0,8.2,6.2,0.0,4.0,150.0,NotYet
25.0,8.2,6.2,0.0,4.0,160.0,NotYet
25.0,8.2,6.2,0.0,4.0,170.0,NotYet
25.0,8.2,6.2,0.0,4.0,180.0,NotYet
25.0,8.2,6.2,0.0,4.0,190.0,NotYet
25.0,8.2,6.2,0.0,4.0,200.0,NotYet
25.0,8.2,6.2,0.0,4.0,210.0,NotYet
25.0,8.2,6.2,0.0,4.0,220.0,NotYet
25.0,8.2,6.2,0.0,4.0,230.0,NotYet
25.0,8.2,6.2,0.0,4.0,240.0,NotYet
25.0,8.2,6.2,0.0,4.0,250.0,NotYet
25.0,8.2,6.2,0.0,4.0,260.0,NotYet
25.0,8.2,6.2,0.0,4.0,270.0,NotYet
25.0,8.2,6.2,0.0,4.0,280.0,NotYet
25.0,8.2,6.2,0.0,4.0,290.0,NotYet
25.0,8.2,6.2,0.0,4.0,300.0,NotYet
25.0,8.2,6.2,0.0,4.0,310.0,NotYet
25.0,8.2,6.2,0.0,4.0,320.0,NotYet
25.0,8.2,6.2,0.0,4.0,330.0,NotYet
25.0,8.2,6.2,0.0,4.0,340.0,NotYet
25.0,8.2,6.2,0.0,4.0,350.0,NotYet
25.0,8.2,6.2,0.0,6.0,0.0,NotYet
25.0,8.2,6.2,0.0,6.0,10.0,NotYet
25.0,8.2,6.2,0.0,6.0,20.0,NotYet
25.0,8.2,6.2,0.0,6.0,30.0,NotYet
25.0,8.2,6.2,0.0,6.0,40.0,NotYet
25.0,8.2,6.2,0.0,6.0,50.0,NotYet
25.0,8.2,6.2,0.0,6.0,60.0,NotYet
25.0,8.2,6.2,0.0,6.0,70.0,NotYet
25.0,8.2,6.2,0.0,6.0,80.0,NotYet
25.0,8.2,6.2,0.0,6.0,90.0,NotYet
25.0,8.2,6.2,0.0,6.0,100.0,NotYet
25.0,8.2,6.2,0.0,6.0,110.0,NotYet
25.0,8.2,6.2,0.0,6.0,120.0,NotYet
25.0,8.2,6.2,0.0,6.0,130.0,NotYet
25.0,8.2,6.2,0.0,6.0,140.0,NotYet
25.0,8.2,6.2,0.0,6.0,150.0,NotYet
25.0,8.2,6.2,0.0,6.0,160.0,NotYet
25.0,8.2,6.2,0.0,6.0,170.0,NotYet
25.0,8.2,6.2,0.0,6.0,180.0,NotYet
25.0,8.2,6.2,0.0,6.0,190.0,NotYet
25.0,8.2,6.2,0.0,6.0,200.0,NotYet
25.0,8.2,6.2,0.0,6.0,210.0,NotYet
25.0,8.2,6.2,0.0,6.0,220.0,NotYet
25.0,8.2,6.2,0.0,6.0,230.0,NotYet
25.0,8.2,6.2,0.0,6.0,240.0,NotYet
25.0,8.2,6.2,0.0,6.0,250.0,NotYet
25.0,8.2,6.2,0.0,6.0,260.0,NotYet
25.0,8.2,6.2,0.0,6.0,270.0,NotYet
25.0,8.2,6.2,0.0,6.0,280.0,NotYet
25.0,8.2,6.2,0.0,6.0,290.0,NotYet
25.0,8.2,6.2,0.0,6.0,300.0,NotYet
25.0,8.2,6.2,0.0,6.0,310.0,NotYet
25.0,8.2,6.2,0.0,6.0,320.0,NotYet
25.0,8.2,6.2,0.0,6.0,330.0,NotYet
25.0,8.2,6.2,0.0,6.0,340.0,NotYet
25.0,8.2,6.2,0.0,6.0,350.0,NotYet
25.0,8.2,6.2,0.0,8.0,0.0,NotYet
25.0,8.2,6.2,0.0,8.0,10.0,NotYet
25.0,8.2,6.2,0.0,8.0,20.0,NotYet
25.0,8.2,6.2,0.0,8.0,30.0,NotYet
25.0,8.2,6.2,0.0,8.0,40.0,NotYet
25.0,8.2,6.2,0.0,8.0,50.0,NotYet
25.0,8.2,6.2,0.0,8.0,60.0,NotYet
25.0,8.2,6.2,0.0,8.0,70.0,NotYet
25.0,8.2,6.2,0.0,8.0,80.0,NotYet
25.0,8.2,6.2,0.0,8.0,90.0,NotYet
25.0,8.2,6.2,0.0,8.0,100.0,NotYet
25.0,8.2,6.2,0.0,8.0,110.0,NotYet
25.0,8.2,6.2,0.0,8.0,120.0,NotYet
25.0,8.2,6.2,0.0,8.0,130.0,NotYet
25.0,8.2,6.2,0.0,8.0,140.0,NotYet
25.0,8.2,6.2,0.0,8.0,150.0,NotYet
25.0,8.2,6.2,0.0,8.0,160.0,NotYet
25.0,8.2,6.2,0.0,8.0,170.0,NotYet
25.0,8.2,6.2,0.0,8.0,180.0,NotYet
25.0,8.2,6.2,0.0,8.0,190.0,NotYet
25.0,8.2,6.2,0.0,8.0,200.0,NotYet
25.0,8.2,6.2,0.0,8.0,210.0,NotYet
25.0,8.2,6.2,0.0,8.0,220.0,NotYet
25.0,8.2,6.2,0.0,8.0,230.0,NotYet
25.0,8.2,6.2,0.0,8.0,240.0,NotYet
25.0,8.2,6.2,0.0,8.0,250.0,NotYet
25.0,8.2,6.2,0.0,8.0,260.0,NotYet
25.0,8.2,6.2,0.0,8.0,270.0,NotYet
25.0,8.2,6.2,0.0,8.0,280.0,NotYet
25.0,8.2,6.2,0.0,8.0,290.0,NotYet
25.0,8.2,6.2,0.0,8.0,300.0,NotYet
25.0,8.2,6.2,0.0,8.0,310.0,NotYet
25.0,8.2,6.2,0.0,8.0,320.0,NotYet
25.0,8.2,6.2,0.0,8.0,330.0,NotYet
25.0,8.2,6.2,0.0,8.0,340.0,NotYet
25.0,8.2,6.2,0.0,8.0,350.0,NotYet
25.0,8.2,6.2,0.0,10.0,0.0,NotYet
25.0,8.2,6.2,0.0,10.0,10.0,NotYet
25.0,8.2,6.2,0.0,10.0,20.0,NotYet
25.0,8.2,6.2,0.0,10.0,30.0,NotYet
25.0,8.2,6.2,0.0,10.0,40.0,NotYet
25.0,8.2,6.2,0.0,10.0,50.0,NotYet
25.0,8.2,6.2,0.0,10.0,60.0,NotYet
25.0,8.2,6.2,0.0,10.0,70.0,NotYet
25.0,8.2,6.2,0.0,10.0,80.0,NotYet
25.0,8.2,6.2,0.0,10.0,90.0,NotYet
25.0,8.2,6.2,0.0,10.0,100.0,NotYet
25.0,8.2,6.2,0.0,10.0,110.0,NotYet
25.0,8.2,6.2,0.0,10.0,120.0,NotYet
25.0,8.2,6.2,0.0,10.0,130.0,NotYet
25.0,8.2,6.2,0.0,10.0,140.0,NotYet
25.0,8.2,6.2,0.0,10.0,150.0,NotYet
25.0,8.2,6.2,0.0,10.0,160.0,NotYet
25.0,8.2,6.2,0.0,10.0,170.0,NotYet
25.0,8.2,6.2,0.0,10.0,180.0,NotYet
25.0,8.2,6.2,0.0,10.0,190.0,NotYet
25.0,8.2,6.2,0.0,10.0,200.0,NotYet
25.0,8.2,6.2,0.0,10.0,210.0,NotYet
25.0,8.2,6.2,0.0,10.0,220.0,NotYet
25.0,8.2,6.2,0.0,10.0,230.0,NotYet
25.0,8.2,6.2,0.0,10.0,240.0,NotYet
25.0,8.2,6.2,0.0,10.0,250.0,NotYet
25.0,8.2,6.2,0.0,10.0,260.0,NotYet
25.0,8.2,6.2,0.0,10.0,270.0,NotYet
25.0,8.2,6.2,0.0,10.0,280.0,NotYet
25.0,8.2,6.2,0.0,10.0,290.0,NotYet
25.0,8.2,6.2,0.0,10.0,300.0,NotYet
25.0,8.2,6.2,0.0,10.0,310.0,NotYet
25.0,8.2,6.2,0.0,10.0,320.0,NotYet
25.0,8.2,6.2,0.0,10.0,330.0,NotYet
25.0,8.2,6.2,0.0,10.0,340.0,NotYet
25.0,8.2,6.2,0.0,10.0,350.0,NotYet
25.0,8.2,6.2,0.0,12.0,0.0,NotYet
25.0,8.2,6.2,0.0,12.0,10.0,NotYet
25.0,8.2,6.2,0.0,12.0,20.0,NotYet
25.0,8.2,6.2,0.0,12.0,30.0,NotYet
25.0,8.2,6.2,0.0,12.0,40.0,NotYet
25.0,8.2,6.2,0.0,12.0,50.0,NotYet
25.0,8.2,6.2,0.0,12.0,60.0,NotYet
25.0,8.2,6.2,0.0,12.0,70.0,NotYet
25.0,8.2,6.2,0.0,12.0,80.0,NotYet
25.0,8.2,6.2,0.0,12.0,90.0,NotYet
25.0,8.2,6.2,0.0,12.0,100.0,NotYet
25.0,8.2,6.2,0.0,12.0,110.0,NotYet
25.0,8.2,6.2,0.0,12.0,120.0,NotYet
25.0,8.2,6.2,0.0,12.0,130.0,NotYet
25.0,8.2,6.2,0.0,12.0,140.0,NotYet
25.0,8.2,6.2,0.0,12.0,150.0,NotYet
25.0,8.2,6.2,0.0,12.0,160.0,NotYet
25.0,8.2,6.2,0.0,12.0,170.0,NotYet
25.0,8.2,6.2,0.0,12.0,180.0,NotYet
25.0,8.2,6.2,0.0,12.0,190.0,NotYet
25.0,8.2,6.2,0.0,12.0,200.0,NotYet
25.0,8.2,6.2,0.0,12.0,210.0,NotYet
25.0,8.2,6.2,0.0,12.0,220.0,NotYet
25.0,8.2,6.2,0.0,12.0,230.0,NotYet
25.0,8.2,6.2,0.0,12.0,240.0,NotYet
25.0,8.2,6.2,0.0,12.0,250.0,NotYet
25.0,8.2,6.2,0.0,12.0,260.0,NotYet
25.0,8.2,6.2,0.0,12.0,270.0,NotYet
25.0,8.2,6.2,0.0,12.0,280.0,NotYet
25.0,8.2,6.2,0.0,12.0,290.0,NotYet
25.0,8.2,6.2,0.0,12.0,300.0,NotYet
25.0,8.2,6.2,0.0,12.0,310.0,NotYet
25.0,8.2,6.2,0.0,12.0,320.0,NotYet
25.0,8.2,6.2,0.0,12.0,330.0,NotYet
25.0,8.2,6.2,0.0,12.0,340.0,NotYet
25.0,8.2,6.2,0.0,12.0,350.0,NotYet
25.0,8.2,6.2,0.0,14.0,0.0,NotYet
25.0,8.2,6.2,0.0,14.0,10.0,NotYet
25.0,8.2,6.2,0.0,14.0,20.0,NotYet
25.0,8.2,6.2,0.0,14.0,30.0,NotYet
25.0,8.2,6.2,0.0,14.0,40.0,NotYet
25.0,8.2,6.2,0.0,14.0,50.0,NotYet
25.0,8.2,6.2,0.0,14.0,60.0,NotYet
25.0,8.2,6.2,0.0,14.0,70.0,NotYet
25.0,8.2,6.2,0.0,14.0,80.0,NotYet
25.0,8.2,6.2,0.0,14.0,90.0,NotYet
25.0,8.2,6.2,0.0,14.0,100.0,NotYet
25.0,8.2,6.2,0.0,14.0,110.0,NotYet
25.0,8.2,6.2,0.0,14.0,120.0,NotYet
25.0,8.2,6.2,0.0,14.0,130.0,NotYet
25.0,8.2,6.2,0.0,14.0,140.0,NotYet
25.0,8.2,6.2,0.0,14.0,150.0,NotYet
25.0,8.2,6.2,0.0,14.0,160.0,NotYet
25.0,8.2,6.2,0.0,14.0,170.0,NotYet
25.0,8.2,6.2,0.0,14.0,180.0,NotYet
25.0,8.2,6.2,0.0,14.0,190.0,NotYet
25.0,8.2,6.2,0.0,14.0,200.0,NotYet
25.0,8.2,6.2,0.0,14.0,210.0,NotYet
25.0,8.2,6.2,0.0,14.0,220.0,NotYet
25.0,8.2,6.2,0.0,14.0,230.0,NotYet
25.0,8.2,6.2,0.0,14.0,240.0,NotYet
25.0,8.2,6.2,0.0,14.0,250.0,NotYet
25.0,8.2,6.2,0.0,14.0,260.0,NotYet
25.0,8.2,6.2,0.0,14.0,270.0,NotYet
25.0,8.2,6.2,0.0,14.0,280.0,NotYet
25.0,8.2,6.2,0.0,14.0,290.0,NotYet
25.0,8.2,6.2,0.0,14.0,300.0,NotYet
25.0,8.2,6.2,0.0,14.0,310.0,NotYet
25.0,8.2,6.2,0.0,14.0,320.0,NotYet
25.0,8.2,6.2,0.0,14.0,330.0,NotYet
25.0,8.2,6.2,0.0,14.0,340.0,NotYet
25.0,8.2,6.2,0.0,14.0,350.0,NotYet
25.0,8.2,6.2,0.2,-14.0,0.0,NotYet
25.0,8.2,6.2,0.2,-14.0,10.0,NotYet
25.0,8.2,6.2,0.2,-14.0,20.0,NotYet
25.0,8.2,6.2,0.2,-14.0,30.0,NotYet
25.0,8.2,6.2,0.2,-14.0,40.0,NotYet
25.0,8.2,6.2,0.2,-14.0,50.0,NotYet
25.0,8.2,6.2,0.2,-14.0,60.0,NotYet
25.0,8.2,6.2,0.2,-14.0,70.0,NotYet
25.0,8.2,6.2,0.2,-14.0,80.0,NotYet
25.0,8.2,6.2,0.2,-14.0,90.0,NotYet
25.0,8.2,6.2,0.2,-14.0,100.0,NotYet
25.0,8.2,6.2,0.2,-14.0,110.0,NotYet
25.0,8.2,6.2,0.2,-14.0,120.0,NotYet
25.0,8.2,6.2,0.2,-14.0,130.0,NotYet
25.0,8.2,6.2,0.2,-14.0,140.0,NotYet
25.0,8.2,6.2,0.2,-14.0,150.0,NotYet
25.0,8.2,6.2,0.2,-14.0,160.0,NotYet
25.0,8.2,6.2,0.2,-14.0,170.0,NotYet
25.0,8.2,6.2,0.2,-14.0,180.0,NotYet
25.0,8.2,6.2,0.2,-14.0,190.0,NotYet
25.0,8.2,6.2,0.2,-14.0,200.0,NotYet
25.0,8.2,6.2,0.2,-14.0,210.0,NotYet
25.0,8.2,6.2,0.2,-14.0,220.0,NotYet
25.0,8.2,6.2,0.2,-14.0,230.0,NotYet
25.0,8.2,6.2,0.2,-14.0,240.0,NotYet
25.0,8.2,6.2,0.2,-14.0,250.0,NotYet
25.0,8.2,6.2,0.2,-14.0,260.0,NotYet
25.0,8.2,6.2,0.2,-14.0,270.0,NotYet
25.0,8.2,6.2,0.2,-14.0,280.0,NotYet
25.0,8.2,6.2,0.2,-14.0,290.0,NotYet
25.0,8.2,6.2,0.2,-14.0,300.0,NotYet
25.0,8.2,6.2,0.2,-14.0,310.0,NotYet
25.0,8.2,6.2,0.2,-14.0,320.0,NotYet
25.0,8.2,6.2,0.2,-14.0,330.0,NotYet
25.0,8.2,6.2,0.2,-14.0,340.0,NotYet
25.0,8.2,6.2,0.2,-14.0,350.0,NotYet
25.0,8.2,6.2,0.2,-12.0,0.0,NotYet
25.0,8.2,6.2,0.2,-12.0,10.0,NotYet
25.0,8.2,6.2,0.2,-12.0,20.0,NotYet
25.0,8.2,6.2,0.2,-12.0,30.0,NotYet
25.0,8.2,6.2,0.2,-12.0,40.0,NotYet
25.0,8.2,6.2,0.2,-12.0,50.0,NotYet
25.0,8.2,6.2,0.2,-12.0,60.0,NotYet
25.0,8.2,6.2,0.2,-12.0,70.0,NotYet
25.0,8.2,6.2,0.2,-12.0,80.0,NotYet
25.0,8.2,6.2,0.2,-12.0,90.0,NotYet
25.0,8.2,6.2,0.2,-12.0,100.0,NotYet
25.0,8.2,6.2,0.2,-12.0,110.0,NotYet
25.0,8.2,6.2,0.2,-12.0,120.0,NotYet
25.0,8.2,6.2,0.2,-12.0,130.0,NotYet
25.0,8.2,6.2,0.2,-12.0,140.0,NotYet
25.0,8.2,6.2,0.2,-12.0,150.0,NotYet
25.0,8.2,6.2,0.2,-12.0,160.0,NotYet
25.0,8.2,6.2,0.2,-12.0,170.0,NotYet
25.0,8.2,6.2,0.2,-12.0,180.0,NotYet
25.0,8.2,6.2,0.2,-12.0,190.0,NotYet
25.0,8.2,6.2,0.2,-12.0,200.0,NotYet
25.0,8.2,6.2,0.2,-12.0,210.0,NotYet
25.0,8.2,6.2,0.2,-12.0,220.0,NotYet
25.0,8.2,6.2,0.2,-12.0,230.0,NotYet
25.0,8.2,6.2,0.2,-12.0,240.0,NotYet
25.0,8.2,6.2,0.2,-12.0,250.0,NotYet
25.0,8.2,6.2,0.2,-12.0,260.0,NotYet
25.0,8.2,6.2,0.2,-12.0,270.0,NotYet
25.0,8.2,6.2,0.2,-12.0,280.0,NotYet
25.0,8.2,6.2,0.2,-12.0,290.0,NotYet
25.0,8.2,6.2,0.2,-12.0,300.0,NotYet
25.0,8.2,6.2,0.2,-12.0,310.0,NotYet
25.0,8.2,6.2,0.2,-12.0,320.0,NotYet
25.0,8.2,6.2,0.2,-12.0,330.0,NotYet
25.0,8.2,6.2,0.2,-12.0,340.0,NotYet
25.0,8.2,6.2,0.2,-12.0,350.0,NotYet
25.0,8.2,6.2,0.2,-10.0,0.0,NotYet
25.0,8.2,6.2,0.2,-10.0,10.0,NotYet
25.0,8.2,6.2,0.2,-10.0,20.0,NotYet
25.0,8.2,6.2,0.2,-10.0,30.0,NotYet
25.0,8.2,6.2,0.2,-10.0,40.0,NotYet
25.0,8.2,6.2,0.2,-10.0,50.0,NotYet
25.0,8.2,6.2,0.2,-10.0,60.0,NotYet
25.0,8.2,6.2,0.2,-10.0,70.0,NotYet
25.0,8.2,6.2,0.2,-10.0,80.0,NotYet
25.0,8.2,6.2,0.2,-10.0,90.0,NotYet
25.0,8.2,6.2,0.2,-10.0,100.0,NotYet
25.0,8.2,6.2,0.2,-10.0,110.0,NotYet
25.0,8.2,6.2,0.2,-10.0,120.0,NotYet
25.0,8.2,6.2,0.2,-10.0,130.0,NotYet
25.0,8.2,6.2,0.2,-10.0,140.0,NotYet
25.0,8.2,6.2,0.2,-10.0,150.0,NotYet
25.0,8.2,6.2,0.2,-10.0,160.0,NotYet
25.0,8.2,6.2,0.2,-10.0,170.0,NotYet
25.0,8.2,6.2,0.2,-10.0,180.0,NotYet
25.0,8.2,6.2,0.2,-10.0,190.0,NotYet
25.0,8.2,6.2,0.2,-10.0,200.0,NotYet
25.0,8.2,6.2,0.2,-10.0,210.0,NotYet
25.0,8.2,6.2,0.2,-10.0,220.0,NotYet
25.0,8.2,6.2,0.2,-10.0,230.0,NotYet
25.0,8.2,6.2,0.2,-10.0,240.0,NotYet
25.0,8.2,6.2,0.2,-10.0,250.0,NotYet
25.0,8.2,6.2,0.2,-10.0,260.0,NotYet
25.0,8.2,6.2,0.2,-10.0,270.0,NotYet
25.0,8.2,6.2,0.2,-10.0,280.0,NotYet
25.0,8.2,6.2,0.2,-10.0,290.0,NotYet
25.0,8.2,6.2,0.2,-10.0,300.0,NotYet
25.0,8.2,6.2,0.2,-10.0,310.0,NotYet
25.0,8.2,6.2,0.2,-10.0,320.0,NotYet
25.0,8.2,6.2,0.2,-10.0,330.0,NotYet
25.0,8.2,6.2,0.2,-10.0,340.0,NotYet
25.0,8.2,6.2,0.2,-10.0,350.0,NotYet
25.0,8.2,6.2,0.2,-8.0,0.0,NotYet
25.0,8.2,6.2,0.2,-8.0,10.0,NotYet
25.0,8.2,6.2,0.2,-8.0,20.0,NotYet
25.0,8.2,6.2,0.2,-8.0,30.0,NotYet
25.0,8.2,6.2,0.2,-8.0,40.0,NotYet
25.0,8.2,6.2,0.2,-8.0,50.0,NotYet
25.0,8.2,6.2,0.2,-8.0,60.0,NotYet
25.0,8.2,6.2,0.2,-8.0,70.0,NotYet
25.0,8.2,6.2,0.2,-8.0,80.0,NotYet
25.0,8.2,6.2,0.2,-8.0,90.0,NotYet
25.0,8.2,6.2,0.2,-8.0,100.0,NotYet
25.0,8.2,6.2,0.2,-8.0,110.0,NotYet
25.0,8.2,6.2,0.2,-8.0,120.0,NotYet
25.0,8.2,6.2,0.2,-8.0,130.0,NotYet
25.0,8.2,6.2,0.2,-8.0,140.0,NotYet
25.0,8.2,6.2,0.2,-8.0,150.0,NotYet
25.0,8.2,6.2,0.2,-8.0,160.0,NotYet
25.0,8.2,6.2,0.2,-8.0,170.0,NotYet
25.0,8.2,6.2,0.2,-8.0,180.0,NotYet
25.0,8.2,6.2,0.2,-8.0,190.0,NotYet
25.0,8.2,6.2,0.2,-8.0,200.0,NotYet
25.0,8.2,6.2,0.2,-8.0,210.0,NotYet
25.0,8.2,6.2,0.2,-8.0,220.0,NotYet
25.0,8.2,6.2,0.2,-8.0,230.0,NotYet
25.0,8.2,6.2,0.2,-8.0,240.0,NotYet
25.0,8.2,6.2,0.2,-8.0,250.0,NotYet
25.0,8.2,6.2,0.2,-8.0,260.0,NotYet
25.0,8.2,6.2,0.2,-8.0,270.0,NotYet
25.0,8.2,6.2,0.2,-8.0,280.0,NotYet
25.0,8.2,6.2,0.2,-8.0,290.0,NotYet
25.0,8.2,6.2,0.2,-8.0,300.0,NotYet
25.0,8.2,6.2,0.2,-8.0,310.0,NotYet
25.0,8.2,6.2,0.2,-8.0,320.0,NotYet
25.0,8.2,6.2,0.2,-8.0,330.0,NotYet
25.0,8.2,6.2,0.2,-8.0,340.0,NotYet
25.0,8.2,6.2,0.2,-8.0,350.0,NotYet
25.0,8.2,6.2,0.2,-6.0,0.0,NotYet
25.0,8.2,6.2,0.2,-6.0,10.0,NotYet
25.0,8.2,6.2,0.2,-6.0,20.0,NotYet
25.0,8.2,6.2,0.2,-6.0,30.0,NotYet
25.0,8.2,6.2,0.2,-6.0,40.0,NotYet
25.0,8.2,6.2,0.2,-6.0,50.0,NotYet
25.0,8.2,6.2,0.2,-6.0,60.0,NotYet
25.0,8.2,6.2,0.2,-6.0,70.0,NotYet
25.0,8.2,6.2,0.2,-6.0,80.0,NotYet
25.0,8.2,6.2,0.2,-6.0,90.0,NotYet
25.0,8.2,6.2,0.2,-6.0,100.0,NotYet
25.0,8.2,6.2,0.2,-6.0,110.0,NotYet
25.0,8.2,6.2,0.2,-6.0,120.0,NotYet
25.0,8.2,6.2,0.2,-6.0,130.0,NotYet
25.0,8.2,6.2,0.2,-6.0,140.0,NotYet
25.0,8.2,6.2,0.2,-6.0,150.0,NotYet
25.0,8.2,6.2,0.2,-6.0,160.0,NotYet
25.0,8.2,6.2,0.2,-6.0,170.0,NotYet
25.0,8.2,6.2,0.2,-6.0,180.0,NotYet
25.0,8.2,6.2,0.2,-6.0,190.0,NotYet
25.0,8.2,6.2,0.2,-6.0,200.0,NotYet
25.0,8.2,6.2,0.2,-6.0,210.0,NotYet
25.0,8.2,6.2,0.2,-6.0,220.0,NotYet
25.0,8.2,6.2,0.2,-6.0,230.0,NotYet
25.0,8.2,6.2,0.2,-6.0,240.0,NotYet
25.0,8.2,6.2,0.2,-6.0,250.0,NotYet
25.0,8.2,6.2,0.2,-6.0,260.0,NotYet
25.0,8.2,6.2,0.2,-6.0,270.0,NotYet
25.0,8.2,6.2,0.2,-6.0,280.0,NotYet
25.0,8.2,6.2,0.2,-6.0,290.0,NotYet
25.0,8.2,6.2,0.2,-6.0,300.0,NotYet
25.0,8.2,6.2,0.2,-6.0,310.0,NotYet
25.0,8.2,6.2,0.2,-6.0,320.0,NotYet
25.0,8.2,6.2,0.2,-6.0,330.0,NotYet
25.0,8.2,6.2,0.2,-6.0,340.0,NotYet
25.0,8.2,6.2,0.2,-6.0,350.0,NotYet
25.0,8.2,6.2,0.2,-4.0,0.0,NotYet
25.0,8.2,6.2,0.2,-4.0,10.0,NotYet
25.0,8.2,6.2,0.2,-4.0,20.0,NotYet
25.0,8.2,6.2,0.2,-4.0,30.0,NotYet
25.0,8.2,6.2,0.2,-4.0,40.0,NotYet
25.0,8.2,6.2,0.2,-4.0,50.0,NotYet
25.0,8.2,6.2,0.2,-4.0,60.0,NotYet
25.0,8.2,6.2,0.2,-4.0,70.0,NotYet
25.0,8.2,6.2,0.2,-4.0,80.0,NotYet
25.0,8.2,6.2,0.2,-4.0,90.0,NotYet
25.0,8.2,6.2,0.2,-4.0,100.0,NotYet
25.0,8.2,6.2,0.2,-4.0,110.0,NotYet
25.0,8.2,6.2,0.2,-4.0,120.0,NotYet
25.0,8.2,6.2,0.2,-4.0,130.0,NotYet
25.0,8.2,6.2,0.2,-4.0,140.0,NotYet
25.0,8.2,6.2,0.2,-4.0,150.0,NotYet
25.0,8.2,6.2,0.2,-4.0,160.0,NotYet
25.0,8.2,6.2,0.2,-4.0,170.0,NotYet
25.0,8.2,6.2,0.2,-4.0,180.0,NotYet
25.0,8.2,6.2,0.2,-4.0,190.0,NotYet
25.0,8.2,6.2,0.2,-4.0,200.0,NotYet
25.0,8.2,6.2,0.2,-4.0,210.0,NotYet
25.0,8.2,6.2,0.2,-4.0,220.0,NotYet
25.0,8.2,6.2,0.2,-4.0,230.0,NotYet
25.0,8.2,6.2,0.2,-4.0,240.0,NotYet
25.0,8.2,6.2,0.2,-4.0,250.0,NotYet
25.0,8.2,6.2,0.2,-4.0,260.0,NotYet
25.0,8.2,6.2,0.2,-4.0,270.0,NotYet
25.0,8.2,6.2,0.2,-4.0,280.0,NotYet
25.0,8.2,6.2,0.2,-4.0,290.0,NotYet
25.0,8.2,6.2,0.2,-4.0,300.0,NotYet
25.0,8.2,6.2,0.2,-4.0,310.0,NotYet
25.0,8.2,6.2,0.2,-4.0,320.0,NotYet
25.0,8.2,6.2,0.2,-4.0,330.0,NotYet
25.0,8.2,6.2,0.2,-4.0,340.0,NotYet
25.0,8.2,6.2,0.2,-4.0,350.0,NotYet
25.0,8.2,6.2,0.2,-2.0,0.0,NotYet
25.0,8.2,6.2,0.2,-2.0,10.0,NotYet
25.0,8.2,6.2,0.2,-2.0,20.0,NotYet
25.0,8.2,6.2,0.2,-2.0,30.0,NotYet
25.0,8.2,6.2,0.2,-2.0,40.0,NotYet
25.0,8.2,6.2,0.2,-2.0,50.0,NotYet
25.0,8.2,6.2,0.2,-2.0,60.0,NotYet
25.0,8.2,6.2,0.2,-2.0,70.0,NotYet
25.0,8.2,6.2,0.2,-2.0,80.0,NotYet
25.0,8.2,6.2,0.2,-2.0,90.0,NotYet
25.0,8.2,6.2,0.2,-2.0,100.0,NotYet
25.0,8.2,6.2,0.2,-2.0,110.0,NotYet
25.0,8.2,6.2,0.2,-2.0,120.0,NotYet
25.0,8.2,6.2,0.2,-2.0,130.0,NotYet
25.0,8.2,6.2,0.2,-2.0,140.0,NotYet
25.0,8.2,6.2,0.2,-2.0,150.0,NotYet
25.0,8.2,6.2,0.2,-2.0,160.0,NotYet
25.0,8.2,6.2,0.2,-2.0,170.0,NotYet
25.0,8.2,6.2,0.2,-2.0,180.0,NotYet
25.0,8.2,6.2,0.2,-2.0,190.0,NotYet
25.0,8.2,6.2,0.2,-2.0,200.0,NotYet
25.0,8.2,6.2,0.2,-2.0,210.0,NotYet
25.0,8.2,6.2,0.2,-2.0,220.0,NotYet
25.0,8.2,6.2,0.2,-2.0,230.0,NotYet
25.0,8.2,6.2,0.2,-2.0,240.0,NotYet
25.0,8.2,6.2,0.2,-2.0,250.0,NotYet
25.0,8.2,6.2,0.2,-2.0,260.0,NotYet
25.0,8.2,6.2,0.2,-2.0,270.0,NotYet
25.0,8.2,6.2,0.2,-2.0,280.0,NotYet
25.0,8.2,6.2,0.2,-2.0,290.0,NotYet
25.0,8.2,6.2,0.2,-2.0,300.0,NotYet
25.0,8.2,6.2,0.2,-2.0,310.0,NotYet
25.0,8.2,6.2,0.2,-2.0,320.0,NotYet
25.0,8.2,6.2,0.2,-2.0,330.0,NotYet
25.0,8.2,6.2,0.2,-2.0,340.0,NotYet
25.0,8.2,6.2,0.2,-2.0,350.0,NotYet
25.0,8.2,6.2,0.2,0.0,0.0,NotYet
25.0,8.2,6.2,0.2,0.0,10.0,NotYet
25.0,8.2,6.2,0.2,0.0,20.0,NotYet
25.0,8.2,6.2,0.2,0.0,30.0,NotYet
25.0,8.2,6.2,0.2,0.0,40.0,NotYet
25.0,8.2,6.2,0.2,0.0,50.0,NotYet
25.0,8.2,6.2,0.2,0.0,60.0,NotYet
25.0,8.2,6.2,0.2,0.0,70.0,NotYet
25.0,8.2,6.2,0.2,0.0,80.0,NotYet
25.0,8.2,6.2,0.2,0.0,90.0,NotYet
25.0,8.2,6.2,0.2,0.0,100.0,NotYet
25.0,8.2,6.2,0.2,0.0,110.0,NotYet
25.0,8.2,6.2,0.2,0.0,120.0,NotYet
25.0,8.2,6.2,0.2,0.0,130.0,NotYet
25.0,8.2,6.2,0.2,0.0,140.0,NotYet
25.0,8.2,6.2,0.2,0.0,150.0,NotYet
25.0,8.2,6.2,0.2,0.0,160.0,NotYet
25.0,8.2,6.2,0.2,0.0,170.0,NotYet
25.0,8.2,6.2,0.2,0.0,180.0,NotYet
25.0,8.2,6.2,0.2,0.0,190.0,NotYet
25.0,8.2,6.2,0.2,0.0,200.0,NotYet
25.0,8.2,6.2,0.2,0.0,210.0,NotYet
25.0,8.2,6.2,0.2,0.0,220.0,NotYet
25.0,8.2,6.2,0.2,0.0,230.0,NotYet
25.0,8.2,6.2,0.2,0.0,240.0,NotYet
25.0,8.2,6.2,0.2,0.0,250.0,NotYet
25.0,8.2,6.2,0.2,0.0,260.0,NotYet
25.0,8.2,6.2,0.2,0.0,270.0,NotYet
25.0,8.2,6.2,0.2,0.0,280.0,NotYet
25.0,8.2,6.2,0.2,0.0,290.0,NotYet
25.0,8.2,6.2,0.2,0.0,300.0,NotYet
25.0,8.2,6.2,0.2,0.0,310.0,NotYet
25.0,8.2,6.2,0.2,0.0,320.0,NotYet
25.0,8.2,6.2,0.2,0.0,330.0,NotYet
25.0,8.2,6.2,0.2,0.0,340.0,NotYet
25.0,8.2,6.2,0.2,0.0,350.0,NotYet
25.0,8.2,6.2,0.2,2.0,0.0,NotYet
25.0,8.2,6.2,0.2,2.0,10.0,NotYet
25.0,8.2,6.2,0.2,2.0,20.0,NotYet
25.0,8.2,6.2,0.2,2.0,30.0,NotYet
25.0,8.2,6.2,0.2,2.0,40.0,NotYet
25.0,8.2,6.2,0.2,2.0,50.0,NotYet
25.0,8.2,6.2,0.2,2.0,60.0,NotYet
25.0,8.2,6.2,0.2,2.0,70.0,NotYet
25.0,8.2,6.2,0.2,2.0,80.0,NotYet
25.0,8.2,6.2,0.2,2.0,90.0,NotYet
25.0,8.2,6.2,0.2,2.0,100.0,NotYet
25.0,8.2,6.2,0.2,2.0,110.0,NotYet
25.0,8.2,6.2,0.2,2.0,120.0,NotYet
25.0,8.2,6.2,0.2,2.0,130.0,NotYet
25.0,8.2,6.2,0.2,2.0,140.0,NotYet
25.0,8.2,6.2,0.2,2.0,150.0,NotYet
25.0,8.2,6.2,0.2,2.0,160.0,NotYet
25.0,8.2,6.2,0.2,2.0,170.0,NotYet
25.0,8.2,6.2,0.2,2.0,180.0,NotYet
25.0,8.2,6.2,0.2,2.0,190.0,NotYet
25.0,8.2,6.2,0.2,2.0,200.0,NotYet
25.0,8.2,6.2,0.2,2.0,210.0,NotYet
25.0,8.2,6.2,0.2,2.0,220.0,NotYet
25.0,8.2,6.2,0.2,2.0,230.0,NotYet
25.0,8.2,6.2,0.2,2.0,240.0,NotYet
25.0,8.2,6.2,0.2,2.0,250.0,NotYet
25.0,8.2,6.2,0.2,2.0,260.0,NotYet
25.0,8.2,6.2,0.2,2.0,270.0,NotYet
25.0,8.2,6.2,0.2,2.0,280.0,NotYet
25.0,8.2,6.2,0.2,2.0,290.0,NotYet
25.0,8.2,6.2,0.2,2.0,300.0,NotYet
25.0,8.2,6.2,0.2,2.0,310.0,NotYet
25.0,8.2,6.2,0.2,2.0,320.0,NotYet
25.0,8.2,6.2,0.2,2.0,330.0,NotYet
25.0,8.2,6.2,0.2,2.0,340.0,NotYet
25.0,8.2,6.2,0.2,2.0,350.0,NotYet
25.0,8.2,6.2,0.2,4.0,0.0,NotYet
25.0,8.2,6.2,0.2,4.0,10.0,NotYet
25.0,8.2,6.2,0.2,4.0,20.0,NotYet
25.0,8.2,6.2,0.2,4.0,30.0,NotYet
25.0,8.2,6.2,0.2,4.0,40.0,NotYet
25.0,8.2,6.2,0.2,4.0,50.0,NotYet
25.0,8.2,6.2,0.2,4.0,60.0,NotYet
25.0,8.2,6.2,0.2,4.0,70.0,NotYet
25.0,8.2,6.2,0.2,4.0,80.0,NotYet
25.0,8.2,6.2,0.2,4.0,90.0,NotYet
25.0,8.2,6.2,0.2,4.0,100.0,NotYet
25.0,8.2,6.2,0.2,4.0,110.0,NotYet
25.0,8.2,6.2,0.2,4.0,120.0,NotYet
25.0,8.2,6.2,0.2,4.0,130.0,NotYet
25.0,8.2,6.2,0.2,4.0,140.0,NotYet
25.0,8.2,6.2,0.2,4.0,150.0,NotYet
25.0,8.2,6.2,0.2,4.0,160.0,NotYet
25.0,8.2,6.2,0.2,4.0,170.0,NotYet
25.0,8.2,6.2,0.2,4.0,180.0,NotYet
25.0,8.2,6.2,0.2,4.0,190.0,NotYet
25.0,8.2,6.2,0.2,4.0,200.0,NotYet
25.0,8.2,6.2,0.2,4.0,210.0,NotYet
25.0,8.2,6.2,0.2,4.0,220.0,NotYet
25.0,8.2,6.2,0.2,4.0,230.0,NotYet
25.0,8.2,6.2,0.2,4.0,240.0,NotYet
25.0,8.2,6.2,0.2,4.0,250.0,NotYet
25.0,8.2,6.2,0.2,4.0,260.0,NotYet
25.0,8.2,6.2,0.2,4.0,270.0,NotYet
25.0,8.2,6.2,0.2,4.0,280.0,NotYet
25.0,8.2,6.2,0.2,4.0,290.0,NotYet
25.0,8.2,6.2,0.2,4.0,300.0,NotYet
25.0,8.2,6.2,0.2,4.0,310.0,NotYet
25.0,8.2,6.2,0.2,4.0,320.0,NotYet
25.0,8.2,6.2,0.2,4.0,330.0,NotYet
25.0,8.2,6.2,0.2,4.0,340.0,NotYet
25.0,8.2,6.2,0.2,4.0,350.0,NotYet
25.0,8.2,6.2,0.2,6.0,0.0,NotYet
25.0,8.2,6.2,0.2,6.0,10.0,NotYet
25.0,8.2,6.2,0.2,6.0,20.0,NotYet
25.0,8.2,6.2,0.2,6.0,30.0,NotYet
25.0,8.2,6.2,0.2,6.0,40.0,NotYet
25.0,8.2,6.2,0.2,6.0,50.0,NotYet
25.0,8.2,6.2,0.2,6.0,60.0,NotYet
25.0,8.2,6.2,0.2,6.0,70.0,NotYet
25.0,8.2,6.2,0.2,6.0,80.0,NotYet
25.0,8.2,6.2,0.2,6.0,90.0,NotYet
25.0,8.2,6.2,0.2,6.0,100.0,NotYet
25.0,8.2,6.2,0.2,6.0,110.0,NotYet
25.0,8.2,6.2,0.2,6.0,120.0,NotYet
25.0,8.2,6.2,0.2,6.0,130.0,NotYet
25.0,8.2,6.2,0.2,6.0,140.0,NotYet
25.0,8.2,6.2,0.2,6.0,150.0,NotYet
25.0,8.2,6.2,0.2,6.0,160.0,NotYet
25.0,8.2,6.2,0.2,6.0,170.0,NotYet
25.0,8.2,6.2,0.2,6.0,180.0,NotYet
25.0,8.2,6.2,0.2,6.0,190.0,NotYet
25.0,8.2,6.2,0.2,6.0,200.0,NotYet
25.0,8.2,6.2,0.2,6.0,210.0,NotYet
25.0,8.2,6.2,0.2,6.0,220.0,NotYet
25.0,8.2,6.2,0.2,6.0,230.0,NotYet
25.0,8.2,6.2,0.2,6.0,240.0,NotYet
25.0,8.2,6.2,0.2,6.0,250.0,NotYet
25.0,8.2,6.2,0.2,6.0,260.0,NotYet
25.0,8.2,6.2,0.2,6.0,270.0,NotYet
25.0,8.2,6.2,0.2,6.0,280.0,NotYet
25.0,8.2,6.2,0.2,6.0,290.0,NotYet
25.0,8.2,6.2,0.2,6.0,300.0,NotYet
25.0,8.2,6.2,0.2,6.0,310.0,NotYet
25.0,8.2,6.2,0.2,6.0,320.0,NotYet
25.0,8.2,6.2,0.2,6.0,330.0,NotYet
25.0,8.2,6.2,0.2,6.0,340.0,NotYet
25.0,8.2,6.2,0.2,6.0,350.0,NotYet
25.0,8.2,6.2,0.2,8.0,0.0,NotYet
25.0,8.2,6.2,0.2,8.0,10.0,NotYet
25.0,8.2,6.2,0.2,8.0,20.0,NotYet
25.0,8.2,6.2,0.2,8.0,30.0,NotYet
25.0,8.2,6.2,0.2,8.0,40.0,NotYet
25.0,8.2,6.2,0.2,8.0,50.0,NotYet
25.0,8.2,6.2,0.2,8.0,60.0,NotYet
25.0,8.2,6.2,0.2,8.0,70.0,NotYet
25.0,8.2,6.2,0.2,8.0,80.0,NotYet
25.0,8.2,6.2,0.2,8.0,90.0,NotYet
25.0,8.2,6.2,0.2,8.0,100.0,NotYet
25.0,8.2,6.2,0.2,8.0,110.0,NotYet
25.0,8.2,6.2,0.2,8.0,120.0,NotYet
25.0,8.2,6.2,0.2,8.0,130.0,NotYet
25.0,8.2,6.2,0.2,8.0,140.0,NotYet
25.0,8.2,6.2,0.2,8.0,150.0,NotYet
25.0,8.2,6.2,0.2,8.0,160.0,NotYet
25.0,8.2,6.2,0.2,8.0,170.0,NotYet
25.0,8.2,6.2,0.2,8.0,180.0,NotYet
25.0,8.2,6.2,0.2,8.0,190.0,NotYet
25.0,8.2,6.2,0.2,8.0,200.0,NotYet
25.0,8.2,6.2,0.2,8.0,210.0,NotYet
25.0,8.2,6.2,0.2,8.0,220.0,NotYet
25.0,8.2,6.2,0.2,8.0,230.0,NotYet
25.0,8.2,6.2,0.2,8.0,240.0,NotYet
25.0,8.2,6.2,0.2,8.0,250.0,NotYet
25.0,8.2,6.2,0.2,8.0,260.0,NotYet
25.0,8.2,6.2,0.2,8.0,270.0,NotYet
25.0,8.2,6.2,0.2,8.0,280.0,NotYet
25.0,8.2,6.2,0.2,8.0,290.0,NotYet
25.0,8.2,6.2,0.2,8.0,300.0,NotYet
25.0,8.2,6.2,0.2,8.0,310.0,NotYet
25.0,8.2,6.2,0.2,8.0,320.0,NotYet
25.0,8.2,6.2,0.2,8.0,330.0,NotYet
25.0,8.2,6.2,0.2,8.0,340.0,NotYet
25.0,8.2,6.2,0.2,8.0,350.0,NotYet
25.0,8.2,6.2,0.2,10.0,0.0,NotYet
25.0,8.2,6.2,0.2,10.0,10.0,NotYet
25.0,8.2,6.2,0.2,10.0,20.0,NotYet
25.0,8.2,6.2,0.2,10.0,30.0,NotYet
25.0,8.2,6.2,0.2,10.0,40.0,NotYet
25.0,8.2,6.2,0.2,10.0,50.0,NotYet
25.0,8.2,6.2,0.2,10.0,60.0,NotYet
25.0,8.2,6.2,0.2,10.0,70.0,NotYet
25.0,8.2,6.2,0.2,10.0,80.0,NotYet
25.0,8.2,6.2,0.2,10.0,90.0,NotYet
25.0,8.2,6.2,0.2,10.0,100.0,NotYet
25.0,8.2,6.2,0.2,10.0,110.0,NotYet
25.0,8.2,6.2,0.2,10.0,120.0,NotYet
25.0,8.2,6.2,0.2,10.0,130.0,NotYet
25.0,8.2,6.2,0.2,10.0,140.0,NotYet
25.0,8.2,6.2,0.2,10.0,150.0,NotYet
25.0,8.2,6.2,0.2,10.0,160.0,NotYet
25.0,8.2,6.2,0.2,10.0,170.0,NotYet
25.0,8.2,6.2,0.2,10.0,180.0,NotYet
25.0,8.2,6.2,0.2,10.0,190.0,NotYet
25.0,8.2,6.2,0.2,10.0,200.0,NotYet
25.0,8.2,6.2,0.2,10.0,210.0,NotYet
25.0,8.2,6.2,0.2,10.0,220.0,NotYet
25.0,8.2,6.2,0.2,10.0,230.0,NotYet
25.0,8.2,6.2,0.2,10.0,240.0,NotYet
25.0,8.2,6.2,0.2,10.0,250.0,NotYet
25.0,8.2,6.2,0.2,10.0,260.0,NotYet
25.0,8.2,6.2,0.2,10.0,270.0,NotYet
25.0,8.2,6.2,0.2,10.0,280.0,NotYet
25.0,8.2,6.2,0.2,10.0,290.0,NotYet
25.0,8.2,6.2,0.2,10.0,300.0,NotYet
25.0,8.2,6.2,0.2,10.0,310.0,NotYet
25.0,8.2,6.2,0.2,10.0,320.0,NotYet
25.0,8.2,6.2,0.2,10.0,330.0,NotYet
25.0,8.2,6.2,0.2,10.0,340.0,NotYet
25.0,8.2,6.2,0.2,10.0,350.0,NotYet
25.0,8.2,6.2,0.2,12.0,0.0,NotYet
25.0,8.2,6.2,0.2,12.0,10.0,NotYet
25.0,8.2,6.2,0.2,12.0,20.0,NotYet
25.0,8.2,6.2,0.2,12.0,30.0,NotYet
25.0,8.2,6.2,0.2,12.0,40.0,NotYet
25.0,8.2,6.2,0.2,12.0,50.0,NotYet
25.0,8.2,6.2,0.2,12.0,60.0,NotYet
25.0,8.2,6.2,0.2,12.0,70.0,NotYet
25.0,8.2,6.2,0.2,12.0,80.0,NotYet
25.0,8.2,6.2,0.2,12.0,90.0,NotYet
25.0,8.2,6.2,0.2,12.0,100.0,NotYet
25.0,8.2,6.2,0.2,12.0,110.0,NotYet
25.0,8.2,6.2,0.2,12.0,120.0,NotYet
25.0,8.2,6.2,0.2,12.0,130.0,NotYet
25.0,8.2,6.2,0.2,12.0,140.0,NotYet
25.0,8.2,6.2,0.2,12.0,150.0,NotYet
25.0,8.2,6.2,0.2,12.0,160.0,NotYet
25.0,8.2,6.2,0.2,12.0,170.0,NotYet
25.0,8.2,6.2,0.2,12.0,180.0,NotYet
25.0,8.2,6.2,0.2,12.0,190.0,NotYet
25.0,8.2,6.2,0.2,12.0,200.0,NotYet
25.0,8.2,6.2,0.2,12.0,210.0,NotYet
25.0,8.2,6.2,0.2,12.0,220.0,NotYet
25.0,8.2,6.2,0.2,12.0,230.0,NotYet
25.0,8.2,6.2,0.2,12.0,240.0,NotYet
25.0,8.2,6.2,0.2,12.0,250.0,NotYet
25.0,8.2,6.2,0.2,12.0,260.0,NotYet
25.0,8.2,6.2,0.2,12.0,270.0,NotYet
25.0,8.2,6.2,0.2,12.0,280.0,NotYet
25.0,8.2,6.2,0.2,12.0,290.0,NotYet
25.0,8.2,6.2,0.2,12.0,300.0,NotYet
25.0,8.2,6.2,0.2,12.0,310.0,NotYet
25.0,8.2,6.2,0.2,12.0,320.0,NotYet
25.0,8.2,6.2,0.2,12.0,330.0,NotYet
25.0,8.2,6.2,0.2,12.0,340.0,NotYet
25.0,8.2,6.2,0.2,12.0,350.0,NotYet
25.0,8.2,6.2,0.2,14.0,0.0,NotYet
25.0,8.2,6.2,0.2,14.0,10.0,NotYet
25.0,8.2,6.2,0.2,14.0,20.0,NotYet
25.0,8.2,6.2,0.2,14.0,30.0,NotYet
25.0,8.2,6.2,0.2,14.0,40.0,NotYet
25.0,8.2,6.2,0.2,14.0,50.0,NotYet
25.0,8.2,6.2,0.2,14.0,60.0,NotYet
25.0,8.2,6.2,0.2,14.0,70.0,NotYet
25.0,8.2,6.2,0.2,14.0,80.0,NotYet
25.0,8.2,6.2,0.2,14.0,90.0,NotYet
25.0,8.2,6.2,0.2,14.0,100.0,NotYet
25.0,8.2,6.2,0.2,14.0,110.0,NotYet
25.0,8.2,6.2,0.2,14.0,120.0,NotYet
25.0,8.2,6.2,0.2,14.0,130.0,NotYet
25.0,8.2,6.2,0.2,14.0,140.0,NotYet
25.0,8.2,6.2,0.2,14.0,150.0,NotYet
25.0,8.2,6.2,0.2,14.0,160.0,NotYet
25.0,8.2,6.2,0.2,14.0,170.0,NotYet
25.0,8.2,6.2,0.2,14.0,180.0,NotYet
25.0,8.2,6.2,0.2,14.0,190.0,NotYet
25.0,8.2,6.2,0.2,14.0,200.0,NotYet
25.0,8.2,6.2,0.2,14.0,210.0,NotYet
25.0,8.2,6.2,0.2,14.0,220.0,NotYet
25.0,8.2,6.2,0.2,14.0,230.0,NotYet
25.0,8.2,6.2,0.2,14.0,240.0,NotYet
25.0,8.2,6.2,0.2,14.0,250.0,NotYet
25.0,8.2,6.2,0.2,14.0,260.0,NotYet
25.0,8.2,6.2,0.2,14.0,270.0,NotYet
25.0,8.2,6.2,0.2,14.0,280.0,NotYet
25.0,8.2,6.2,0.2,14.0,290.0,NotYet
25.0,8.2,6.2,0.2,14.0,300.0,NotYet
25.0,8.2,6.2,0.2,14.0,310.0,NotYet
25.0,8.2,6.2,0.2,14.0,320.0,NotYet
25.0,8.2,6.2,0.2,14.0,330.0,NotYet
25.0,8.2,6.2,0.2,14.0,340.0,NotYet
25.0,8.2,6.2,0.2,14.0,350.0,NotYet
25.0,8.2,6.2,0.4,-14.0,0.0,NotYet
25.0,8.2,6.2,0.4,-14.0,10.0,NotYet
25.0,8.2,6.2,0.4,-14.0,20.0,NotYet
25.0,8.2,6.2,0.4,-14.0,30.0,NotYet
25.0,8.2,6.2,0.4,-14.0,40.0,NotYet
25.0,8.2,6.2,0.4,-14.0,50.0,NotYet
25.0,8.2,6.2,0.4,-14.0,60.0,NotYet
25.0,8.2,6.2,0.4,-14.0,70.0,NotYet
25.0,8.2,6.2,0.4,-14.0,80.0,NotYet
25.0,8.2,6.2,0.4,-14.0,90.0,NotYet
25.0,8.2,6.2,0.4,-14.0,100.0,NotYet
25.0,8.2,6.2,0.4,-14.0,110.0,NotYet
25.0,8.2,6.2,0.4,-14.0,120.0,NotYet
25.0,8.2,6.2,0.4,-14.0,130.0,NotYet
25.0,8.2,6.2,0.4,-14.0,140.0,NotYet
25.0,8.2,6.2,0.4,-14.0,150.0,NotYet
25.0,8.2,6.2,0.4,-14.0,160.0,NotYet
25.0,8.2,6.2,0.4,-14.0,170.0,NotYet
25.0,8.2,6.2,0.4,-14.0,180.0,NotYet
25.0,8.2,6.2,0.4,-14.0,190.0,NotYet
25.0,8.2,6.2,0.4,-14.0,200.0,NotYet
25.0,8.2,6.2,0.4,-14.0,210.0,NotYet
25.0,8.2,6.2,0.4,-14.0,220.0,NotYet
25.0,8.2,6.2,0.4,-14.0,230.0,NotYet
25.0,8.2,6.2,0.4,-14.0,240.0,NotYet
25.0,8.2,6.2,0.4,-14.0,250.0,NotYet
25.0,8.2,6.2,0.4,-14.0,260.0,NotYet
25.0,8.2,6.2,0.4,-14.0,270.0,NotYet
25.0,8.2,6.2,0.4,-14.0,280.0,NotYet
25.0,8.2,6.2,0.4,-14.0,290.0,NotYet
25.0,8.2,6.2,0.4,-14.0,300.0,NotYet
25.0,8.2,6.2,0.4,-14.0,310.0,NotYet
25.0,8.2,6.2,0.4,-14.0,320.0,NotYet
25.0,8.2,6.2,0.4,-14.0,330.0,NotYet
25.0,8.2,6.2,0.4,-14.0,340.0,NotYet
25.0,8.2,6.2,0.4,-14.0,350.0,NotYet
25.0,8.2,6.2,0.4,-12.0,0.0,NotYet
25.0,8.2,6.2,0.4,-12.0,10.0,NotYet
25.0,8.2,6.2,0.4,-12.0,20.0,NotYet
25.0,8.2,6.2,0.4,-12.0,30.0,NotYet
25.0,8.2,6.2,0.4,-12.0,40.0,NotYet
25.0,8.2,6.2,0.4,-12.0,50.0,NotYet
25.0,8.2,6.2,0.4,-12.0,60.0,NotYet
25.0,8.2,6.2,0.4,-12.0,70.0,NotYet
25.0,8.2,6.2,0.4,-12.0,80.0,NotYet
25.0,8.2,6.2,0.4,-12.0,90.0,NotYet
25.0,8.2,6.2,0.4,-12.0,100.0,NotYet
25.0,8.2,6.2,0.4,-12.0,110.0,NotYet
25.0,8.2,6.2,0.4,-12.0,120.0,NotYet
25.0,8.2,6.2,0.4,-12.0,130.0,NotYet
25.0,8.2,6.2,0.4,-12.0,140.0,NotYet
25.0,8.2,6.2,0.4,-12.0,150.0,NotYet
25.0,8.2,6.2,0.4,-12.0,160.0,NotYet
25.0,8.2,6.2,0.4,-12.0,170.0,NotYet
25.0,8.2,6.2,0.4,-12.0,180.0,NotYet
25.0,8.2,6.2,0.4,-12.0,190.0,NotYet
25.0,8.2,6.2,0.4,-12.0,200.0,NotYet
25.0,8.2,6.2,0.4,-12.0,210.0,NotYet
25.0,8.2,6.2,0.4,-12.0,220.0,NotYet
25.0,8.2,6.2,0.4,-12.0,230.0,NotYet
25.0,8.2,6.2,0.4,-12.0,240.0,NotYet
25.0,8.2,6.2,0.4,-12.0,250.0,NotYet
25.0,8.2,6.2,0.4,-12.0,260.0,NotYet
25.0,8.2,6.2,0.4,-12.0,270.0,NotYet
25.0,8.2,6.2,0.4,-12.0,280.0,NotYet
25.0,8.2,6.2,0.4,-12.0,290.0,NotYet
25.0,8.2,6.2,0.4,-12.0,300.0,NotYet
25.0,8.2,6.2,0.4,-12.0,310.0,NotYet
25.0,8.2,6.2,0.4,-12.0,320.0,NotYet
25.0,8.2,6.2,0.4,-12.0,330.0,NotYet
25.0,8.2,6.2,0.4,-12.0,340.0,NotYet
25.0,8.2,6.2,0.4,-12.0,350.0,NotYet
25.0,8.2,6.2,0.4,-10.0,0.0,NotYet
25.0,8.2,6.2,0.4,-10.0,10.0,NotYet
25.0,8.2,6.2,0.4,-10.0,20.0,NotYet
25.0,8.2,6.2,0.4,-10.0,30.0,NotYet
25.0,8.2,6.2,0.4,-10.0,40.0,NotYet
25.0,8.2,6.2,0.4,-10.0,50.0,NotYet
25.0,8.2,6.2,0.4,-10.0,60.0,NotYet
25.0,8.2,6.2,0.4,-10.0,70.0,NotYet
25.0,8.2,6.2,0.4,-10.0,80.0,NotYet
25.0,8.2,6.2,0.4,-10.0,90.0,NotYet
25.0,8.2,6.2,0.4,-10.0,100.0,NotYet
25.0,8.2,6.2,0.4,-10.0,110.0,NotYet
25.0,8.2,6.2,0.4,-10.0,120.0,NotYet
25.0,8.2,6.2,0.4,-10.0,130.0,NotYet
25.0,8.2,6.2,0.4,-10.0,140.0,NotYet
25.0,8.2,6.2,0.4,-10.0,150.0,NotYet
25.0,8.2,6.2,0.4,-10.0,160.0,NotYet
25.0,8.2,6.2,0.4,-10.0,170.0,NotYet
25.0,8.2,6.2,0.4,-10.0,180.0,NotYet
25.0,8.2,6.2,0.4,-10.0,190.0,NotYet
25.0,8.2,6.2,0.4,-10.0,200.0,NotYet
25.0,8.2,6.2,0.4,-10.0,210.0,NotYet
25.0,8.2,6.2,0.4,-10.0,220.0,NotYet
25.0,8.2,6.2,0.4,-10.0,230.0,NotYet
25.0,8.2,6.2,0.4,-10.0,240.0,NotYet
25.0,8.2,6.2,0.4,-10.0,250.0,NotYet
25.0,8.2,6.2,0.4,-10.0,260.0,NotYet
25.0,8.2,6.2,0.4,-10.0,270.0,NotYet
25.0,8.2,6.2,0.4,-10.0,280.0,NotYet
25.0,8.2,6.2,0.4,-10.0,290.0,NotYet
25.0,8.2,6.2,0.4,-10.0,300.0,NotYet
25.0,8.2,6.2,0.4,-10.0,310.0,NotYet
25.0,8.2,6.2,0.4,-10.0,320.0,NotYet
25.0,8.2,6.2,0.4,-10.0,330.0,NotYet
25.0,8.2,6.2,0.4,-10.0,340.0,NotYet
25.0,8.2,6.2,0.4,-10.0,350.0,NotYet
25.0,8.2,6.2,0.4,-8.0,0.0,NotYet
25.0,8.2,6.2,0.4,-8.0,10.0,NotYet
25.0,8.2,6.2,0.4,-8.0,20.0,NotYet
25.0,8.2,6.2,0.4,-8.0,30.0,NotYet
25.0,8.2,6.2,0.4,-8.0,40.0,NotYet
25.0,8.2,6.2,0.4,-8.0,50.0,NotYet
25.0,8.2,6.2,0.4,-8.0,60.0,NotYet
25.0,8.2,6.2,0.4,-8.0,70.0,NotYet
25.0,8.2,6.2,0.4,-8.0,80.0,NotYet
25.0,8.2,6.2,0.4,-8.0,90.0,NotYet
25.0,8.2,6.2,0.4,-8.0,100.0,NotYet
25.0,8.2,6.2,0.4,-8.0,110.0,NotYet
25.0,8.2,6.2,0.4,-8.0,120.0,NotYet
25.0,8.2,6.2,0.4,-8.0,130.0,NotYet
25.0,8.2,6.2,0.4,-8.0,140.0,NotYet
25.0,8.2,6.2,0.4,-8.0,150.0,NotYet
25.0,8.2,6.2,0.4,-8.0,160.0,NotYet
25.0,8.2,6.2,0.4,-8.0,170.0,NotYet
25.0,8.2,6.2,0.4,-8.0,180.0,NotYet
25.0,8.2,6.2,0.4,-8.0,190.0,NotYet
25.0,8.2,6.2,0.4,-8.0,200.0,NotYet
25.0,8.2,6.2,0.4,-8.0,210.0,NotYet
25.0,8.2,6.2,0.4,-8.0,220.0,NotYet
25.0,8.2,6.2,0.4,-8.0,230.0,NotYet
25.0,8.2,6.2,0.4,-8.0,240.0,NotYet
25.0,8.2,6.2,0.4,-8.0,250.0,NotYet
25.0,8.2,6.2,0.4,-8.0,260.0,NotYet
25.0,8.2,6.2,0.4,-8.0,270.0,NotYet
25.0,8.2,6.2,0.4,-8.0,280.0,NotYet
25.0,8.2,6.2,0.4,-8.0,290.0,NotYet
25.0,8.2,6.2,0.4,-8.0,300.0,NotYet
25.0,8.2,6.2,0.4,-8.0,310.0,NotYet
25.0,8.2,6.2,0.4,-8.0,320.0,NotYet
25.0,8.2,6.2,0.4,-8.0,330.0,NotYet
25.0,8.2,6.2,0.4,-8.0,340.0,NotYet
25.0,8.2,6.2,0.4,-8.0,350.0,NotYet
25.0,8.2,6.2,0.4,-6.0,0.0,NotYet
25.0,8.2,6.2,0.4,-6.0,10.0,NotYet
25.0,8.2,6.2,0.4,-6.0,20.0,NotYet
25.0,8.2,6.2,0.4,-6.0,30.0,NotYet
25.0,8.2,6.2,0.4,-6.0,40.0,NotYet
25.0,8.2,6.2,0.4,-6.0,50.0,NotYet
25.0,8.2,6.2,0.4,-6.0,60.0,NotYet
25.0,8.2,6.2,0.4,-6.0,70.0,NotYet
25.0,8.2,6.2,0.4,-6.0,80.0,NotYet
25.0,8.2,6.2,0.4,-6.0,90.0,NotYet
25.0,8.2,6.2,0.4,-6.0,100.0,NotYet
25.0,8.2,6.2,0.4,-6.0,110.0,NotYet
25.0,8.2,6.2,0.4,-6.0,120.0,NotYet
25.0,8.2,6.2,0.4,-6.0,130.0,NotYet
25.0,8.2,6.2,0.4,-6.0,140.0,NotYet
25.0,8.2,6.2,0.4,-6.0,150.0,NotYet
25.0,8.2,6.2,0.4,-6.0,160.0,NotYet
25.0,8.2,6.2,0.4,-6.0,170.0,NotYet
25.0,8.2,6.2,0.4,-6.0,180.0,NotYet
25.0,8.2,6.2,0.4,-6.0,190.0,NotYet
25.0,8.2,6.2,0.4,-6.0,200.0,NotYet
25.0,8.2,6.2,0.4,-6.0,210.0,NotYet
25.0,8.2,6.2,0.4,-6.0,220.0,NotYet
25.0,8.2,6.2,0.4,-6.0,230.0,NotYet
25.0,8.2,6.2,0.4,-6.0,240.0,NotYet
25.0,8.2,6.2,0.4,-6.0,250.0,NotYet
25.0,8.2,6.2,0.4,-6.0,260.0,NotYet
25.0,8.2,6.2,0.4,-6.0,270.0,NotYet
25.0,8.2,6.2,0.4,-6.0,280.0,NotYet
25.0,8.2,6.2,0.4,-6.0,290.0,NotYet
25.0,8.2,6.2,0.4,-6.0,300.0,NotYet
25.0,8.2,6.2,0.4,-6.0,310.0,NotYet
25.0,8.2,6.2,0.4,-6.0,320.0,NotYet
25.0,8.2,6.2,0.4,-6.0,330.0,NotYet
25.0,8.2,6.2,0.4,-6.0,340.0,NotYet
25.0,8.2,6.2,0.4,-6.0,350.0,NotYet
25.0,8.2,6.2,0.4,-4.0,0.0,NotYet
25.0,8.2,6.2,0.4,-4.0,10.0,NotYet
25.0,8.2,6.2,0.4,-4.0,20.0,NotYet
25.0,8.2,6.2,0.4,-4.0,30.0,NotYet
25.0,8.2,6.2,0.4,-4.0,40.0,NotYet
25.0,8.2,6.2,0.4,-4.0,50.0,NotYet
25.0,8.2,6.2,0.4,-4.0,60.0,NotYet
25.0,8.2,6.2,0.4,-4.0,70.0,NotYet
25.0,8.2,6.2,0.4,-4.0,80.0,NotYet
25.0,8.2,6.2,0.4,-4.0,90.0,NotYet
25.0,8.2,6.2,0.4,-4.0,100.0,NotYet
25.0,8.2,6.2,0.4,-4.0,110.0,NotYet
25.0,8.2,6.2,0.4,-4.0,120.0,NotYet
25.0,8.2,6.2,0.4,-4.0,130.0,NotYet
25.0,8.2,6.2,0.4,-4.0,140.0,NotYet
25.0,8.2,6.2,0.4,-4.0,150.0,NotYet
25.0,8.2,6.2,0.4,-4.0,160.0,NotYet
25.0,8.2,6.2,0.4,-4.0,170.0,NotYet
25.0,8.2,6.2,0.4,-4.0,180.0,NotYet
25.0,8.2,6.2,0.4,-4.0,190.0,NotYet
25.0,8.2,6.2,0.4,-4.0,200.0,NotYet
25.0,8.2,6.2,0.4,-4.0,210.0,NotYet
25.0,8.2,6.2,0.4,-4.0,220.0,NotYet
25.0,8.2,6.2,0.4,-4.0,230.0,NotYet
25.0,8.2,6.2,0.4,-4.0,240.0,NotYet
25.0,8.2,6.2,0.4,-4.0,250.0,NotYet
25.0,8.2,6.2,0.4,-4.0,260.0,NotYet
25.0,8.2,6.2,0.4,-4.0,270.0,NotYet
25.0,8.2,6.2,0.4,-4.0,280.0,NotYet
25.0,8.2,6.2,0.4,-4.0,290.0,NotYet
25.0,8.2,6.2,0.4,-4.0,300.0,NotYet
25.0,8.2,6.2,0.4,-4.0,310.0,NotYet
25.0,8.2,6.2,0.4,-4.0,320.0,NotYet
25.0,8.2,6.2,0.4,-4.0,330.0,NotYet
25.0,8.2,6.2,0.4,-4.0,340.0,NotYet
25.0,8.2,6.2,0.4,-4.0,350.0,NotYet
25.0,8.2,6.2,0.4,-2.0,0.0,NotYet
25.0,8.2,6.2,0.4,-2.0,10.0,NotYet
25.0,8.2,6.2,0.4,-2.0,20.0,NotYet
25.0,8.2,6.2,0.4,-2.0,30.0,NotYet
25.0,8.2,6.2,0.4,-2.0,40.0,NotYet
25.0,8.2,6.2,0.4,-2.0,50.0,NotYet
25.0,8.2,6.2,0.4,-2.0,60.0,NotYet
25.0,8.2,6.2,0.4,-2.0,70.0,NotYet
25.0,8.2,6.2,0.4,-2.0,80.0,NotYet
25.0,8.2,6.2,0.4,-2.0,90.0,NotYet
25.0,8.2,6.2,0.4,-2.0,100.0,NotYet
25.0,8.2,6.2,0.4,-2.0,110.0,NotYet
25.0,8.2,6.2,0.4,-2.0,120.0,NotYet
25.0,8.2,6.2,0.4,-2.0,130.0,NotYet
25.0,8.2,6.2,0.4,-2.0,140.0,NotYet
25.0,8.2,6.2,0.4,-2.0,150.0,NotYet
25.0,8.2,6.2,0.4,-2.0,160.0,NotYet
25.0,8.2,6.2,0.4,-2.0,170.0,NotYet
25.0,8.2,6.2,0.4,-2.0,180.0,NotYet
25.0,8.2,6.2,0.4,-2.0,190.0,NotYet
25.0,8.2,6.2,0.4,-2.0,200.0,NotYet
25.0,8.2,6.2,0.4,-2.0,210.0,NotYet
25.0,8.2,6.2,0.4,-2.0,220.0,NotYet
25.0,8.2,6.2,0.4,-2.0,230.0,NotYet
25.0,8.2,6.2,0.4,-2.0,240.0,NotYet
25.0,8.2,6.2,0.4,-2.0,250.0,NotYet
25.0,8.2,6.2,0.4,-2.0,260.0,NotYet
25.0,8.2,6.2,0.4,-2.0,270.0,NotYet
25.0,8.2,6.2,0.4,-2.0,280.0,NotYet
25.0,8.2,6.2,0.4,-2.0,290.0,NotYet
25.0,8.2,6.2,0.4,-2.0,300.0,NotYet
25.0,8.2,6.2,0.4,-2.0,310.0,NotYet
25.0,8.2,6.2,0.4,-2.0,320.0,NotYet
25.0,8.2,6.2,0.4,-2.0,330.0,NotYet
25.0,8.2,6.2,0.4,-2.0,340.0,NotYet
25.0,8.2,6.2,0.4,-2.0,350.0,NotYet
25.0,8.2,6.2,0.4,0.0,0.0,NotYet
25.0,8.2,6.2,0.4,0.0,10.0,NotYet
25.0,8.2,6.2,0.4,0.0,20.0,NotYet
25.0,8.2,6.2,0.4,0.0,30.0,NotYet
25.0,8.2,6.2,0.4,0.0,40.0,NotYet
25.0,8.2,6.2,0.4,0.0,50.0,NotYet
25.0,8.2,6.2,0.4,0.0,60.0,NotYet
25.0,8.2,6.2,0.4,0.0,70.0,NotYet
25.0,8.2,6.2,0.4,0.0,80.0,NotYet
25.0,8.2,6.2,0.4,0.0,90.0,NotYet
25.0,8.2,6.2,0.4,0.0,100.0,NotYet
25.0,8.2,6.2,0.4,0.0,110.0,NotYet
25.0,8.2,6.2,0.4,0.0,120.0,NotYet
25.0,8.2,6.2,0.4,0.0,130.0,NotYet
25.0,8.2,6.2,0.4,0.0,140.0,NotYet
25.0,8.2,6.2,0.4,0.0,150.0,NotYet
25.0,8.2,6.2,0.4,0.0,160.0,NotYet
25.0,8.2,6.2,0.4,0.0,170.0,NotYet
25.0,8.2,6.2,0.4,0.0,180.0,NotYet
25.0,8.2,6.2,0.4,0.0,190.0,NotYet
25.0,8.2,6.2,0.4,0.0,200.0,NotYet
25.0,8.2,6.2,0.4,0.0,210.0,NotYet
25.0,8.2,6.2,0.4,0.0,220.0,NotYet
25.0,8.2,6.2,0.4,0.0,230.0,NotYet
25.0,8.2,6.2,0.4,0.0,240.0,NotYet
25.0,8.2,6.2,0.4,0.0,250.0,NotYet
25.0,8.2,6.2,0.4,0.0,260.0,NotYet
25.0,8.2,6.2,0.4,0.0,270.0,NotYet
25.0,8.2,6.2,0.4,0.0,280.0,NotYet
25.0,8.2,6.2,0.4,0.0,290.0,NotYet
25.0,8.2,6.2,0.4,0.0,300.0,NotYet
25.0,8.2,6.2,0.4,0.0,310.0,NotYet
25.0,8.2,6.2,0.4,0.0,320.0,NotYet
25.0,8.2,6.2,0.4,0.0,330.0,NotYet
25.0,8.2,6.2,0.4,0.0,340.0,NotYet
25.0,8.2,6.2,0.4,0.0,350.0,NotYet
25.0,8.2,6.2,0.4,2.0,0.0,NotYet
25.0,8.2,6.2,0.4,2.0,10.0,NotYet
25.0,8.2,6.2,0.4,2.0,20.0,NotYet
25.0,8.2,6.2,0.4,2.0,30.0,NotYet
25.0,8.2,6.2,0.4,2.0,40.0,NotYet
25.0,8.2,6.2,0.4,2.0,50.0,NotYet
25.0,8.2,6.2,0.4,2.0,60.0,NotYet
25.0,8.2,6.2,0.4,2.0,70.0,NotYet
25.0,8.2,6.2,0.4,2.0,80.0,NotYet
25.0,8.2,6.2,0.4,2.0,90.0,NotYet
25.0,8.2,6.2,0.4,2.0,100.0,NotYet
25.0,8.2,6.2,0.4,2.0,110.0,NotYet
25.0,8.2,6.2,0.4,2.0,120.0,NotYet
25.0,8.2,6.2,0.4,2.0,130.0,NotYet
25.0,8.2,6.2,0.4,2.0,140.0,NotYet
25.0,8.2,6.2,0.4,2.0,150.0,NotYet
25.0,8.2,6.2,0.4,2.0,160.0,NotYet
25.0,8.2,6.2,0.4,2.0,170.0,NotYet
25.0,8.2,6.2,0.4,2.0,180.0,NotYet
25.0,8.2,6.2,0.4,2.0,190.0,NotYet
25.0,8.2,6.2,0.4,2.0,200.0,NotYet
25.0,8.2,6.2,0.4,2.0,210.0,NotYet
25.0,8.2,6.2,0.4,2.0,220.0,NotYet
25.0,8.2,6.2,0.4,2.0,230.0,NotYet
25.0,8.2,6.2,0.4,2.0,240.0,NotYet
25.0,8.2,6.2,0.4,2.0,250.0,NotYet
25.0,8.2,6.2,0.4,2.0,260.0,NotYet
25.0,8.2,6.2,0.4,2.0,270.0,NotYet
25.0,8.2,6.2,0.4,2.0,280.0,NotYet
25.0,8.2,6.2,0.4,2.0,290.0,NotYet
25.0,8.2,6.2,0.4,2.0,300.0,NotYet
25.0,8.2,6.2,0.4,2.0,310.0,NotYet
25.0,8.2,6.2,0.4,2.0,320.0,NotYet
25.0,8.2,6.2,0.4,2.0,330.0,NotYet
25.0,8.2,6.2,0.4,2.0,340.0,NotYet
25.0,8.2,6.2,0.4,2.0,350.0,NotYet
25.0,8.2,6.2,0.4,4.0,0.0,NotYet
25.0,8.2,6.2,0.4,4.0,10.0,NotYet
25.0,8.2,6.2,0.4,4.0,20.0,NotYet
25.0,8.2,6.2,0.4,4.0,30.0,NotYet
25.0,8.2,6.2,0.4,4.0,40.0,NotYet
25.0,8.2,6.2,0.4,4.0,50.0,NotYet
25.0,8.2,6.2,0.4,4.0,60.0,NotYet
25.0,8.2,6.2,0.4,4.0,70.0,NotYet
25.0,8.2,6.2,0.4,4.0,80.0,NotYet
25.0,8.2,6.2,0.4,4.0,90.0,NotYet
25.0,8.2,6.2,0.4,4.0,100.0,NotYet
25.0,8.2,6.2,0.4,4.0,110.0,NotYet
25.0,8.2,6.2,0.4,4.0,120.0,NotYet
25.0,8.2,6.2,0.4,4.0,130.0,NotYet
25.0,8.2,6.2,0.4,4.0,140.0,NotYet
25.0,8.2,6.2,0.4,4.0,150.0,NotYet
25.0,8.2,6.2,0.4,4.0,160.0,NotYet
25.0,8.2,6.2,0.4,4.0,170.0,NotYet
25.0,8.2,6.2,0.4,4.0,180.0,NotYet
25.0,8.2,6.2,0.4,4.0,190.0,NotYet
25.0,8.2,6.2,0.4,4.0,200.0,NotYet
25.0,8.2,6.2,0.4,4.0,210.0,NotYet
25.0,8.2,6.2,0.4,4.0,220.0,NotYet
25.0,8.2,6.2,0.4,4.0,230.0,NotYet
25.0,8.2,6.2,0.4,4.0,240.0,NotYet
25.0,8.2,6.2,0.4,4.0,250.0,NotYet
25.0,8.2,6.2,0.4,4.0,260.0,NotYet
25.0,8.2,6.2,0.4,4.0,270.0,NotYet
25.0,8.2,6.2,0.4,4.0,280.0,NotYet
25.0,8.2,6.2,0.4,4.0,290.0,NotYet
25.0,8.2,6.2,0.4,4.0,300.0,NotYet
25.0,8.2,6.2,0.4,4.0,310.0,NotYet
25.0,8.2,6.2,0.4,4.0,320.0,NotYet
25.0,8.2,6.2,0.4,4.0,330.0,NotYet
25.0,8.2,6.2,0.4,4.0,340.0,NotYet
25.0,8.2,6.2,0.4,4.0,350.0,NotYet
25.0,8.2,6.2,0.4,6.0,0.0,NotYet
25.0,8.2,6.2,0.4,6.0,10.0,NotYet
25.0,8.2,6.2,0.4,6.0,20.0,NotYet
25.0,8.2,6.2,0.4,6.0,30.0,NotYet
25.0,8.2,6.2,0.4,6.0,40.0,NotYet
25.0,8.2,6.2,0.4,6.0,50.0,NotYet
25.0,8.2,6.2,0.4,6.0,60.0,NotYet
25.0,8.2,6.2,0.4,6.0,70.0,NotYet
25.0,8.2,6.2,0.4,6.0,80.0,NotYet
25.0,8.2,6.2,0.4,6.0,90.0,NotYet
25.0,8.2,6.2,0.4,6.0,100.0,NotYet
25.0,8.2,6.2,0.4,6.0,110.0,NotYet
25.0,8.2,6.2,0.4,6.0,120.0,NotYet
25.0,8.2,6.2,0.4,6.0,130.0,NotYet
25.0,8.2,6.2,0.4,6.0,140.0,NotYet
25.0,8.2,6.2,0.4,6.0,150.0,NotYet
25.0,8.2,6.2,0.4,6.0,160.0,NotYet
25.0,8.2,6.2,0.4,6.0,170.0,NotYet
25.0,8.2,6.2,0.4,6.0,180.0,NotYet
25.0,8.2,6.2,0.4,6.0,190.0,NotYet
25.0,8.2,6.2,0.4,6.0,200.0,NotYet
25.0,8.2,6.2,0.4,6.0,210.0,NotYet
25.0,8.2,6.2,0.4,6.0,220.0,NotYet
25.0,8.2,6.2,0.4,6.0,230.0,NotYet
25.0,8.2,6.2,0.4,6.0,240.0,NotYet
25.0,8.2,6.2,0.4,6.0,250.0,NotYet
25.0,8.2,6.2,0.4,6.0,260.0,NotYet
25.0,8.2,6.2,0.4,6.0,270.0,NotYet
25.0,8.2,6.2,0.4,6.0,280.0,NotYet
25.0,8.2,6.2,0.4,6.0,290.0,NotYet
25.0,8.2,6.2,0.4,6.0,300.0,NotYet
25.0,8.2,6.2,0.4,6.0,310.0,NotYet
25.0,8.2,6.2,0.4,6.0,320.0,NotYet
25.0,8.2,6.2,0.4,6.0,330.0,NotYet
25.0,8.2,6.2,0.4,6.0,340.0,NotYet
25.0,8.2,6.2,0.4,6.0,350.0,NotYet
25.0,8.2,6.2,0.4,8.0,0.0,NotYet
25.0,8.2,6.2,0.4,8.0,10.0,NotYet
25.0,8.2,6.2,0.4,8.0,20.0,NotYet
25.0,8.2,6.2,0.4,8.0,30.0,NotYet
25.0,8.2,6.2,0.4,8.0,40.0,NotYet
25.0,8.2,6.2,0.4,8.0,50.0,NotYet
25.0,8.2,6.2,0.4,8.0,60.0,NotYet
25.0,8.2,6.2,0.4,8.0,70.0,NotYet
25.0,8.2,6.2,0.4,8.0,80.0,NotYet
25.0,8.2,6.2,0.4,8.0,90.0,NotYet
25.0,8.2,6.2,0.4,8.0,100.0,NotYet
25.0,8.2,6.2,0.4,8.0,110.0,NotYet
25.0,8.2,6.2,0.4,8.0,120.0,NotYet
25.0,8.2,6.2,0.4,8.0,130.0,NotYet
25.0,8.2,6.2,0.4,8.0,140.0,NotYet
25.0,8.2,6.2,0.4,8.0,150.0,NotYet
25.0,8.2,6.2,0.4,8.0,160.0,NotYet
25.0,8.2,6.2,0.4,8.0,170.0,NotYet
25.0,8.2,6.2,0.4,8.0,180.0,NotYet
25.0,8.2,6.2,0.4,8.0,190.0,NotYet
25.0,8.2,6.2,0.4,8.0,200.0,NotYet
25.0,8.2,6.2,0.4,8.0,210.0,NotYet
25.0,8.2,6.2,0.4,8.0,220.0,NotYet
25.0,8.2,6.2,0.4,8.0,230.0,NotYet
25.0,8.2,6.2,0.4,8.0,240.0,NotYet
25.0,8.2,6.2,0.4,8.0,250.0,NotYet
25.0,8.2,6.2,0.4,8.0,260.0,NotYet
25.0,8.2,6.2,0.4,8.0,270.0,NotYet
25.0,8.2,6.2,0.4,8.0,280.0,NotYet
25.0,8.2,6.2,0.4,8.0,290.0,NotYet
25.0,8.2,6.2,0.4,8.0,300.0,NotYet
25.0,8.2,6.2,0.4,8.0,310.0,NotYet
25.0,8.2,6.2,0.4,8.0,320.0,NotYet
25.0,8.2,6.2,0.4,8.0,330.0,NotYet
25.0,8.2,6.2,0.4,8.0,340.0,NotYet
25.0,8.2,6.2,0.4,8.0,350.0,NotYet
25.0,8.2,6.2,0.4,10.0,0.0,NotYet
25.0,8.2,6.2,0.4,10.0,10.0,NotYet
25.0,8.2,6.2,0.4,10.0,20.0,NotYet
25.0,8.2,6.2,0.4,10.0,30.0,NotYet
25.0,8.2,6.2,0.4,10.0,40.0,NotYet
25.0,8.2,6.2,0.4,10.0,50.0,NotYet
25.0,8.2,6.2,0.4,10.0,60.0,NotYet
25.0,8.2,6.2,0.4,10.0,70.0,NotYet
25.0,8.2,6.2,0.4,10.0,80.0,NotYet
25.0,8.2,6.2,0.4,10.0,90.0,NotYet
25.0,8.2,6.2,0.4,10.0,100.0,NotYet
25.0,8.2,6.2,0.4,10.0,110.0,NotYet
25.0,8.2,6.2,0.4,10.0,120.0,NotYet
25.0,8.2,6.2,0.4,10.0,130.0,NotYet
25.0,8.2,6.2,0.4,10.0,140.0,NotYet
25.0,8.2,6.2,0.4,10.0,150.0,NotYet
25.0,8.2,6.2,0.4,10.0,160.0,NotYet
25.0,8.2,6.2,0.4,10.0,170.0,NotYet
25.0,8.2,6.2,0.4,10.0,180.0,NotYet
25.0,8.2,6.2,0.4,10.0,190.0,NotYet
25.0,8.2,6.2,0.4,10.0,200.0,NotYet
25.0,8.2,6.2,0.4,10.0,210.0,NotYet
25.0,8.2,6.2,0.4,10.0,220.0,NotYet
25.0,8.2,6.2,0.4,10.0,230.0,NotYet
25.0,8.2,6.2,0.4,10.0,240.0,NotYet
25.0,8.2,6.2,0.4,10.0,250.0,NotYet
25.0,8.2,6.2,0.4,10.0,260.0,NotYet
25.0,8.2,6.2,0.4,10.0,270.0,NotYet
25.0,8.2,6.2,0.4,10.0,280.0,NotYet
25.0,8.2,6.2,0.4,10.0,290.0,NotYet
25.0,8.2,6.2,0.4,10.0,300.0,NotYet
25.0,8.2,6.2,0.4,10.0,310.0,NotYet
25.0,8.2,6.2,0.4,10.0,320.0,NotYet
25.0,8.2,6.2,0.4,10.0,330.0,NotYet
25.0,8.2,6.2,0.4,10.0,340.0,NotYet
25.0,8.2,6.2,0.4,10.0,350.0,NotYet
25.0,8.2,6.2,0.4,12.0,0.0,NotYet
25.0,8.2,6.2,0.4,12.0,10.0,NotYet
25.0,8.2,6.2,0.4,12.0,20.0,NotYet
25.0,8.2,6.2,0.4,12.0,30.0,NotYet
25.0,8.2,6.2,0.4,12.0,40.0,NotYet
25.0,8.2,6.2,0.4,12.0,50.0,NotYet
25.0,8.2,6.2,0.4,12.0,60.0,NotYet
25.0,8.2,6.2,0.4,12.0,70.0,NotYet
25.0,8.2,6.2,0.4,12.0,80.0,NotYet
25.0,8.2,6.2,0.4,12.0,90.0,NotYet
25.0,8.2,6.2,0.4,12.0,100.0,NotYet
25.0,8.2,6.2,0.4,12.0,110.0,NotYet
25.0,8.2,6.2,0.4,12.0,120.0,NotYet
25.0,8.2,6.2,0.4,12.0,130.0,NotYet
25.0,8.2,6.2,0.4,12.0,140.0,NotYet
25.0,8.2,6.2,0.4,12.0,150.0,NotYet
25.0,8.2,6.2,0.4,12.0,160.0,NotYet
25.0,8.2,6.2,0.4,12.0,170.0,NotYet
25.0,8.2,6.2,0.4,12.0,180.0,NotYet
25.0,8.2,6.2,0.4,12.0,190.0,NotYet
25.0,8.2,6.2,0.4,12.0,200.0,NotYet
25.0,8.2,6.2,0.4,12.0,210.0,NotYet
25.0,8.2,6.2,0.4,12.0,220.0,NotYet
25.0,8.2,6.2,0.4,12.0,230.0,NotYet
25.0,8.2,6.2,0.4,12.0,240.0,NotYet
25.0,8.2,6.2,0.4,12.0,250.0,NotYet
25.0,8.2,6.2,0.4,12.0,260.0,NotYet
25.0,8.2,6.2,0.4,12.0,270.0,NotYet
25.0,8.2,6.2,0.4,12.0,280.0,NotYet
25.0,8.2,6.2,0.4,12.0,290.0,NotYet
25.0,8.2,6.2,0.4,12.0,300.0,NotYet
25.0,8.2,6.2,0.4,12.0,310.0,NotYet
25.0,8.2,6.2,0.4,12.0,320.0,NotYet
25.0,8.2,6.2,0.4,12.0,330.0,NotYet
25.0,8.2,6.2,0.4,12.0,340.0,NotYet
25.0,8.2,6.2,0.4,12.0,350.0,NotYet
25.0,8.2,6.2,0.4,14.0,0.0,NotYet
25.0,8.2,6.2,0.4,14.0,10.0,NotYet
25.0,8.2,6.2,0.4,14.0,20.0,NotYet
25.0,8.2,6.2,0.4,14.0,30.0,NotYet
25.0,8.2,6.2,0.4,14.0,40.0,NotYet
25.0,8.2,6.2,0.4,14.0,50.0,NotYet
25.0,8.2,6.2,0.4,14.0,60.0,NotYet
25.0,8.2,6.2,0.4,14.0,70.0,NotYet
25.0,8.2,6.2,0.4,14.0,80.0,NotYet
25.0,8.2,6.2,0.4,14.0,90.0,NotYet
25.0,8.2,6.2,0.4,14.0,100.0,NotYet
25.0,8.2,6.2,0.4,14.0,110.0,NotYet
25.0,8.2,6.2,0.4,14.0,120.0,NotYet
25.0,8.2,6.2,0.4,14.0,130.0,NotYet
25.0,8.2,6.2,0.4,14.0,140.0,NotYet
25.0,8.2,6.2,0.4,14.0,150.0,NotYet
25.0,8.2,6.2,0.4,14.0,160.0,NotYet
25.0,8.2,6.2,0.4,14.0,170.0,NotYet
25.0,8.2,6.2,0.4,14.0,180.0,NotYet
25.0,8.2,6.2,0.4,14.0,190.0,NotYet
25.0,8.2,6.2,0.4,14.0,200.0,NotYet
25.0,8.2,6.2,0.4,14.0,210.0,NotYet
25.0,8.2,6.2,0.4,14.0,220.0,NotYet
25.0,8.2,6.2,0.4,14.0,230.0,NotYet
25.0,8.2,6.2,0.4,14.0,240.0,NotYet
25.0,8.2,6.2,0.4,14.0,250.0,NotYet
25.0,8.2,6.2,0.4,14.0,260.0,NotYet
25.0,8.2,6.2,0.4,14.0,270.0,NotYet
25.0,8.2,6.2,0.4,14.0,280.0,NotYet
25.0,8.2,6.2,0.4,14.0,290.0,NotYet
25.0,8.2,6.2,0.4,14.0,300.0,NotYet
25.0,8.2,6.2,0.4,14.0,310.0,NotYet
25.0,8.2,6.2,0.4,14.0,320.0,NotYet
25.0,8.2,6.2,0.4,14.0,330.0,NotYet
25.0,8.2,6.2,0.4,14.0,340.0,NotYet
25.0,8.2,6.2,0.4,14.0,350.0,NotYet
25.0,8.2,6.2,0.6,-14.0,0.0,NotYet
25.0,8.2,6.2,0.6,-14.0,10.0,NotYet
25.0,8.2,6.2,0.6,-14.0,20.0,NotYet
25.0,8.2,6.2,0.6,-14.0,30.0,NotYet
25.0,8.2,6.2,0.6,-14.0,40.0,NotYet
25.0,8.2,6.2,0.6,-14.0,50.0,NotYet
25.0,8.2,6.2,0.6,-14.0,60.0,NotYet
25.0,8.2,6.2,0.6,-14.0,70.0,NotYet
25.0,8.2,6.2,0.6,-14.0,80.0,NotYet
25.0,8.2,6.2,0.6,-14.0,90.0,NotYet
25.0,8.2,6.2,0.6,-14.0,100.0,NotYet
25.0,8.2,6.2,0.6,-14.0,110.0,NotYet
25.0,8.2,6.2,0.6,-14.0,120.0,NotYet
25.0,8.2,6.2,0.6,-14.0,130.0,NotYet
25.0,8.2,6.2,0.6,-14.0,140.0,NotYet
25.0,8.2,6.2,0.6,-14.0,150.0,NotYet
25.0,8.2,6.2,0.6,-14.0,160.0,NotYet
25.0,8.2,6.2,0.6,-14.0,170.0,NotYet
25.0,8.2,6.2,0.6,-14.0,180.0,NotYet
25.0,8.2,6.2,0.6,-14.0,190.0,NotYet
25.0,8.2,6.2,0.6,-14.0,200.0,NotYet
25.0,8.2,6.2,0.6,-14.0,210.0,NotYet
25.0,8.2,6.2,0.6,-14.0,220.0,NotYet
25.0,8.2,6.2,0.6,-14.0,230.0,NotYet
25.0,8.2,6.2,0.6,-14.0,240.0,NotYet
25.0,8.2,6.2,0.6,-14.0,250.0,NotYet
25.0,8.2,6.2,0.6,-14.0,260.0,NotYet
25.0,8.2,6.2,0.6,-14.0,270.0,NotYet
25.0,8.2,6.2,0.6,-14.0,280.0,NotYet
25.0,8.2,6.2,0.6,-14.0,290.0,NotYet
25.0,8.2,6.2,0.6,-14.0,300.0,NotYet
25.0,8.2,6.2,0.6,-14.0,310.0,NotYet
25.0,8.2,6.2,0.6,-14.0,320.0,NotYet
25.0,8.2,6.2,0.6,-14.0,330.0,NotYet
25.0,8.2,6.2,0.6,-14.0,340.0,NotYet
25.0,8.2,6.2,0.6,-14.0,350.0,NotYet
25.0,8.2,6.2,0.6,-12.0,0.0,NotYet
25.0,8.2,6.2,0.6,-12.0,10.0,NotYet
25.0,8.2,6.2,0.6,-12.0,20.0,NotYet
25.0,8.2,6.2,0.6,-12.0,30.0,NotYet
25.0,8.2,6.2,0.6,-12.0,40.0,NotYet
25.0,8.2,6.2,0.6,-12.0,50.0,NotYet
25.0,8.2,6.2,0.6,-12.0,60.0,NotYet
25.0,8.2,6.2,0.6,-12.0,70.0,NotYet
25.0,8.2,6.2,0.6,-12.0,80.0,NotYet
25.0,8.2,6.2,0.6,-12.0,90.0,NotYet
25.0,8.2,6.2,0.6,-12.0,100.0,NotYet
25.0,8.2,6.2,0.6,-12.0,110.0,NotYet
25.0,8.2,6.2,0.6,-12.0,120.0,NotYet
25.0,8.2,6.2,0.6,-12.0,130.0,NotYet
25.0,8.2,6.2,0.6,-12.0,140.0,NotYet
25.0,8.2,6.2,0.6,-12.0,150.0,NotYet
25.0,8.2,6.2,0.6,-12.0,160.0,NotYet
25.0,8.2,6.2,0.6,-12.0,170.0,NotYet
25.0,8.2,6.2,0.6,-12.0,180.0,NotYet
25.0,8.2,6.2,0.6,-12.0,190.0,NotYet
25.0,8.2,6.2,0.6,-12.0,200.0,NotYet
25.0,8.2,6.2,0.6,-12.0,210.0,NotYet
25.0,8.2,6.2,0.6,-12.0,220.0,NotYet
25.0,8.2,6.2,0.6,-12.0,230.0,NotYet
25.0,8.2,6.2,0.6,-12.0,240.0,NotYet
25.0,8.2,6.2,0.6,-12.0,250.0,NotYet
25.0,8.2,6.2,0.6,-12.0,260.0,NotYet
25.0,8.2,6.2,0.6,-12.0,270.0,NotYet
25.0,8.2,6.2,0.6,-12.0,280.0,NotYet
25.0,8.2,6.2,0.6,-12.0,290.0,NotYet
25.0,8.2,6.2,0.6,-12.0,300.0,NotYet
25.0,8.2,6.2,0.6,-12.0,310.0,NotYet
25.0,8.2,6.2,0.6,-12.0,320.0,NotYet
25.0,8.2,6.2,0.6,-12.0,330.0,NotYet
25.0,8.2,6.2,0.6,-12.0,340.0,NotYet
25.0,8.2,6.2,0.6,-12.0,350.0,NotYet
25.0,8.2,6.2,0.6,-10.0,0.0,NotYet
25.0,8.2,6.2,0.6,-10.0,10.0,NotYet
25.0,8.2,6.2,0.6,-10.0,20.0,NotYet
25.0,8.2,6.2,0.6,-10.0,30.0,NotYet
25.0,8.2,6.2,0.6,-10.0,40.0,NotYet
25.0,8.2,6.2,0.6,-10.0,50.0,NotYet
25.0,8.2,6.2,0.6,-10.0,60.0,NotYet
25.0,8.2,6.2,0.6,-10.0,70.0,NotYet
25.0,8.2,6.2,0.6,-10.0,80.0,NotYet
25.0,8.2,6.2,0.6,-10.0,90.0,NotYet
25.0,8.2,6.2,0.6,-10.0,100.0,NotYet
25.0,8.2,6.2,0.6,-10.0,110.0,NotYet
25.0,8.2,6.2,0.6,-10.0,120.0,NotYet
25.0,8.2,6.2,0.6,-10.0,130.0,NotYet
25.0,8.2,6.2,0.6,-10.0,140.0,NotYet
25.0,8.2,6.2,0.6,-10.0,150.0,NotYet
25.0,8.2,6.2,0.6,-10.0,160.0,NotYet
25.0,8.2,6.2,0.6,-10.0,170.0,NotYet
25.0,8.2,6.2,0.6,-10.0,180.0,NotYet
25.0,8.2,6.2,0.6,-10.0,190.0,NotYet
25.0,8.2,6.2,0.6,-10.0,200.0,NotYet
25.0,8.2,6.2,0.6,-10.0,210.0,NotYet
25.0,8.2,6.2,0.6,-10.0,220.0,NotYet
25.0,8.2,6.2,0.6,-10.0,230.0,NotYet
25.0,8.2,6.2,0.6,-10.0,240.0,NotYet
25.0,8.2,6.2,0.6,-10.0,250.0,NotYet
25.0,8.2,6.2,0.6,-10.0,260.0,NotYet
25.0,8.2,6.2,0.6,-10.0,270.0,NotYet
25.0,8.2,6.2,0.6,-10.0,280.0,NotYet
25.0,8.2,6.2,0.6,-10.0,290.0,NotYet
25.0,8.2,6.2,0.6,-10.0,300.0,NotYet
25.0,8.2,6.2,0.6,-10.0,310.0,NotYet
25.0,8.2,6.2,0.6,-10.0,320.0,NotYet
25.0,8.2,6.2,0.6,-10.0,330.0,NotYet
25.0,8.2,6.2,0.6,-10.0,340.0,NotYet
25.0,8.2,6.2,0.6,-10.0,350.0,NotYet
25.0,8.2,6.2,0.6,-8.0,0.0,NotYet
25.0,8.2,6.2,0.6,-8.0,10.0,NotYet
25.0,8.2,6.2,0.6,-8.0,20.0,NotYet
25.0,8.2,6.2,0.6,-8.0,30.0,NotYet
25.0,8.2,6.2,0.6,-8.0,40.0,NotYet
25.0,8.2,6.2,0.6,-8.0,50.0,NotYet
25.0,8.2,6.2,0.6,-8.0,60.0,NotYet
25.0,8.2,6.2,0.6,-8.0,70.0,NotYet
25.0,8.2,6.2,0.6,-8.0,80.0,NotYet
25.0,8.2,6.2,0.6,-8.0,90.0,NotYet
25.0,8.2,6.2,0.6,-8.0,100.0,NotYet
25.0,8.2,6.2,0.6,-8.0,110.0,NotYet
25.0,8.2,6.2,0.6,-8.0,120.0,NotYet
25.0,8.2,6.2,0.6,-8.0,130.0,NotYet
25.0,8.2,6.2,0.6,-8.0,140.0,NotYet
25.0,8.2,6.2,0.6,-8.0,150.0,NotYet
25.0,8.2,6.2,0.6,-8.0,160.0,NotYet
25.0,8.2,6.2,0.6,-8.0,170.0,NotYet
25.0,8.2,6.2,0.6,-8.0,180.0,NotYet
25.0,8.2,6.2,0.6,-8.0,190.0,NotYet
25.0,8.2,6.2,0.6,-8.0,200.0,NotYet
25.0,8.2,6.2,0.6,-8.0,210.0,NotYet
25.0,8.2,6.2,0.6,-8.0,220.0,NotYet
25.0,8.2,6.2,0.6,-8.0,230.0,NotYet
25.0,8.2,6.2,0.6,-8.0,240.0,NotYet
25.0,8.2,6.2,0.6,-8.0,250.0,NotYet
25.0,8.2,6.2,0.6,-8.0,260.0,NotYet
25.0,8.2,6.2,0.6,-8.0,270.0,NotYet
25.0,8.2,6.2,0.6,-8.0,280.0,NotYet
25.0,8.2,6.2,0.6,-8.0,290.0,NotYet
25.0,8.2,6.2,0.6,-8.0,300.0,NotYet
25.0,8.2,6.2,0.6,-8.0,310.0,NotYet
25.0,8.2,6.2,0.6,-8.0,320.0,NotYet
25.0,8.2,6.2,0.6,-8.0,330.0,NotYet
25.0,8.2,6.2,0.6,-8.0,340.0,NotYet
25.0,8.2,6.2,0.6,-8.0,350.0,NotYet
25.0,8.2,6.2,0.6,-6.0,0.0,NotYet
25.0,8.2,6.2,0.6,-6.0,10.0,NotYet
25.0,8.2,6.2,0.6,-6.0,20.0,NotYet
25.0,8.2,6.2,0.6,-6.0,30.0,NotYet
25.0,8.2,6.2,0.6,-6.0,40.0,NotYet
25.0,8.2,6.2,0.6,-6.0,50.0,NotYet
25.0,8.2,6.2,0.6,-6.0,60.0,NotYet
25.0,8.2,6.2,0.6,-6.0,70.0,NotYet
25.0,8.2,6.2,0.6,-6.0,80.0,NotYet
25.0,8.2,6.2,0.6,-6.0,90.0,NotYet
25.0,8.2,6.2,0.6,-6.0,100.0,NotYet
25.0,8.2,6.2,0.6,-6.0,110.0,NotYet
25.0,8.2,6.2,0.6,-6.0,120.0,NotYet
25.0,8.2,6.2,0.6,-6.0,130.0,NotYet
25.0,8.2,6.2,0.6,-6.0,140.0,NotYet
25.0,8.2,6.2,0.6,-6.0,150.0,NotYet
25.0,8.2,6.2,0.6,-6.0,160.0,NotYet
25.0,8.2,6.2,0.6,-6.0,170.0,NotYet
25.0,8.2,6.2,0.6,-6.0,180.0,NotYet
25.0,8.2,6.2,0.6,-6.0,190.0,NotYet
25.0,8.2,6.2,0.6,-6.0,200.0,NotYet
25.0,8.2,6.2,0.6,-6.0,210.0,NotYet
25.0,8.2,6.2,0.6,-6.0,220.0,NotYet
25.0,8.2,6.2,0.6,-6.0,230.0,NotYet
25.0,8.2,6.2,0.6,-6.0,240.0,NotYet
25.0,8.2,6.2,0.6,-6.0,250.0,NotYet
25.0,8.2,6.2,0.6,-6.0,260.0,NotYet
25.0,8.2,6.2,0.6,-6.0,270.0,NotYet
25.0,8.2,6.2,0.6,-6.0,280.0,NotYet
25.0,8.2,6.2,0.6,-6.0,290.0,NotYet
25.0,8.2,6.2,0.6,-6.0,300.0,NotYet
25.0,8.2,6.2,0.6,-6.0,310.0,NotYet
25.0,8.2,6.2,0.6,-6.0,320.0,NotYet
25.0,8.2,6.2,0.6,-6.0,330.0,NotYet
25.0,8.2,6.2,0.6,-6.0,340.0,NotYet
25.0,8.2,6.2,0.6,-6.0,350.0,NotYet
25.0,8.2,6.2,0.6,-4.0,0.0,NotYet
25.0,8.2,6.2,0.6,-4.0,10.0,NotYet
25.0,8.2,6.2,0.6,-4.0,20.0,NotYet
25.0,8.2,6.2,0.6,-4.0,30.0,NotYet
25.0,8.2,6.2,0.6,-4.0,40.0,NotYet
25.0,8.2,6.2,0.6,-4.0,50.0,NotYet
25.0,8.2,6.2,0.6,-4.0,60.0,NotYet
25.0,8.2,6.2,0.6,-4.0,70.0,NotYet
25.0,8.2,6.2,0.6,-4.0,80.0,NotYet
25.0,8.2,6.2,0.6,-4.0,90.0,NotYet
25.0,8.2,6.2,0.6,-4.0,100.0,NotYet
25.0,8.2,6.2,0.6,-4.0,110.0,NotYet
25.0,8.2,6.2,0.6,-4.0,120.0,NotYet
25.0,8.2,6.2,0.6,-4.0,130.0,NotYet
25.0,8.2,6.2,0.6,-4.0,140.0,NotYet
25.0,8.2,6.2,0.6,-4.0,150.0,NotYet
25.0,8.2,6.2,0.6,-4.0,160.0,NotYet
25.0,8.2,6.2,0.6,-4.0,170.0,NotYet
25.0,8.2,6.2,0.6,-4.0,180.0,NotYet
25.0,8.2,6.2,0.6,-4.0,190.0,NotYet
25.0,8.2,6.2,0.6,-4.0,200.0,NotYet
25.0,8.2,6.2,0.6,-4.0,210.0,NotYet
25.0,8.2,6.2,0.6,-4.0,220.0,NotYet
25.0,8.2,6.2,0.6,-4.0,230.0,NotYet
25.0,8.2,6.2,0.6,-4.0,240.0,NotYet
25.0,8.2,6.2,0.6,-4.0,250.0,NotYet
25.0,8.2,6.2,0.6,-4.0,260.0,NotYet
25.0,8.2,6.2,0.6,-4.0,270.0,NotYet
25.0,8.2,6.2,0.6,-4.0,280.0,NotYet
25.0,8.2,6.2,0.6,-4.0,290.0,NotYet
25.0,8.2,6.2,0.6,-4.0,300.0,NotYet
25.0,8.2,6.2,0.6,-4.0,310.0,NotYet
25.0,8.2,6.2,0.6,-4.0,320.0,NotYet
25.0,8.2,6.2,0.6,-4.0,330.0,NotYet
25.0,8.2,6.2,0.6,-4.0,340.0,NotYet
25.0,8.2,6.2,0.6,-4.0,350.0,NotYet
25.0,8.2,6.2,0.6,-2.0,0.0,NotYet
25.0,8.2,6.2,0.6,-2.0,10.0,NotYet
25.0,8.2,6.2,0.6,-2.0,20.0,NotYet
25.0,8.2,6.2,0.6,-2.0,30.0,NotYet
25.0,8.2,6.2,0.6,-2.0,40.0,NotYet
25.0,8.2,6.2,0.6,-2.0,50.0,NotYet
25.0,8.2,6.2,0.6,-2.0,60.0,NotYet
25.0,8.2,6.2,0.6,-2.0,70.0,NotYet
25.0,8.2,6.2,0.6,-2.0,80.0,NotYet
25.0,8.2,6.2,0.6,-2.0,90.0,NotYet
25.0,8.2,6.2,0.6,-2.0,100.0,NotYet
25.0,8.2,6.2,0.6,-2.0,110.0,NotYet
25.0,8.2,6.2,0.6,-2.0,120.0,NotYet
25.0,8.2,6.2,0.6,-2.0,130.0,NotYet
25.0,8.2,6.2,0.6,-2.0,140.0,NotYet
25.0,8.2,6.2,0.6,-2.0,150.0,NotYet
25.0,8.2,6.2,0.6,-2.0,160.0,NotYet
25.0,8.2,6.2,0.6,-2.0,170.0,NotYet
25.0,8.2,6.2,0.6,-2.0,180.0,NotYet
25.0,8.2,6.2,0.6,-2.0,190.0,NotYet
25.0,8.2,6.2,0.6,-2.0,200.0,NotYet
25.0,8.2,6.2,0.6,-2.0,210.0,NotYet
25.0,8.2,6.2,0.6,-2.0,220.0,NotYet
25.0,8.2,6.2,0.6,-2.0,230.0,NotYet
25.0,8.2,6.2,0.6,-2.0,240.0,NotYet
25.0,8.2,6.2,0.6,-2.0,250.0,NotYet
25.0,8.2,6.2,0.6,-2.0,260.0,NotYet
25.0,8.2,6.2,0.6,-2.0,270.0,NotYet
25.0,8.2,6.2,0.6,-2.0,280.0,NotYet
25.0,8.2,6.2,0.6,-2.0,290.0,NotYet
25.0,8.2,6.2,0.6,-2.0,300.0,NotYet
25.0,8.2,6.2,0.6,-2.0,310.0,NotYet
25.0,8.2,6.2,0.6,-2.0,320.0,NotYet
25.0,8.2,6.2,0.6,-2.0,330.0,NotYet
25.0,8.2,6.2,0.6,-2.0,340.0,NotYet
25.0,8.2,6.2,0.6,-2.0,350.0,NotYet
25.0,8.2,6.2,0.6,0.0,0.0,NotYet
25.0,8.2,6.2,0.6,0.0,10.0,NotYet
25.0,8.2,6.2,0.6,0.0,20.0,NotYet
25.0,8.2,6.2,0.6,0.0,30.0,NotYet
25.0,8.2,6.2,0.6,0.0,40.0,NotYet
25.0,8.2,6.2,0.6,0.0,50.0,NotYet
25.0,8.2,6.2,0.6,0.0,60.0,NotYet
25.0,8.2,6.2,0.6,0.0,70.0,NotYet
25.0,8.2,6.2,0.6,0.0,80.0,NotYet
25.0,8.2,6.2,0.6,0.0,90.0,NotYet
25.0,8.2,6.2,0.6,0.0,100.0,NotYet
25.0,8.2,6.2,0.6,0.0,110.0,NotYet
25.0,8.2,6.2,0.6,0.0,120.0,NotYet
25.0,8.2,6.2,0.6,0.0,130.0,NotYet
25.0,8.2,6.2,0.6,0.0,140.0,NotYet
25.0,8.2,6.2,0.6,0.0,150.0,NotYet
25.0,8.2,6.2,0.6,0.0,160.0,NotYet
25.0,8.2,6.2,0.6,0.0,170.0,NotYet
25.0,8.2,6.2,0.6,0.0,180.0,NotYet
25.0,8.2,6.2,0.6,0.0,190.0,NotYet
25.0,8.2,6.2,0.6,0.0,200.0,NotYet
25.0,8.2,6.2,0.6,0.0,210.0,NotYet
25.0,8.2,6.2,0.6,0.0,220.0,NotYet
25.0,8.2,6.2,0.6,0.0,230.0,NotYet
25.0,8.2,6.2,0.6,0.0,240.0,NotYet
25.0,8.2,6.2,0.6,0.0,250.0,NotYet
25.0,8.2,6.2,0.6,0.0,260.0,NotYet
25.0,8.2,6.2,0.6,0.0,270.0,NotYet
25.0,8.2,6.2,0.6,0.0,280.0,NotYet
25.0,8.2,6.2,0.6,0.0,290.0,NotYet
25.0,8.2,6.2,0.6,0.0,300.0,NotYet
25.0,8.2,6.2,0.6,0.0,310.0,NotYet
25.0,8.2,6.2,0.6,0.0,320.0,NotYet
25.0,8.2,6.2,0.6,0.0,330.0,NotYet
25.0,8.2,6.2,0.6,0.0,340.0,NotYet
25.0,8.2,6.2,0.6,0.0,350.0,NotYet
25.0,8.2,6.2,0.6,2.0,0.0,NotYet
25.0,8.2,6.2,0.6,2.0,10.0,NotYet
25.0,8.2,6.2,0.6,2.0,20.0,NotYet
25.0,8.2,6.2,0.6,2.0,30.0,NotYet
25.0,8.2,6.2,0.6,2.0,40.0,NotYet
25.0,8.2,6.2,0.6,2.0,50.0,NotYet
25.0,8.2,6.2,0.6,2.0,60.0,NotYet
25.0,8.2,6.2,0.6,2.0,70.0,NotYet
25.0,8.2,6.2,0.6,2.0,80.0,NotYet
25.0,8.2,6.2,0.6,2.0,90.0,NotYet
25.0,8.2,6.2,0.6,2.0,100.0,NotYet
25.0,8.2,6.2,0.6,2.0,110.0,NotYet
25.0,8.2,6.2,0.6,2.0,120.0,NotYet
25.0,8.2,6.2,0.6,2.0,130.0,NotYet
25.0,8.2,6.2,0.6,2.0,140.0,NotYet
25.0,8.2,6.2,0.6,2.0,150.0,NotYet
25.0,8.2,6.2,0.6,2.0,160.0,NotYet
25.0,8.2,6.2,0.6,2.0,170.0,NotYet
25.0,8.2,6.2,0.6,2.0,180.0,NotYet
25.0,8.2,6.2,0.6,2.0,190.0,NotYet
25.0,8.2,6.2,0.6,2.0,200.0,NotYet
25.0,8.2,6.2,0.6,2.0,210.0,NotYet
25.0,8.2,6.2,0.6,2.0,220.0,NotYet
25.0,8.2,6.2,0.6,2.0,230.0,NotYet
25.0,8.2,6.2,0.6,2.0,240.0,NotYet
25.0,8.2,6.2,0.6,2.0,250.0,NotYet
25.0,8.2,6.2,0.6,2.0,260.0,NotYet
25.0,8.2,6.2,0.6,2.0,270.0,NotYet
25.0,8.2,6.2,0.6,2.0,280.0,NotYet
25.0,8.2,6.2,0.6,2.0,290.0,NotYet
25.0,8.2,6.2,0.6,2.0,300.0,NotYet
25.0,8.2,6.2,0.6,2.0,310.0,NotYet
25.0,8.2,6.2,0.6,2.0,320.0,NotYet
25.0,8.2,6.2,0.6,2.0,330.0,NotYet
25.0,8.2,6.2,0.6,2.0,340.0,NotYet
25.0,8.2,6.2,0.6,2.0,350.0,NotYet
25.0,8.2,6.2,0.6,4.0,0.0,NotYet
25.0,8.2,6.2,0.6,4.0,10.0,NotYet
25.0,8.2,6.2,0.6,4.0,20.0,NotYet
25.0,8.2,6.2,0.6,4.0,30.0,NotYet
25.0,8.2,6.2,0.6,4.0,40.0,NotYet
25.0,8.2,6.2,0.6,4.0,50.0,NotYet
25.0,8.2,6.2,0.6,4.0,60.0,NotYet
25.0,8.2,6.2,0.6,4.0,70.0,NotYet
25.0,8.2,6.2,0.6,4.0,80.0,NotYet
25.0,8.2,6.2,0.6,4.0,90.0,NotYet
25.0,8.2,6.2,0.6,4.0,100.0,NotYet
25.0,8.2,6.2,0.6,4.0,110.0,NotYet
25.0,8.2,6.2,0.6,4.0,120.0,NotYet
25.0,8.2,6.2,0.6,4.0,130.0,NotYet
25.0,8.2,6.2,0.6,4.0,140.0,NotYet
25.0,8.2,6.2,0.6,4.0,150.0,NotYet
25.0,8.2,6.2,0.6,4.0,160.0,NotYet
25.0,8.2,6.2,0.6,4.0,170.0,NotYet
25.0,8.2,6.2,0.6,4.0,180.0,NotYet
25.0,8.2,6.2,0.6,4.0,190.0,NotYet
25.0,8.2,6.2,0.6,4.0,200.0,NotYet
25.0,8.2,6.2,0.6,4.0,210.0,NotYet
25.0,8.2,6.2,0.6,4.0,220.0,NotYet
25.0,8.2,6.2,0.6,4.0,230.0,NotYet
25.0,8.2,6.2,0.6,4.0,240.0,NotYet
25.0,8.2,6.2,0.6,4.0,250.0,NotYet
25.0,8.2,6.2,0.6,4.0,260.0,NotYet
25.0,8.2,6.2,0.6,4.0,270.0,NotYet
25.0,8.2,6.2,0.6,4.0,280.0,NotYet
25.0,8.2,6.2,0.6,4.0,290.0,NotYet
25.0,8.2,6.2,0.6,4.0,300.0,NotYet
25.0,8.2,6.2,0.6,4.0,310.0,NotYet
25.0,8.2,6.2,0.6,4.0,320.0,NotYet
25.0,8.2,6.2,0.6,4.0,330.0,NotYet
25.0,8.2,6.2,0.6,4.0,340.0,NotYet
25.0,8.2,6.2,0.6,4.0,350.0,NotYet
25.0,8.2,6.2,0.6,6.0,0.0,NotYet
25.0,8.2,6.2,0.6,6.0,10.0,NotYet
25.0,8.2,6.2,0.6,6.0,20.0,NotYet
25.0,8.2,6.2,0.6,6.0,30.0,NotYet
25.0,8.2,6.2,0.6,6.0,40.0,NotYet
25.0,8.2,6.2,0.6,6.0,50.0,NotYet
25.0,8.2,6.2,0.6,6.0,60.0,NotYet
25.0,8.2,6.2,0.6,6.0,70.0,NotYet
25.0,8.2,6.2,0.6,6.0,80.0,NotYet
25.0,8.2,6.2,0.6,6.0,90.0,NotYet
25.0,8.2,6.2,0.6,6.0,100.0,NotYet
25.0,8.2,6.2,0.6,6.0,110.0,NotYet
25.0,8.2,6.2,0.6,6.0,120.0,NotYet
25.0,8.2,6.2,0.6,6.0,130.0,NotYet
25.0,8.2,6.2,0.6,6.0,140.0,NotYet
25.0,8.2,6.2,0.6,6.0,150.0,NotYet
25.0,8.2,6.2,0.6,6.0,160.0,NotYet
25.0,8.2,6.2,0.6,6.0,170.0,NotYet
25.0,8.2,6.2,0.6,6.0,180.0,NotYet
25.0,8.2,6.2,0.6,6.0,190.0,NotYet
25.0,8.2,6.2,0.6,6.0,200.0,NotYet
25.0,8.2,6.2,0.6,6.0,210.0,NotYet
25.0,8.2,6.2,0.6,6.0,220.0,NotYet
25.0,8.2,6.2,0.6,6.0,230.0,NotYet
25.0,8.2,6.2,0.6,6.0,240.0,NotYet
25.0,8.2,6.2,0.6,6.0,250.0,NotYet
25.0,8.2,6.2,0.6,6.0,260.0,NotYet
25.0,8.2,6.2,0.6,6.0,270.0,NotYet
25.0,8.2,6.2,0.6,6.0,280.0,NotYet
25.0,8.2,6.2,0.6,6.0,290.0,NotYet
25.0,8.2,6.2,0.6,6.0,300.0,NotYet
25.0,8.2,6.2,0.6,6.0,310.0,NotYet
25.0,8.2,6.2,0.6,6.0,320.0,NotYet
25.0,8.2,6.2,0.6,6.0,330.0,NotYet
25.0,8.2,6.2,0.6,6.0,340.0,NotYet
25.0,8.2,6.2,0.6,6.0,350.0,NotYet
25.0,8.2,6.2,0.6,8.0,0.0,NotYet
25.0,8.2,6.2,0.6,8.0,10.0,NotYet
25.0,8.2,6.2,0.6,8.0,20.0,NotYet
25.0,8.2,6.2,0.6,8.0,30.0,NotYet
25.0,8.2,6.2,0.6,8.0,40.0,NotYet
25.0,8.2,6.2,0.6,8.0,50.0,NotYet
25.0,8.2,6.2,0.6,8.0,60.0,NotYet
25.0,8.2,6.2,0.6,8.0,70.0,NotYet
25.0,8.2,6.2,0.6,8.0,80.0,NotYet
25.0,8.2,6.2,0.6,8.0,90.0,NotYet
25.0,8.2,6.2,0.6,8.0,100.0,NotYet
25.0,8.2,6.2,0.6,8.0,110.0,NotYet
25.0,8.2,6.2,0.6,8.0,120.0,NotYet
25.0,8.2,6.2,0.6,8.0,130.0,NotYet
25.0,8.2,6.2,0.6,8.0,140.0,NotYet
25.0,8.2,6.2,0.6,8.0,150.0,NotYet
25.0,8.2,6.2,0.6,8.0,160.0,NotYet
25.0,8.2,6.2,0.6,8.0,170.0,NotYet
25.0,8.2,6.2,0.6,8.0,180.0,NotYet
25.0,8.2,6.2,0.6,8.0,190.0,NotYet
25.0,8.2,6.2,0.6,8.0,200.0,NotYet
25.0,8.2,6.2,0.6,8.0,210.0,NotYet
25.0,8.2,6.2,0.6,8.0,220.0,NotYet
25.0,8.2,6.2,0.6,8.0,230.0,NotYet
25.0,8.2,6.2,0.6,8.0,240.0,NotYet
25.0,8.2,6.2,0.6,8.0,250.0,NotYet
25.0,8.2,6.2,0.6,8.0,260.0,NotYet
25.0,8.2,6.2,0.6,8.0,270.0,NotYet
25.0,8.2,6.2,0.6,8.0,280.0,NotYet
25.0,8.2,6.2,0.6,8.0,290.0,NotYet
25.0,8.2,6.2,0.6,8.0,300.0,NotYet
25.0,8.2,6.2,0.6,8.0,310.0,NotYet
25.0,8.2,6.2,0.6,8.0,320.0,NotYet
25.0,8.2,6.2,0.6,8.0,330.0,NotYet
25.0,8.2,6.2,0.6,8.0,340.0,NotYet
25.0,8.2,6.2,0.6,8.0,350.0,NotYet
25.0,8.2,6.2,0.6,10.0,0.0,NotYet
25.0,8.2,6.2,0.6,10.0,10.0,NotYet
25.0,8.2,6.2,0.6,10.0,20.0,NotYet
25.0,8.2,6.2,0.6,10.0,30.0,NotYet
25.0,8.2,6.2,0.6,10.0,40.0,NotYet
25.0,8.2,6.2,0.6,10.0,50.0,NotYet
25.0,8.2,6.2,0.6,10.0,60.0,NotYet
25.0,8.2,6.2,0.6,10.0,70.0,NotYet
25.0,8.2,6.2,0.6,10.0,80.0,NotYet
25.0,8.2,6.2,0.6,10.0,90.0,NotYet
25.0,8.2,6.2,0.6,10.0,100.0,NotYet
25.0,8.2,6.2,0.6,10.0,110.0,NotYet
25.0,8.2,6.2,0.6,10.0,120.0,NotYet
25.0,8.2,6.2,0.6,10.0,130.0,NotYet
25.0,8.2,6.2,0.6,10.0,140.0,NotYet
25.0,8.2,6.2,0.6,10.0,150.0,NotYet
25.0,8.2,6.2,0.6,10.0,160.0,NotYet
25.0,8.2,6.2,0.6,10.0,170.0,NotYet
25.0,8.2,6.2,0.6,10.0,180.0,NotYet
25.0,8.2,6.2,0.6,10.0,190.0,NotYet
25.0,8.2,6.2,0.6,10.0,200.0,NotYet
25.0,8.2,6.2,0.6,10.0,210.0,NotYet
25.0,8.2,6.2,0.6,10.0,220.0,NotYet
25.0,8.2,6.2,0.6,10.0,230.0,NotYet
25.0,8.2,6.2,0.6,10.0,240.0,NotYet
25.0,8.2,6.2,0.6,10.0,250.0,NotYet
25.0,8.2,6.2,0.6,10.0,260.0,NotYet
25.0,8.2,6.2,0.6,10.0,270.0,NotYet
25.0,8.2,6.2,0.6,10.0,280.0,NotYet
25.0,8.2,6.2,0.6,10.0,290.0,NotYet
25.0,8.2,6.2,0.6,10.0,300.0,NotYet
25.0,8.2,6.2,0.6,10.0,310.0,NotYet
25.0,8.2,6.2,0.6,10.0,320.0,NotYet
25.0,8.2,6.2,0.6,10.0,330.0,NotYet
25.0,8.2,6.2,0.6,10.0,340.0,NotYet
25.0,8.2,6.2,0.6,10.0,350.0,NotYet
25.0,8.2,6.2,0.6,12.0,0.0,NotYet
25.0,8.2,6.2,0.6,12.0,10.0,NotYet
25.0,8.2,6.2,0.6,12.0,20.0,NotYet
25.0,8.2,6.2,0.6,12.0,30.0,NotYet
25.0,8.2,6.2,0.6,12.0,40.0,NotYet
25.0,8.2,6.2,0.6,12.0,50.0,NotYet
25.0,8.2,6.2,0.6,12.0,60.0,NotYet
25.0,8.2,6.2,0.6,12.0,70.0,NotYet
25.0,8.2,6.2,0.6,12.0,80.0,NotYet
25.0,8.2,6.2,0.6,12.0,90.0,NotYet
25.0,8.2,6.2,0.6,12.0,100.0,NotYet
25.0,8.2,6.2,0.6,12.0,110.0,NotYet
25.0,8.2,6.2,0.6,12.0,120.0,NotYet
25.0,8.2,6.2,0.6,12.0,130.0,NotYet
25.0,8.2,6.2,0.6,12.0,140.0,NotYet
25.0,8.2,6.2,0.6,12.0,150.0,NotYet
25.0,8.2,6.2,0.6,12.0,160.0,NotYet
25.0,8.2,6.2,0.6,12.0,170.0,NotYet
25.0,8.2,6.2,0.6,12.0,180.0,NotYet
25.0,8.2,6.2,0.6,12.0,190.0,NotYet
25.0,8.2,6.2,0.6,12.0,200.0,NotYet
25.0,8.2,6.2,0.6,12.0,210.0,NotYet
25.0,8.2,6.2,0.6,12.0,220.0,NotYet
25.0,8.2,6.2,0.6,12.0,230.0,NotYet
25.0,8.2,6.2,0.6,12.0,240.0,NotYet
25.0,8.2,6.2,0.6,12.0,250.0,NotYet
25.0,8.2,6.2,0.6,12.0,260.0,NotYet
25.0,8.2,6.2,0.6,12.0,270.0,NotYet
25.0,8.2,6.2,0.6,12.0,280.0,NotYet
25.0,8.2,6.2,0.6,12.0,290.0,NotYet
25.0,8.2,6.2,0.6,12.0,300.0,NotYet
25.0,8.2,6.2,0.6,12.0,310.0,NotYet
25.0,8.2,6.2,0.6,12.0,320.0,NotYet
25.0,8.2,6.2,0.6,12.0,330.0,NotYet
25.0,8.2,6.2,0.6,12.0,340.0,NotYet
25.0,8.2,6.2,0.6,12.0,350.0,NotYet
25.0,8.2,6.2,0.6,14.0,0.0,NotYet
25.0,8.2,6.2,0.6,14.0,10.0,NotYet
25.0,8.2,6.2,0.6,14.0,20.0,NotYet
25.0,8.2,6.2,0.6,14.0,30.0,NotYet
25.0,8.2,6.2,0.6,14.0,40.0,NotYet
25.0,8.2,6.2,0.6,14.0,50.0,NotYet
25.0,8.2,6.2,0.6,14.0,60.0,NotYet
25.0,8.2,6.2,0.6,14.0,70.0,NotYet
25.0,8.2,6.2,0.6,14.0,80.0,NotYet
25.0,8.2,6.2,0.6,14.0,90.0,NotYet
25.0,8.2,6.2,0.6,14.0,100.0,NotYet
25.0,8.2,6.2,0.6,14.0,110.0,NotYet
25.0,8.2,6.2,0.6,14.0,120.0,NotYet
25.0,8.2,6.2,0.6,14.0,130.0,NotYet
25.0,8.2,6.2,0.6,14.0,140.0,NotYet
25.0,8.2,6.2,0.6,14.0,150.0,NotYet
25.0,8.2,6.2,0.6,14.0,160.0,NotYet
25.0,8.2,6.2,0.6,14.0,170.0,NotYet
25.0,8.2,6.2,0.6,14.0,180.0,NotYet
25.0,8.2,6.2,0.6,14.0,190.0,NotYet
25.0,8.2,6.2,0.6,14.0,200.0,NotYet
25.0,8.2,6.2,0.6,14.0,210.0,NotYet
25.0,8.2,6.2,0.6,14.0,220.0,NotYet
25.0,8.2,6.2,0.6,14.0,230.0,NotYet
25.0,8.2,6.2,0.6,14.0,240.0,NotYet
25.0,8.2,6.2,0.6,14.0,250.0,NotYet
25.0,8.2,6.2,0.6,14.0,260.0,NotYet
25.0,8.2,6.2,0.6,14.0,270.0,NotYet
25.0,8.2,6.2,0.6,14.0,280.0,NotYet
25.0,8.2,6.2,0.6,14.0,290.0,NotYet
25.0,8.2,6.2,0.6,14.0,300.0,NotYet
25.0,8.2,6.2,0.6,14.0,310.0,NotYet
25.0,8.2,6.2,0.6,14.0,320.0,NotYet
25.0,8.2,6.2,0.6,14.0,330.0,NotYet
25.0,8.2,6.2,0.6,14.0,340.0,NotYet
25.0,8.2,6.2,0.6,14.0,350.0,NotYet
25.0,8.2,6.2,0.8,-14.0,0.0,NotYet
25.0,8.2,6.2,0.8,-14.0,10.0,NotYet
25.0,8.2,6.2,0.8,-14.0,20.0,NotYet
25.0,8.2,6.2,0.8,-14.0,30.0,NotYet
25.0,8.2,6.2,0.8,-14.0,40.0,NotYet
25.0,8.2,6.2,0.8,-14.0,50.0,NotYet
25.0,8.2,6.2,0.8,-14.0,60.0,NotYet
25.0,8.2,6.2,0.8,-14.0,70.0,NotYet
25.0,8.2,6.2,0.8,-14.0,80.0,NotYet
25.0,8.2,6.2,0.8,-14.0,90.0,NotYet
25.0,8.2,6.2,0.8,-14.0,100.0,NotYet
25.0,8.2,6.2,0.8,-14.0,110.0,NotYet
25.0,8.2,6.2,0.8,-14.0,120.0,NotYet
25.0,8.2,6.2,0.8,-14.0,130.0,NotYet
25.0,8.2,6.2,0.8,-14.0,140.0,NotYet
25.0,8.2,6.2,0.8,-14.0,150.0,NotYet
25.0,8.2,6.2,0.8,-14.0,160.0,NotYet
25.0,8.2,6.2,0.8,-14.0,170.0,NotYet
25.0,8.2,6.2,0.8,-14.0,180.0,NotYet
25.0,8.2,6.2,0.8,-14.0,190.0,NotYet
25.0,8.2,6.2,0.8,-14.0,200.0,NotYet
25.0,8.2,6.2,0.8,-14.0,210.0,NotYet
25.0,8.2,6.2,0.8,-14.0,220.0,NotYet
25.0,8.2,6.2,0.8,-14.0,230.0,NotYet
25.0,8.2,6.2,0.8,-14.0,240.0,NotYet
25.0,8.2,6.2,0.8,-14.0,250.0,NotYet
25.0,8.2,6.2,0.8,-14.0,260.0,NotYet
25.0,8.2,6.2,0.8,-14.0,270.0,NotYet
25.0,8.2,6.2,0.8,-14.0,280.0,NotYet
25.0,8.2,6.2,0.8,-14.0,290.0,NotYet
25.0,8.2,6.2,0.8,-14.0,300.0,NotYet
25.0,8.2,6.2,0.8,-14.0,310.0,NotYet
25.0,8.2,6.2,0.8,-14.0,320.0,NotYet
25.0,8.2,6.2,0.8,-14.0,330.0,NotYet
25.0,8.2,6.2,0.8,-14.0,340.0,NotYet
25.0,8.2,6.2,0.8,-14.0,350.0,NotYet
25.0,8.2,6.2,0.8,-12.0,0.0,NotYet
25.0,8.2,6.2,0.8,-12.0,10.0,NotYet
25.0,8.2,6.2,0.8,-12.0,20.0,NotYet
25.0,8.2,6.2,0.8,-12.0,30.0,NotYet
25.0,8.2,6.2,0.8,-12.0,40.0,NotYet
25.0,8.2,6.2,0.8,-12.0,50.0,NotYet
25.0,8.2,6.2,0.8,-12.0,60.0,NotYet
25.0,8.2,6.2,0.8,-12.0,70.0,NotYet
25.0,8.2,6.2,0.8,-12.0,80.0,NotYet
25.0,8.2,6.2,0.8,-12.0,90.0,NotYet
25.0,8.2,6.2,0.8,-12.0,100.0,NotYet
25.0,8.2,6.2,0.8,-12.0,110.0,NotYet
25.0,8.2,6.2,0.8,-12.0,120.0,NotYet
25.0,8.2,6.2,0.8,-12.0,130.0,NotYet
25.0,8.2,6.2,0.8,-12.0,140.0,NotYet
25.0,8.2,6.2,0.8,-12.0,150.0,NotYet
25.0,8.2,6.2,0.8,-12.0,160.0,NotYet
25.0,8.2,6.2,0.8,-12.0,170.0,NotYet
25.0,8.2,6.2,0.8,-12.0,180.0,NotYet
25.0,8.2,6.2,0.8,-12.0,190.0,NotYet
25.0,8.2,6.2,0.8,-12.0,200.0,NotYet
25.0,8.2,6.2,0.8,-12.0,210.0,NotYet
25.0,8.2,6.2,0.8,-12.0,220.0,NotYet
25.0,8.2,6.2,0.8,-12.0,230.0,NotYet
25.0,8.2,6.2,0.8,-12.0,240.0,NotYet
25.0,8.2,6.2,0.8,-12.0,250.0,NotYet
25.0,8.2,6.2,0.8,-12.0,260.0,NotYet
25.0,8.2,6.2,0.8,-12.0,270.0,NotYet
25.0,8.2,6.2,0.8,-12.0,280.0,NotYet
25.0,8.2,6.2,0.8,-12.0,290.0,NotYet
25.0,8.2,6.2,0.8,-12.0,300.0,NotYet
25.0,8.2,6.2,0.8,-12.0,310.0,NotYet
25.0,8.2,6.2,0.8,-12.0,320.0,NotYet
25.0,8.2,6.2,0.8,-12.0,330.0,NotYet
25.0,8.2,6.2,0.8,-12.0,340.0,NotYet
25.0,8.2,6.2,0.8,-12.0,350.0,NotYet
25.0,8.2,6.2,0.8,-10.0,0.0,NotYet
25.0,8.2,6.2,0.8,-10.0,10.0,NotYet
25.0,8.2,6.2,0.8,-10.0,20.0,NotYet
25.0,8.2,6.2,0.8,-10.0,30.0,NotYet
25.0,8.2,6.2,0.8,-10.0,40.0,NotYet
25.0,8.2,6.2,0.8,-10.0,50.0,NotYet
25.0,8.2,6.2,0.8,-10.0,60.0,NotYet
25.0,8.2,6.2,0.8,-10.0,70.0,NotYet
25.0,8.2,6.2,0.8,-10.0,80.0,NotYet
25.0,8.2,6.2,0.8,-10.0,90.0,NotYet
25.0,8.2,6.2,0.8,-10.0,100.0,NotYet
25.0,8.2,6.2,0.8,-10.0,110.0,NotYet
25.0,8.2,6.2,0.8,-10.0,120.0,NotYet
25.0,8.2,6.2,0.8,-10.0,130.0,NotYet
25.0,8.2,6.2,0.8,-10.0,140.0,NotYet
25.0,8.2,6.2,0.8,-10.0,150.0,NotYet
25.0,8.2,6.2,0.8,-10.0,160.0,NotYet
25.0,8.2,6.2,0.8,-10.0,170.0,NotYet
25.0,8.2,6.2,0.8,-10.0,180.0,NotYet
25.0,8.2,6.2,0.8,-10.0,190.0,NotYet
25.0,8.2,6.2,0.8,-10.0,200.0,NotYet
25.0,8.2,6.2,0.8,-10.0,210.0,NotYet
25.0,8.2,6.2,0.8,-10.0,220.0,NotYet
25.0,8.2,6.2,0.8,-10.0,230.0,NotYet
25.0,8.2,6.2,0.8,-10.0,240.0,NotYet
25.0,8.2,6.2,0.8,-10.0,250.0,NotYet
25.0,8.2,6.2,0.8,-10.0,260.0,NotYet
25.0,8.2,6.2,0.8,-10.0,270.0,NotYet
25.0,8.2,6.2,0.8,-10.0,280.0,NotYet
25.0,8.2,6.2,0.8,-10.0,290.0,NotYet
25.0,8.2,6.2,0.8,-10.0,300.0,NotYet
25.0,8.2,6.2,0.8,-10.0,310.0,NotYet
25.0,8.2,6.2,0.8,-10.0,320.0,NotYet
25.0,8.2,6.2,0.8,-10.0,330.0,NotYet
25.0,8.2,6.2,0.8,-10.0,340.0,NotYet
25.0,8.2,6.2,0.8,-10.0,350.0,NotYet
25.0,8.2,6.2,0.8,-8.0,0.0,NotYet
25.0,8.2,6.2,0.8,-8.0,10.0,NotYet
25.0,8.2,6.2,0.8,-8.0,20.0,NotYet
25.0,8.2,6.2,0.8,-8.0,30.0,NotYet
25.0,8.2,6.2,0.8,-8.0,40.0,NotYet
25.0,8.2,6.2,0.8,-8.0,50.0,NotYet
25.0,8.2,6.2,0.8,-8.0,60.0,NotYet
25.0,8.2,6.2,0.8,-8.0,70.0,NotYet
25.0,8.2,6.2,0.8,-8.0,80.0,NotYet
25.0,8.2,6.2,0.8,-8.0,90.0,NotYet
25.0,8.2,6.2,0.8,-8.0,100.0,NotYet
25.0,8.2,6.2,0.8,-8.0,110.0,NotYet
25.0,8.2,6.2,0.8,-8.0,120.0,NotYet
25.0,8.2,6.2,0.8,-8.0,130.0,NotYet
25.0,8.2,6.2,0.8,-8.0,140.0,NotYet
25.0,8.2,6.2,0.8,-8.0,150.0,NotYet
25.0,8.2,6.2,0.8,-8.0,160.0,NotYet
25.0,8.2,6.2,0.8,-8.0,170.0,NotYet
25.0,8.2,6.2,0.8,-8.0,180.0,NotYet
25.0,8.2,6.2,0.8,-8.0,190.0,NotYet
25.0,8.2,6.2,0.8,-8.0,200.0,NotYet
25.0,8.2,6.2,0.8,-8.0,210.0,NotYet
25.0,8.2,6.2,0.8,-8.0,220.0,NotYet
25.0,8.2,6.2,0.8,-8.0,230.0,NotYet
25.0,8.2,6.2,0.8,-8.0,240.0,NotYet
25.0,8.2,6.2,0.8,-8.0,250.0,NotYet
25.0,8.2,6.2,0.8,-8.0,260.0,NotYet
25.0,8.2,6.2,0.8,-8.0,270.0,NotYet
25.0,8.2,6.2,0.8,-8.0,280.0,NotYet
25.0,8.2,6.2,0.8,-8.0,290.0,NotYet
25.0,8.2,6.2,0.8,-8.0,300.0,NotYet
25.0,8.2,6.2,0.8,-8.0,310.0,NotYet
25.0,8.2,6.2,0.8,-8.0,320.0,NotYet
25.0,8.2,6.2,0.8,-8.0,330.0,NotYet
25.0,8.2,6.2,0.8,-8.0,340.0,NotYet
25.0,8.2,6.2,0.8,-8.0,350.0,NotYet
25.0,8.2,6.2,0.8,-6.0,0.0,NotYet
25.0,8.2,6.2,0.8,-6.0,10.0,NotYet
25.0,8.2,6.2,0.8,-6.0,20.0,NotYet
25.0,8.2,6.2,0.8,-6.0,30.0,NotYet
25.0,8.2,6.2,0.8,-6.0,40.0,NotYet
25.0,8.2,6.2,0.8,-6.0,50.0,NotYet
25.0,8.2,6.2,0.8,-6.0,60.0,NotYet
25.0,8.2,6.2,0.8,-6.0,70.0,NotYet
25.0,8.2,6.2,0.8,-6.0,80.0,NotYet
25.0,8.2,6.2,0.8,-6.0,90.0,NotYet
25.0,8.2,6.2,0.8,-6.0,100.0,NotYet
25.0,8.2,6.2,0.8,-6.0,110.0,NotYet
25.0,8.2,6.2,0.8,-6.0,120.0,NotYet
25.0,8.2,6.2,0.8,-6.0,130.0,NotYet
25.0,8.2,6.2,0.8,-6.0,140.0,NotYet
25.0,8.2,6.2,0.8,-6.0,150.0,NotYet
25.0,8.2,6.2,0.8,-6.0,160.0,NotYet
25.0,8.2,6.2,0.8,-6.0,170.0,NotYet
25.0,8.2,6.2,0.8,-6.0,180.0,NotYet
25.0,8.2,6.2,0.8,-6.0,190.0,NotYet
25.0,8.2,6.2,0.8,-6.0,200.0,NotYet
25.0,8.2,6.2,0.8,-6.0,210.0,NotYet
25.0,8.2,6.2,0.8,-6.0,220.0,NotYet
25.0,8.2,6.2,0.8,-6.0,230.0,NotYet
25.0,8.2,6.2,0.8,-6.0,240.0,NotYet
25.0,8.2,6.2,0.8,-6.0,250.0,NotYet
25.0,8.2,6.2,0.8,-6.0,260.0,NotYet
25.0,8.2,6.2,0.8,-6.0,270.0,NotYet
25.0,8.2,6.2,0.8,-6.0,280.0,NotYet
25.0,8.2,6.2,0.8,-6.0,290.0,NotYet
25.0,8.2,6.2,0.8,-6.0,300.0,NotYet
25.0,8.2,6.2,0.8,-6.0,310.0,NotYet
25.0,8.2,6.2,0.8,-6.0,320.0,NotYet
25.0,8.2,6.2,0.8,-6.0,330.0,NotYet
25.0,8.2,6.2,0.8,-6.0,340.0,NotYet
25.0,8.2,6.2,0.8,-6.0,350.0,NotYet
25.0,8.2,6.2,0.8,-4.0,0.0,NotYet
25.0,8.2,6.2,0.8,-4.0,10.0,NotYet
25.0,8.2,6.2,0.8,-4.0,20.0,NotYet
25.0,8.2,6.2,0.8,-4.0,30.0,NotYet
25.0,8.2,6.2,0.8,-4.0,40.0,NotYet
25.0,8.2,6.2,0.8,-4.0,50.0,NotYet
25.0,8.2,6.2,0.8,-4.0,60.0,NotYet
25.0,8.2,6.2,0.8,-4.0,70.0,NotYet
25.0,8.2,6.2,0.8,-4.0,80.0,NotYet
25.0,8.2,6.2,0.8,-4.0,90.0,NotYet
25.0,8.2,6.2,0.8,-4.0,100.0,NotYet
25.0,8.2,6.2,0.8,-4.0,110.0,NotYet
25.0,8.2,6.2,0.8,-4.0,120.0,NotYet
25.0,8.2,6.2,0.8,-4.0,130.0,NotYet
25.0,8.2,6.2,0.8,-4.0,140.0,NotYet
25.0,8.2,6.2,0.8,-4.0,150.0,NotYet
25.0,8.2,6.2,0.8,-4.0,160.0,NotYet
25.0,8.2,6.2,0.8,-4.0,170.0,NotYet
25.0,8.2,6.2,0.8,-4.0,180.0,NotYet
25.0,8.2,6.2,0.8,-4.0,190.0,NotYet
25.0,8.2,6.2,0.8,-4.0,200.0,NotYet
25.0,8.2,6.2,0.8,-4.0,210.0,NotYet
25.0,8.2,6.2,0.8,-4.0,220.0,NotYet
25.0,8.2,6.2,0.8,-4.0,230.0,NotYet
25.0,8.2,6.2,0.8,-4.0,240.0,NotYet
25.0,8.2,6.2,0.8,-4.0,250.0,NotYet
25.0,8.2,6.2,0.8,-4.0,260.0,NotYet
25.0,8.2,6.2,0.8,-4.0,270.0,NotYet
25.0,8.2,6.2,0.8,-4.0,280.0,NotYet
25.0,8.2,6.2,0.8,-4.0,290.0,NotYet
25.0,8.2,6.2,0.8,-4.0,300.0,NotYet
25.0,8.2,6.2,0.8,-4.0,310.0,NotYet
25.0,8.2,6.2,0.8,-4.0,320.0,NotYet
25.0,8.2,6.2,0.8,-4.0,330.0,NotYet
25.0,8.2,6.2,0.8,-4.0,340.0,NotYet
25.0,8.2,6.2,0.8,-4.0,350.0,NotYet
25.0,8.2,6.2,0.8,-2.0,0.0,NotYet
25.0,8.2,6.2,0.8,-2.0,10.0,NotYet
25.0,8.2,6.2,0.8,-2.0,20.0,NotYet
25.0,8.2,6.2,0.8,-2.0,30.0,NotYet
25.0,8.2,6.2,0.8,-2.0,40.0,NotYet
25.0,8.2,6.2,0.8,-2.0,50.0,NotYet
25.0,8.2,6.2,0.8,-2.0,60.0,NotYet
25.0,8.2,6.2,0.8,-2.0,70.0,NotYet
25.0,8.2,6.2,0.8,-2.0,80.0,NotYet
25.0,8.2,6.2,0.8,-2.0,90.0,NotYet
25.0,8.2,6.2,0.8,-2.0,100.0,NotYet
25.0,8.2,6.2,0.8,-2.0,110.0,NotYet
25.0,8.2,6.2,0.8,-2.0,120.0,NotYet
25.0,8.2,6.2,0.8,-2.0,130.0,NotYet
25.0,8.2,6.2,0.8,-2.0,140.0,NotYet
25.0,8.2,6.2,0.8,-2.0,150.0,NotYet
25.0,8.2,6.2,0.8,-2.0,160.0,NotYet
25.0,8.2,6.2,0.8,-2.0,170.0,NotYet
25.0,8.2,6.2,0.8,-2.0,180.0,NotYet
25.0,8.2,6.2,0.8,-2.0,190.0,NotYet
25.0,8.2,6.2,0.8,-2.0,200.0,NotYet
25.0,8.2,6.2,0.8,-2.0,210.0,NotYet
25.0,8.2,6.2,0.8,-2.0,220.0,NotYet
25.0,8.2,6.2,0.8,-2.0,230.0,NotYet
25.0,8.2,6.2,0.8,-2.0,240.0,NotYet
25.0,8.2,6.2,0.8,-2.0,250.0,NotYet
25.0,8.2,6.2,0.8,-2.0,260.0,NotYet
25.0,8.2,6.2,0.8,-2.0,270.0,NotYet
25.0,8.2,6.2,0.8,-2.0,280.0,NotYet
25.0,8.2,6.2,0.8,-2.0,290.0,NotYet
25.0,8.2,6.2,0.8,-2.0,300.0,NotYet
25.0,8.2,6.2,0.8,-2.0,310.0,NotYet
25.0,8.2,6.2,0.8,-2.0,320.0,NotYet
25.0,8.2,6.2,0.8,-2.0,330.0,NotYet
25.0,8.2,6.2,0.8,-2.0,340.0,NotYet
25.0,8.2,6.2,0.8,-2.0,350.0,NotYet
25.0,8.2,6.2,0.8,0.0,0.0,NotYet
25.0,8.2,6.2,0.8,0.0,10.0,NotYet
25.0,8.2,6.2,0.8,0.0,20.0,NotYet
25.0,8.2,6.2,0.8,0.0,30.0,NotYet
25.0,8.2,6.2,0.8,0.0,40.0,NotYet
25.0,8.2,6.2,0.8,0.0,50.0,NotYet
25.0,8.2,6.2,0.8,0.0,60.0,NotYet
25.0,8.2,6.2,0.8,0.0,70.0,NotYet
25.0,8.2,6.2,0.8,0.0,80.0,NotYet
25.0,8.2,6.2,0.8,0.0,90.0,NotYet
25.0,8.2,6.2,0.8,0.0,100.0,NotYet
25.0,8.2,6.2,0.8,0.0,110.0,NotYet
25.0,8.2,6.2,0.8,0.0,120.0,NotYet
25.0,8.2,6.2,0.8,0.0,130.0,NotYet
25.0,8.2,6.2,0.8,0.0,140.0,NotYet
25.0,8.2,6.2,0.8,0.0,150.0,NotYet
25.0,8.2,6.2,0.8,0.0,160.0,NotYet
25.0,8.2,6.2,0.8,0.0,170.0,NotYet
25.0,8.2,6.2,0.8,0.0,180.0,NotYet
25.0,8.2,6.2,0.8,0.0,190.0,NotYet
25.0,8.2,6.2,0.8,0.0,200.0,NotYet
25.0,8.2,6.2,0.8,0.0,210.0,NotYet
25.0,8.2,6.2,0.8,0.0,220.0,NotYet
25.0,8.2,6.2,0.8,0.0,230.0,NotYet
25.0,8.2,6.2,0.8,0.0,240.0,NotYet
25.0,8.2,6.2,0.8,0.0,250.0,NotYet
25.0,8.2,6.2,0.8,0.0,260.0,NotYet
25.0,8.2,6.2,0.8,0.0,270.0,NotYet
25.0,8.2,6.2,0.8,0.0,280.0,NotYet
25.0,8.2,6.2,0.8,0.0,290.0,NotYet
25.0,8.2,6.2,0.8,0.0,300.0,NotYet
25.0,8.2,6.2,0.8,0.0,310.0,NotYet
25.0,8.2,6.2,0.8,0.0,320.0,NotYet
25.0,8.2,6.2,0.8,0.0,330.0,NotYet
25.0,8.2,6.2,0.8,0.0,340.0,NotYet
25.0,8.2,6.2,0.8,0.0,350.0,NotYet
25.0,8.2,6.2,0.8,2.0,0.0,NotYet
25.0,8.2,6.2,0.8,2.0,10.0,NotYet
25.0,8.2,6.2,0.8,2.0,20.0,NotYet
25.0,8.2,6.2,0.8,2.0,30.0,NotYet
25.0,8.2,6.2,0.8,2.0,40.0,NotYet
25.0,8.2,6.2,0.8,2.0,50.0,NotYet
25.0,8.2,6.2,0.8,2.0,60.0,NotYet
25.0,8.2,6.2,0.8,2.0,70.0,NotYet
25.0,8.2,6.2,0.8,2.0,80.0,NotYet
25.0,8.2,6.2,0.8,2.0,90.0,NotYet
25.0,8.2,6.2,0.8,2.0,100.0,NotYet
25.0,8.2,6.2,0.8,2.0,110.0,NotYet
25.0,8.2,6.2,0.8,2.0,120.0,NotYet
25.0,8.2,6.2,0.8,2.0,130.0,NotYet
25.0,8.2,6.2,0.8,2.0,140.0,NotYet
25.0,8.2,6.2,0.8,2.0,150.0,NotYet
25.0,8.2,6.2,0.8,2.0,160.0,NotYet
25.0,8.2,6.2,0.8,2.0,170.0,NotYet
25.0,8.2,6.2,0.8,2.0,180.0,NotYet
25.0,8.2,6.2,0.8,2.0,190.0,NotYet
25.0,8.2,6.2,0.8,2.0,200.0,NotYet
25.0,8.2,6.2,0.8,2.0,210.0,NotYet
25.0,8.2,6.2,0.8,2.0,220.0,NotYet
25.0,8.2,6.2,0.8,2.0,230.0,NotYet
25.0,8.2,6.2,0.8,2.0,240.0,NotYet
25.0,8.2,6.2,0.8,2.0,250.0,NotYet
25.0,8.2,6.2,0.8,2.0,260.0,NotYet
25.0,8.2,6.2,0.8,2.0,270.0,NotYet
25.0,8.2,6.2,0.8,2.0,280.0,NotYet
25.0,8.2,6.2,0.8,2.0,290.0,NotYet
25.0,8.2,6.2,0.8,2.0,300.0,NotYet
25.0,8.2,6.2,0.8,2.0,310.0,NotYet
25.0,8.2,6.2,0.8,2.0,320.0,NotYet
25.0,8.2,6.2,0.8,2.0,330.0,NotYet
25.0,8.2,6.2,0.8,2.0,340.0,NotYet
25.0,8.2,6.2,0.8,2.0,350.0,NotYet
25.0,8.2,6.2,0.8,4.0,0.0,NotYet
25.0,8.2,6.2,0.8,4.0,10.0,NotYet
25.0,8.2,6.2,0.8,4.0,20.0,NotYet
25.0,8.2,6.2,0.8,4.0,30.0,NotYet
25.0,8.2,6.2,0.8,4.0,40.0,NotYet
25.0,8.2,6.2,0.8,4.0,50.0,NotYet
25.0,8.2,6.2,0.8,4.0,60.0,NotYet
25.0,8.2,6.2,0.8,4.0,70.0,NotYet
25.0,8.2,6.2,0.8,4.0,80.0,NotYet
25.0,8.2,6.2,0.8,4.0,90.0,NotYet
25.0,8.2,6.2,0.8,4.0,100.0,NotYet
25.0,8.2,6.2,0.8,4.0,110.0,NotYet
25.0,8.2,6.2,0.8,4.0,120.0,NotYet
25.0,8.2,6.2,0.8,4.0,130.0,NotYet
25.0,8.2,6.2,0.8,4.0,140.0,NotYet
25.0,8.2,6.2,0.8,4.0,150.0,NotYet
25.0,8.2,6.2,0.8,4.0,160.0,NotYet
25.0,8.2,6.2,0.8,4.0,170.0,NotYet
25.0,8.2,6.2,0.8,4.0,180.0,NotYet
25.0,8.2,6.2,0.8,4.0,190.0,NotYet
25.0,8.2,6.2,0.8,4.0,200.0,NotYet
25.0,8.2,6.2,0.8,4.0,210.0,NotYet
25.0,8.2,6.2,0.8,4.0,220.0,NotYet
25.0,8.2,6.2,0.8,4.0,230.0,NotYet
25.0,8.2,6.2,0.8,4.0,240.0,NotYet
25.0,8.2,6.2,0.8,4.0,250.0,NotYet
25.0,8.2,6.2,0.8,4.0,260.0,NotYet
25.0,8.2,6.2,0.8,4.0,270.0,NotYet
25.0,8.2,6.2,0.8,4.0,280.0,NotYet
25.0,8.2,6.2,0.8,4.0,290.0,NotYet
25.0,8.2,6.2,0.8,4.0,300.0,NotYet
25.0,8.2,6.2,0.8,4.0,310.0,NotYet
25.0,8.2,6.2,0.8,4.0,320.0,NotYet
25.0,8.2,6.2,0.8,4.0,330.0,NotYet
25.0,8.2,6.2,0.8,4.0,340.0,NotYet
25.0,8.2,6.2,0.8,4.0,350.0,NotYet
25.0,8.2,6.2,0.8,6.0,0.0,NotYet
25.0,8.2,6.2,0.8,6.0,10.0,NotYet
25.0,8.2,6.2,0.8,6.0,20.0,NotYet
25.0,8.2,6.2,0.8,6.0,30.0,NotYet
25.0,8.2,6.2,0.8,6.0,40.0,NotYet
25.0,8.2,6.2,0.8,6.0,50.0,NotYet
25.0,8.2,6.2,0.8,6.0,60.0,NotYet
25.0,8.2,6.2,0.8,6.0,70.0,NotYet
25.0,8.2,6.2,0.8,6.0,80.0,NotYet
25.0,8.2,6.2,0.8,6.0,90.0,NotYet
25.0,8.2,6.2,0.8,6.0,100.0,NotYet
25.0,8.2,6.2,0.8,6.0,110.0,NotYet
25.0,8.2,6.2,0.8,6.0,120.0,NotYet
25.0,8.2,6.2,0.8,6.0,130.0,NotYet
25.0,8.2,6.2,0.8,6.0,140.0,NotYet
25.0,8.2,6.2,0.8,6.0,150.0,NotYet
25.0,8.2,6.2,0.8,6.0,160.0,NotYet
25.0,8.2,6.2,0.8,6.0,170.0,NotYet
25.0,8.2,6.2,0.8,6.0,180.0,NotYet
25.0,8.2,6.2,0.8,6.0,190.0,NotYet
25.0,8.2,6.2,0.8,6.0,200.0,NotYet
25.0,8.2,6.2,0.8,6.0,210.0,NotYet
25.0,8.2,6.2,0.8,6.0,220.0,NotYet
25.0,8.2,6.2,0.8,6.0,230.0,NotYet
25.0,8.2,6.2,0.8,6.0,240.0,NotYet
25.0,8.2,6.2,0.8,6.0,250.0,NotYet
25.0,8.2,6.2,0.8,6.0,260.0,NotYet
25.0,8.2,6.2,0.8,6.0,270.0,NotYet
25.0,8.2,6.2,0.8,6.0,280.0,NotYet
25.0,8.2,6.2,0.8,6.0,290.0,NotYet
25.0,8.2,6.2,0.8,6.0,300.0,NotYet
25.0,8.2,6.2,0.8,6.0,310.0,NotYet
25.0,8.2,6.2,0.8,6.0,320.0,NotYet
25.0,8.2,6.2,0.8,6.0,330.0,NotYet
25.0,8.2,6.2,0.8,6.0,340.0,NotYet
25.0,8.2,6.2,0.8,6.0,350.0,NotYet
25.0,8.2,6.2,0.8,8.0,0.0,NotYet
25.0,8.2,6.2,0.8,8.0,10.0,NotYet
25.0,8.2,6.2,0.8,8.0,20.0,NotYet
25.0,8.2,6.2,0.8,8.0,30.0,NotYet
25.0,8.2,6.2,0.8,8.0,40.0,NotYet
25.0,8.2,6.2,0.8,8.0,50.0,NotYet
25.0,8.2,6.2,0.8,8.0,60.0,NotYet
25.0,8.2,6.2,0.8,8.0,70.0,NotYet
25.0,8.2,6.2,0.8,8.0,80.0,NotYet
25.0,8.2,6.2,0.8,8.0,90.0,NotYet
25.0,8.2,6.2,0.8,8.0,100.0,NotYet
25.0,8.2,6.2,0.8,8.0,110.0,NotYet
25.0,8.2,6.2,0.8,8.0,120.0,NotYet
25.0,8.2,6.2,0.8,8.0,130.0,NotYet
25.0,8.2,6.2,0.8,8.0,140.0,NotYet
25.0,8.2,6.2,0.8,8.0,150.0,NotYet
25.0,8.2,6.2,0.8,8.0,160.0,NotYet
25.0,8.2,6.2,0.8,8.0,170.0,NotYet
25.0,8.2,6.2,0.8,8.0,180.0,NotYet
25.0,8.2,6.2,0.8,8.0,190.0,NotYet
25.0,8.2,6.2,0.8,8.0,200.0,NotYet
25.0,8.2,6.2,0.8,8.0,210.0,NotYet
25.0,8.2,6.2,0.8,8.0,220.0,NotYet
25.0,8.2,6.2,0.8,8.0,230.0,NotYet
25.0,8.2,6.2,0.8,8.0,240.0,NotYet
25.0,8.2,6.2,0.8,8.0,250.0,NotYet
25.0,8.2,6.2,0.8,8.0,260.0,NotYet
25.0,8.2,6.2,0.8,8.0,270.0,NotYet
25.0,8.2,6.2,0.8,8.0,280.0,NotYet
25.0,8.2,6.2,0.8,8.0,290.0,NotYet
25.0,8.2,6.2,0.8,8.0,300.0,NotYet
25.0,8.2,6.2,0.8,8.0,310.0,NotYet
25.0,8.2,6.2,0.8,8.0,320.0,NotYet
25.0,8.2,6.2,0.8,8.0,330.0,NotYet
25.0,8.2,6.2,0.8,8.0,340.0,NotYet
25.0,8.2,6.2,0.8,8.0,350.0,NotYet
25.0,8.2,6.2,0.8,10.0,0.0,NotYet
25.0,8.2,6.2,0.8,10.0,10.0,NotYet
25.0,8.2,6.2,0.8,10.0,20.0,NotYet
25.0,8.2,6.2,0.8,10.0,30.0,NotYet
25.0,8.2,6.2,0.8,10.0,40.0,NotYet
25.0,8.2,6.2,0.8,10.0,50.0,NotYet
25.0,8.2,6.2,0.8,10.0,60.0,NotYet
25.0,8.2,6.2,0.8,10.0,70.0,NotYet
25.0,8.2,6.2,0.8,10.0,80.0,NotYet
25.0,8.2,6.2,0.8,10.0,90.0,NotYet
25.0,8.2,6.2,0.8,10.0,100.0,NotYet
25.0,8.2,6.2,0.8,10.0,110.0,NotYet
25.0,8.2,6.2,0.8,10.0,120.0,NotYet
25.0,8.2,6.2,0.8,10.0,130.0,NotYet
25.0,8.2,6.2,0.8,10.0,140.0,NotYet
25.0,8.2,6.2,0.8,10.0,150.0,NotYet
25.0,8.2,6.2,0.8,10.0,160.0,NotYet
25.0,8.2,6.2,0.8,10.0,170.0,NotYet
25.0,8.2,6.2,0.8,10.0,180.0,NotYet
25.0,8.2,6.2,0.8,10.0,190.0,NotYet
25.0,8.2,6.2,0.8,10.0,200.0,NotYet
25.0,8.2,6.2,0.8,10.0,210.0,NotYet
25.0,8.2,6.2,0.8,10.0,220.0,NotYet
25.0,8.2,6.2,0.8,10.0,230.0,NotYet
25.0,8.2,6.2,0.8,10.0,240.0,NotYet
25.0,8.2,6.2,0.8,10.0,250.0,NotYet
25.0,8.2,6.2,0.8,10.0,260.0,NotYet
25.0,8.2,6.2,0.8,10.0,270.0,NotYet
25.0,8.2,6.2,0.8,10.0,280.0,NotYet
25.0,8.2,6.2,0.8,10.0,290.0,NotYet
25.0,8.2,6.2,0.8,10.0,300.0,NotYet
25.0,8.2,6.2,0.8,10.0,310.0,NotYet
25.0,8.2,6.2,0.8,10.0,320.0,NotYet
25.0,8.2,6.2,0.8,10.0,330.0,NotYet
25.0,8.2,6.2,0.8,10.0,340.0,NotYet
25.0,8.2,6.2,0.8,10.0,350.0,NotYet
25.0,8.2,6.2,0.8,12.0,0.0,NotYet
25.0,8.2,6.2,0.8,12.0,10.0,NotYet
25.0,8.2,6.2,0.8,12.0,20.0,NotYet
25.0,8.2,6.2,0.8,12.0,30.0,NotYet
25.0,8.2,6.2,0.8,12.0,40.0,NotYet
25.0,8.2,6.2,0.8,12.0,50.0,NotYet
25.0,8.2,6.2,0.8,12.0,60.0,NotYet
25.0,8.2,6.2,0.8,12.0,70.0,NotYet
25.0,8.2,6.2,0.8,12.0,80.0,NotYet
25.0,8.2,6.2,0.8,12.0,90.0,NotYet
25.0,8.2,6.2,0.8,12.0,100.0,NotYet
25.0,8.2,6.2,0.8,12.0,110.0,NotYet
25.0,8.2,6.2,0.8,12.0,120.0,NotYet
25.0,8.2,6.2,0.8,12.0,130.0,NotYet
25.0,8.2,6.2,0.8,12.0,140.0,NotYet
25.0,8.2,6.2,0.8,12.0,150.0,NotYet
25.0,8.2,6.2,0.8,12.0,160.0,NotYet
25.0,8.2,6.2,0.8,12.0,170.0,NotYet
25.0,8.2,6.2,0.8,12.0,180.0,NotYet
25.0,8.2,6.2,0.8,12.0,190.0,NotYet
25.0,8.2,6.2,0.8,12.0,200.0,NotYet
25.0,8.2,6.2,0.8,12.0,210.0,NotYet
25.0,8.2,6.2,0.8,12.0,220.0,NotYet
25.0,8.2,6.2,0.8,12.0,230.0,NotYet
25.0,8.2,6.2,0.8,12.0,240.0,NotYet
25.0,8.2,6.2,0.8,12.0,250.0,NotYet
25.0,8.2,6.2,0.8,12.0,260.0,NotYet
25.0,8.2,6.2,0.8,12.0,270.0,NotYet
25.0,8.2,6.2,0.8,12.0,280.0,NotYet
25.0,8.2,6.2,0.8,12.0,290.0,NotYet
25.0,8.2,6.2,0.8,12.0,300.0,NotYet
25.0,8.2,6.2,0.8,12.0,310.0,NotYet
25.0,8.2,6.2,0.8,12.0,320.0,NotYet
25.0,8.2,6.2,0.8,12.0,330.0,NotYet
25.0,8.2,6.2,0.8,12.0,340.0,NotYet
25.0,8.2,6.2,0.8,12.0,350.0,NotYet
25.0,8.2,6.2,0.8,14.0,0.0,NotYet
25.0,8.2,6.2,0.8,14.0,10.0,NotYet
25.0,8.2,6.2,0.8,14.0,20.0,NotYet
25.0,8.2,6.2,0.8,14.0,30.0,NotYet
25.0,8.2,6.2,0.8,14.0,40.0,NotYet
25.0,8.2,6.2,0.8,14.0,50.0,NotYet
25.0,8.2,6.2,0.8,14.0,60.0,NotYet
25.0,8.2,6.2,0.8,14.0,70.0,NotYet
25.0,8.2,6.2,0.8,14.0,80.0,NotYet
25.0,8.2,6.2,0.8,14.0,90.0,NotYet
25.0,8.2,6.2,0.8,14.0,100.0,NotYet
25.0,8.2,6.2,0.8,14.0,110.0,NotYet
25.0,8.2,6.2,0.8,14.0,120.0,NotYet
25.0,8.2,6.2,0.8,14.0,130.0,NotYet
25.0,8.2,6.2,0.8,14.0,140.0,NotYet
25.0,8.2,6.2,0.8,14.0,150.0,NotYet
25.0,8.2,6.2,0.8,14.0,160.0,NotYet
25.0,8.2,6.2,0.8,14.0,170.0,NotYet
25.0,8.2,6.2,0.8,14.0,180.0,NotYet
25.0,8.2,6.2,0.8,14.0,190.0,NotYet
25.0,8.2,6.2,0.8,14.0,200.0,NotYet
25.0,8.2,6.2,0.8,14.0,210.0,NotYet
25.0,8.2,6.2,0.8,14.0,220.0,NotYet
25.0,8.2,6.2,0.8,14.0,230.0,NotYet
25.0,8.2,6.2,0.8,14.0,240.0,NotYet
25.0,8.2,6.2,0.8,14.0,250.0,NotYet
25.0,8.2,6.2,0.8,14.0,260.0,NotYet
25.0,8.2,6.2,0.8,14.0,270.0,NotYet
25.0,8.2,6.2,0.8,14.0,280.0,NotYet
25.0,8.2,6.2,0.8,14.0,290.0,NotYet
25.0,8.2,6.2,0.8,14.0,300.0,NotYet
25.0,8.2,6.2,0.8,14.0,310.0,NotYet
25.0,8.2,6.2,0.8,14.0,320.0,NotYet
25.0,8.2,6.2,0.8,14.0,330.0,NotYet
25.0,8.2,6.2,0.8,14.0,340.0,NotYet
25.0,8.2,6.2,0.8,14.0,350.0,NotYet
25.0,8.2,6.2,1.0,-14.0,0.0,NotYet
25.0,8.2,6.2,1.0,-14.0,10.0,NotYet
25.0,8.2,6.2,1.0,-14.0,20.0,NotYet
25.0,8.2,6.2,1.0,-14.0,30.0,NotYet
25.0,8.2,6.2,1.0,-14.0,40.0,NotYet
25.0,8.2,6.2,1.0,-14.0,50.0,NotYet
25.0,8.2,6.2,1.0,-14.0,60.0,NotYet
25.0,8.2,6.2,1.0,-14.0,70.0,NotYet
25.0,8.2,6.2,1.0,-14.0,80.0,NotYet
25.0,8.2,6.2,1.0,-14.0,90.0,NotYet
25.0,8.2,6.2,1.0,-14.0,100.0,NotYet
25.0,8.2,6.2,1.0,-14.0,110.0,NotYet
25.0,8.2,6.2,1.0,-14.0,120.0,NotYet
25.0,8.2,6.2,1.0,-14.0,130.0,NotYet
25.0,8.2,6.2,1.0,-14.0,140.0,NotYet
25.0,8.2,6.2,1.0,-14.0,150.0,NotYet
25.0,8.2,6.2,1.0,-14.0,160.0,NotYet
25.0,8.2,6.2,1.0,-14.0,170.0,NotYet
25.0,8.2,6.2,1.0,-14.0,180.0,NotYet
25.0,8.2,6.2,1.0,-14.0,190.0,NotYet
25.0,8.2,6.2,1.0,-14.0,200.0,NotYet
25.0,8.2,6.2,1.0,-14.0,210.0,NotYet
25.0,8.2,6.2,1.0,-14.0,220.0,NotYet
25.0,8.2,6.2,1.0,-14.0,230.0,NotYet
25.0,8.2,6.2,1.0,-14.0,240.0,NotYet
25.0,8.2,6.2,1.0,-14.0,250.0,NotYet
25.0,8.2,6.2,1.0,-14.0,260.0,NotYet
25.0,8.2,6.2,1.0,-14.0,270.0,NotYet
25.0,8.2,6.2,1.0,-14.0,280.0,NotYet
25.0,8.2,6.2,1.0,-14.0,290.0,NotYet
25.0,8.2,6.2,1.0,-14.0,300.0,NotYet
25.0,8.2,6.2,1.0,-14.0,310.0,NotYet
25.0,8.2,6.2,1.0,-14.0,320.0,NotYet
25.0,8.2,6.2,1.0,-14.0,330.0,NotYet
25.0,8.2,6.2,1.0,-14.0,340.0,NotYet
25.0,8.2,6.2,1.0,-14.0,350.0,NotYet
25.0,8.2,6.2,1.0,-12.0,0.0,NotYet
25.0,8.2,6.2,1.0,-12.0,10.0,NotYet
25.0,8.2,6.2,1.0,-12.0,20.0,NotYet
25.0,8.2,6.2,1.0,-12.0,30.0,NotYet
25.0,8.2,6.2,1.0,-12.0,40.0,NotYet
25.0,8.2,6.2,1.0,-12.0,50.0,NotYet
25.0,8.2,6.2,1.0,-12.0,60.0,NotYet
25.0,8.2,6.2,1.0,-12.0,70.0,NotYet
25.0,8.2,6.2,1.0,-12.0,80.0,NotYet
25.0,8.2,6.2,1.0,-12.0,90.0,NotYet
25.0,8.2,6.2,1.0,-12.0,100.0,NotYet
25.0,8.2,6.2,1.0,-12.0,110.0,NotYet
25.0,8.2,6.2,1.0,-12.0,120.0,NotYet
25.0,8.2,6.2,1.0,-12.0,130.0,NotYet
25.0,8.2,6.2,1.0,-12.0,140.0,NotYet
25.0,8.2,6.2,1.0,-12.0,150.0,NotYet
25.0,8.2,6.2,1.0,-12.0,160.0,NotYet
25.0,8.2,6.2,1.0,-12.0,170.0,NotYet
25.0,8.2,6.2,1.0,-12.0,180.0,NotYet
25.0,8.2,6.2,1.0,-12.0,190.0,NotYet
25.0,8.2,6.2,1.0,-12.0,200.0,NotYet
25.0,8.2,6.2,1.0,-12.0,210.0,NotYet
25.0,8.2,6.2,1.0,-12.0,220.0,NotYet
25.0,8.2,6.2,1.0,-12.0,230.0,NotYet
25.0,8.2,6.2,1.0,-12.0,240.0,NotYet
25.0,8.2,6.2,1.0,-12.0,250.0,NotYet
25.0,8.2,6.2,1.0,-12.0,260.0,NotYet
25.0,8.2,6.2,1.0,-12.0,270.0,NotYet
25.0,8.2,6.2,1.0,-12.0,280.0,NotYet
25.0,8.2,6.2,1.0,-12.0,290.0,NotYet
25.0,8.2,6.2,1.0,-12.0,300.0,NotYet
25.0,8.2,6.2,1.0,-12.0,310.0,NotYet
25.0,8.2,6.2,1.0,-12.0,320.0,NotYet
25.0,8.2,6.2,1.0,-12.0,330.0,NotYet
25.0,8.2,6.2,1.0,-12.0,340.0,NotYet
25.0,8.2,6.2,1.0,-12.0,350.0,NotYet
25.0,8.2,6.2,1.0,-10.0,0.0,NotYet
25.0,8.2,6.2,1.0,-10.0,10.0,NotYet
25.0,8.2,6.2,1.0,-10.0,20.0,NotYet
25.0,8.2,6.2,1.0,-10.0,30.0,NotYet
25.0,8.2,6.2,1.0,-10.0,40.0,NotYet
25.0,8.2,6.2,1.0,-10.0,50.0,NotYet
25.0,8.2,6.2,1.0,-10.0,60.0,NotYet
25.0,8.2,6.2,1.0,-10.0,70.0,NotYet
25.0,8.2,6.2,1.0,-10.0,80.0,NotYet
25.0,8.2,6.2,1.0,-10.0,90.0,NotYet
25.0,8.2,6.2,1.0,-10.0,100.0,NotYet
25.0,8.2,6.2,1.0,-10.0,110.0,NotYet
25.0,8.2,6.2,1.0,-10.0,120.0,NotYet
25.0,8.2,6.2,1.0,-10.0,130.0,NotYet
25.0,8.2,6.2,1.0,-10.0,140.0,NotYet
25.0,8.2,6.2,1.0,-10.0,150.0,NotYet
25.0,8.2,6.2,1.0,-10.0,160.0,NotYet
25.0,8.2,6.2,1.0,-10.0,170.0,NotYet
25.0,8.2,6.2,1.0,-10.0,180.0,NotYet
25.0,8.2,6.2,1.0,-10.0,190.0,NotYet
25.0,8.2,6.2,1.0,-10.0,200.0,NotYet
25.0,8.2,6.2,1.0,-10.0,210.0,NotYet
25.0,8.2,6.2,1.0,-10.0,220.0,NotYet
25.0,8.2,6.2,1.0,-10.0,230.0,NotYet
25.0,8.2,6.2,1.0,-10.0,240.0,NotYet
25.0,8.2,6.2,1.0,-10.0,250.0,NotYet
25.0,8.2,6.2,1.0,-10.0,260.0,NotYet
25.0,8.2,6.2,1.0,-10.0,270.0,NotYet
25.0,8.2,6.2,1.0,-10.0,280.0,NotYet
25.0,8.2,6.2,1.0,-10.0,290.0,NotYet
25.0,8.2,6.2,1.0,-10.0,300.0,NotYet
25.0,8.2,6.2,1.0,-10.0,310.0,NotYet
25.0,8.2,6.2,1.0,-10.0,320.0,NotYet
25.0,8.2,6.2,1.0,-10.0,330.0,NotYet
25.0,8.2,6.2,1.0,-10.0,340.0,NotYet
25.0,8.2,6.2,1.0,-10.0,350.0,NotYet
25.0,8.2,6.2,1.0,-8.0,0.0,NotYet
25.0,8.2,6.2,1.0,-8.0,10.0,NotYet
25.0,8.2,6.2,1.0,-8.0,20.0,NotYet
25.0,8.2,6.2,1.0,-8.0,30.0,NotYet
25.0,8.2,6.2,1.0,-8.0,40.0,NotYet
25.0,8.2,6.2,1.0,-8.0,50.0,NotYet
25.0,8.2,6.2,1.0,-8.0,60.0,NotYet
25.0,8.2,6.2,1.0,-8.0,70.0,NotYet
25.0,8.2,6.2,1.0,-8.0,80.0,NotYet
25.0,8.2,6.2,1.0,-8.0,90.0,NotYet
25.0,8.2,6.2,1.0,-8.0,100.0,NotYet
25.0,8.2,6.2,1.0,-8.0,110.0,NotYet
25.0,8.2,6.2,1.0,-8.0,120.0,NotYet
25.0,8.2,6.2,1.0,-8.0,130.0,NotYet
25.0,8.2,6.2,1.0,-8.0,140.0,NotYet
25.0,8.2,6.2,1.0,-8.0,150.0,NotYet
25.0,8.2,6.2,1.0,-8.0,160.0,NotYet
25.0,8.2,6.2,1.0,-8.0,170.0,NotYet
25.0,8.2,6.2,1.0,-8.0,180.0,NotYet
25.0,8.2,6.2,1.0,-8.0,190.0,NotYet
25.0,8.2,6.2,1.0,-8.0,200.0,NotYet
25.0,8.2,6.2,1.0,-8.0,210.0,NotYet
25.0,8.2,6.2,1.0,-8.0,220.0,NotYet
25.0,8.2,6.2,1.0,-8.0,230.0,NotYet
25.0,8.2,6.2,1.0,-8.0,240.0,NotYet
25.0,8.2,6.2,1.0,-8.0,250.0,NotYet
25.0,8.2,6.2,1.0,-8.0,260.0,NotYet
25.0,8.2,6.2,1.0,-8.0,270.0,NotYet
25.0,8.2,6.2,1.0,-8.0,280.0,NotYet
25.0,8.2,6.2,1.0,-8.0,290.0,NotYet
25.0,8.2,6.2,1.0,-8.0,300.0,NotYet
25.0,8.2,6.2,1.0,-8.0,310.0,NotYet
25.0,8.2,6.2,1.0,-8.0,320.0,NotYet
25.0,8.2,6.2,1.0,-8.0,330.0,NotYet
25.0,8.2,6.2,1.0,-8.0,340.0,NotYet
25.0,8.2,6.2,1.0,-8.0,350.0,NotYet
25.0,8.2,6.2,1.0,-6.0,0.0,NotYet
25.0,8.2,6.2,1.0,-6.0,10.0,NotYet
25.0,8.2,6.2,1.0,-6.0,20.0,NotYet
25.0,8.2,6.2,1.0,-6.0,30.0,NotYet
25.0,8.2,6.2,1.0,-6.0,40.0,NotYet
25.0,8.2,6.2,1.0,-6.0,50.0,NotYet
25.0,8.2,6.2,1.0,-6.0,60.0,NotYet
25.0,8.2,6.2,1.0,-6.0,70.0,NotYet
25.0,8.2,6.2,1.0,-6.0,80.0,NotYet
25.0,8.2,6.2,1.0,-6.0,90.0,NotYet
25.0,8.2,6.2,1.0,-6.0,100.0,NotYet
25.0,8.2,6.2,1.0,-6.0,110.0,NotYet
25.0,8.2,6.2,1.0,-6.0,120.0,NotYet
25.0,8.2,6.2,1.0,-6.0,130.0,NotYet
25.0,8.2,6.2,1.0,-6.0,140.0,NotYet
25.0,8.2,6.2,1.0,-6.0,150.0,NotYet
25.0,8.2,6.2,1.0,-6.0,160.0,NotYet
25.0,8.2,6.2,1.0,-6.0,170.0,NotYet
25.0,8.2,6.2,1.0,-6.0,180.0,NotYet
25.0,8.2,6.2,1.0,-6.0,190.0,NotYet
25.0,8.2,6.2,1.0,-6.0,200.0,NotYet
25.0,8.2,6.2,1.0,-6.0,210.0,NotYet
25.0,8.2,6.2,1.0,-6.0,220.0,NotYet
25.0,8.2,6.2,1.0,-6.0,230.0,NotYet
25.0,8.2,6.2,1.0,-6.0,240.0,NotYet
25.0,8.2,6.2,1.0,-6.0,250.0,NotYet
25.0,8.2,6.2,1.0,-6.0,260.0,NotYet
25.0,8.2,6.2,1.0,-6.0,270.0,NotYet
25.0,8.2,6.2,1.0,-6.0,280.0,NotYet
25.0,8.2,6.2,1.0,-6.0,290.0,NotYet
25.0,8.2,6.2,1.0,-6.0,300.0,NotYet
25.0,8.2,6.2,1.0,-6.0,310.0,NotYet
25.0,8.2,6.2,1.0,-6.0,320.0,NotYet
25.0,8.2,6.2,1.0,-6.0,330.0,NotYet
25.0,8.2,6.2,1.0,-6.0,340.0,NotYet
25.0,8.2,6.2,1.0,-6.0,350.0,NotYet
25.0,8.2,6.2,1.0,-4.0,0.0,NotYet
25.0,8.2,6.2,1.0,-4.0,10.0,NotYet
25.0,8.2,6.2,1.0,-4.0,20.0,NotYet
25.0,8.2,6.2,1.0,-4.0,30.0,NotYet
25.0,8.2,6.2,1.0,-4.0,40.0,NotYet
25.0,8.2,6.2,1.0,-4.0,50.0,NotYet
25.0,8.2,6.2,1.0,-4.0,60.0,NotYet
25.0,8.2,6.2,1.0,-4.0,70.0,NotYet
25.0,8.2,6.2,1.0,-4.0,80.0,NotYet
25.0,8.2,6.2,1.0,-4.0,90.0,NotYet
25.0,8.2,6.2,1.0,-4.0,100.0,NotYet
25.0,8.2,6.2,1.0,-4.0,110.0,NotYet
25.0,8.2,6.2,1.0,-4.0,120.0,NotYet
25.0,8.2,6.2,1.0,-4.0,130.0,NotYet
25.0,8.2,6.2,1.0,-4.0,140.0,NotYet
25.0,8.2,6.2,1.0,-4.0,150.0,NotYet
25.0,8.2,6.2,1.0,-4.0,160.0,NotYet
25.0,8.2,6.2,1.0,-4.0,170.0,NotYet
25.0,8.2,6.2,1.0,-4.0,180.0,NotYet
25.0,8.2,6.2,1.0,-4.0,190.0,NotYet
25.0,8.2,6.2,1.0,-4.0,200.0,NotYet
25.0,8.2,6.2,1.0,-4.0,210.0,NotYet
25.0,8.2,6.2,1.0,-4.0,220.0,NotYet
25.0,8.2,6.2,1.0,-4.0,230.0,NotYet
25.0,8.2,6.2,1.0,-4.0,240.0,NotYet
25.0,8.2,6.2,1.0,-4.0,250.0,NotYet
25.0,8.2,6.2,1.0,-4.0,260.0,NotYet
25.0,8.2,6.2,1.0,-4.0,270.0,NotYet
25.0,8.2,6.2,1.0,-4.0,280.0,NotYet
25.0,8.2,6.2,1.0,-4.0,290.0,NotYet
25.0,8.2,6.2,1.0,-4.0,300.0,NotYet
25.0,8.2,6.2,1.0,-4.0,310.0,NotYet
25.0,8.2,6.2,1.0,-4.0,320.0,NotYet
25.0,8.2,6.2,1.0,-4.0,330.0,NotYet
25.0,8.2,6.2,1.0,-4.0,340.0,NotYet
25.0,8.2,6.2,1.0,-4.0,350.0,NotYet
25.0,8.2,6.2,1.0,-2.0,0.0,NotYet
25.0,8.2,6.2,1.0,-2.0,10.0,NotYet
25.0,8.2,6.2,1.0,-2.0,20.0,NotYet
25.0,8.2,6.2,1.0,-2.0,30.0,NotYet
25.0,8.2,6.2,1.0,-2.0,40.0,NotYet
25.0,8.2,6.2,1.0,-2.0,50.0,NotYet
25.0,8.2,6.2,1.0,-2.0,60.0,NotYet
25.0,8.2,6.2,1.0,-2.0,70.0,NotYet
25.0,8.2,6.2,1.0,-2.0,80.0,NotYet
25.0,8.2,6.2,1.0,-2.0,90.0,NotYet
25.0,8.2,6.2,1.0,-2.0,100.0,NotYet
25.0,8.2,6.2,1.0,-2.0,110.0,NotYet
25.0,8.2,6.2,1.0,-2.0,120.0,NotYet
25.0,8.2,6.2,1.0,-2.0,130.0,NotYet
25.0,8.2,6.2,1.0,-2.0,140.0,NotYet
25.0,8.2,6.2,1.0,-2.0,150.0,NotYet
25.0,8.2,6.2,1.0,-2.0,160.0,NotYet
25.0,8.2,6.2,1.0,-2.0,170.0,NotYet
25.0,8.2,6.2,1.0,-2.0,180.0,NotYet
25.0,8.2,6.2,1.0,-2.0,190.0,NotYet
25.0,8.2,6.2,1.0,-2.0,200.0,NotYet
25.0,8.2,6.2,1.0,-2.0,210.0,NotYet
25.0,8.2,6.2,1.0,-2.0,220.0,NotYet
25.0,8.2,6.2,1.0,-2.0,230.0,NotYet
25.0,8.2,6.2,1.0,-2.0,240.0,NotYet
25.0,8.2,6.2,1.0,-2.0,250.0,NotYet
25.0,8.2,6.2,1.0,-2.0,260.0,NotYet
25.0,8.2,6.2,1.0,-2.0,270.0,NotYet
25.0,8.2,6.2,1.0,-2.0,280.0,NotYet
25.0,8.2,6.2,1.0,-2.0,290.0,NotYet
25.0,8.2,6.2,1.0,-2.0,300.0,NotYet
25.0,8.2,6.2,1.0,-2.0,310.0,NotYet
25.0,8.2,6.2,1.0,-2.0,320.0,NotYet
25.0,8.2,6.2,1.0,-2.0,330.0,NotYet
25.0,8.2,6.2,1.0,-2.0,340.0,NotYet
25.0,8.2,6.2,1.0,-2.0,350.0,NotYet
25.0,8.2,6.2,1.0,0.0,0.0,NotYet
25.0,8.2,6.2,1.0,0.0,10.0,NotYet
25.0,8.2,6.2,1.0,0.0,20.0,NotYet
25.0,8.2,6.2,1.0,0.0,30.0,NotYet
25.0,8.2,6.2,1.0,0.0,40.0,NotYet
25.0,8.2,6.2,1.0,0.0,50.0,NotYet
25.0,8.2,6.2,1.0,0.0,60.0,NotYet
25.0,8.2,6.2,1.0,0.0,70.0,NotYet
25.0,8.2,6.2,1.0,0.0,80.0,NotYet
25.0,8.2,6.2,1.0,0.0,90.0,NotYet
25.0,8.2,6.2,1.0,0.0,100.0,NotYet
25.0,8.2,6.2,1.0,0.0,110.0,NotYet
25.0,8.2,6.2,1.0,0.0,120.0,NotYet
25.0,8.2,6.2,1.0,0.0,130.0,NotYet
25.0,8.2,6.2,1.0,0.0,140.0,NotYet
25.0,8.2,6.2,1.0,0.0,150.0,NotYet
25.0,8.2,6.2,1.0,0.0,160.0,NotYet
25.0,8.2,6.2,1.0,0.0,170.0,NotYet
25.0,8.2,6.2,1.0,0.0,180.0,NotYet
25.0,8.2,6.2,1.0,0.0,190.0,NotYet
25.0,8.2,6.2,1.0,0.0,200.0,NotYet
25.0,8.2,6.2,1.0,0.0,210.0,NotYet
25.0,8.2,6.2,1.0,0.0,220.0,NotYet
25.0,8.2,6.2,1.0,0.0,230.0,NotYet
25.0,8.2,6.2,1.0,0.0,240.0,NotYet
25.0,8.2,6.2,1.0,0.0,250.0,NotYet
25.0,8.2,6.2,1.0,0.0,260.0,NotYet
25.0,8.2,6.2,1.0,0.0,270.0,NotYet
25.0,8.2,6.2,1.0,0.0,280.0,NotYet
25.0,8.2,6.2,1.0,0.0,290.0,NotYet
25.0,8.2,6.2,1.0,0.0,300.0,NotYet
25.0,8.2,6.2,1.0,0.0,310.0,NotYet
25.0,8.2,6.2,1.0,0.0,320.0,NotYet
25.0,8.2,6.2,1.0,0.0,330.0,NotYet
25.0,8.2,6.2,1.0,0.0,340.0,NotYet
25.0,8.2,6.2,1.0,0.0,350.0,NotYet
25.0,8.2,6.2,1.0,2.0,0.0,NotYet
25.0,8.2,6.2,1.0,2.0,10.0,NotYet
25.0,8.2,6.2,1.0,2.0,20.0,NotYet
25.0,8.2,6.2,1.0,2.0,30.0,NotYet
25.0,8.2,6.2,1.0,2.0,40.0,NotYet
25.0,8.2,6.2,1.0,2.0,50.0,NotYet
25.0,8.2,6.2,1.0,2.0,60.0,NotYet
25.0,8.2,6.2,1.0,2.0,70.0,NotYet
25.0,8.2,6.2,1.0,2.0,80.0,NotYet
25.0,8.2,6.2,1.0,2.0,90.0,NotYet
25.0,8.2,6.2,1.0,2.0,100.0,NotYet
25.0,8.2,6.2,1.0,2.0,110.0,NotYet
25.0,8.2,6.2,1.0,2.0,120.0,NotYet
25.0,8.2,6.2,1.0,2.0,130.0,NotYet
25.0,8.2,6.2,1.0,2.0,140.0,NotYet
25.0,8.2,6.2,1.0,2.0,150.0,NotYet
25.0,8.2,6.2,1.0,2.0,160.0,NotYet
25.0,8.2,6.2,1.0,2.0,170.0,NotYet
25.0,8.2,6.2,1.0,2.0,180.0,NotYet
25.0,8.2,6.2,1.0,2.0,190.0,NotYet
25.0,8.2,6.2,1.0,2.0,200.0,NotYet
25.0,8.2,6.2,1.0,2.0,210.0,NotYet
25.0,8.2,6.2,1.0,2.0,220.0,NotYet
25.0,8.2,6.2,1.0,2.0,230.0,NotYet
25.0,8.2,6.2,1.0,2.0,240.0,NotYet
25.0,8.2,6.2,1.0,2.0,250.0,NotYet
25.0,8.2,6.2,1.0,2.0,260.0,NotYet
25.0,8.2,6.2,1.0,2.0,270.0,NotYet
25.0,8.2,6.2,1.0,2.0,280.0,NotYet
25.0,8.2,6.2,1.0,2.0,290.0,NotYet
25.0,8.2,6.2,1.0,2.0,300.0,NotYet
25.0,8.2,6.2,1.0,2.0,310.0,NotYet
25.0,8.2,6.2,1.0,2.0,320.0,NotYet
25.0,8.2,6.2,1.0,2.0,330.0,NotYet
25.0,8.2,6.2,1.0,2.0,340.0,NotYet
25.0,8.2,6.2,1.0,2.0,350.0,NotYet
25.0,8.2,6.2,1.0,4.0,0.0,NotYet
25.0,8.2,6.2,1.0,4.0,10.0,NotYet
25.0,8.2,6.2,1.0,4.0,20.0,NotYet
25.0,8.2,6.2,1.0,4.0,30.0,NotYet
25.0,8.2,6.2,1.0,4.0,40.0,NotYet
25.0,8.2,6.2,1.0,4.0,50.0,NotYet
25.0,8.2,6.2,1.0,4.0,60.0,NotYet
25.0,8.2,6.2,1.0,4.0,70.0,NotYet
25.0,8.2,6.2,1.0,4.0,80.0,NotYet
25.0,8.2,6.2,1.0,4.0,90.0,NotYet
25.0,8.2,6.2,1.0,4.0,100.0,NotYet
25.0,8.2,6.2,1.0,4.0,110.0,NotYet
25.0,8.2,6.2,1.0,4.0,120.0,NotYet
25.0,8.2,6.2,1.0,4.0,130.0,NotYet
25.0,8.2,6.2,1.0,4.0,140.0,NotYet
25.0,8.2,6.2,1.0,4.0,150.0,NotYet
25.0,8.2,6.2,1.0,4.0,160.0,NotYet
25.0,8.2,6.2,1.0,4.0,170.0,NotYet
25.0,8.2,6.2,1.0,4.0,180.0,NotYet
25.0,8.2,6.2,1.0,4.0,190.0,NotYet
25.0,8.2,6.2,1.0,4.0,200.0,NotYet
25.0,8.2,6.2,1.0,4.0,210.0,NotYet
25.0,8.2,6.2,1.0,4.0,220.0,NotYet
25.0,8.2,6.2,1.0,4.0,230.0,NotYet
25.0,8.2,6.2,1.0,4.0,240.0,NotYet
25.0,8.2,6.2,1.0,4.0,250.0,NotYet
25.0,8.2,6.2,1.0,4.0,260.0,NotYet
25.0,8.2,6.2,1.0,4.0,270.0,NotYet
25.0,8.2,6.2,1.0,4.0,280.0,NotYet
25.0,8.2,6.2,1.0,4.0,290.0,NotYet
25.0,8.2,6.2,1.0,4.0,300.0,NotYet
25.0,8.2,6.2,1.0,4.0,310.0,NotYet
25.0,8.2,6.2,1.0,4.0,320.0,NotYet
25.0,8.2,6.2,1.0,4.0,330.0,NotYet
25.0,8.2,6.2,1.0,4.0,340.0,NotYet
25.0,8.2,6.2,1.0,4.0,350.0,NotYet
25.0,8.2,6.2,1.0,6.0,0.0,NotYet
25.0,8.2,6.2,1.0,6.0,10.0,NotYet
25.0,8.2,6.2,1.0,6.0,20.0,NotYet
25.0,8.2,6.2,1.0,6.0,30.0,NotYet
25.0,8.2,6.2,1.0,6.0,40.0,NotYet
25.0,8.2,6.2,1.0,6.0,50.0,NotYet
25.0,8.2,6.2,1.0,6.0,60.0,NotYet
25.0,8.2,6.2,1.0,6.0,70.0,NotYet
25.0,8.2,6.2,1.0,6.0,80.0,NotYet
25.0,8.2,6.2,1.0,6.0,90.0,NotYet
25.0,8.2,6.2,1.0,6.0,100.0,NotYet
25.0,8.2,6.2,1.0,6.0,110.0,NotYet
25.0,8.2,6.2,1.0,6.0,120.0,NotYet
25.0,8.2,6.2,1.0,6.0,130.0,NotYet
25.0,8.2,6.2,1.0,6.0,140.0,NotYet
25.0,8.2,6.2,1.0,6.0,150.0,NotYet
25.0,8.2,6.2,1.0,6.0,160.0,NotYet
25.0,8.2,6.2,1.0,6.0,170.0,NotYet
25.0,8.2,6.2,1.0,6.0,180.0,NotYet
25.0,8.2,6.2,1.0,6.0,190.0,NotYet
25.0,8.2,6.2,1.0,6.0,200.0,NotYet
25.0,8.2,6.2,1.0,6.0,210.0,NotYet
25.0,8.2,6.2,1.0,6.0,220.0,NotYet
25.0,8.2,6.2,1.0,6.0,230.0,NotYet
25.0,8.2,6.2,1.0,6.0,240.0,NotYet
25.0,8.2,6.2,1.0,6.0,250.0,NotYet
25.0,8.2,6.2,1.0,6.0,260.0,NotYet
25.0,8.2,6.2,1.0,6.0,270.0,NotYet
25.0,8.2,6.2,1.0,6.0,280.0,NotYet
25.0,8.2,6.2,1.0,6.0,290.0,NotYet
25.0,8.2,6.2,1.0,6.0,300.0,NotYet
25.0,8.2,6.2,1.0,6.0,310.0,NotYet
25.0,8.2,6.2,1.0,6.0,320.0,NotYet
25.0,8.2,6.2,1.0,6.0,330.0,NotYet
25.0,8.2,6.2,1.0,6.0,340.0,NotYet
25.0,8.2,6.2,1.0,6.0,350.0,NotYet
25.0,8.2,6.2,1.0,8.0,0.0,NotYet
25.0,8.2,6.2,1.0,8.0,10.0,NotYet
25.0,8.2,6.2,1.0,8.0,20.0,NotYet
25.0,8.2,6.2,1.0,8.0,30.0,NotYet
25.0,8.2,6.2,1.0,8.0,40.0,NotYet
25.0,8.2,6.2,1.0,8.0,50.0,NotYet
25.0,8.2,6.2,1.0,8.0,60.0,NotYet
25.0,8.2,6.2,1.0,8.0,70.0,NotYet
25.0,8.2,6.2,1.0,8.0,80.0,NotYet
25.0,8.2,6.2,1.0,8.0,90.0,NotYet
25.0,8.2,6.2,1.0,8.0,100.0,NotYet
25.0,8.2,6.2,1.0,8.0,110.0,NotYet
25.0,8.2,6.2,1.0,8.0,120.0,NotYet
25.0,8.2,6.2,1.0,8.0,130.0,NotYet
25.0,8.2,6.2,1.0,8.0,140.0,NotYet
25.0,8.2,6.2,1.0,8.0,150.0,NotYet
25.0,8.2,6.2,1.0,8.0,160.0,NotYet
25.0,8.2,6.2,1.0,8.0,170.0,NotYet
25.0,8.2,6.2,1.0,8.0,180.0,NotYet
25.0,8.2,6.2,1.0,8.0,190.0,NotYet
25.0,8.2,6.2,1.0,8.0,200.0,NotYet
25.0,8.2,6.2,1.0,8.0,210.0,NotYet
25.0,8.2,6.2,1.0,8.0,220.0,NotYet
25.0,8.2,6.2,1.0,8.0,230.0,NotYet
25.0,8.2,6.2,1.0,8.0,240.0,NotYet
25.0,8.2,6.2,1.0,8.0,250.0,NotYet
25.0,8.2,6.2,1.0,8.0,260.0,NotYet
25.0,8.2,6.2,1.0,8.0,270.0,NotYet
25.0,8.2,6.2,1.0,8.0,280.0,NotYet
25.0,8.2,6.2,1.0,8.0,290.0,NotYet
25.0,8.2,6.2,1.0,8.0,300.0,NotYet
25.0,8.2,6.2,1.0,8.0,310.0,NotYet
25.0,8.2,6.2,1.0,8.0,320.0,NotYet
25.0,8.2,6.2,1.0,8.0,330.0,NotYet
25.0,8.2,6.2,1.0,8.0,340.0,NotYet
25.0,8.2,6.2,1.0,8.0,350.0,NotYet
25.0,8.2,6.2,1.0,10.0,0.0,NotYet
25.0,8.2,6.2,1.0,10.0,10.0,NotYet
25.0,8.2,6.2,1.0,10.0,20.0,NotYet
25.0,8.2,6.2,1.0,10.0,30.0,NotYet
25.0,8.2,6.2,1.0,10.0,40.0,NotYet
25.0,8.2,6.2,1.0,10.0,50.0,NotYet
25.0,8.2,6.2,1.0,10.0,60.0,NotYet
25.0,8.2,6.2,1.0,10.0,70.0,NotYet
25.0,8.2,6.2,1.0,10.0,80.0,NotYet
25.0,8.2,6.2,1.0,10.0,90.0,NotYet
25.0,8.2,6.2,1.0,10.0,100.0,NotYet
25.0,8.2,6.2,1.0,10.0,110.0,NotYet
25.0,8.2,6.2,1.0,10.0,120.0,NotYet
25.0,8.2,6.2,1.0,10.0,130.0,NotYet
25.0,8.2,6.2,1.0,10.0,140.0,NotYet
25.0,8.2,6.2,1.0,10.0,150.0,NotYet
25.0,8.2,6.2,1.0,10.0,160.0,NotYet
25.0,8.2,6.2,1.0,10.0,170.0,NotYet
25.0,8.2,6.2,1.0,10.0,180.0,NotYet
25.0,8.2,6.2,1.0,10.0,190.0,NotYet
25.0,8.2,6.2,1.0,10.0,200.0,NotYet
25.0,8.2,6.2,1.0,10.0,210.0,NotYet
25.0,8.2,6.2,1.0,10.0,220.0,NotYet
25.0,8.2,6.2,1.0,10.0,230.0,NotYet
25.0,8.2,6.2,1.0,10.0,240.0,NotYet
25.0,8.2,6.2,1.0,10.0,250.0,NotYet
25.0,8.2,6.2,1.0,10.0,260.0,NotYet
25.0,8.2,6.2,1.0,10.0,270.0,NotYet
25.0,8.2,6.2,1.0,10.0,280.0,NotYet
25.0,8.2,6.2,1.0,10.0,290.0,NotYet
25.0,8.2,6.2,1.0,10.0,300.0,NotYet
25.0,8.2,6.2,1.0,10.0,310.0,NotYet
25.0,8.2,6.2,1.0,10.0,320.0,NotYet
25.0,8.2,6.2,1.0,10.0,330.0,NotYet
25.0,8.2,6.2,1.0,10.0,340.0,NotYet
25.0,8.2,6.2,1.0,10.0,350.0,NotYet
25.0,8.2,6.2,1.0,12.0,0.0,NotYet
25.0,8.2,6.2,1.0,12.0,10.0,NotYet
25.0,8.2,6.2,1.0,12.0,20.0,NotYet
25.0,8.2,6.2,1.0,12.0,30.0,NotYet
25.0,8.2,6.2,1.0,12.0,40.0,NotYet
25.0,8.2,6.2,1.0,12.0,50.0,NotYet
25.0,8.2,6.2,1.0,12.0,60.0,NotYet
25.0,8.2,6.2,1.0,12.0,70.0,NotYet
25.0,8.2,6.2,1.0,12.0,80.0,NotYet
25.0,8.2,6.2,1.0,12.0,90.0,NotYet
25.0,8.2,6.2,1.0,12.0,100.0,NotYet
25.0,8.2,6.2,1.0,12.0,110.0,NotYet
25.0,8.2,6.2,1.0,12.0,120.0,NotYet
25.0,8.2,6.2,1.0,12.0,130.0,NotYet
25.0,8.2,6.2,1.0,12.0,140.0,NotYet
25.0,8.2,6.2,1.0,12.0,150.0,NotYet
25.0,8.2,6.2,1.0,12.0,160.0,NotYet
25.0,8.2,6.2,1.0,12.0,170.0,NotYet
25.0,8.2,6.2,1.0,12.0,180.0,NotYet
25.0,8.2,6.2,1.0,12.0,190.0,NotYet
25.0,8.2,6.2,1.0,12.0,200.0,NotYet
25.0,8.2,6.2,1.0,12.0,210.0,NotYet
25.0,8.2,6.2,1.0,12.0,220.0,NotYet
25.0,8.2,6.2,1.0,12.0,230.0,NotYet
25.0,8.2,6.2,1.0,12.0,240.0,NotYet
25.0,8.2,6.2,1.0,12.0,250.0,NotYet
25.0,8.2,6.2,1.0,12.0,260.0,NotYet
25.0,8.2,6.2,1.0,12.0,270.0,NotYet
25.0,8.2,6.2,1.0,12.0,280.0,NotYet
25.0,8.2,6.2,1.0,12.0,290.0,NotYet
25.0,8.2,6.2,1.0,12.0,300.0,NotYet
25.0,8.2,6.2,1.0,12.0,310.0,NotYet
25.0,8.2,6.2,1.0,12.0,320.0,NotYet
25.0,8.2,6.2,1.0,12.0,330.0,NotYet
25.0,8.2,6.2,1.0,12.0,340.0,NotYet
25.0,8.2,6.2,1.0,12.0,350.0,NotYet
25.0,8.2,6.2,1.0,14.0,0.0,NotYet
25.0,8.2,6.2,1.0,14.0,10.0,NotYet
25.0,8.2,6.2,1.0,14.0,20.0,NotYet
25.0,8.2,6.2,1.0,14.0,30.0,NotYet
25.0,8.2,6.2,1.0,14.0,40.0,NotYet
25.0,8.2,6.2,1.0,14.0,50.0,NotYet
25.0,8.2,6.2,1.0,14.0,60.0,NotYet
25.0,8.2,6.2,1.0,14.0,70.0,NotYet
25.0,8.2,6.2,1.0,14.0,80.0,NotYet
25.0,8.2,6.2,1.0,14.0,90.0,NotYet
25.0,8.2,6.2,1.0,14.0,100.0,NotYet
25.0,8.2,6.2,1.0,14.0,110.0,NotYet
25.0,8.2,6.2,1.0,14.0,120.0,NotYet
25.0,8.2,6.2,1.0,14.0,130.0,NotYet
25.0,8.2,6.2,1.0,14.0,140.0,NotYet
25.0,8.2,6.2,1.0,14.0,150.0,NotYet
25.0,8.2,6.2,1.0,14.0,160.0,NotYet
25.0,8.2,6.2,1.0,14.0,170.0,NotYet
25.0,8.2,6.2,1.0,14.0,180.0,NotYet
25.0,8.2,6.2,1.0,14.0,190.0,NotYet
25.0,8.2,6.2,1.0,14.0,200.0,NotYet
25.0,8.2,6.2,1.0,14.0,210.0,NotYet
25.0,8.2,6.2,1.0,14.0,220.0,NotYet
25.0,8.2,6.2,1.0,14.0,230.0,NotYet
25.0,8.2,6.2,1.0,14.0,240.0,NotYet
25.0,8.2,6.2,1.0,14.0,250.0,NotYet
25.0,8.2,6.2,1.0,14.0,260.0,NotYet
25.0,8.2,6.2,1.0,14.0,270.0,NotYet
25.0,8.2,6.2,1.0,14.0,280.0,NotYet
25.0,8.2,6.2,1.0,14.0,290.0,NotYet
25.0,8.2,6.2,1.0,14.0,300.0,NotYet
25.0,8.2,6.2,1.0,14.0,310.0,NotYet
25.0,8.2,6.2,1.0,14.0,320.0,NotYet
25.0,8.2,6.2,1.0,14.0,330.0,NotYet
25.0,8.2,6.2,1.0,14.0,340.0,NotYet
25.0,8.2,6.2,1.0,14.0,350.0,NotYet
25.0,8.2,6.2,1.2,-14.0,0.0,NotYet
25.0,8.2,6.2,1.2,-14.0,10.0,NotYet
25.0,8.2,6.2,1.2,-14.0,20.0,NotYet
25.0,8.2,6.2,1.2,-14.0,30.0,NotYet
25.0,8.2,6.2,1.2,-14.0,40.0,NotYet
25.0,8.2,6.2,1.2,-14.0,50.0,NotYet
25.0,8.2,6.2,1.2,-14.0,60.0,NotYet
25.0,8.2,6.2,1.2,-14.0,70.0,NotYet
25.0,8.2,6.2,1.2,-14.0,80.0,NotYet
25.0,8.2,6.2,1.2,-14.0,90.0,NotYet
25.0,8.2,6.2,1.2,-14.0,100.0,NotYet
25.0,8.2,6.2,1.2,-14.0,110.0,NotYet
25.0,8.2,6.2,1.2,-14.0,120.0,NotYet
25.0,8.2,6.2,1.2,-14.0,130.0,NotYet
25.0,8.2,6.2,1.2,-14.0,140.0,NotYet
25.0,8.2,6.2,1.2,-14.0,150.0,NotYet
25.0,8.2,6.2,1.2,-14.0,160.0,NotYet
25.0,8.2,6.2,1.2,-14.0,170.0,NotYet
25.0,8.2,6.2,1.2,-14.0,180.0,NotYet
25.0,8.2,6.2,1.2,-14.0,190.0,NotYet
25.0,8.2,6.2,1.2,-14.0,200.0,NotYet
25.0,8.2,6.2,1.2,-14.0,210.0,NotYet
25.0,8.2,6.2,1.2,-14.0,220.0,NotYet
25.0,8.2,6.2,1.2,-14.0,230.0,NotYet
25.0,8.2,6.2,1.2,-14.0,240.0,NotYet
25.0,8.2,6.2,1.2,-14.0,250.0,NotYet
25.0,8.2,6.2,1.2,-14.0,260.0,NotYet
25.0,8.2,6.2,1.2,-14.0,270.0,NotYet
25.0,8.2,6.2,1.2,-14.0,280.0,NotYet
25.0,8.2,6.2,1.2,-14.0,290.0,NotYet
25.0,8.2,6.2,1.2,-14.0,300.0,NotYet
25.0,8.2,6.2,1.2,-14.0,310.0,NotYet
25.0,8.2,6.2,1.2,-14.0,320.0,NotYet
25.0,8.2,6.2,1.2,-14.0,330.0,NotYet
25.0,8.2,6.2,1.2,-14.0,340.0,NotYet
25.0,8.2,6.2,1.2,-14.0,350.0,NotYet
25.0,8.2,6.2,1.2,-12.0,0.0,NotYet
25.0,8.2,6.2,1.2,-12.0,10.0,NotYet
25.0,8.2,6.2,1.2,-12.0,20.0,NotYet
25.0,8.2,6.2,1.2,-12.0,30.0,NotYet
25.0,8.2,6.2,1.2,-12.0,40.0,NotYet
25.0,8.2,6.2,1.2,-12.0,50.0,NotYet
25.0,8.2,6.2,1.2,-12.0,60.0,NotYet
25.0,8.2,6.2,1.2,-12.0,70.0,NotYet
25.0,8.2,6.2,1.2,-12.0,80.0,NotYet
25.0,8.2,6.2,1.2,-12.0,90.0,NotYet
25.0,8.2,6.2,1.2,-12.0,100.0,NotYet
25.0,8.2,6.2,1.2,-12.0,110.0,NotYet
25.0,8.2,6.2,1.2,-12.0,120.0,NotYet
25.0,8.2,6.2,1.2,-12.0,130.0,NotYet
25.0,8.2,6.2,1.2,-12.0,140.0,NotYet
25.0,8.2,6.2,1.2,-12.0,150.0,NotYet
25.0,8.2,6.2,1.2,-12.0,160.0,NotYet
25.0,8.2,6.2,1.2,-12.0,170.0,NotYet
25.0,8.2,6.2,1.2,-12.0,180.0,NotYet
25.0,8.2,6.2,1.2,-12.0,190.0,NotYet
25.0,8.2,6.2,1.2,-12.0,200.0,NotYet
25.0,8.2,6.2,1.2,-12.0,210.0,NotYet
25.0,8.2,6.2,1.2,-12.0,220.0,NotYet
25.0,8.2,6.2,1.2,-12.0,230.0,NotYet
25.0,8.2,6.2,1.2,-12.0,240.0,NotYet
25.0,8.2,6.2,1.2,-12.0,250.0,NotYet
25.0,8.2,6.2,1.2,-12.0,260.0,NotYet
25.0,8.2,6.2,1.2,-12.0,270.0,NotYet
25.0,8.2,6.2,1.2,-12.0,280.0,NotYet
25.0,8.2,6.2,1.2,-12.0,290.0,NotYet
25.0,8.2,6.2,1.2,-12.0,300.0,NotYet
25.0,8.2,6.2,1.2,-12.0,310.0,NotYet
25.0,8.2,6.2,1.2,-12.0,320.0,NotYet
25.0,8.2,6.2,1.2,-12.0,330.0,NotYet
25.0,8.2,6.2,1.2,-12.0,340.0,NotYet
25.0,8.2,6.2,1.2,-12.0,350.0,NotYet
25.0,8.2,6.2,1.2,-10.0,0.0,NotYet
25.0,8.2,6.2,1.2,-10.0,10.0,NotYet
25.0,8.2,6.2,1.2,-10.0,20.0,NotYet
25.0,8.2,6.2,1.2,-10.0,30.0,NotYet
25.0,8.2,6.2,1.2,-10.0,40.0,NotYet
25.0,8.2,6.2,1.2,-10.0,50.0,NotYet
25.0,8.2,6.2,1.2,-10.0,60.0,NotYet
25.0,8.2,6.2,1.2,-10.0,70.0,NotYet
25.0,8.2,6.2,1.2,-10.0,80.0,NotYet
25.0,8.2,6.2,1.2,-10.0,90.0,NotYet
25.0,8.2,6.2,1.2,-10.0,100.0,NotYet
25.0,8.2,6.2,1.2,-10.0,110.0,NotYet
25.0,8.2,6.2,1.2,-10.0,120.0,NotYet
25.0,8.2,6.2,1.2,-10.0,130.0,NotYet
25.0,8.2,6.2,1.2,-10.0,140.0,NotYet
25.0,8.2,6.2,1.2,-10.0,150.0,NotYet
25.0,8.2,6.2,1.2,-10.0,160.0,NotYet
25.0,8.2,6.2,1.2,-10.0,170.0,NotYet
25.0,8.2,6.2,1.2,-10.0,180.0,NotYet
25.0,8.2,6.2,1.2,-10.0,190.0,NotYet
25.0,8.2,6.2,1.2,-10.0,200.0,NotYet
25.0,8.2,6.2,1.2,-10.0,210.0,NotYet
25.0,8.2,6.2,1.2,-10.0,220.0,NotYet
25.0,8.2,6.2,1.2,-10.0,230.0,NotYet
25.0,8.2,6.2,1.2,-10.0,240.0,NotYet
25.0,8.2,6.2,1.2,-10.0,250.0,NotYet
25.0,8.2,6.2,1.2,-10.0,260.0,NotYet
25.0,8.2,6.2,1.2,-10.0,270.0,NotYet
25.0,8.2,6.2,1.2,-10.0,280.0,NotYet
25.0,8.2,6.2,1.2,-10.0,290.0,NotYet
25.0,8.2,6.2,1.2,-10.0,300.0,NotYet
25.0,8.2,6.2,1.2,-10.0,310.0,NotYet
25.0,8.2,6.2,1.2,-10.0,320.0,NotYet
25.0,8.2,6.2,1.2,-10.0,330.0,NotYet
25.0,8.2,6.2,1.2,-10.0,340.0,NotYet
25.0,8.2,6.2,1.2,-10.0,350.0,NotYet
25.0,8.2,6.2,1.2,-8.0,0.0,NotYet
25.0,8.2,6.2,1.2,-8.0,10.0,NotYet
25.0,8.2,6.2,1.2,-8.0,20.0,NotYet
25.0,8.2,6.2,1.2,-8.0,30.0,NotYet
25.0,8.2,6.2,1.2,-8.0,40.0,NotYet
25.0,8.2,6.2,1.2,-8.0,50.0,NotYet
25.0,8.2,6.2,1.2,-8.0,60.0,NotYet
25.0,8.2,6.2,1.2,-8.0,70.0,NotYet
25.0,8.2,6.2,1.2,-8.0,80.0,NotYet
25.0,8.2,6.2,1.2,-8.0,90.0,NotYet
25.0,8.2,6.2,1.2,-8.0,100.0,NotYet
25.0,8.2,6.2,1.2,-8.0,110.0,NotYet
25.0,8.2,6.2,1.2,-8.0,120.0,NotYet
25.0,8.2,6.2,1.2,-8.0,130.0,NotYet
25.0,8.2,6.2,1.2,-8.0,140.0,NotYet
25.0,8.2,6.2,1.2,-8.0,150.0,NotYet
25.0,8.2,6.2,1.2,-8.0,160.0,NotYet
25.0,8.2,6.2,1.2,-8.0,170.0,NotYet
25.0,8.2,6.2,1.2,-8.0,180.0,NotYet
25.0,8.2,6.2,1.2,-8.0,190.0,NotYet
25.0,8.2,6.2,1.2,-8.0,200.0,NotYet
25.0,8.2,6.2,1.2,-8.0,210.0,NotYet
25.0,8.2,6.2,1.2,-8.0,220.0,NotYet
25.0,8.2,6.2,1.2,-8.0,230.0,NotYet
25.0,8.2,6.2,1.2,-8.0,240.0,NotYet
25.0,8.2,6.2,1.2,-8.0,250.0,NotYet
25.0,8.2,6.2,1.2,-8.0,260.0,NotYet
25.0,8.2,6.2,1.2,-8.0,270.0,NotYet
25.0,8.2,6.2,1.2,-8.0,280.0,NotYet
25.0,8.2,6.2,1.2,-8.0,290.0,NotYet
25.0,8.2,6.2,1.2,-8.0,300.0,NotYet
25.0,8.2,6.2,1.2,-8.0,310.0,NotYet
25.0,8.2,6.2,1.2,-8.0,320.0,NotYet
25.0,8.2,6.2,1.2,-8.0,330.0,NotYet
25.0,8.2,6.2,1.2,-8.0,340.0,NotYet
25.0,8.2,6.2,1.2,-8.0,350.0,NotYet
25.0,8.2,6.2,1.2,-6.0,0.0,NotYet
25.0,8.2,6.2,1.2,-6.0,10.0,NotYet
25.0,8.2,6.2,1.2,-6.0,20.0,NotYet
25.0,8.2,6.2,1.2,-6.0,30.0,NotYet
25.0,8.2,6.2,1.2,-6.0,40.0,NotYet
25.0,8.2,6.2,1.2,-6.0,50.0,NotYet
25.0,8.2,6.2,1.2,-6.0,60.0,NotYet
25.0,8.2,6.2,1.2,-6.0,70.0,NotYet
25.0,8.2,6.2,1.2,-6.0,80.0,NotYet
25.0,8.2,6.2,1.2,-6.0,90.0,NotYet
25.0,8.2,6.2,1.2,-6.0,100.0,NotYet
25.0,8.2,6.2,1.2,-6.0,110.0,NotYet
25.0,8.2,6.2,1.2,-6.0,120.0,NotYet
25.0,8.2,6.2,1.2,-6.0,130.0,NotYet
25.0,8.2,6.2,1.2,-6.0,140.0,NotYet
25.0,8.2,6.2,1.2,-6.0,150.0,NotYet
25.0,8.2,6.2,1.2,-6.0,160.0,NotYet
25.0,8.2,6.2,1.2,-6.0,170.0,NotYet
25.0,8.2,6.2,1.2,-6.0,180.0,NotYet
25.0,8.2,6.2,1.2,-6.0,190.0,NotYet
25.0,8.2,6.2,1.2,-6.0,200.0,NotYet
25.0,8.2,6.2,1.2,-6.0,210.0,NotYet
25.0,8.2,6.2,1.2,-6.0,220.0,NotYet
25.0,8.2,6.2,1.2,-6.0,230.0,NotYet
25.0,8.2,6.2,1.2,-6.0,240.0,NotYet
25.0,8.2,6.2,1.2,-6.0,250.0,NotYet
25.0,8.2,6.2,1.2,-6.0,260.0,NotYet
25.0,8.2,6.2,1.2,-6.0,270.0,NotYet
25.0,8.2,6.2,1.2,-6.0,280.0,NotYet
25.0,8.2,6.2,1.2,-6.0,290.0,NotYet
25.0,8.2,6.2,1.2,-6.0,300.0,NotYet
25.0,8.2,6.2,1.2,-6.0,310.0,NotYet
25.0,8.2,6.2,1.2,-6.0,320.0,NotYet
25.0,8.2,6.2,1.2,-6.0,330.0,NotYet
25.0,8.2,6.2,1.2,-6.0,340.0,NotYet
25.0,8.2,6.2,1.2,-6.0,350.0,NotYet
25.0,8.2,6.2,1.2,-4.0,0.0,NotYet
25.0,8.2,6.2,1.2,-4.0,10.0,NotYet
25.0,8.2,6.2,1.2,-4.0,20.0,NotYet
25.0,8.2,6.2,1.2,-4.0,30.0,NotYet
25.0,8.2,6.2,1.2,-4.0,40.0,NotYet
25.0,8.2,6.2,1.2,-4.0,50.0,NotYet
25.0,8.2,6.2,1.2,-4.0,60.0,NotYet
25.0,8.2,6.2,1.2,-4.0,70.0,NotYet
25.0,8.2,6.2,1.2,-4.0,80.0,NotYet
25.0,8.2,6.2,1.2,-4.0,90.0,NotYet
25.0,8.2,6.2,1.2,-4.0,100.0,NotYet
25.0,8.2,6.2,1.2,-4.0,110.0,NotYet
25.0,8.2,6.2,1.2,-4.0,120.0,NotYet
25.0,8.2,6.2,1.2,-4.0,130.0,NotYet
25.0,8.2,6.2,1.2,-4.0,140.0,NotYet
25.0,8.2,6.2,1.2,-4.0,150.0,NotYet
25.0,8.2,6.2,1.2,-4.0,160.0,NotYet
25.0,8.2,6.2,1.2,-4.0,170.0,NotYet
25.0,8.2,6.2,1.2,-4.0,180.0,NotYet
25.0,8.2,6.2,1.2,-4.0,190.0,NotYet
25.0,8.2,6.2,1.2,-4.0,200.0,NotYet
25.0,8.2,6.2,1.2,-4.0,210.0,NotYet
25.0,8.2,6.2,1.2,-4.0,220.0,NotYet
25.0,8.2,6.2,1.2,-4.0,230.0,NotYet
25.0,8.2,6.2,1.2,-4.0,240.0,NotYet
25.0,8.2,6.2,1.2,-4.0,250.0,NotYet
25.0,8.2,6.2,1.2,-4.0,260.0,NotYet
25.0,8.2,6.2,1.2,-4.0,270.0,NotYet
25.0,8.2,6.2,1.2,-4.0,280.0,NotYet
25.0,8.2,6.2,1.2,-4.0,290.0,NotYet
25.0,8.2,6.2,1.2,-4.0,300.0,NotYet
25.0,8.2,6.2,1.2,-4.0,310.0,NotYet
25.0,8.2,6.2,1.2,-4.0,320.0,NotYet
25.0,8.2,6.2,1.2,-4.0,330.0,NotYet
25.0,8.2,6.2,1.2,-4.0,340.0,NotYet
25.0,8.2,6.2,1.2,-4.0,350.0,NotYet
25.0,8.2,6.2,1.2,-2.0,0.0,NotYet
25.0,8.2,6.2,1.2,-2.0,10.0,NotYet
25.0,8.2,6.2,1.2,-2.0,20.0,NotYet
25.0,8.2,6.2,1.2,-2.0,30.0,NotYet
25.0,8.2,6.2,1.2,-2.0,40.0,NotYet
25.0,8.2,6.2,1.2,-2.0,50.0,NotYet
25.0,8.2,6.2,1.2,-2.0,60.0,NotYet
25.0,8.2,6.2,1.2,-2.0,70.0,NotYet
25.0,8.2,6.2,1.2,-2.0,80.0,NotYet
25.0,8.2,6.2,1.2,-2.0,90.0,NotYet
25.0,8.2,6.2,1.2,-2.0,100.0,NotYet
25.0,8.2,6.2,1.2,-2.0,110.0,NotYet
25.0,8.2,6.2,1.2,-2.0,120.0,NotYet
25.0,8.2,6.2,1.2,-2.0,130.0,NotYet
25.0,8.2,6.2,1.2,-2.0,140.0,NotYet
25.0,8.2,6.2,1.2,-2.0,150.0,NotYet
25.0,8.2,6.2,1.2,-2.0,160.0,NotYet
25.0,8.2,6.2,1.2,-2.0,170.0,NotYet
25.0,8.2,6.2,1.2,-2.0,180.0,NotYet
25.0,8.2,6.2,1.2,-2.0,190.0,NotYet
25.0,8.2,6.2,1.2,-2.0,200.0,NotYet
25.0,8.2,6.2,1.2,-2.0,210.0,NotYet
25.0,8.2,6.2,1.2,-2.0,220.0,NotYet
25.0,8.2,6.2,1.2,-2.0,230.0,NotYet
25.0,8.2,6.2,1.2,-2.0,240.0,NotYet
25.0,8.2,6.2,1.2,-2.0,250.0,NotYet
25.0,8.2,6.2,1.2,-2.0,260.0,NotYet
25.0,8.2,6.2,1.2,-2.0,270.0,NotYet
25.0,8.2,6.2,1.2,-2.0,280.0,NotYet
25.0,8.2,6.2,1.2,-2.0,290.0,NotYet
25.0,8.2,6.2,1.2,-2.0,300.0,NotYet
25.0,8.2,6.2,1.2,-2.0,310.0,NotYet
25.0,8.2,6.2,1.2,-2.0,320.0,NotYet
25.0,8.2,6.2,1.2,-2.0,330.0,NotYet
25.0,8.2,6.2,1.2,-2.0,340.0,NotYet
25.0,8.2,6.2,1.2,-2.0,350.0,NotYet
25.0,8.2,6.2,1.2,0.0,0.0,NotYet
25.0,8.2,6.2,1.2,0.0,10.0,NotYet
25.0,8.2,6.2,1.2,0.0,20.0,NotYet
25.0,8.2,6.2,1.2,0.0,30.0,NotYet
25.0,8.2,6.2,1.2,0.0,40.0,NotYet
25.0,8.2,6.2,1.2,0.0,50.0,NotYet
25.0,8.2,6.2,1.2,0.0,60.0,NotYet
25.0,8.2,6.2,1.2,0.0,70.0,NotYet
25.0,8.2,6.2,1.2,0.0,80.0,NotYet
25.0,8.2,6.2,1.2,0.0,90.0,NotYet
25.0,8.2,6.2,1.2,0.0,100.0,NotYet
25.0,8.2,6.2,1.2,0.0,110.0,NotYet
25.0,8.2,6.2,1.2,0.0,120.0,NotYet
25.0,8.2,6.2,1.2,0.0,130.0,NotYet
25.0,8.2,6.2,1.2,0.0,140.0,NotYet
25.0,8.2,6.2,1.2,0.0,150.0,NotYet
25.0,8.2,6.2,1.2,0.0,160.0,NotYet
25.0,8.2,6.2,1.2,0.0,170.0,NotYet
25.0,8.2,6.2,1.2,0.0,180.0,NotYet
25.0,8.2,6.2,1.2,0.0,190.0,NotYet
25.0,8.2,6.2,1.2,0.0,200.0,NotYet
25.0,8.2,6.2,1.2,0.0,210.0,NotYet
25.0,8.2,6.2,1.2,0.0,220.0,NotYet
25.0,8.2,6.2,1.2,0.0,230.0,NotYet
25.0,8.2,6.2,1.2,0.0,240.0,NotYet
25.0,8.2,6.2,1.2,0.0,250.0,NotYet
25.0,8.2,6.2,1.2,0.0,260.0,NotYet
25.0,8.2,6.2,1.2,0.0,270.0,NotYet
25.0,8.2,6.2,1.2,0.0,280.0,NotYet
25.0,8.2,6.2,1.2,0.0,290.0,NotYet
25.0,8.2,6.2,1.2,0.0,300.0,NotYet
25.0,8.2,6.2,1.2,0.0,310.0,NotYet
25.0,8.2,6.2,1.2,0.0,320.0,NotYet
25.0,8.2,6.2,1.2,0.0,330.0,NotYet
25.0,8.2,6.2,1.2,0.0,340.0,NotYet
25.0,8.2,6.2,1.2,0.0,350.0,NotYet
25.0,8.2,6.2,1.2,2.0,0.0,NotYet
25.0,8.2,6.2,1.2,2.0,10.0,NotYet
25.0,8.2,6.2,1.2,2.0,20.0,NotYet
25.0,8.2,6.2,1.2,2.0,30.0,NotYet
25.0,8.2,6.2,1.2,2.0,40.0,NotYet
25.0,8.2,6.2,1.2,2.0,50.0,NotYet
25.0,8.2,6.2,1.2,2.0,60.0,NotYet
25.0,8.2,6.2,1.2,2.0,70.0,NotYet
25.0,8.2,6.2,1.2,2.0,80.0,NotYet
25.0,8.2,6.2,1.2,2.0,90.0,NotYet
25.0,8.2,6.2,1.2,2.0,100.0,NotYet
25.0,8.2,6.2,1.2,2.0,110.0,NotYet
25.0,8.2,6.2,1.2,2.0,120.0,NotYet
25.0,8.2,6.2,1.2,2.0,130.0,NotYet
25.0,8.2,6.2,1.2,2.0,140.0,NotYet
25.0,8.2,6.2,1.2,2.0,150.0,NotYet
25.0,8.2,6.2,1.2,2.0,160.0,NotYet
25.0,8.2,6.2,1.2,2.0,170.0,NotYet
25.0,8.2,6.2,1.2,2.0,180.0,NotYet
25.0,8.2,6.2,1.2,2.0,190.0,NotYet
25.0,8.2,6.2,1.2,2.0,200.0,NotYet
25.0,8.2,6.2,1.2,2.0,210.0,NotYet
25.0,8.2,6.2,1.2,2.0,220.0,NotYet
25.0,8.2,6.2,1.2,2.0,230.0,NotYet
25.0,8.2,6.2,1.2,2.0,240.0,NotYet
25.0,8.2,6.2,1.2,2.0,250.0,NotYet
25.0,8.2,6.2,1.2,2.0,260.0,NotYet
25.0,8.2,6.2,1.2,2.0,270.0,NotYet
25.0,8.2,6.2,1.2,2.0,280.0,NotYet
25.0,8.2,6.2,1.2,2.0,290.0,NotYet
25.0,8.2,6.2,1.2,2.0,300.0,NotYet
25.0,8.2,6.2,1.2,2.0,310.0,NotYet
25.0,8.2,6.2,1.2,2.0,320.0,NotYet
25.0,8.2,6.2,1.2,2.0,330.0,NotYet
25.0,8.2,6.2,1.2,2.0,340.0,NotYet
25.0,8.2,6.2,1.2,2.0,350.0,NotYet
25.0,8.2,6.2,1.2,4.0,0.0,NotYet
25.0,8.2,6.2,1.2,4.0,10.0,NotYet
25.0,8.2,6.2,1.2,4.0,20.0,NotYet
25.0,8.2,6.2,1.2,4.0,30.0,NotYet
25.0,8.2,6.2,1.2,4.0,40.0,NotYet
25.0,8.2,6.2,1.2,4.0,50.0,NotYet
25.0,8.2,6.2,1.2,4.0,60.0,NotYet
25.0,8.2,6.2,1.2,4.0,70.0,NotYet
25.0,8.2,6.2,1.2,4.0,80.0,NotYet
25.0,8.2,6.2,1.2,4.0,90.0,NotYet
25.0,8.2,6.2,1.2,4.0,100.0,NotYet
25.0,8.2,6.2,1.2,4.0,110.0,NotYet
25.0,8.2,6.2,1.2,4.0,120.0,NotYet
25.0,8.2,6.2,1.2,4.0,130.0,NotYet
25.0,8.2,6.2,1.2,4.0,140.0,NotYet
25.0,8.2,6.2,1.2,4.0,150.0,NotYet
25.0,8.2,6.2,1.2,4.0,160.0,NotYet
25.0,8.2,6.2,1.2,4.0,170.0,NotYet
25.0,8.2,6.2,1.2,4.0,180.0,NotYet
25.0,8.2,6.2,1.2,4.0,190.0,NotYet
25.0,8.2,6.2,1.2,4.0,200.0,NotYet
25.0,8.2,6.2,1.2,4.0,210.0,NotYet
25.0,8.2,6.2,1.2,4.0,220.0,NotYet
25.0,8.2,6.2,1.2,4.0,230.0,NotYet
25.0,8.2,6.2,1.2,4.0,240.0,NotYet
25.0,8.2,6.2,1.2,4.0,250.0,NotYet
25.0,8.2,6.2,1.2,4.0,260.0,NotYet
25.0,8.2,6.2,1.2,4.0,270.0,NotYet
25.0,8.2,6.2,1.2,4.0,280.0,NotYet
25.0,8.2,6.2,1.2,4.0,290.0,NotYet
25.0,8.2,6.2,1.2,4.0,300.0,NotYet
25.0,8.2,6.2,1.2,4.0,310.0,NotYet
25.0,8.2,6.2,1.2,4.0,320.0,NotYet
25.0,8.2,6.2,1.2,4.0,330.0,NotYet
25.0,8.2,6.2,1.2,4.0,340.0,NotYet
25.0,8.2,6.2,1.2,4.0,350.0,NotYet
25.0,8.2,6.2,1.2,6.0,0.0,NotYet
25.0,8.2,6.2,1.2,6.0,10.0,NotYet
25.0,8.2,6.2,1.2,6.0,20.0,NotYet
25.0,8.2,6.2,1.2,6.0,30.0,NotYet
25.0,8.2,6.2,1.2,6.0,40.0,NotYet
25.0,8.2,6.2,1.2,6.0,50.0,NotYet
25.0,8.2,6.2,1.2,6.0,60.0,NotYet
25.0,8.2,6.2,1.2,6.0,70.0,NotYet
25.0,8.2,6.2,1.2,6.0,80.0,NotYet
25.0,8.2,6.2,1.2,6.0,90.0,NotYet
25.0,8.2,6.2,1.2,6.0,100.0,NotYet
25.0,8.2,6.2,1.2,6.0,110.0,NotYet
25.0,8.2,6.2,1.2,6.0,120.0,NotYet
25.0,8.2,6.2,1.2,6.0,130.0,NotYet
25.0,8.2,6.2,1.2,6.0,140.0,NotYet
25.0,8.2,6.2,1.2,6.0,150.0,NotYet
25.0,8.2,6.2,1.2,6.0,160.0,NotYet
25.0,8.2,6.2,1.2,6.0,170.0,NotYet
25.0,8.2,6.2,1.2,6.0,180.0,NotYet
25.0,8.2,6.2,1.2,6.0,190.0,NotYet
25.0,8.2,6.2,1.2,6.0,200.0,NotYet
25.0,8.2,6.2,1.2,6.0,210.0,NotYet
25.0,8.2,6.2,1.2,6.0,220.0,NotYet
25.0,8.2,6.2,1.2,6.0,230.0,NotYet
25.0,8.2,6.2,1.2,6.0,240.0,NotYet
25.0,8.2,6.2,1.2,6.0,250.0,NotYet
25.0,8.2,6.2,1.2,6.0,260.0,NotYet
25.0,8.2,6.2,1.2,6.0,270.0,NotYet
25.0,8.2,6.2,1.2,6.0,280.0,NotYet
25.0,8.2,6.2,1.2,6.0,290.0,NotYet
25.0,8.2,6.2,1.2,6.0,300.0,NotYet
25.0,8.2,6.2,1.2,6.0,310.0,NotYet
25.0,8.2,6.2,1.2,6.0,320.0,NotYet
25.0,8.2,6.2,1.2,6.0,330.0,NotYet
25.0,8.2,6.2,1.2,6.0,340.0,NotYet
25.0,8.2,6.2,1.2,6.0,350.0,NotYet
25.0,8.2,6.2,1.2,8.0,0.0,NotYet
25.0,8.2,6.2,1.2,8.0,10.0,NotYet
25.0,8.2,6.2,1.2,8.0,20.0,NotYet
25.0,8.2,6.2,1.2,8.0,30.0,NotYet
25.0,8.2,6.2,1.2,8.0,40.0,NotYet
25.0,8.2,6.2,1.2,8.0,50.0,NotYet
25.0,8.2,6.2,1.2,8.0,60.0,NotYet
25.0,8.2,6.2,1.2,8.0,70.0,NotYet
25.0,8.2,6.2,1.2,8.0,80.0,NotYet
25.0,8.2,6.2,1.2,8.0,90.0,NotYet
25.0,8.2,6.2,1.2,8.0,100.0,NotYet
25.0,8.2,6.2,1.2,8.0,110.0,NotYet
25.0,8.2,6.2,1.2,8.0,120.0,NotYet
25.0,8.2,6.2,1.2,8.0,130.0,NotYet
25.0,8.2,6.2,1.2,8.0,140.0,NotYet
25.0,8.2,6.2,1.2,8.0,150.0,NotYet
25.0,8.2,6.2,1.2,8.0,160.0,NotYet
25.0,8.2,6.2,1.2,8.0,170.0,NotYet
25.0,8.2,6.2,1.2,8.0,180.0,NotYet
25.0,8.2,6.2,1.2,8.0,190.0,NotYet
25.0,8.2,6.2,1.2,8.0,200.0,NotYet
25.0,8.2,6.2,1.2,8.0,210.0,NotYet
25.0,8.2,6.2,1.2,8.0,220.0,NotYet
25.0,8.2,6.2,1.2,8.0,230.0,NotYet
25.0,8.2,6.2,1.2,8.0,240.0,NotYet
25.0,8.2,6.2,1.2,8.0,250.0,NotYet
25.0,8.2,6.2,1.2,8.0,260.0,NotYet
25.0,8.2,6.2,1.2,8.0,270.0,NotYet
25.0,8.2,6.2,1.2,8.0,280.0,NotYet
25.0,8.2,6.2,1.2,8.0,290.0,NotYet
25.0,8.2,6.2,1.2,8.0,300.0,NotYet
25.0,8.2,6.2,1.2,8.0,310.0,NotYet
25.0,8.2,6.2,1.2,8.0,320.0,NotYet
25.0,8.2,6.2,1.2,8.0,330.0,NotYet
25.0,8.2,6.2,1.2,8.0,340.0,NotYet
25.0,8.2,6.2,1.2,8.0,350.0,NotYet
25.0,8.2,6.2,1.2,10.0,0.0,NotYet
25.0,8.2,6.2,1.2,10.0,10.0,NotYet
25.0,8.2,6.2,1.2,10.0,20.0,NotYet
25.0,8.2,6.2,1.2,10.0,30.0,NotYet
25.0,8.2,6.2,1.2,10.0,40.0,NotYet
25.0,8.2,6.2,1.2,10.0,50.0,NotYet
25.0,8.2,6.2,1.2,10.0,60.0,NotYet
25.0,8.2,6.2,1.2,10.0,70.0,NotYet
25.0,8.2,6.2,1.2,10.0,80.0,NotYet
25.0,8.2,6.2,1.2,10.0,90.0,NotYet
25.0,8.2,6.2,1.2,10.0,100.0,NotYet
25.0,8.2,6.2,1.2,10.0,110.0,NotYet
25.0,8.2,6.2,1.2,10.0,120.0,NotYet
25.0,8.2,6.2,1.2,10.0,130.0,NotYet
25.0,8.2,6.2,1.2,10.0,140.0,NotYet
25.0,8.2,6.2,1.2,10.0,150.0,NotYet
25.0,8.2,6.2,1.2,10.0,160.0,NotYet
25.0,8.2,6.2,1.2,10.0,170.0,NotYet
25.0,8.2,6.2,1.2,10.0,180.0,NotYet
25.0,8.2,6.2,1.2,10.0,190.0,NotYet
25.0,8.2,6.2,1.2,10.0,200.0,NotYet
25.0,8.2,6.2,1.2,10.0,210.0,NotYet
25.0,8.2,6.2,1.2,10.0,220.0,NotYet
25.0,8.2,6.2,1.2,10.0,230.0,NotYet
25.0,8.2,6.2,1.2,10.0,240.0,NotYet
25.0,8.2,6.2,1.2,10.0,250.0,NotYet
25.0,8.2,6.2,1.2,10.0,260.0,NotYet
25.0,8.2,6.2,1.2,10.0,270.0,NotYet
25.0,8.2,6.2,1.2,10.0,280.0,NotYet
25.0,8.2,6.2,1.2,10.0,290.0,NotYet
25.0,8.2,6.2,1.2,10.0,300.0,NotYet
25.0,8.2,6.2,1.2,10.0,310.0,NotYet
25.0,8.2,6.2,1.2,10.0,320.0,NotYet
25.0,8.2,6.2,1.2,10.0,330.0,NotYet
25.0,8.2,6.2,1.2,10.0,340.0,NotYet
25.0,8.2,6.2,1.2,10.0,350.0,NotYet
25.0,8.2,6.2,1.2,12.0,0.0,NotYet
25.0,8.2,6.2,1.2,12.0,10.0,NotYet
25.0,8.2,6.2,1.2,12.0,20.0,NotYet
25.0,8.2,6.2,1.2,12.0,30.0,NotYet
25.0,8.2,6.2,1.2,12.0,40.0,NotYet
25.0,8.2,6.2,1.2,12.0,50.0,NotYet
25.0,8.2,6.2,1.2,12.0,60.0,NotYet
25.0,8.2,6.2,1.2,12.0,70.0,NotYet
25.0,8.2,6.2,1.2,12.0,80.0,NotYet
25.0,8.2,6.2,1.2,12.0,90.0,NotYet
25.0,8.2,6.2,1.2,12.0,100.0,NotYet
25.0,8.2,6.2,1.2,12.0,110.0,NotYet
25.0,8.2,6.2,1.2,12.0,120.0,NotYet
25.0,8.2,6.2,1.2,12.0,130.0,NotYet
25.0,8.2,6.2,1.2,12.0,140.0,NotYet
25.0,8.2,6.2,1.2,12.0,150.0,NotYet
25.0,8.2,6.2,1.2,12.0,160.0,NotYet
25.0,8.2,6.2,1.2,12.0,170.0,NotYet
25.0,8.2,6.2,1.2,12.0,180.0,NotYet
25.0,8.2,6.2,1.2,12.0,190.0,NotYet
25.0,8.2,6.2,1.2,12.0,200.0,NotYet
25.0,8.2,6.2,1.2,12.0,210.0,NotYet
25.0,8.2,6.2,1.2,12.0,220.0,NotYet
25.0,8.2,6.2,1.2,12.0,230.0,NotYet
25.0,8.2,6.2,1.2,12.0,240.0,NotYet
25.0,8.2,6.2,1.2,12.0,250.0,NotYet
25.0,8.2,6.2,1.2,12.0,260.0,NotYet
25.0,8.2,6.2,1.2,12.0,270.0,NotYet
25.0,8.2,6.2,1.2,12.0,280.0,NotYet
25.0,8.2,6.2,1.2,12.0,290.0,NotYet
25.0,8.2,6.2,1.2,12.0,300.0,NotYet
25.0,8.2,6.2,1.2,12.0,310.0,NotYet
25.0,8.2,6.2,1.2,12.0,320.0,NotYet
25.0,8.2,6.2,1.2,12.0,330.0,NotYet
25.0,8.2,6.2,1.2,12.0,340.0,NotYet
25.0,8.2,6.2,1.2,12.0,350.0,NotYet
25.0,8.2,6.2,1.2,14.0,0.0,NotYet
25.0,8.2,6.2,1.2,14.0,10.0,NotYet
25.0,8.2,6.2,1.2,14.0,20.0,NotYet
25.0,8.2,6.2,1.2,14.0,30.0,NotYet
25.0,8.2,6.2,1.2,14.0,40.0,NotYet
25.0,8.2,6.2,1.2,14.0,50.0,NotYet
25.0,8.2,6.2,1.2,14.0,60.0,NotYet
25.0,8.2,6.2,1.2,14.0,70.0,NotYet
25.0,8.2,6.2,1.2,14.0,80.0,NotYet
25.0,8.2,6.2,1.2,14.0,90.0,NotYet
25.0,8.2,6.2,1.2,14.0,100.0,NotYet
25.0,8.2,6.2,1.2,14.0,110.0,NotYet
25.0,8.2,6.2,1.2,14.0,120.0,NotYet
25.0,8.2,6.2,1.2,14.0,130.0,NotYet
25.0,8.2,6.2,1.2,14.0,140.0,NotYet
25.0,8.2,6.2,1.2,14.0,150.0,NotYet
25.0,8.2,6.2,1.2,14.0,160.0,NotYet
25.0,8.2,6.2,1.2,14.0,170.0,NotYet
25.0,8.2,6.2,1.2,14.0,180.0,NotYet
25.0,8.2,6.2,1.2,14.0,190.0,NotYet
25.0,8.2,6.2,1.2,14.0,200.0,NotYet
25.0,8.2,6.2,1.2,14.0,210.0,NotYet
25.0,8.2,6.2,1.2,14.0,220.0,NotYet
25.0,8.2,6.2,1.2,14.0,230.0,NotYet
25.0,8.2,6.2,1.2,14.0,240.0,NotYet
25.0,8.2,6.2,1.2,14.0,250.0,NotYet
25.0,8.2,6.2,1.2,14.0,260.0,NotYet
25.0,8.2,6.2,1.2,14.0,270.0,NotYet
25.0,8.2,6.2,1.2,14.0,280.0,NotYet
25.0,8.2,6.2,1.2,14.0,290.0,NotYet
25.0,8.2,6.2,1.2,14.0,300.0,NotYet
25.0,8.2,6.2,1.2,14.0,310.0,NotYet
25.0,8.2,6.2,1.2,14.0,320.0,NotYet
25.0,8.2,6.2,1.2,14.0,330.0,NotYet
25.0,8.2,6.2,1.2,14.0,340.0,NotYet
25.0,8.2,6.2,1.2,14.0,350.0,NotYet
25.0,8.2,6.2,1.4,-14.0,0.0,NotYet
25.0,8.2,6.2,1.4,-14.0,10.0,NotYet
25.0,8.2,6.2,1.4,-14.0,20.0,NotYet
25.0,8.2,6.2,1.4,-14.0,30.0,NotYet
25.0,8.2,6.2,1.4,-14.0,40.0,NotYet
25.0,8.2,6.2,1.4,-14.0,50.0,NotYet
25.0,8.2,6.2,1.4,-14.0,60.0,NotYet
25.0,8.2,6.2,1.4,-14.0,70.0,NotYet
25.0,8.2,6.2,1.4,-14.0,80.0,NotYet
25.0,8.2,6.2,1.4,-14.0,90.0,NotYet
25.0,8.2,6.2,1.4,-14.0,100.0,NotYet
25.0,8.2,6.2,1.4,-14.0,110.0,NotYet
25.0,8.2,6.2,1.4,-14.0,120.0,NotYet
25.0,8.2,6.2,1.4,-14.0,130.0,NotYet
25.0,8.2,6.2,1.4,-14.0,140.0,NotYet
25.0,8.2,6.2,1.4,-14.0,150.0,NotYet
25.0,8.2,6.2,1.4,-14.0,160.0,NotYet
25.0,8.2,6.2,1.4,-14.0,170.0,NotYet
25.0,8.2,6.2,1.4,-14.0,180.0,NotYet
25.0,8.2,6.2,1.4,-14.0,190.0,NotYet
25.0,8.2,6.2,1.4,-14.0,200.0,NotYet
25.0,8.2,6.2,1.4,-14.0,210.0,NotYet
25.0,8.2,6.2,1.4,-14.0,220.0,NotYet
25.0,8.2,6.2,1.4,-14.0,230.0,NotYet
25.0,8.2,6.2,1.4,-14.0,240.0,NotYet
25.0,8.2,6.2,1.4,-14.0,250.0,NotYet
25.0,8.2,6.2,1.4,-14.0,260.0,NotYet
25.0,8.2,6.2,1.4,-14.0,270.0,NotYet
25.0,8.2,6.2,1.4,-14.0,280.0,NotYet
25.0,8.2,6.2,1.4,-14.0,290.0,NotYet
25.0,8.2,6.2,1.4,-14.0,300.0,NotYet
25.0,8.2,6.2,1.4,-14.0,310.0,NotYet
25.0,8.2,6.2,1.4,-14.0,320.0,NotYet
25.0,8.2,6.2,1.4,-14.0,330.0,NotYet
25.0,8.2,6.2,1.4,-14.0,340.0,NotYet
25.0,8.2,6.2,1.4,-14.0,350.0,NotYet
25.0,8.2,6.2,1.4,-12.0,0.0,NotYet
25.0,8.2,6.2,1.4,-12.0,10.0,NotYet
25.0,8.2,6.2,1.4,-12.0,20.0,NotYet
25.0,8.2,6.2,1.4,-12.0,30.0,NotYet
25.0,8.2,6.2,1.4,-12.0,40.0,NotYet
25.0,8.2,6.2,1.4,-12.0,50.0,NotYet
25.0,8.2,6.2,1.4,-12.0,60.0,NotYet
25.0,8.2,6.2,1.4,-12.0,70.0,NotYet
25.0,8.2,6.2,1.4,-12.0,80.0,NotYet
25.0,8.2,6.2,1.4,-12.0,90.0,NotYet
25.0,8.2,6.2,1.4,-12.0,100.0,NotYet
25.0,8.2,6.2,1.4,-12.0,110.0,NotYet
25.0,8.2,6.2,1.4,-12.0,120.0,NotYet
25.0,8.2,6.2,1.4,-12.0,130.0,NotYet
25.0,8.2,6.2,1.4,-12.0,140.0,NotYet
25.0,8.2,6.2,1.4,-12.0,150.0,NotYet
25.0,8.2,6.2,1.4,-12.0,160.0,NotYet
25.0,8.2,6.2,1.4,-12.0,170.0,NotYet
25.0,8.2,6.2,1.4,-12.0,180.0,NotYet
25.0,8.2,6.2,1.4,-12.0,190.0,NotYet
25.0,8.2,6.2,1.4,-12.0,200.0,NotYet
25.0,8.2,6.2,1.4,-12.0,210.0,NotYet
25.0,8.2,6.2,1.4,-12.0,220.0,NotYet
25.0,8.2,6.2,1.4,-12.0,230.0,NotYet
25.0,8.2,6.2,1.4,-12.0,240.0,NotYet
25.0,8.2,6.2,1.4,-12.0,250.0,NotYet
25.0,8.2,6.2,1.4,-12.0,260.0,NotYet
25.0,8.2,6.2,1.4,-12.0,270.0,NotYet
25.0,8.2,6.2,1.4,-12.0,280.0,NotYet
25.0,8.2,6.2,1.4,-12.0,290.0,NotYet
25.0,8.2,6.2,1.4,-12.0,300.0,NotYet
25.0,8.2,6.2,1.4,-12.0,310.0,NotYet
25.0,8.2,6.2,1.4,-12.0,320.0,NotYet
25.0,8.2,6.2,1.4,-12.0,330.0,NotYet
25.0,8.2,6.2,1.4,-12.0,340.0,NotYet
25.0,8.2,6.2,1.4,-12.0,350.0,NotYet
25.0,8.2,6.2,1.4,-10.0,0.0,NotYet
25.0,8.2,6.2,1.4,-10.0,10.0,NotYet
25.0,8.2,6.2,1.4,-10.0,20.0,NotYet
25.0,8.2,6.2,1.4,-10.0,30.0,NotYet
25.0,8.2,6.2,1.4,-10.0,40.0,NotYet
25.0,8.2,6.2,1.4,-10.0,50.0,NotYet
25.0,8.2,6.2,1.4,-10.0,60.0,NotYet
25.0,8.2,6.2,1.4,-10.0,70.0,NotYet
25.0,8.2,6.2,1.4,-10.0,80.0,NotYet
25.0,8.2,6.2,1.4,-10.0,90.0,NotYet
25.0,8.2,6.2,1.4,-10.0,100.0,NotYet
25.0,8.2,6.2,1.4,-10.0,110.0,NotYet
25.0,8.2,6.2,1.4,-10.0,120.0,NotYet
25.0,8.2,6.2,1.4,-10.0,130.0,NotYet
25.0,8.2,6.2,1.4,-10.0,140.0,NotYet
25.0,8.2,6.2,1.4,-10.0,150.0,NotYet
25.0,8.2,6.2,1.4,-10.0,160.0,NotYet
25.0,8.2,6.2,1.4,-10.0,170.0,NotYet
25.0,8.2,6.2,1.4,-10.0,180.0,NotYet
25.0,8.2,6.2,1.4,-10.0,190.0,NotYet
25.0,8.2,6.2,1.4,-10.0,200.0,NotYet
25.0,8.2,6.2,1.4,-10.0,210.0,NotYet
25.0,8.2,6.2,1.4,-10.0,220.0,NotYet
25.0,8.2,6.2,1.4,-10.0,230.0,NotYet
25.0,8.2,6.2,1.4,-10.0,240.0,NotYet
25.0,8.2,6.2,1.4,-10.0,250.0,NotYet
25.0,8.2,6.2,1.4,-10.0,260.0,NotYet
25.0,8.2,6.2,1.4,-10.0,270.0,NotYet
25.0,8.2,6.2,1.4,-10.0,280.0,NotYet
25.0,8.2,6.2,1.4,-10.0,290.0,NotYet
25.0,8.2,6.2,1.4,-10.0,300.0,NotYet
25.0,8.2,6.2,1.4,-10.0,310.0,NotYet
25.0,8.2,6.2,1.4,-10.0,320.0,NotYet
25.0,8.2,6.2,1.4,-10.0,330.0,NotYet
25.0,8.2,6.2,1.4,-10.0,340.0,NotYet
25.0,8.2,6.2,1.4,-10.0,350.0,NotYet
25.0,8.2,6.2,1.4,-8.0,0.0,NotYet
25.0,8.2,6.2,1.4,-8.0,10.0,NotYet
25.0,8.2,6.2,1.4,-8.0,20.0,NotYet
25.0,8.2,6.2,1.4,-8.0,30.0,NotYet
25.0,8.2,6.2,1.4,-8.0,40.0,NotYet
25.0,8.2,6.2,1.4,-8.0,50.0,NotYet
25.0,8.2,6.2,1.4,-8.0,60.0,NotYet
25.0,8.2,6.2,1.4,-8.0,70.0,NotYet
25.0,8.2,6.2,1.4,-8.0,80.0,NotYet
25.0,8.2,6.2,1.4,-8.0,90.0,NotYet
25.0,8.2,6.2,1.4,-8.0,100.0,NotYet
25.0,8.2,6.2,1.4,-8.0,110.0,NotYet
25.0,8.2,6.2,1.4,-8.0,120.0,NotYet
25.0,8.2,6.2,1.4,-8.0,130.0,NotYet
25.0,8.2,6.2,1.4,-8.0,140.0,NotYet
25.0,8.2,6.2,1.4,-8.0,150.0,NotYet
25.0,8.2,6.2,1.4,-8.0,160.0,NotYet
25.0,8.2,6.2,1.4,-8.0,170.0,NotYet
25.0,8.2,6.2,1.4,-8.0,180.0,NotYet
25.0,8.2,6.2,1.4,-8.0,190.0,NotYet
25.0,8.2,6.2,1.4,-8.0,200.0,NotYet
25.0,8.2,6.2,1.4,-8.0,210.0,NotYet
25.0,8.2,6.2,1.4,-8.0,220.0,NotYet
25.0,8.2,6.2,1.4,-8.0,230.0,NotYet
25.0,8.2,6.2,1.4,-8.0,240.0,NotYet
25.0,8.2,6.2,1.4,-8.0,250.0,NotYet
25.0,8.2,6.2,1.4,-8.0,260.0,NotYet
25.0,8.2,6.2,1.4,-8.0,270.0,NotYet
25.0,8.2,6.2,1.4,-8.0,280.0,NotYet
25.0,8.2,6.2,1.4,-8.0,290.0,NotYet
25.0,8.2,6.2,1.4,-8.0,300.0,NotYet
25.0,8.2,6.2,1.4,-8.0,310.0,NotYet
25.0,8.2,6.2,1.4,-8.0,320.0,NotYet
25.0,8.2,6.2,1.4,-8.0,330.0,NotYet
25.0,8.2,6.2,1.4,-8.0,340.0,NotYet
25.0,8.2,6.2,1.4,-8.0,350.0,NotYet
25.0,8.2,6.2,1.4,-6.0,0.0,NotYet
25.0,8.2,6.2,1.4,-6.0,10.0,NotYet
25.0,8.2,6.2,1.4,-6.0,20.0,NotYet
25.0,8.2,6.2,1.4,-6.0,30.0,NotYet
25.0,8.2,6.2,1.4,-6.0,40.0,NotYet
25.0,8.2,6.2,1.4,-6.0,50.0,NotYet
25.0,8.2,6.2,1.4,-6.0,60.0,NotYet
25.0,8.2,6.2,1.4,-6.0,70.0,NotYet
25.0,8.2,6.2,1.4,-6.0,80.0,NotYet
25.0,8.2,6.2,1.4,-6.0,90.0,NotYet
25.0,8.2,6.2,1.4,-6.0,100.0,NotYet
25.0,8.2,6.2,1.4,-6.0,110.0,NotYet
25.0,8.2,6.2,1.4,-6.0,120.0,NotYet
25.0,8.2,6.2,1.4,-6.0,130.0,NotYet
25.0,8.2,6.2,1.4,-6.0,140.0,NotYet
25.0,8.2,6.2,1.4,-6.0,150.0,NotYet
25.0,8.2,6.2,1.4,-6.0,160.0,NotYet
25.0,8.2,6.2,1.4,-6.0,170.0,NotYet
25.0,8.2,6.2,1.4,-6.0,180.0,NotYet
25.0,8.2,6.2,1.4,-6.0,190.0,NotYet
25.0,8.2,6.2,1.4,-6.0,200.0,NotYet
25.0,8.2,6.2,1.4,-6.0,210.0,NotYet
25.0,8.2,6.2,1.4,-6.0,220.0,NotYet
25.0,8.2,6.2,1.4,-6.0,230.0,NotYet
25.0,8.2,6.2,1.4,-6.0,240.0,NotYet
25.0,8.2,6.2,1.4,-6.0,250.0,NotYet
25.0,8.2,6.2,1.4,-6.0,260.0,NotYet
25.0,8.2,6.2,1.4,-6.0,270.0,NotYet
25.0,8.2,6.2,1.4,-6.0,280.0,NotYet
25.0,8.2,6.2,1.4,-6.0,290.0,NotYet
25.0,8.2,6.2,1.4,-6.0,300.0,NotYet
25.0,8.2,6.2,1.4,-6.0,310.0,NotYet
25.0,8.2,6.2,1.4,-6.0,320.0,NotYet
25.0,8.2,6.2,1.4,-6.0,330.0,NotYet
25.0,8.2,6.2,1.4,-6.0,340.0,NotYet
25.0,8.2,6.2,1.4,-6.0,350.0,NotYet
25.0,8.2,6.2,1.4,-4.0,0.0,NotYet
25.0,8.2,6.2,1.4,-4.0,10.0,NotYet
25.0,8.2,6.2,1.4,-4.0,20.0,NotYet
25.0,8.2,6.2,1.4,-4.0,30.0,NotYet
25.0,8.2,6.2,1.4,-4.0,40.0,NotYet
25.0,8.2,6.2,1.4,-4.0,50.0,NotYet
25.0,8.2,6.2,1.4,-4.0,60.0,NotYet
25.0,8.2,6.2,1.4,-4.0,70.0,NotYet
25.0,8.2,6.2,1.4,-4.0,80.0,NotYet
25.0,8.2,6.2,1.4,-4.0,90.0,NotYet
25.0,8.2,6.2,1.4,-4.0,100.0,NotYet
25.0,8.2,6.2,1.4,-4.0,110.0,NotYet
25.0,8.2,6.2,1.4,-4.0,120.0,NotYet
25.0,8.2,6.2,1.4,-4.0,130.0,NotYet
25.0,8.2,6.2,1.4,-4.0,140.0,NotYet
25.0,8.2,6.2,1.4,-4.0,150.0,NotYet
25.0,8.2,6.2,1.4,-4.0,160.0,NotYet
25.0,8.2,6.2,1.4,-4.0,170.0,NotYet
25.0,8.2,6.2,1.4,-4.0,180.0,NotYet
25.0,8.2,6.2,1.4,-4.0,190.0,NotYet
25.0,8.2,6.2,1.4,-4.0,200.0,NotYet
25.0,8.2,6.2,1.4,-4.0,210.0,NotYet
25.0,8.2,6.2,1.4,-4.0,220.0,NotYet
25.0,8.2,6.2,1.4,-4.0,230.0,NotYet
25.0,8.2,6.2,1.4,-4.0,240.0,NotYet
25.0,8.2,6.2,1.4,-4.0,250.0,NotYet
25.0,8.2,6.2,1.4,-4.0,260.0,NotYet
25.0,8.2,6.2,1.4,-4.0,270.0,NotYet
25.0,8.2,6.2,1.4,-4.0,280.0,NotYet
25.0,8.2,6.2,1.4,-4.0,290.0,NotYet
25.0,8.2,6.2,1.4,-4.0,300.0,NotYet
25.0,8.2,6.2,1.4,-4.0,310.0,NotYet
25.0,8.2,6.2,1.4,-4.0,320.0,NotYet
25.0,8.2,6.2,1.4,-4.0,330.0,NotYet
25.0,8.2,6.2,1.4,-4.0,340.0,NotYet
25.0,8.2,6.2,1.4,-4.0,350.0,NotYet
25.0,8.2,6.2,1.4,-2.0,0.0,NotYet
25.0,8.2,6.2,1.4,-2.0,10.0,NotYet
25.0,8.2,6.2,1.4,-2.0,20.0,NotYet
25.0,8.2,6.2,1.4,-2.0,30.0,NotYet
25.0,8.2,6.2,1.4,-2.0,40.0,NotYet
25.0,8.2,6.2,1.4,-2.0,50.0,NotYet
25.0,8.2,6.2,1.4,-2.0,60.0,NotYet
25.0,8.2,6.2,1.4,-2.0,70.0,NotYet
25.0,8.2,6.2,1.4,-2.0,80.0,NotYet
25.0,8.2,6.2,1.4,-2.0,90.0,NotYet
25.0,8.2,6.2,1.4,-2.0,100.0,NotYet
25.0,8.2,6.2,1.4,-2.0,110.0,NotYet
25.0,8.2,6.2,1.4,-2.0,120.0,NotYet
25.0,8.2,6.2,1.4,-2.0,130.0,NotYet
25.0,8.2,6.2,1.4,-2.0,140.0,NotYet
25.0,8.2,6.2,1.4,-2.0,150.0,NotYet
25.0,8.2,6.2,1.4,-2.0,160.0,NotYet
25.0,8.2,6.2,1.4,-2.0,170.0,NotYet
25.0,8.2,6.2,1.4,-2.0,180.0,NotYet
25.0,8.2,6.2,1.4,-2.0,190.0,NotYet
25.0,8.2,6.2,1.4,-2.0,200.0,NotYet
25.0,8.2,6.2,1.4,-2.0,210.0,NotYet
25.0,8.2,6.2,1.4,-2.0,220.0,NotYet
25.0,8.2,6.2,1.4,-2.0,230.0,NotYet
25.0,8.2,6.2,1.4,-2.0,240.0,NotYet
25.0,8.2,6.2,1.4,-2.0,250.0,NotYet
25.0,8.2,6.2,1.4,-2.0,260.0,NotYet
25.0,8.2,6.2,1.4,-2.0,270.0,NotYet
25.0,8.2,6.2,1.4,-2.0,280.0,NotYet
25.0,8.2,6.2,1.4,-2.0,290.0,NotYet
25.0,8.2,6.2,1.4,-2.0,300.0,NotYet
25.0,8.2,6.2,1.4,-2.0,310.0,NotYet
25.0,8.2,6.2,1.4,-2.0,320.0,NotYet
25.0,8.2,6.2,1.4,-2.0,330.0,NotYet
25.0,8.2,6.2,1.4,-2.0,340.0,NotYet
25.0,8.2,6.2,1.4,-2.0,350.0,NotYet
25.0,8.2,6.2,1.4,0.0,0.0,NotYet
25.0,8.2,6.2,1.4,0.0,10.0,NotYet
25.0,8.2,6.2,1.4,0.0,20.0,NotYet
25.0,8.2,6.2,1.4,0.0,30.0,NotYet
25.0,8.2,6.2,1.4,0.0,40.0,NotYet
25.0,8.2,6.2,1.4,0.0,50.0,NotYet
25.0,8.2,6.2,1.4,0.0,60.0,NotYet
25.0,8.2,6.2,1.4,0.0,70.0,NotYet
25.0,8.2,6.2,1.4,0.0,80.0,NotYet
25.0,8.2,6.2,1.4,0.0,90.0,NotYet
25.0,8.2,6.2,1.4,0.0,100.0,NotYet
25.0,8.2,6.2,1.4,0.0,110.0,NotYet
25.0,8.2,6.2,1.4,0.0,120.0,NotYet
25.0,8.2,6.2,1.4,0.0,130.0,NotYet
25.0,8.2,6.2,1.4,0.0,140.0,NotYet
25.0,8.2,6.2,1.4,0.0,150.0,NotYet
25.0,8.2,6.2,1.4,0.0,160.0,NotYet
25.0,8.2,6.2,1.4,0.0,170.0,NotYet
25.0,8.2,6.2,1.4,0.0,180.0,NotYet
25.0,8.2,6.2,1.4,0.0,190.0,NotYet
25.0,8.2,6.2,1.4,0.0,200.0,NotYet
25.0,8.2,6.2,1.4,0.0,210.0,NotYet
25.0,8.2,6.2,1.4,0.0,220.0,NotYet
25.0,8.2,6.2,1.4,0.0,230.0,NotYet
25.0,8.2,6.2,1.4,0.0,240.0,NotYet
25.0,8.2,6.2,1.4,0.0,250.0,NotYet
25.0,8.2,6.2,1.4,0.0,260.0,NotYet
25.0,8.2,6.2,1.4,0.0,270.0,NotYet
25.0,8.2,6.2,1.4,0.0,280.0,NotYet
25.0,8.2,6.2,1.4,0.0,290.0,NotYet
25.0,8.2,6.2,1.4,0.0,300.0,NotYet
25.0,8.2,6.2,1.4,0.0,310.0,NotYet
25.0,8.2,6.2,1.4,0.0,320.0,NotYet
25.0,8.2,6.2,1.4,0.0,330.0,NotYet
25.0,8.2,6.2,1.4,0.0,340.0,NotYet
25.0,8.2,6.2,1.4,0.0,350.0,NotYet
25.0,8.2,6.2,1.4,2.0,0.0,NotYet
25.0,8.2,6.2,1.4,2.0,10.0,NotYet
25.0,8.2,6.2,1.4,2.0,20.0,NotYet
25.0,8.2,6.2,1.4,2.0,30.0,NotYet
25.0,8.2,6.2,1.4,2.0,40.0,NotYet
25.0,8.2,6.2,1.4,2.0,50.0,NotYet
25.0,8.2,6.2,1.4,2.0,60.0,NotYet
25.0,8.2,6.2,1.4,2.0,70.0,NotYet
25.0,8.2,6.2,1.4,2.0,80.0,NotYet
25.0,8.2,6.2,1.4,2.0,90.0,NotYet
25.0,8.2,6.2,1.4,2.0,100.0,NotYet
25.0,8.2,6.2,1.4,2.0,110.0,NotYet
25.0,8.2,6.2,1.4,2.0,120.0,NotYet
25.0,8.2,6.2,1.4,2.0,130.0,NotYet
25.0,8.2,6.2,1.4,2.0,140.0,NotYet
25.0,8.2,6.2,1.4,2.0,150.0,NotYet
25.0,8.2,6.2,1.4,2.0,160.0,NotYet
25.0,8.2,6.2,1.4,2.0,170.0,NotYet
25.0,8.2,6.2,1.4,2.0,180.0,NotYet
25.0,8.2,6.2,1.4,2.0,190.0,NotYet
25.0,8.2,6.2,1.4,2.0,200.0,NotYet
25.0,8.2,6.2,1.4,2.0,210.0,NotYet
25.0,8.2,6.2,1.4,2.0,220.0,NotYet
25.0,8.2,6.2,1.4,2.0,230.0,NotYet
25.0,8.2,6.2,1.4,2.0,240.0,NotYet
25.0,8.2,6.2,1.4,2.0,250.0,NotYet
25.0,8.2,6.2,1.4,2.0,260.0,NotYet
25.0,8.2,6.2,1.4,2.0,270.0,NotYet
25.0,8.2,6.2,1.4,2.0,280.0,NotYet
25.0,8.2,6.2,1.4,2.0,290.0,NotYet
25.0,8.2,6.2,1.4,2.0,300.0,NotYet
25.0,8.2,6.2,1.4,2.0,310.0,NotYet
25.0,8.2,6.2,1.4,2.0,320.0,NotYet
25.0,8.2,6.2,1.4,2.0,330.0,NotYet
25.0,8.2,6.2,1.4,2.0,340.0,NotYet
25.0,8.2,6.2,1.4,2.0,350.0,NotYet
25.0,8.2,6.2,1.4,4.0,0.0,NotYet
25.0,8.2,6.2,1.4,4.0,10.0,NotYet
25.0,8.2,6.2,1.4,4.0,20.0,NotYet
25.0,8.2,6.2,1.4,4.0,30.0,NotYet
25.0,8.2,6.2,1.4,4.0,40.0,NotYet
25.0,8.2,6.2,1.4,4.0,50.0,NotYet
25.0,8.2,6.2,1.4,4.0,60.0,NotYet
25.0,8.2,6.2,1.4,4.0,70.0,NotYet
25.0,8.2,6.2,1.4,4.0,80.0,NotYet
25.0,8.2,6.2,1.4,4.0,90.0,NotYet
25.0,8.2,6.2,1.4,4.0,100.0,NotYet
25.0,8.2,6.2,1.4,4.0,110.0,NotYet
25.0,8.2,6.2,1.4,4.0,120.0,NotYet
25.0,8.2,6.2,1.4,4.0,130.0,NotYet
25.0,8.2,6.2,1.4,4.0,140.0,NotYet
25.0,8.2,6.2,1.4,4.0,150.0,NotYet
25.0,8.2,6.2,1.4,4.0,160.0,NotYet
25.0,8.2,6.2,1.4,4.0,170.0,NotYet
25.0,8.2,6.2,1.4,4.0,180.0,NotYet
25.0,8.2,6.2,1.4,4.0,190.0,NotYet
25.0,8.2,6.2,1.4,4.0,200.0,NotYet
25.0,8.2,6.2,1.4,4.0,210.0,NotYet
25.0,8.2,6.2,1.4,4.0,220.0,NotYet
25.0,8.2,6.2,1.4,4.0,230.0,NotYet
25.0,8.2,6.2,1.4,4.0,240.0,NotYet
25.0,8.2,6.2,1.4,4.0,250.0,NotYet
25.0,8.2,6.2,1.4,4.0,260.0,NotYet
25.0,8.2,6.2,1.4,4.0,270.0,NotYet
25.0,8.2,6.2,1.4,4.0,280.0,NotYet
25.0,8.2,6.2,1.4,4.0,290.0,NotYet
25.0,8.2,6.2,1.4,4.0,300.0,NotYet
25.0,8.2,6.2,1.4,4.0,310.0,NotYet
25.0,8.2,6.2,1.4,4.0,320.0,NotYet
25.0,8.2,6.2,1.4,4.0,330.0,NotYet
25.0,8.2,6.2,1.4,4.0,340.0,NotYet
25.0,8.2,6.2,1.4,4.0,350.0,NotYet
25.0,8.2,6.2,1.4,6.0,0.0,NotYet
25.0,8.2,6.2,1.4,6.0,10.0,NotYet
25.0,8.2,6.2,1.4,6.0,20.0,NotYet
25.0,8.2,6.2,1.4,6.0,30.0,NotYet
25.0,8.2,6.2,1.4,6.0,40.0,NotYet
25.0,8.2,6.2,1.4,6.0,50.0,NotYet
25.0,8.2,6.2,1.4,6.0,60.0,NotYet
25.0,8.2,6.2,1.4,6.0,70.0,NotYet
25.0,8.2,6.2,1.4,6.0,80.0,NotYet
25.0,8.2,6.2,1.4,6.0,90.0,NotYet
25.0,8.2,6.2,1.4,6.0,100.0,NotYet
25.0,8.2,6.2,1.4,6.0,110.0,NotYet
25.0,8.2,6.2,1.4,6.0,120.0,NotYet
25.0,8.2,6.2,1.4,6.0,130.0,NotYet
25.0,8.2,6.2,1.4,6.0,140.0,NotYet
25.0,8.2,6.2,1.4,6.0,150.0,NotYet
25.0,8.2,6.2,1.4,6.0,160.0,NotYet
25.0,8.2,6.2,1.4,6.0,170.0,NotYet
25.0,8.2,6.2,1.4,6.0,180.0,NotYet
25.0,8.2,6.2,1.4,6.0,190.0,NotYet
25.0,8.2,6.2,1.4,6.0,200.0,NotYet
25.0,8.2,6.2,1.4,6.0,210.0,NotYet
25.0,8.2,6.2,1.4,6.0,220.0,NotYet
25.0,8.2,6.2,1.4,6.0,230.0,NotYet
25.0,8.2,6.2,1.4,6.0,240.0,NotYet
25.0,8.2,6.2,1.4,6.0,250.0,NotYet
25.0,8.2,6.2,1.4,6.0,260.0,NotYet
25.0,8.2,6.2,1.4,6.0,270.0,NotYet
25.0,8.2,6.2,1.4,6.0,280.0,NotYet
25.0,8.2,6.2,1.4,6.0,290.0,NotYet
25.0,8.2,6.2,1.4,6.0,300.0,NotYet
25.0,8.2,6.2,1.4,6.0,310.0,NotYet
25.0,8.2,6.2,1.4,6.0,320.0,NotYet
25.0,8.2,6.2,1.4,6.0,330.0,NotYet
25.0,8.2,6.2,1.4,6.0,340.0,NotYet
25.0,8.2,6.2,1.4,6.0,350.0,NotYet
25.0,8.2,6.2,1.4,8.0,0.0,NotYet
25.0,8.2,6.2,1.4,8.0,10.0,NotYet
25.0,8.2,6.2,1.4,8.0,20.0,NotYet
25.0,8.2,6.2,1.4,8.0,30.0,NotYet
25.0,8.2,6.2,1.4,8.0,40.0,NotYet
25.0,8.2,6.2,1.4,8.0,50.0,NotYet
25.0,8.2,6.2,1.4,8.0,60.0,NotYet
25.0,8.2,6.2,1.4,8.0,70.0,NotYet
25.0,8.2,6.2,1.4,8.0,80.0,NotYet
25.0,8.2,6.2,1.4,8.0,90.0,NotYet
25.0,8.2,6.2,1.4,8.0,100.0,NotYet
25.0,8.2,6.2,1.4,8.0,110.0,NotYet
25.0,8.2,6.2,1.4,8.0,120.0,NotYet
25.0,8.2,6.2,1.4,8.0,130.0,NotYet
25.0,8.2,6.2,1.4,8.0,140.0,NotYet
25.0,8.2,6.2,1.4,8.0,150.0,NotYet
25.0,8.2,6.2,1.4,8.0,160.0,NotYet
25.0,8.2,6.2,1.4,8.0,170.0,NotYet
25.0,8.2,6.2,1.4,8.0,180.0,NotYet
25.0,8.2,6.2,1.4,8.0,190.0,NotYet
25.0,8.2,6.2,1.4,8.0,200.0,NotYet
25.0,8.2,6.2,1.4,8.0,210.0,NotYet
25.0,8.2,6.2,1.4,8.0,220.0,NotYet
25.0,8.2,6.2,1.4,8.0,230.0,NotYet
25.0,8.2,6.2,1.4,8.0,240.0,NotYet
25.0,8.2,6.2,1.4,8.0,250.0,NotYet
25.0,8.2,6.2,1.4,8.0,260.0,NotYet
25.0,8.2,6.2,1.4,8.0,270.0,NotYet
25.0,8.2,6.2,1.4,8.0,280.0,NotYet
25.0,8.2,6.2,1.4,8.0,290.0,NotYet
25.0,8.2,6.2,1.4,8.0,300.0,NotYet
25.0,8.2,6.2,1.4,8.0,310.0,NotYet
25.0,8.2,6.2,1.4,8.0,320.0,NotYet
25.0,8.2,6.2,1.4,8.0,330.0,NotYet
25.0,8.2,6.2,1.4,8.0,340.0,NotYet
25.0,8.2,6.2,1.4,8.0,350.0,NotYet
25.0,8.2,6.2,1.4,10.0,0.0,NotYet
25.0,8.2,6.2,1.4,10.0,10.0,NotYet
25.0,8.2,6.2,1.4,10.0,20.0,NotYet
25.0,8.2,6.2,1.4,10.0,30.0,NotYet
25.0,8.2,6.2,1.4,10.0,40.0,NotYet
25.0,8.2,6.2,1.4,10.0,50.0,NotYet
25.0,8.2,6.2,1.4,10.0,60.0,NotYet
25.0,8.2,6.2,1.4,10.0,70.0,NotYet
25.0,8.2,6.2,1.4,10.0,80.0,NotYet
25.0,8.2,6.2,1.4,10.0,90.0,NotYet
25.0,8.2,6.2,1.4,10.0,100.0,NotYet
25.0,8.2,6.2,1.4,10.0,110.0,NotYet
25.0,8.2,6.2,1.4,10.0,120.0,NotYet
25.0,8.2,6.2,1.4,10.0,130.0,NotYet
25.0,8.2,6.2,1.4,10.0,140.0,NotYet
25.0,8.2,6.2,1.4,10.0,150.0,NotYet
25.0,8.2,6.2,1.4,10.0,160.0,NotYet
25.0,8.2,6.2,1.4,10.0,170.0,NotYet
25.0,8.2,6.2,1.4,10.0,180.0,NotYet
25.0,8.2,6.2,1.4,10.0,190.0,NotYet
25.0,8.2,6.2,1.4,10.0,200.0,NotYet
25.0,8.2,6.2,1.4,10.0,210.0,NotYet
25.0,8.2,6.2,1.4,10.0,220.0,NotYet
25.0,8.2,6.2,1.4,10.0,230.0,NotYet
25.0,8.2,6.2,1.4,10.0,240.0,NotYet
25.0,8.2,6.2,1.4,10.0,250.0,NotYet
25.0,8.2,6.2,1.4,10.0,260.0,NotYet
25.0,8.2,6.2,1.4,10.0,270.0,NotYet
25.0,8.2,6.2,1.4,10.0,280.0,NotYet
25.0,8.2,6.2,1.4,10.0,290.0,NotYet
25.0,8.2,6.2,1.4,10.0,300.0,NotYet
25.0,8.2,6.2,1.4,10.0,310.0,NotYet
25.0,8.2,6.2,1.4,10.0,320.0,NotYet
25.0,8.2,6.2,1.4,10.0,330.0,NotYet
25.0,8.2,6.2,1.4,10.0,340.0,NotYet
25.0,8.2,6.2,1.4,10.0,350.0,NotYet
25.0,8.2,6.2,1.4,12.0,0.0,NotYet
25.0,8.2,6.2,1.4,12.0,10.0,NotYet
25.0,8.2,6.2,1.4,12.0,20.0,NotYet
25.0,8.2,6.2,1.4,12.0,30.0,NotYet
25.0,8.2,6.2,1.4,12.0,40.0,NotYet
25.0,8.2,6.2,1.4,12.0,50.0,NotYet
25.0,8.2,6.2,1.4,12.0,60.0,NotYet
25.0,8.2,6.2,1.4,12.0,70.0,NotYet
25.0,8.2,6.2,1.4,12.0,80.0,NotYet
25.0,8.2,6.2,1.4,12.0,90.0,NotYet
25.0,8.2,6.2,1.4,12.0,100.0,NotYet
25.0,8.2,6.2,1.4,12.0,110.0,NotYet
25.0,8.2,6.2,1.4,12.0,120.0,NotYet
25.0,8.2,6.2,1.4,12.0,130.0,NotYet
25.0,8.2,6.2,1.4,12.0,140.0,NotYet
25.0,8.2,6.2,1.4,12.0,150.0,NotYet
25.0,8.2,6.2,1.4,12.0,160.0,NotYet
25.0,8.2,6.2,1.4,12.0,170.0,NotYet
25.0,8.2,6.2,1.4,12.0,180.0,NotYet
25.0,8.2,6.2,1.4,12.0,190.0,NotYet
25.0,8.2,6.2,1.4,12.0,200.0,NotYet
25.0,8.2,6.2,1.4,12.0,210.0,NotYet
25.0,8.2,6.2,1.4,12.0,220.0,NotYet
25.0,8.2,6.2,1.4,12.0,230.0,NotYet
25.0,8.2,6.2,1.4,12.0,240.0,NotYet
25.0,8.2,6.2,1.4,12.0,250.0,NotYet
25.0,8.2,6.2,1.4,12.0,260.0,NotYet
25.0,8.2,6.2,1.4,12.0,270.0,NotYet
25.0,8.2,6.2,1.4,12.0,280.0,NotYet
25.0,8.2,6.2,1.4,12.0,290.0,NotYet
25.0,8.2,6.2,1.4,12.0,300.0,NotYet
25.0,8.2,6.2,1.4,12.0,310.0,NotYet
25.0,8.2,6.2,1.4,12.0,320.0,NotYet
25.0,8.2,6.2,1.4,12.0,330.0,NotYet
25.0,8.2,6.2,1.4,12.0,340.0,NotYet
25.0,8.2,6.2,1.4,12.0,350.0,NotYet
25.0,8.2,6.2,1.4,14.0,0.0,NotYet
25.0,8.2,6.2,1.4,14.0,10.0,NotYet
25.0,8.2,6.2,1.4,14.0,20.0,NotYet
25.0,8.2,6.2,1.4,14.0,30.0,NotYet
25.0,8.2,6.2,1.4,14.0,40.0,NotYet
25.0,8.2,6.2,1.4,14.0,50.0,NotYet
25.0,8.2,6.2,1.4,14.0,60.0,NotYet
25.0,8.2,6.2,1.4,14.0,70.0,NotYet
25.0,8.2,6.2,1.4,14.0,80.0,NotYet
25.0,8.2,6.2,1.4,14.0,90.0,NotYet
25.0,8.2,6.2,1.4,14.0,100.0,NotYet
25.0,8.2,6.2,1.4,14.0,110.0,NotYet
25.0,8.2,6.2,1.4,14.0,120.0,NotYet
25.0,8.2,6.2,1.4,14.0,130.0,NotYet
25.0,8.2,6.2,1.4,14.0,140.0,NotYet
25.0,8.2,6.2,1.4,14.0,150.0,NotYet
25.0,8.2,6.2,1.4,14.0,160.0,NotYet
25.0,8.2,6.2,1.4,14.0,170.0,NotYet
25.0,8.2,6.2,1.4,14.0,180.0,NotYet
25.0,8.2,6.2,1.4,14.0,190.0,NotYet
25.0,8.2,6.2,1.4,14.0,200.0,NotYet
25.0,8.2,6.2,1.4,14.0,210.0,NotYet
25.0,8.2,6.2,1.4,14.0,220.0,NotYet
25.0,8.2,6.2,1.4,14.0,230.0,NotYet
25.0,8.2,6.2,1.4,14.0,240.0,NotYet
25.0,8.2,6.2,1.4,14.0,250.0,NotYet
25.0,8.2,6.2,1.4,14.0,260.0,NotYet
25.0,8.2,6.2,1.4,14.0,270.0,NotYet
25.0,8.2,6.2,1.4,14.0,280.0,NotYet
25.0,8.2,6.2,1.4,14.0,290.0,NotYet
25.0,8.2,6.2,1.4,14.0,300.0,NotYet
25.0,8.2,6.2,1.4,14.0,310.0,NotYet
25.0,8.2,6.2,1.4,14.0,320.0,NotYet
25.0,8.2,6.2,1.4,14.0,330.0,NotYet
25.0,8.2,6.2,1.4,14.0,340.0,NotYet
25.0,8.2,6.2,1.4,14.0,350.0,NotYet
25.0,8.2,6.2,1.6,-14.0,0.0,NotYet
25.0,8.2,6.2,1.6,-14.0,10.0,NotYet
25.0,8.2,6.2,1.6,-14.0,20.0,NotYet
25.0,8.2,6.2,1.6,-14.0,30.0,NotYet
25.0,8.2,6.2,1.6,-14.0,40.0,NotYet
25.0,8.2,6.2,1.6,-14.0,50.0,NotYet
25.0,8.2,6.2,1.6,-14.0,60.0,NotYet
25.0,8.2,6.2,1.6,-14.0,70.0,NotYet
25.0,8.2,6.2,1.6,-14.0,80.0,NotYet
25.0,8.2,6.2,1.6,-14.0,90.0,NotYet
25.0,8.2,6.2,1.6,-14.0,100.0,NotYet
25.0,8.2,6.2,1.6,-14.0,110.0,NotYet
25.0,8.2,6.2,1.6,-14.0,120.0,NotYet
25.0,8.2,6.2,1.6,-14.0,130.0,NotYet
25.0,8.2,6.2,1.6,-14.0,140.0,NotYet
25.0,8.2,6.2,1.6,-14.0,150.0,NotYet
25.0,8.2,6.2,1.6,-14.0,160.0,NotYet
25.0,8.2,6.2,1.6,-14.0,170.0,NotYet
25.0,8.2,6.2,1.6,-14.0,180.0,NotYet
25.0,8.2,6.2,1.6,-14.0,190.0,NotYet
25.0,8.2,6.2,1.6,-14.0,200.0,NotYet
25.0,8.2,6.2,1.6,-14.0,210.0,NotYet
25.0,8.2,6.2,1.6,-14.0,220.0,NotYet
25.0,8.2,6.2,1.6,-14.0,230.0,NotYet
25.0,8.2,6.2,1.6,-14.0,240.0,NotYet
25.0,8.2,6.2,1.6,-14.0,250.0,NotYet
25.0,8.2,6.2,1.6,-14.0,260.0,NotYet
25.0,8.2,6.2,1.6,-14.0,270.0,NotYet
25.0,8.2,6.2,1.6,-14.0,280.0,NotYet
25.0,8.2,6.2,1.6,-14.0,290.0,NotYet
25.0,8.2,6.2,1.6,-14.0,300.0,NotYet
25.0,8.2,6.2,1.6,-14.0,310.0,NotYet
25.0,8.2,6.2,1.6,-14.0,320.0,NotYet
25.0,8.2,6.2,1.6,-14.0,330.0,NotYet
25.0,8.2,6.2,1.6,-14.0,340.0,NotYet
25.0,8.2,6.2,1.6,-14.0,350.0,NotYet
25.0,8.2,6.2,1.6,-12.0,0.0,NotYet
25.0,8.2,6.2,1.6,-12.0,10.0,NotYet
25.0,8.2,6.2,1.6,-12.0,20.0,NotYet
25.0,8.2,6.2,1.6,-12.0,30.0,NotYet
25.0,8.2,6.2,1.6,-12.0,40.0,NotYet
25.0,8.2,6.2,1.6,-12.0,50.0,NotYet
25.0,8.2,6.2,1.6,-12.0,60.0,NotYet
25.0,8.2,6.2,1.6,-12.0,70.0,NotYet
25.0,8.2,6.2,1.6,-12.0,80.0,NotYet
25.0,8.2,6.2,1.6,-12.0,90.0,NotYet
25.0,8.2,6.2,1.6,-12.0,100.0,NotYet
25.0,8.2,6.2,1.6,-12.0,110.0,NotYet
25.0,8.2,6.2,1.6,-12.0,120.0,NotYet
25.0,8.2,6.2,1.6,-12.0,130.0,NotYet
25.0,8.2,6.2,1.6,-12.0,140.0,NotYet
25.0,8.2,6.2,1.6,-12.0,150.0,NotYet
25.0,8.2,6.2,1.6,-12.0,160.0,NotYet
25.0,8.2,6.2,1.6,-12.0,170.0,NotYet
25.0,8.2,6.2,1.6,-12.0,180.0,NotYet
25.0,8.2,6.2,1.6,-12.0,190.0,NotYet
25.0,8.2,6.2,1.6,-12.0,200.0,NotYet
25.0,8.2,6.2,1.6,-12.0,210.0,NotYet
25.0,8.2,6.2,1.6,-12.0,220.0,NotYet
25.0,8.2,6.2,1.6,-12.0,230.0,NotYet
25.0,8.2,6.2,1.6,-12.0,240.0,NotYet
25.0,8.2,6.2,1.6,-12.0,250.0,NotYet
25.0,8.2,6.2,1.6,-12.0,260.0,NotYet
25.0,8.2,6.2,1.6,-12.0,270.0,NotYet
25.0,8.2,6.2,1.6,-12.0,280.0,NotYet
25.0,8.2,6.2,1.6,-12.0,290.0,NotYet
25.0,8.2,6.2,1.6,-12.0,300.0,NotYet
25.0,8.2,6.2,1.6,-12.0,310.0,NotYet
25.0,8.2,6.2,1.6,-12.0,320.0,NotYet
25.0,8.2,6.2,1.6,-12.0,330.0,NotYet
25.0,8.2,6.2,1.6,-12.0,340.0,NotYet
25.0,8.2,6.2,1.6,-12.0,350.0,NotYet
25.0,8.2,6.2,1.6,-10.0,0.0,NotYet
25.0,8.2,6.2,1.6,-10.0,10.0,NotYet
25.0,8.2,6.2,1.6,-10.0,20.0,NotYet
25.0,8.2,6.2,1.6,-10.0,30.0,NotYet
25.0,8.2,6.2,1.6,-10.0,40.0,NotYet
25.0,8.2,6.2,1.6,-10.0,50.0,NotYet
25.0,8.2,6.2,1.6,-10.0,60.0,NotYet
25.0,8.2,6.2,1.6,-10.0,70.0,NotYet
25.0,8.2,6.2,1.6,-10.0,80.0,NotYet
25.0,8.2,6.2,1.6,-10.0,90.0,NotYet
25.0,8.2,6.2,1.6,-10.0,100.0,NotYet
25.0,8.2,6.2,1.6,-10.0,110.0,NotYet
25.0,8.2,6.2,1.6,-10.0,120.0,NotYet
25.0,8.2,6.2,1.6,-10.0,130.0,NotYet
25.0,8.2,6.2,1.6,-10.0,140.0,NotYet
25.0,8.2,6.2,1.6,-10.0,150.0,NotYet
25.0,8.2,6.2,1.6,-10.0,160.0,NotYet
25.0,8.2,6.2,1.6,-10.0,170.0,NotYet
25.0,8.2,6.2,1.6,-10.0,180.0,NotYet
25.0,8.2,6.2,1.6,-10.0,190.0,NotYet
25.0,8.2,6.2,1.6,-10.0,200.0,NotYet
25.0,8.2,6.2,1.6,-10.0,210.0,NotYet
25.0,8.2,6.2,1.6,-10.0,220.0,NotYet
25.0,8.2,6.2,1.6,-10.0,230.0,NotYet
25.0,8.2,6.2,1.6,-10.0,240.0,NotYet
25.0,8.2,6.2,1.6,-10.0,250.0,NotYet
25.0,8.2,6.2,1.6,-10.0,260.0,NotYet
25.0,8.2,6.2,1.6,-10.0,270.0,NotYet
25.0,8.2,6.2,1.6,-10.0,280.0,NotYet
25.0,8.2,6.2,1.6,-10.0,290.0,NotYet
25.0,8.2,6.2,1.6,-10.0,300.0,NotYet
25.0,8.2,6.2,1.6,-10.0,310.0,NotYet
25.0,8.2,6.2,1.6,-10.0,320.0,NotYet
25.0,8.2,6.2,1.6,-10.0,330.0,NotYet
25.0,8.2,6.2,1.6,-10.0,340.0,NotYet
25.0,8.2,6.2,1.6,-10.0,350.0,NotYet
25.0,8.2,6.2,1.6,-8.0,0.0,NotYet
25.0,8.2,6.2,1.6,-8.0,10.0,NotYet
25.0,8.2,6.2,1.6,-8.0,20.0,NotYet
25.0,8.2,6.2,1.6,-8.0,30.0,NotYet
25.0,8.2,6.2,1.6,-8.0,40.0,NotYet
25.0,8.2,6.2,1.6,-8.0,50.0,NotYet
25.0,8.2,6.2,1.6,-8.0,60.0,NotYet
25.0,8.2,6.2,1.6,-8.0,70.0,NotYet
25.0,8.2,6.2,1.6,-8.0,80.0,NotYet
25.0,8.2,6.2,1.6,-8.0,90.0,NotYet
25.0,8.2,6.2,1.6,-8.0,100.0,NotYet
25.0,8.2,6.2,1.6,-8.0,110.0,NotYet
25.0,8.2,6.2,1.6,-8.0,120.0,NotYet
25.0,8.2,6.2,1.6,-8.0,130.0,NotYet
25.0,8.2,6.2,1.6,-8.0,140.0,NotYet
25.0,8.2,6.2,1.6,-8.0,150.0,NotYet
25.0,8.2,6.2,1.6,-8.0,160.0,NotYet
25.0,8.2,6.2,1.6,-8.0,170.0,NotYet
25.0,8.2,6.2,1.6,-8.0,180.0,NotYet
25.0,8.2,6.2,1.6,-8.0,190.0,NotYet
25.0,8.2,6.2,1.6,-8.0,200.0,NotYet
25.0,8.2,6.2,1.6,-8.0,210.0,NotYet
25.0,8.2,6.2,1.6,-8.0,220.0,NotYet
25.0,8.2,6.2,1.6,-8.0,230.0,NotYet
25.0,8.2,6.2,1.6,-8.0,240.0,NotYet
25.0,8.2,6.2,1.6,-8.0,250.0,NotYet
25.0,8.2,6.2,1.6,-8.0,260.0,NotYet
25.0,8.2,6.2,1.6,-8.0,270.0,NotYet
25.0,8.2,6.2,1.6,-8.0,280.0,NotYet
25.0,8.2,6.2,1.6,-8.0,290.0,NotYet
25.0,8.2,6.2,1.6,-8.0,300.0,NotYet
25.0,8.2,6.2,1.6,-8.0,310.0,NotYet
25.0,8.2,6.2,1.6,-8.0,320.0,NotYet
25.0,8.2,6.2,1.6,-8.0,330.0,NotYet
25.0,8.2,6.2,1.6,-8.0,340.0,NotYet
25.0,8.2,6.2,1.6,-8.0,350.0,NotYet
25.0,8.2,6.2,1.6,-6.0,0.0,NotYet
25.0,8.2,6.2,1.6,-6.0,10.0,NotYet
25.0,8.2,6.2,1.6,-6.0,20.0,NotYet
25.0,8.2,6.2,1.6,-6.0,30.0,NotYet
25.0,8.2,6.2,1.6,-6.0,40.0,NotYet
25.0,8.2,6.2,1.6,-6.0,50.0,NotYet
25.0,8.2,6.2,1.6,-6.0,60.0,NotYet
25.0,8.2,6.2,1.6,-6.0,70.0,NotYet
25.0,8.2,6.2,1.6,-6.0,80.0,NotYet
25.0,8.2,6.2,1.6,-6.0,90.0,NotYet
25.0,8.2,6.2,1.6,-6.0,100.0,NotYet
25.0,8.2,6.2,1.6,-6.0,110.0,NotYet
25.0,8.2,6.2,1.6,-6.0,120.0,NotYet
25.0,8.2,6.2,1.6,-6.0,130.0,NotYet
25.0,8.2,6.2,1.6,-6.0,140.0,NotYet
25.0,8.2,6.2,1.6,-6.0,150.0,NotYet
25.0,8.2,6.2,1.6,-6.0,160.0,NotYet
25.0,8.2,6.2,1.6,-6.0,170.0,NotYet
25.0,8.2,6.2,1.6,-6.0,180.0,NotYet
25.0,8.2,6.2,1.6,-6.0,190.0,NotYet
25.0,8.2,6.2,1.6,-6.0,200.0,NotYet
25.0,8.2,6.2,1.6,-6.0,210.0,NotYet
25.0,8.2,6.2,1.6,-6.0,220.0,NotYet
25.0,8.2,6.2,1.6,-6.0,230.0,NotYet
25.0,8.2,6.2,1.6,-6.0,240.0,NotYet
25.0,8.2,6.2,1.6,-6.0,250.0,NotYet
25.0,8.2,6.2,1.6,-6.0,260.0,NotYet
25.0,8.2,6.2,1.6,-6.0,270.0,NotYet
25.0,8.2,6.2,1.6,-6.0,280.0,NotYet
25.0,8.2,6.2,1.6,-6.0,290.0,NotYet
25.0,8.2,6.2,1.6,-6.0,300.0,NotYet
25.0,8.2,6.2,1.6,-6.0,310.0,NotYet
25.0,8.2,6.2,1.6,-6.0,320.0,NotYet
25.0,8.2,6.2,1.6,-6.0,330.0,NotYet
25.0,8.2,6.2,1.6,-6.0,340.0,NotYet
25.0,8.2,6.2,1.6,-6.0,350.0,NotYet
25.0,8.2,6.2,1.6,-4.0,0.0,NotYet
25.0,8.2,6.2,1.6,-4.0,10.0,NotYet
25.0,8.2,6.2,1.6,-4.0,20.0,NotYet
25.0,8.2,6.2,1.6,-4.0,30.0,NotYet
25.0,8.2,6.2,1.6,-4.0,40.0,NotYet
25.0,8.2,6.2,1.6,-4.0,50.0,NotYet
25.0,8.2,6.2,1.6,-4.0,60.0,NotYet
25.0,8.2,6.2,1.6,-4.0,70.0,NotYet
25.0,8.2,6.2,1.6,-4.0,80.0,NotYet
25.0,8.2,6.2,1.6,-4.0,90.0,NotYet
25.0,8.2,6.2,1.6,-4.0,100.0,NotYet
25.0,8.2,6.2,1.6,-4.0,110.0,NotYet
25.0,8.2,6.2,1.6,-4.0,120.0,NotYet
25.0,8.2,6.2,1.6,-4.0,130.0,NotYet
25.0,8.2,6.2,1.6,-4.0,140.0,NotYet
25.0,8.2,6.2,1.6,-4.0,150.0,NotYet
25.0,8.2,6.2,1.6,-4.0,160.0,NotYet
25.0,8.2,6.2,1.6,-4.0,170.0,NotYet
25.0,8.2,6.2,1.6,-4.0,180.0,NotYet
25.0,8.2,6.2,1.6,-4.0,190.0,NotYet
25.0,8.2,6.2,1.6,-4.0,200.0,NotYet
25.0,8.2,6.2,1.6,-4.0,210.0,NotYet
25.0,8.2,6.2,1.6,-4.0,220.0,NotYet
25.0,8.2,6.2,1.6,-4.0,230.0,NotYet
25.0,8.2,6.2,1.6,-4.0,240.0,NotYet
25.0,8.2,6.2,1.6,-4.0,250.0,NotYet
25.0,8.2,6.2,1.6,-4.0,260.0,NotYet
25.0,8.2,6.2,1.6,-4.0,270.0,NotYet
25.0,8.2,6.2,1.6,-4.0,280.0,NotYet
25.0,8.2,6.2,1.6,-4.0,290.0,NotYet
25.0,8.2,6.2,1.6,-4.0,300.0,NotYet
25.0,8.2,6.2,1.6,-4.0,310.0,NotYet
25.0,8.2,6.2,1.6,-4.0,320.0,NotYet
25.0,8.2,6.2,1.6,-4.0,330.0,NotYet
25.0,8.2,6.2,1.6,-4.0,340.0,NotYet
25.0,8.2,6.2,1.6,-4.0,350.0,NotYet
25.0,8.2,6.2,1.6,-2.0,0.0,NotYet
25.0,8.2,6.2,1.6,-2.0,10.0,NotYet
25.0,8.2,6.2,1.6,-2.0,20.0,NotYet
25.0,8.2,6.2,1.6,-2.0,30.0,NotYet
25.0,8.2,6.2,1.6,-2.0,40.0,NotYet
25.0,8.2,6.2,1.6,-2.0,50.0,NotYet
25.0,8.2,6.2,1.6,-2.0,60.0,NotYet
25.0,8.2,6.2,1.6,-2.0,70.0,NotYet
25.0,8.2,6.2,1.6,-2.0,80.0,NotYet
25.0,8.2,6.2,1.6,-2.0,90.0,NotYet
25.0,8.2,6.2,1.6,-2.0,100.0,NotYet
25.0,8.2,6.2,1.6,-2.0,110.0,NotYet
25.0,8.2,6.2,1.6,-2.0,120.0,NotYet
25.0,8.2,6.2,1.6,-2.0,130.0,NotYet
25.0,8.2,6.2,1.6,-2.0,140.0,NotYet
25.0,8.2,6.2,1.6,-2.0,150.0,NotYet
25.0,8.2,6.2,1.6,-2.0,160.0,NotYet
25.0,8.2,6.2,1.6,-2.0,170.0,NotYet
25.0,8.2,6.2,1.6,-2.0,180.0,NotYet
25.0,8.2,6.2,1.6,-2.0,190.0,NotYet
25.0,8.2,6.2,1.6,-2.0,200.0,NotYet
25.0,8.2,6.2,1.6,-2.0,210.0,NotYet
25.0,8.2,6.2,1.6,-2.0,220.0,NotYet
25.0,8.2,6.2,1.6,-2.0,230.0,NotYet
25.0,8.2,6.2,1.6,-2.0,240.0,NotYet
25.0,8.2,6.2,1.6,-2.0,250.0,NotYet
25.0,8.2,6.2,1.6,-2.0,260.0,NotYet
25.0,8.2,6.2,1.6,-2.0,270.0,NotYet
25.0,8.2,6.2,1.6,-2.0,280.0,NotYet
25.0,8.2,6.2,1.6,-2.0,290.0,NotYet
25.0,8.2,6.2,1.6,-2.0,300.0,NotYet
25.0,8.2,6.2,1.6,-2.0,310.0,NotYet
25.0,8.2,6.2,1.6,-2.0,320.0,NotYet
25.0,8.2,6.2,1.6,-2.0,330.0,NotYet
25.0,8.2,6.2,1.6,-2.0,340.0,NotYet
25.0,8.2,6.2,1.6,-2.0,350.0,NotYet
25.0,8.2,6.2,1.6,0.0,0.0,NotYet
25.0,8.2,6.2,1.6,0.0,10.0,NotYet
25.0,8.2,6.2,1.6,0.0,20.0,NotYet
25.0,8.2,6.2,1.6,0.0,30.0,NotYet
25.0,8.2,6.2,1.6,0.0,40.0,NotYet
25.0,8.2,6.2,1.6,0.0,50.0,NotYet
25.0,8.2,6.2,1.6,0.0,60.0,NotYet
25.0,8.2,6.2,1.6,0.0,70.0,NotYet
25.0,8.2,6.2,1.6,0.0,80.0,NotYet
25.0,8.2,6.2,1.6,0.0,90.0,NotYet
25.0,8.2,6.2,1.6,0.0,100.0,NotYet
25.0,8.2,6.2,1.6,0.0,110.0,NotYet
25.0,8.2,6.2,1.6,0.0,120.0,NotYet
25.0,8.2,6.2,1.6,0.0,130.0,NotYet
25.0,8.2,6.2,1.6,0.0,140.0,NotYet
25.0,8.2,6.2,1.6,0.0,150.0,NotYet
25.0,8.2,6.2,1.6,0.0,160.0,NotYet
25.0,8.2,6.2,1.6,0.0,170.0,NotYet
25.0,8.2,6.2,1.6,0.0,180.0,NotYet
25.0,8.2,6.2,1.6,0.0,190.0,NotYet
25.0,8.2,6.2,1.6,0.0,200.0,NotYet
25.0,8.2,6.2,1.6,0.0,210.0,NotYet
25.0,8.2,6.2,1.6,0.0,220.0,NotYet
25.0,8.2,6.2,1.6,0.0,230.0,NotYet
25.0,8.2,6.2,1.6,0.0,240.0,NotYet
25.0,8.2,6.2,1.6,0.0,250.0,NotYet
25.0,8.2,6.2,1.6,0.0,260.0,NotYet
25.0,8.2,6.2,1.6,0.0,270.0,NotYet
25.0,8.2,6.2,1.6,0.0,280.0,NotYet
25.0,8.2,6.2,1.6,0.0,290.0,NotYet
25.0,8.2,6.2,1.6,0.0,300.0,NotYet
25.0,8.2,6.2,1.6,0.0,310.0,NotYet
25.0,8.2,6.2,1.6,0.0,320.0,NotYet
25.0,8.2,6.2,1.6,0.0,330.0,NotYet
25.0,8.2,6.2,1.6,0.0,340.0,NotYet
25.0,8.2,6.2,1.6,0.0,350.0,NotYet
25.0,8.2,6.2,1.6,2.0,0.0,NotYet
25.0,8.2,6.2,1.6,2.0,10.0,NotYet
25.0,8.2,6.2,1.6,2.0,20.0,NotYet
25.0,8.2,6.2,1.6,2.0,30.0,NotYet
25.0,8.2,6.2,1.6,2.0,40.0,NotYet
25.0,8.2,6.2,1.6,2.0,50.0,NotYet
25.0,8.2,6.2,1.6,2.0,60.0,NotYet
25.0,8.2,6.2,1.6,2.0,70.0,NotYet
25.0,8.2,6.2,1.6,2.0,80.0,NotYet
25.0,8.2,6.2,1.6,2.0,90.0,NotYet
25.0,8.2,6.2,1.6,2.0,100.0,NotYet
25.0,8.2,6.2,1.6,2.0,110.0,NotYet
25.0,8.2,6.2,1.6,2.0,120.0,NotYet
25.0,8.2,6.2,1.6,2.0,130.0,NotYet
25.0,8.2,6.2,1.6,2.0,140.0,NotYet
25.0,8.2,6.2,1.6,2.0,150.0,NotYet
25.0,8.2,6.2,1.6,2.0,160.0,NotYet
25.0,8.2,6.2,1.6,2.0,170.0,NotYet
25.0,8.2,6.2,1.6,2.0,180.0,NotYet
25.0,8.2,6.2,1.6,2.0,190.0,NotYet
25.0,8.2,6.2,1.6,2.0,200.0,NotYet
25.0,8.2,6.2,1.6,2.0,210.0,NotYet
25.0,8.2,6.2,1.6,2.0,220.0,NotYet
25.0,8.2,6.2,1.6,2.0,230.0,NotYet
25.0,8.2,6.2,1.6,2.0,240.0,NotYet
25.0,8.2,6.2,1.6,2.0,250.0,NotYet
25.0,8.2,6.2,1.6,2.0,260.0,NotYet
25.0,8.2,6.2,1.6,2.0,270.0,NotYet
25.0,8.2,6.2,1.6,2.0,280.0,NotYet
25.0,8.2,6.2,1.6,2.0,290.0,NotYet
25.0,8.2,6.2,1.6,2.0,300.0,NotYet
25.0,8.2,6.2,1.6,2.0,310.0,NotYet
25.0,8.2,6.2,1.6,2.0,320.0,NotYet
25.0,8.2,6.2,1.6,2.0,330.0,NotYet
25.0,8.2,6.2,1.6,2.0,340.0,NotYet
25.0,8.2,6.2,1.6,2.0,350.0,NotYet
25.0,8.2,6.2,1.6,4.0,0.0,NotYet
25.0,8.2,6.2,1.6,4.0,10.0,NotYet
25.0,8.2,6.2,1.6,4.0,20.0,NotYet
25.0,8.2,6.2,1.6,4.0,30.0,NotYet
25.0,8.2,6.2,1.6,4.0,40.0,NotYet
25.0,8.2,6.2,1.6,4.0,50.0,NotYet
25.0,8.2,6.2,1.6,4.0,60.0,NotYet
25.0,8.2,6.2,1.6,4.0,70.0,NotYet
25.0,8.2,6.2,1.6,4.0,80.0,NotYet
25.0,8.2,6.2,1.6,4.0,90.0,NotYet
25.0,8.2,6.2,1.6,4.0,100.0,NotYet
25.0,8.2,6.2,1.6,4.0,110.0,NotYet
25.0,8.2,6.2,1.6,4.0,120.0,NotYet
25.0,8.2,6.2,1.6,4.0,130.0,NotYet
25.0,8.2,6.2,1.6,4.0,140.0,NotYet
25.0,8.2,6.2,1.6,4.0,150.0,NotYet
25.0,8.2,6.2,1.6,4.0,160.0,NotYet
25.0,8.2,6.2,1.6,4.0,170.0,NotYet
25.0,8.2,6.2,1.6,4.0,180.0,NotYet
25.0,8.2,6.2,1.6,4.0,190.0,NotYet
25.0,8.2,6.2,1.6,4.0,200.0,NotYet
25.0,8.2,6.2,1.6,4.0,210.0,NotYet
25.0,8.2,6.2,1.6,4.0,220.0,NotYet
25.0,8.2,6.2,1.6,4.0,230.0,NotYet
25.0,8.2,6.2,1.6,4.0,240.0,NotYet
25.0,8.2,6.2,1.6,4.0,250.0,NotYet
25.0,8.2,6.2,1.6,4.0,260.0,NotYet
25.0,8.2,6.2,1.6,4.0,270.0,NotYet
25.0,8.2,6.2,1.6,4.0,280.0,NotYet
25.0,8.2,6.2,1.6,4.0,290.0,NotYet
25.0,8.2,6.2,1.6,4.0,300.0,NotYet
25.0,8.2,6.2,1.6,4.0,310.0,NotYet
25.0,8.2,6.2,1.6,4.0,320.0,NotYet
25.0,8.2,6.2,1.6,4.0,330.0,NotYet
25.0,8.2,6.2,1.6,4.0,340.0,NotYet
25.0,8.2,6.2,1.6,4.0,350.0,NotYet
25.0,8.2,6.2,1.6,6.0,0.0,NotYet
25.0,8.2,6.2,1.6,6.0,10.0,NotYet
25.0,8.2,6.2,1.6,6.0,20.0,NotYet
25.0,8.2,6.2,1.6,6.0,30.0,NotYet
25.0,8.2,6.2,1.6,6.0,40.0,NotYet
25.0,8.2,6.2,1.6,6.0,50.0,NotYet
25.0,8.2,6.2,1.6,6.0,60.0,NotYet
25.0,8.2,6.2,1.6,6.0,70.0,NotYet
25.0,8.2,6.2,1.6,6.0,80.0,NotYet
25.0,8.2,6.2,1.6,6.0,90.0,NotYet
25.0,8.2,6.2,1.6,6.0,100.0,NotYet
25.0,8.2,6.2,1.6,6.0,110.0,NotYet
25.0,8.2,6.2,1.6,6.0,120.0,NotYet
25.0,8.2,6.2,1.6,6.0,130.0,NotYet
25.0,8.2,6.2,1.6,6.0,140.0,NotYet
25.0,8.2,6.2,1.6,6.0,150.0,NotYet
25.0,8.2,6.2,1.6,6.0,160.0,NotYet
25.0,8.2,6.2,1.6,6.0,170.0,NotYet
25.0,8.2,6.2,1.6,6.0,180.0,NotYet
25.0,8.2,6.2,1.6,6.0,190.0,NotYet
25.0,8.2,6.2,1.6,6.0,200.0,NotYet
25.0,8.2,6.2,1.6,6.0,210.0,NotYet
25.0,8.2,6.2,1.6,6.0,220.0,NotYet
25.0,8.2,6.2,1.6,6.0,230.0,NotYet
25.0,8.2,6.2,1.6,6.0,240.0,NotYet
25.0,8.2,6.2,1.6,6.0,250.0,NotYet
25.0,8.2,6.2,1.6,6.0,260.0,NotYet
25.0,8.2,6.2,1.6,6.0,270.0,NotYet
25.0,8.2,6.2,1.6,6.0,280.0,NotYet
25.0,8.2,6.2,1.6,6.0,290.0,NotYet
25.0,8.2,6.2,1.6,6.0,300.0,NotYet
25.0,8.2,6.2,1.6,6.0,310.0,NotYet
25.0,8.2,6.2,1.6,6.0,320.0,NotYet
25.0,8.2,6.2,1.6,6.0,330.0,NotYet
25.0,8.2,6.2,1.6,6.0,340.0,NotYet
25.0,8.2,6.2,1.6,6.0,350.0,NotYet
25.0,8.2,6.2,1.6,8.0,0.0,NotYet
25.0,8.2,6.2,1.6,8.0,10.0,NotYet
25.0,8.2,6.2,1.6,8.0,20.0,NotYet
25.0,8.2,6.2,1.6,8.0,30.0,NotYet
25.0,8.2,6.2,1.6,8.0,40.0,NotYet
25.0,8.2,6.2,1.6,8.0,50.0,NotYet
25.0,8.2,6.2,1.6,8.0,60.0,NotYet
25.0,8.2,6.2,1.6,8.0,70.0,NotYet
25.0,8.2,6.2,1.6,8.0,80.0,NotYet
25.0,8.2,6.2,1.6,8.0,90.0,NotYet
25.0,8.2,6.2,1.6,8.0,100.0,NotYet
25.0,8.2,6.2,1.6,8.0,110.0,NotYet
25.0,8.2,6.2,1.6,8.0,120.0,NotYet
25.0,8.2,6.2,1.6,8.0,130.0,NotYet
25.0,8.2,6.2,1.6,8.0,140.0,NotYet
25.0,8.2,6.2,1.6,8.0,150.0,NotYet
25.0,8.2,6.2,1.6,8.0,160.0,NotYet
25.0,8.2,6.2,1.6,8.0,170.0,NotYet
25.0,8.2,6.2,1.6,8.0,180.0,NotYet
25.0,8.2,6.2,1.6,8.0,190.0,NotYet
25.0,8.2,6.2,1.6,8.0,200.0,NotYet
25.0,8.2,6.2,1.6,8.0,210.0,NotYet
25.0,8.2,6.2,1.6,8.0,220.0,NotYet
25.0,8.2,6.2,1.6,8.0,230.0,NotYet
25.0,8.2,6.2,1.6,8.0,240.0,NotYet
25.0,8.2,6.2,1.6,8.0,250.0,NotYet
25.0,8.2,6.2,1.6,8.0,260.0,NotYet
25.0,8.2,6.2,1.6,8.0,270.0,NotYet
25.0,8.2,6.2,1.6,8.0,280.0,NotYet
25.0,8.2,6.2,1.6,8.0,290.0,NotYet
25.0,8.2,6.2,1.6,8.0,300.0,NotYet
25.0,8.2,6.2,1.6,8.0,310.0,NotYet
25.0,8.2,6.2,1.6,8.0,320.0,NotYet
25.0,8.2,6.2,1.6,8.0,330.0,NotYet
25.0,8.2,6.2,1.6,8.0,340.0,NotYet
25.0,8.2,6.2,1.6,8.0,350.0,NotYet
25.0,8.2,6.2,1.6,10.0,0.0,NotYet
25.0,8.2,6.2,1.6,10.0,10.0,NotYet
25.0,8.2,6.2,1.6,10.0,20.0,NotYet
25.0,8.2,6.2,1.6,10.0,30.0,NotYet
25.0,8.2,6.2,1.6,10.0,40.0,NotYet
25.0,8.2,6.2,1.6,10.0,50.0,NotYet
25.0,8.2,6.2,1.6,10.0,60.0,NotYet
25.0,8.2,6.2,1.6,10.0,70.0,NotYet
25.0,8.2,6.2,1.6,10.0,80.0,NotYet
25.0,8.2,6.2,1.6,10.0,90.0,NotYet
25.0,8.2,6.2,1.6,10.0,100.0,NotYet
25.0,8.2,6.2,1.6,10.0,110.0,NotYet
25.0,8.2,6.2,1.6,10.0,120.0,NotYet
25.0,8.2,6.2,1.6,10.0,130.0,NotYet
25.0,8.2,6.2,1.6,10.0,140.0,NotYet
25.0,8.2,6.2,1.6,10.0,150.0,NotYet
25.0,8.2,6.2,1.6,10.0,160.0,NotYet
25.0,8.2,6.2,1.6,10.0,170.0,NotYet
25.0,8.2,6.2,1.6,10.0,180.0,NotYet
25.0,8.2,6.2,1.6,10.0,190.0,NotYet
25.0,8.2,6.2,1.6,10.0,200.0,NotYet
25.0,8.2,6.2,1.6,10.0,210.0,NotYet
25.0,8.2,6.2,1.6,10.0,220.0,NotYet
25.0,8.2,6.2,1.6,10.0,230.0,NotYet
25.0,8.2,6.2,1.6,10.0,240.0,NotYet
25.0,8.2,6.2,1.6,10.0,250.0,NotYet
25.0,8.2,6.2,1.6,10.0,260.0,NotYet
25.0,8.2,6.2,1.6,10.0,270.0,NotYet
25.0,8.2,6.2,1.6,10.0,280.0,NotYet
25.0,8.2,6.2,1.6,10.0,290.0,NotYet
25.0,8.2,6.2,1.6,10.0,300.0,NotYet
25.0,8.2,6.2,1.6,10.0,310.0,NotYet
25.0,8.2,6.2,1.6,10.0,320.0,NotYet
25.0,8.2,6.2,1.6,10.0,330.0,NotYet
25.0,8.2,6.2,1.6,10.0,340.0,NotYet
25.0,8.2,6.2,1.6,10.0,350.0,NotYet
25.0,8.2,6.2,1.6,12.0,0.0,NotYet
25.0,8.2,6.2,1.6,12.0,10.0,NotYet
25.0,8.2,6.2,1.6,12.0,20.0,NotYet
25.0,8.2,6.2,1.6,12.0,30.0,NotYet
25.0,8.2,6.2,1.6,12.0,40.0,NotYet
25.0,8.2,6.2,1.6,12.0,50.0,NotYet
25.0,8.2,6.2,1.6,12.0,60.0,NotYet
25.0,8.2,6.2,1.6,12.0,70.0,NotYet
25.0,8.2,6.2,1.6,12.0,80.0,NotYet
25.0,8.2,6.2,1.6,12.0,90.0,NotYet
25.0,8.2,6.2,1.6,12.0,100.0,NotYet
25.0,8.2,6.2,1.6,12.0,110.0,NotYet
25.0,8.2,6.2,1.6,12.0,120.0,NotYet
25.0,8.2,6.2,1.6,12.0,130.0,NotYet
25.0,8.2,6.2,1.6,12.0,140.0,NotYet
25.0,8.2,6.2,1.6,12.0,150.0,NotYet
25.0,8.2,6.2,1.6,12.0,160.0,NotYet
25.0,8.2,6.2,1.6,12.0,170.0,NotYet
25.0,8.2,6.2,1.6,12.0,180.0,NotYet
25.0,8.2,6.2,1.6,12.0,190.0,NotYet
25.0,8.2,6.2,1.6,12.0,200.0,NotYet
25.0,8.2,6.2,1.6,12.0,210.0,NotYet
25.0,8.2,6.2,1.6,12.0,220.0,NotYet
25.0,8.2,6.2,1.6,12.0,230.0,NotYet
25.0,8.2,6.2,1.6,12.0,240.0,NotYet
25.0,8.2,6.2,1.6,12.0,250.0,NotYet
25.0,8.2,6.2,1.6,12.0,260.0,NotYet
25.0,8.2,6.2,1.6,12.0,270.0,NotYet
25.0,8.2,6.2,1.6,12.0,280.0,NotYet
25.0,8.2,6.2,1.6,12.0,290.0,NotYet
25.0,8.2,6.2,1.6,12.0,300.0,NotYet
25.0,8.2,6.2,1.6,12.0,310.0,NotYet
25.0,8.2,6.2,1.6,12.0,320.0,NotYet
25.0,8.2,6.2,1.6,12.0,330.0,NotYet
25.0,8.2,6.2,1.6,12.0,340.0,NotYet
25.0,8.2,6.2,1.6,12.0,350.0,NotYet
25.0,8.2,6.2,1.6,14.0,0.0,NotYet
25.0,8.2,6.2,1.6,14.0,10.0,NotYet
25.0,8.2,6.2,1.6,14.0,20.0,NotYet
25.0,8.2,6.2,1.6,14.0,30.0,NotYet
25.0,8.2,6.2,1.6,14.0,40.0,NotYet
25.0,8.2,6.2,1.6,14.0,50.0,NotYet
25.0,8.2,6.2,1.6,14.0,60.0,NotYet
25.0,8.2,6.2,1.6,14.0,70.0,NotYet
25.0,8.2,6.2,1.6,14.0,80.0,NotYet
25.0,8.2,6.2,1.6,14.0,90.0,NotYet
25.0,8.2,6.2,1.6,14.0,100.0,NotYet
25.0,8.2,6.2,1.6,14.0,110.0,NotYet
25.0,8.2,6.2,1.6,14.0,120.0,NotYet
25.0,8.2,6.2,1.6,14.0,130.0,NotYet
25.0,8.2,6.2,1.6,14.0,140.0,NotYet
25.0,8.2,6.2,1.6,14.0,150.0,NotYet
25.0,8.2,6.2,1.6,14.0,160.0,NotYet
25.0,8.2,6.2,1.6,14.0,170.0,NotYet
25.0,8.2,6.2,1.6,14.0,180.0,NotYet
25.0,8.2,6.2,1.6,14.0,190.0,NotYet
25.0,8.2,6.2,1.6,14.0,200.0,NotYet
25.0,8.2,6.2,1.6,14.0,210.0,NotYet
25.0,8.2,6.2,1.6,14.0,220.0,NotYet
25.0,8.2,6.2,1.6,14.0,230.0,NotYet
25.0,8.2,6.2,1.6,14.0,240.0,NotYet
25.0,8.2,6.2,1.6,14.0,250.0,NotYet
25.0,8.2,6.2,1.6,14.0,260.0,NotYet
25.0,8.2,6.2,1.6,14.0,270.0,NotYet
25.0,8.2,6.2,1.6,14.0,280.0,NotYet
25.0,8.2,6.2,1.6,14.0,290.0,NotYet
25.0,8.2,6.2,1.6,14.0,300.0,NotYet
25.0,8.2,6.2,1.6,14.0,310.0,NotYet
25.0,8.2,6.2,1.6,14.0,320.0,NotYet
25.0,8.2,6.2,1.6,14.0,330.0,NotYet
25.0,8.2,6.2,1.6,14.0,340.0,NotYet
25.0,8.2,6.2,1.6,14.0,350.0,NotYet
25.0,8.2,6.2,1.8,-14.0,0.0,NotYet
25.0,8.2,6.2,1.8,-14.0,10.0,NotYet
25.0,8.2,6.2,1.8,-14.0,20.0,NotYet
25.0,8.2,6.2,1.8,-14.0,30.0,NotYet
25.0,8.2,6.2,1.8,-14.0,40.0,NotYet
25.0,8.2,6.2,1.8,-14.0,50.0,NotYet
25.0,8.2,6.2,1.8,-14.0,60.0,NotYet
25.0,8.2,6.2,1.8,-14.0,70.0,NotYet
25.0,8.2,6.2,1.8,-14.0,80.0,NotYet
25.0,8.2,6.2,1.8,-14.0,90.0,NotYet
25.0,8.2,6.2,1.8,-14.0,100.0,NotYet
25.0,8.2,6.2,1.8,-14.0,110.0,NotYet
25.0,8.2,6.2,1.8,-14.0,120.0,NotYet
25.0,8.2,6.2,1.8,-14.0,130.0,NotYet
25.0,8.2,6.2,1.8,-14.0,140.0,NotYet
25.0,8.2,6.2,1.8,-14.0,150.0,NotYet
25.0,8.2,6.2,1.8,-14.0,160.0,NotYet
25.0,8.2,6.2,1.8,-14.0,170.0,NotYet
25.0,8.2,6.2,1.8,-14.0,180.0,NotYet
25.0,8.2,6.2,1.8,-14.0,190.0,NotYet
25.0,8.2,6.2,1.8,-14.0,200.0,NotYet
25.0,8.2,6.2,1.8,-14.0,210.0,NotYet
25.0,8.2,6.2,1.8,-14.0,220.0,NotYet
25.0,8.2,6.2,1.8,-14.0,230.0,NotYet
25.0,8.2,6.2,1.8,-14.0,240.0,NotYet
25.0,8.2,6.2,1.8,-14.0,250.0,NotYet
25.0,8.2,6.2,1.8,-14.0,260.0,NotYet
25.0,8.2,6.2,1.8,-14.0,270.0,NotYet
25.0,8.2,6.2,1.8,-14.0,280.0,NotYet
25.0,8.2,6.2,1.8,-14.0,290.0,NotYet
25.0,8.2,6.2,1.8,-14.0,300.0,NotYet
25.0,8.2,6.2,1.8,-14.0,310.0,NotYet
25.0,8.2,6.2,1.8,-14.0,320.0,NotYet
25.0,8.2,6.2,1.8,-14.0,330.0,NotYet
25.0,8.2,6.2,1.8,-14.0,340.0,NotYet
25.0,8.2,6.2,1.8,-14.0,350.0,NotYet
25.0,8.2,6.2,1.8,-12.0,0.0,NotYet
25.0,8.2,6.2,1.8,-12.0,10.0,NotYet
25.0,8.2,6.2,1.8,-12.0,20.0,NotYet
25.0,8.2,6.2,1.8,-12.0,30.0,NotYet
25.0,8.2,6.2,1.8,-12.0,40.0,NotYet
25.0,8.2,6.2,1.8,-12.0,50.0,NotYet
25.0,8.2,6.2,1.8,-12.0,60.0,NotYet
25.0,8.2,6.2,1.8,-12.0,70.0,NotYet
25.0,8.2,6.2,1.8,-12.0,80.0,NotYet
25.0,8.2,6.2,1.8,-12.0,90.0,NotYet
25.0,8.2,6.2,1.8,-12.0,100.0,NotYet
25.0,8.2,6.2,1.8,-12.0,110.0,NotYet
25.0,8.2,6.2,1.8,-12.0,120.0,NotYet
25.0,8.2,6.2,1.8,-12.0,130.0,NotYet
25.0,8.2,6.2,1.8,-12.0,140.0,NotYet
25.0,8.2,6.2,1.8,-12.0,150.0,NotYet
25.0,8.2,6.2,1.8,-12.0,160.0,NotYet
25.0,8.2,6.2,1.8,-12.0,170.0,NotYet
25.0,8.2,6.2,1.8,-12.0,180.0,NotYet
25.0,8.2,6.2,1.8,-12.0,190.0,NotYet
25.0,8.2,6.2,1.8,-12.0,200.0,NotYet
25.0,8.2,6.2,1.8,-12.0,210.0,NotYet
25.0,8.2,6.2,1.8,-12.0,220.0,NotYet
25.0,8.2,6.2,1.8,-12.0,230.0,NotYet
25.0,8.2,6.2,1.8,-12.0,240.0,NotYet
25.0,8.2,6.2,1.8,-12.0,250.0,NotYet
25.0,8.2,6.2,1.8,-12.0,260.0,NotYet
25.0,8.2,6.2,1.8,-12.0,270.0,NotYet
25.0,8.2,6.2,1.8,-12.0,280.0,NotYet
25.0,8.2,6.2,1.8,-12.0,290.0,NotYet
25.0,8.2,6.2,1.8,-12.0,300.0,NotYet
25.0,8.2,6.2,1.8,-12.0,310.0,NotYet
25.0,8.2,6.2,1.8,-12.0,320.0,NotYet
25.0,8.2,6.2,1.8,-12.0,330.0,NotYet
25.0,8.2,6.2,1.8,-12.0,340.0,NotYet
25.0,8.2,6.2,1.8,-12.0,350.0,NotYet
25.0,8.2,6.2,1.8,-10.0,0.0,NotYet
25.0,8.2,6.2,1.8,-10.0,10.0,NotYet
25.0,8.2,6.2,1.8,-10.0,20.0,NotYet
25.0,8.2,6.2,1.8,-10.0,30.0,NotYet
25.0,8.2,6.2,1.8,-10.0,40.0,NotYet
25.0,8.2,6.2,1.8,-10.0,50.0,NotYet
25.0,8.2,6.2,1.8,-10.0,60.0,NotYet
25.0,8.2,6.2,1.8,-10.0,70.0,NotYet
25.0,8.2,6.2,1.8,-10.0,80.0,NotYet
25.0,8.2,6.2,1.8,-10.0,90.0,NotYet
25.0,8.2,6.2,1.8,-10.0,100.0,NotYet
25.0,8.2,6.2,1.8,-10.0,110.0,NotYet
25.0,8.2,6.2,1.8,-10.0,120.0,NotYet
25.0,8.2,6.2,1.8,-10.0,130.0,NotYet
25.0,8.2,6.2,1.8,-10.0,140.0,NotYet
25.0,8.2,6.2,1.8,-10.0,150.0,NotYet
25.0,8.2,6.2,1.8,-10.0,160.0,NotYet
25.0,8.2,6.2,1.8,-10.0,170.0,NotYet
25.0,8.2,6.2,1.8,-10.0,180.0,NotYet
25.0,8.2,6.2,1.8,-10.0,190.0,NotYet
25.0,8.2,6.2,1.8,-10.0,200.0,NotYet
25.0,8.2,6.2,1.8,-10.0,210.0,NotYet
25.0,8.2,6.2,1.8,-10.0,220.0,NotYet
25.0,8.2,6.2,1.8,-10.0,230.0,NotYet
25.0,8.2,6.2,1.8,-10.0,240.0,NotYet
25.0,8.2,6.2,1.8,-10.0,250.0,NotYet
25.0,8.2,6.2,1.8,-10.0,260.0,NotYet
25.0,8.2,6.2,1.8,-10.0,270.0,NotYet
25.0,8.2,6.2,1.8,-10.0,280.0,NotYet
25.0,8.2,6.2,1.8,-10.0,290.0,NotYet
25.0,8.2,6.2,1.8,-10.0,300.0,NotYet
25.0,8.2,6.2,1.8,-10.0,310.0,NotYet
25.0,8.2,6.2,1.8,-10.0,320.0,NotYet
25.0,8.2,6.2,1.8,-10.0,330.0,NotYet
25.0,8.2,6.2,1.8,-10.0,340.0,NotYet
25.0,8.2,6.2,1.8,-10.0,350.0,NotYet
25.0,8.2,6.2,1.8,-8.0,0.0,NotYet
25.0,8.2,6.2,1.8,-8.0,10.0,NotYet
25.0,8.2,6.2,1.8,-8.0,20.0,NotYet
25.0,8.2,6.2,1.8,-8.0,30.0,NotYet
25.0,8.2,6.2,1.8,-8.0,40.0,NotYet
25.0,8.2,6.2,1.8,-8.0,50.0,NotYet
25.0,8.2,6.2,1.8,-8.0,60.0,NotYet
25.0,8.2,6.2,1.8,-8.0,70.0,NotYet
25.0,8.2,6.2,1.8,-8.0,80.0,NotYet
25.0,8.2,6.2,1.8,-8.0,90.0,NotYet
25.0,8.2,6.2,1.8,-8.0,100.0,NotYet
25.0,8.2,6.2,1.8,-8.0,110.0,NotYet
25.0,8.2,6.2,1.8,-8.0,120.0,NotYet
25.0,8.2,6.2,1.8,-8.0,130.0,NotYet
25.0,8.2,6.2,1.8,-8.0,140.0,NotYet
25.0,8.2,6.2,1.8,-8.0,150.0,NotYet
25.0,8.2,6.2,1.8,-8.0,160.0,NotYet
25.0,8.2,6.2,1.8,-8.0,170.0,NotYet
25.0,8.2,6.2,1.8,-8.0,180.0,NotYet
25.0,8.2,6.2,1.8,-8.0,190.0,NotYet
25.0,8.2,6.2,1.8,-8.0,200.0,NotYet
25.0,8.2,6.2,1.8,-8.0,210.0,NotYet
25.0,8.2,6.2,1.8,-8.0,220.0,NotYet
25.0,8.2,6.2,1.8,-8.0,230.0,NotYet
25.0,8.2,6.2,1.8,-8.0,240.0,NotYet
25.0,8.2,6.2,1.8,-8.0,250.0,NotYet
25.0,8.2,6.2,1.8,-8.0,260.0,NotYet
25.0,8.2,6.2,1.8,-8.0,270.0,NotYet
25.0,8.2,6.2,1.8,-8.0,280.0,NotYet
25.0,8.2,6.2,1.8,-8.0,290.0,NotYet
25.0,8.2,6.2,1.8,-8.0,300.0,NotYet
25.0,8.2,6.2,1.8,-8.0,310.0,NotYet
25.0,8.2,6.2,1.8,-8.0,320.0,NotYet
25.0,8.2,6.2,1.8,-8.0,330.0,NotYet
25.0,8.2,6.2,1.8,-8.0,340.0,NotYet
25.0,8.2,6.2,1.8,-8.0,350.0,NotYet
25.0,8.2,6.2,1.8,-6.0,0.0,NotYet
25.0,8.2,6.2,1.8,-6.0,10.0,NotYet
25.0,8.2,6.2,1.8,-6.0,20.0,NotYet
25.0,8.2,6.2,1.8,-6.0,30.0,NotYet
25.0,8.2,6.2,1.8,-6.0,40.0,NotYet
25.0,8.2,6.2,1.8,-6.0,50.0,NotYet
25.0,8.2,6.2,1.8,-6.0,60.0,NotYet
25.0,8.2,6.2,1.8,-6.0,70.0,NotYet
25.0,8.2,6.2,1.8,-6.0,80.0,NotYet
25.0,8.2,6.2,1.8,-6.0,90.0,NotYet
25.0,8.2,6.2,1.8,-6.0,100.0,NotYet
25.0,8.2,6.2,1.8,-6.0,110.0,NotYet
25.0,8.2,6.2,1.8,-6.0,120.0,NotYet
25.0,8.2,6.2,1.8,-6.0,130.0,NotYet
25.0,8.2,6.2,1.8,-6.0,140.0,NotYet
25.0,8.2,6.2,1.8,-6.0,150.0,NotYet
25.0,8.2,6.2,1.8,-6.0,160.0,NotYet
25.0,8.2,6.2,1.8,-6.0,170.0,NotYet
25.0,8.2,6.2,1.8,-6.0,180.0,NotYet
25.0,8.2,6.2,1.8,-6.0,190.0,NotYet
25.0,8.2,6.2,1.8,-6.0,200.0,NotYet
25.0,8.2,6.2,1.8,-6.0,210.0,NotYet
25.0,8.2,6.2,1.8,-6.0,220.0,NotYet
25.0,8.2,6.2,1.8,-6.0,230.0,NotYet
25.0,8.2,6.2,1.8,-6.0,240.0,NotYet
25.0,8.2,6.2,1.8,-6.0,250.0,NotYet
25.0,8.2,6.2,1.8,-6.0,260.0,NotYet
25.0,8.2,6.2,1.8,-6.0,270.0,NotYet
25.0,8.2,6.2,1.8,-6.0,280.0,NotYet
25.0,8.2,6.2,1.8,-6.0,290.0,NotYet
25.0,8.2,6.2,1.8,-6.0,300.0,NotYet
25.0,8.2,6.2,1.8,-6.0,310.0,NotYet
25.0,8.2,6.2,1.8,-6.0,320.0,NotYet
25.0,8.2,6.2,1.8,-6.0,330.0,NotYet
25.0,8.2,6.2,1.8,-6.0,340.0,NotYet
25.0,8.2,6.2,1.8,-6.0,350.0,NotYet
25.0,8.2,6.2,1.8,-4.0,0.0,NotYet
25.0,8.2,6.2,1.8,-4.0,10.0,NotYet
25.0,8.2,6.2,1.8,-4.0,20.0,NotYet
25.0,8.2,6.2,1.8,-4.0,30.0,NotYet
25.0,8.2,6.2,1.8,-4.0,40.0,NotYet
25.0,8.2,6.2,1.8,-4.0,50.0,NotYet
25.0,8.2,6.2,1.8,-4.0,60.0,NotYet
25.0,8.2,6.2,1.8,-4.0,70.0,NotYet
25.0,8.2,6.2,1.8,-4.0,80.0,NotYet
25.0,8.2,6.2,1.8,-4.0,90.0,NotYet
25.0,8.2,6.2,1.8,-4.0,100.0,NotYet
25.0,8.2,6.2,1.8,-4.0,110.0,NotYet
25.0,8.2,6.2,1.8,-4.0,120.0,NotYet
25.0,8.2,6.2,1.8,-4.0,130.0,NotYet
25.0,8.2,6.2,1.8,-4.0,140.0,NotYet
25.0,8.2,6.2,1.8,-4.0,150.0,NotYet
25.0,8.2,6.2,1.8,-4.0,160.0,NotYet
25.0,8.2,6.2,1.8,-4.0,170.0,NotYet
25.0,8.2,6.2,1.8,-4.0,180.0,NotYet
25.0,8.2,6.2,1.8,-4.0,190.0,NotYet
25.0,8.2,6.2,1.8,-4.0,200.0,NotYet
25.0,8.2,6.2,1.8,-4.0,210.0,NotYet
25.0,8.2,6.2,1.8,-4.0,220.0,NotYet
25.0,8.2,6.2,1.8,-4.0,230.0,NotYet
25.0,8.2,6.2,1.8,-4.0,240.0,NotYet
25.0,8.2,6.2,1.8,-4.0,250.0,NotYet
25.0,8.2,6.2,1.8,-4.0,260.0,NotYet
25.0,8.2,6.2,1.8,-4.0,270.0,NotYet
25.0,8.2,6.2,1.8,-4.0,280.0,NotYet
25.0,8.2,6.2,1.8,-4.0,290.0,NotYet
25.0,8.2,6.2,1.8,-4.0,300.0,NotYet
25.0,8.2,6.2,1.8,-4.0,310.0,NotYet
25.0,8.2,6.2,1.8,-4.0,320.0,NotYet
25.0,8.2,6.2,1.8,-4.0,330.0,NotYet
25.0,8.2,6.2,1.8,-4.0,340.0,NotYet
25.0,8.2,6.2,1.8,-4.0,350.0,NotYet
25.0,8.2,6.2,1.8,-2.0,0.0,NotYet
25.0,8.2,6.2,1.8,-2.0,10.0,NotYet
25.0,8.2,6.2,1.8,-2.0,20.0,NotYet
25.0,8.2,6.2,1.8,-2.0,30.0,NotYet
25.0,8.2,6.2,1.8,-2.0,40.0,NotYet
25.0,8.2,6.2,1.8,-2.0,50.0,NotYet
25.0,8.2,6.2,1.8,-2.0,60.0,NotYet
25.0,8.2,6.2,1.8,-2.0,70.0,NotYet
25.0,8.2,6.2,1.8,-2.0,80.0,NotYet
25.0,8.2,6.2,1.8,-2.0,90.0,NotYet
25.0,8.2,6.2,1.8,-2.0,100.0,NotYet
25.0,8.2,6.2,1.8,-2.0,110.0,NotYet
25.0,8.2,6.2,1.8,-2.0,120.0,NotYet
25.0,8.2,6.2,1.8,-2.0,130.0,NotYet
25.0,8.2,6.2,1.8,-2.0,140.0,NotYet
25.0,8.2,6.2,1.8,-2.0,150.0,NotYet
25.0,8.2,6.2,1.8,-2.0,160.0,NotYet
25.0,8.2,6.2,1.8,-2.0,170.0,NotYet
25.0,8.2,6.2,1.8,-2.0,180.0,NotYet
25.0,8.2,6.2,1.8,-2.0,190.0,NotYet
25.0,8.2,6.2,1.8,-2.0,200.0,NotYet
25.0,8.2,6.2,1.8,-2.0,210.0,NotYet
25.0,8.2,6.2,1.8,-2.0,220.0,NotYet
25.0,8.2,6.2,1.8,-2.0,230.0,NotYet
25.0,8.2,6.2,1.8,-2.0,240.0,NotYet
25.0,8.2,6.2,1.8,-2.0,250.0,NotYet
25.0,8.2,6.2,1.8,-2.0,260.0,NotYet
25.0,8.2,6.2,1.8,-2.0,270.0,NotYet
25.0,8.2,6.2,1.8,-2.0,280.0,NotYet
25.0,8.2,6.2,1.8,-2.0,290.0,NotYet
25.0,8.2,6.2,1.8,-2.0,300.0,NotYet
25.0,8.2,6.2,1.8,-2.0,310.0,NotYet
25.0,8.2,6.2,1.8,-2.0,320.0,NotYet
25.0,8.2,6.2,1.8,-2.0,330.0,NotYet
25.0,8.2,6.2,1.8,-2.0,340.0,NotYet
25.0,8.2,6.2,1.8,-2.0,350.0,NotYet
25.0,8.2,6.2,1.8,0.0,0.0,NotYet
25.0,8.2,6.2,1.8,0.0,10.0,NotYet
25.0,8.2,6.2,1.8,0.0,20.0,NotYet
25.0,8.2,6.2,1.8,0.0,30.0,NotYet
25.0,8.2,6.2,1.8,0.0,40.0,NotYet
25.0,8.2,6.2,1.8,0.0,50.0,NotYet
25.0,8.2,6.2,1.8,0.0,60.0,NotYet
25.0,8.2,6.2,1.8,0.0,70.0,NotYet
25.0,8.2,6.2,1.8,0.0,80.0,NotYet
25.0,8.2,6.2,1.8,0.0,90.0,NotYet
25.0,8.2,6.2,1.8,0.0,100.0,NotYet
25.0,8.2,6.2,1.8,0.0,110.0,NotYet
25.0,8.2,6.2,1.8,0.0,120.0,NotYet
25.0,8.2,6.2,1.8,0.0,130.0,NotYet
25.0,8.2,6.2,1.8,0.0,140.0,NotYet
25.0,8.2,6.2,1.8,0.0,150.0,NotYet
25.0,8.2,6.2,1.8,0.0,160.0,NotYet
25.0,8.2,6.2,1.8,0.0,170.0,NotYet
25.0,8.2,6.2,1.8,0.0,180.0,NotYet
25.0,8.2,6.2,1.8,0.0,190.0,NotYet
25.0,8.2,6.2,1.8,0.0,200.0,NotYet
25.0,8.2,6.2,1.8,0.0,210.0,NotYet
25.0,8.2,6.2,1.8,0.0,220.0,NotYet
25.0,8.2,6.2,1.8,0.0,230.0,NotYet
25.0,8.2,6.2,1.8,0.0,240.0,NotYet
25.0,8.2,6.2,1.8,0.0,250.0,NotYet
25.0,8.2,6.2,1.8,0.0,260.0,NotYet
25.0,8.2,6.2,1.8,0.0,270.0,NotYet
25.0,8.2,6.2,1.8,0.0,280.0,NotYet
25.0,8.2,6.2,1.8,0.0,290.0,NotYet
25.0,8.2,6.2,1.8,0.0,300.0,NotYet
25.0,8.2,6.2,1.8,0.0,310.0,NotYet
25.0,8.2,6.2,1.8,0.0,320.0,NotYet
25.0,8.2,6.2,1.8,0.0,330.0,NotYet
25.0,8.2,6.2,1.8,0.0,340.0,NotYet
25.0,8.2,6.2,1.8,0.0,350.0,NotYet
25.0,8.2,6.2,1.8,2.0,0.0,NotYet
25.0,8.2,6.2,1.8,2.0,10.0,NotYet
25.0,8.2,6.2,1.8,2.0,20.0,NotYet
25.0,8.2,6.2,1.8,2.0,30.0,NotYet
25.0,8.2,6.2,1.8,2.0,40.0,NotYet
25.0,8.2,6.2,1.8,2.0,50.0,NotYet
25.0,8.2,6.2,1.8,2.0,60.0,NotYet
25.0,8.2,6.2,1.8,2.0,70.0,NotYet
25.0,8.2,6.2,1.8,2.0,80.0,NotYet
25.0,8.2,6.2,1.8,2.0,90.0,NotYet
25.0,8.2,6.2,1.8,2.0,100.0,NotYet
25.0,8.2,6.2,1.8,2.0,110.0,NotYet
25.0,8.2,6.2,1.8,2.0,120.0,NotYet
25.0,8.2,6.2,1.8,2.0,130.0,NotYet
25.0,8.2,6.2,1.8,2.0,140.0,NotYet
25.0,8.2,6.2,1.8,2.0,150.0,NotYet
25.0,8.2,6.2,1.8,2.0,160.0,NotYet
25.0,8.2,6.2,1.8,2.0,170.0,NotYet
25.0,8.2,6.2,1.8,2.0,180.0,NotYet
25.0,8.2,6.2,1.8,2.0,190.0,NotYet
25.0,8.2,6.2,1.8,2.0,200.0,NotYet
25.0,8.2,6.2,1.8,2.0,210.0,NotYet
25.0,8.2,6.2,1.8,2.0,220.0,NotYet
25.0,8.2,6.2,1.8,2.0,230.0,NotYet
25.0,8.2,6.2,1.8,2.0,240.0,NotYet
25.0,8.2,6.2,1.8,2.0,250.0,NotYet
25.0,8.2,6.2,1.8,2.0,260.0,NotYet
25.0,8.2,6.2,1.8,2.0,270.0,NotYet
25.0,8.2,6.2,1.8,2.0,280.0,NotYet
25.0,8.2,6.2,1.8,2.0,290.0,NotYet
25.0,8.2,6.2,1.8,2.0,300.0,NotYet
25.0,8.2,6.2,1.8,2.0,310.0,NotYet
25.0,8.2,6.2,1.8,2.0,320.0,NotYet
25.0,8.2,6.2,1.8,2.0,330.0,NotYet
25.0,8.2,6.2,1.8,2.0,340.0,NotYet
25.0,8.2,6.2,1.8,2.0,350.0,NotYet
25.0,8.2,6.2,1.8,4.0,0.0,NotYet
25.0,8.2,6.2,1.8,4.0,10.0,NotYet
25.0,8.2,6.2,1.8,4.0,20.0,NotYet
25.0,8.2,6.2,1.8,4.0,30.0,NotYet
25.0,8.2,6.2,1.8,4.0,40.0,NotYet
25.0,8.2,6.2,1.8,4.0,50.0,NotYet
25.0,8.2,6.2,1.8,4.0,60.0,NotYet
25.0,8.2,6.2,1.8,4.0,70.0,NotYet
25.0,8.2,6.2,1.8,4.0,80.0,NotYet
25.0,8.2,6.2,1.8,4.0,90.0,NotYet
25.0,8.2,6.2,1.8,4.0,100.0,NotYet
25.0,8.2,6.2,1.8,4.0,110.0,NotYet
25.0,8.2,6.2,1.8,4.0,120.0,NotYet
25.0,8.2,6.2,1.8,4.0,130.0,NotYet
25.0,8.2,6.2,1.8,4.0,140.0,NotYet
25.0,8.2,6.2,1.8,4.0,150.0,NotYet
25.0,8.2,6.2,1.8,4.0,160.0,NotYet
25.0,8.2,6.2,1.8,4.0,170.0,NotYet
25.0,8.2,6.2,1.8,4.0,180.0,NotYet
25.0,8.2,6.2,1.8,4.0,190.0,NotYet
25.0,8.2,6.2,1.8,4.0,200.0,NotYet
25.0,8.2,6.2,1.8,4.0,210.0,NotYet
25.0,8.2,6.2,1.8,4.0,220.0,NotYet
25.0,8.2,6.2,1.8,4.0,230.0,NotYet
25.0,8.2,6.2,1.8,4.0,240.0,NotYet
25.0,8.2,6.2,1.8,4.0,250.0,NotYet
25.0,8.2,6.2,1.8,4.0,260.0,NotYet
25.0,8.2,6.2,1.8,4.0,270.0,NotYet
25.0,8.2,6.2,1.8,4.0,280.0,NotYet
25.0,8.2,6.2,1.8,4.0,290.0,NotYet
25.0,8.2,6.2,1.8,4.0,300.0,NotYet
25.0,8.2,6.2,1.8,4.0,310.0,NotYet
25.0,8.2,6.2,1.8,4.0,320.0,NotYet
25.0,8.2,6.2,1.8,4.0,330.0,NotYet
25.0,8.2,6.2,1.8,4.0,340.0,NotYet
25.0,8.2,6.2,1.8,4.0,350.0,NotYet
25.0,8.2,6.2,1.8,6.0,0.0,NotYet
25.0,8.2,6.2,1.8,6.0,10.0,NotYet
25.0,8.2,6.2,1.8,6.0,20.0,NotYet
25.0,8.2,6.2,1.8,6.0,30.0,NotYet
25.0,8.2,6.2,1.8,6.0,40.0,NotYet
25.0,8.2,6.2,1.8,6.0,50.0,NotYet
25.0,8.2,6.2,1.8,6.0,60.0,NotYet
25.0,8.2,6.2,1.8,6.0,70.0,NotYet
25.0,8.2,6.2,1.8,6.0,80.0,NotYet
25.0,8.2,6.2,1.8,6.0,90.0,NotYet
25.0,8.2,6.2,1.8,6.0,100.0,NotYet
25.0,8.2,6.2,1.8,6.0,110.0,NotYet
25.0,8.2,6.2,1.8,6.0,120.0,NotYet
25.0,8.2,6.2,1.8,6.0,130.0,NotYet
25.0,8.2,6.2,1.8,6.0,140.0,NotYet
25.0,8.2,6.2,1.8,6.0,150.0,NotYet
25.0,8.2,6.2,1.8,6.0,160.0,NotYet
25.0,8.2,6.2,1.8,6.0,170.0,NotYet
25.0,8.2,6.2,1.8,6.0,180.0,NotYet
25.0,8.2,6.2,1.8,6.0,190.0,NotYet
25.0,8.2,6.2,1.8,6.0,200.0,NotYet
25.0,8.2,6.2,1.8,6.0,210.0,NotYet
25.0,8.2,6.2,1.8,6.0,220.0,NotYet
25.0,8.2,6.2,1.8,6.0,230.0,NotYet
25.0,8.2,6.2,1.8,6.0,240.0,NotYet
25.0,8.2,6.2,1.8,6.0,250.0,NotYet
25.0,8.2,6.2,1.8,6.0,260.0,NotYet
25.0,8.2,6.2,1.8,6.0,270.0,NotYet
25.0,8.2,6.2,1.8,6.0,280.0,NotYet
25.0,8.2,6.2,1.8,6.0,290.0,NotYet
25.0,8.2,6.2,1.8,6.0,300.0,NotYet
25.0,8.2,6.2,1.8,6.0,310.0,NotYet
25.0,8.2,6.2,1.8,6.0,320.0,NotYet
25.0,8.2,6.2,1.8,6.0,330.0,NotYet
25.0,8.2,6.2,1.8,6.0,340.0,NotYet
25.0,8.2,6.2,1.8,6.0,350.0,NotYet
25.0,8.2,6.2,1.8,8.0,0.0,NotYet
25.0,8.2,6.2,1.8,8.0,10.0,NotYet
25.0,8.2,6.2,1.8,8.0,20.0,NotYet
25.0,8.2,6.2,1.8,8.0,30.0,NotYet
25.0,8.2,6.2,1.8,8.0,40.0,NotYet
25.0,8.2,6.2,1.8,8.0,50.0,NotYet
25.0,8.2,6.2,1.8,8.0,60.0,NotYet
25.0,8.2,6.2,1.8,8.0,70.0,NotYet
25.0,8.2,6.2,1.8,8.0,80.0,NotYet
25.0,8.2,6.2,1.8,8.0,90.0,NotYet
25.0,8.2,6.2,1.8,8.0,100.0,NotYet
25.0,8.2,6.2,1.8,8.0,110.0,NotYet
25.0,8.2,6.2,1.8,8.0,120.0,NotYet
25.0,8.2,6.2,1.8,8.0,130.0,NotYet
25.0,8.2,6.2,1.8,8.0,140.0,NotYet
25.0,8.2,6.2,1.8,8.0,150.0,NotYet
25.0,8.2,6.2,1.8,8.0,160.0,NotYet
25.0,8.2,6.2,1.8,8.0,170.0,NotYet
25.0,8.2,6.2,1.8,8.0,180.0,NotYet
25.0,8.2,6.2,1.8,8.0,190.0,NotYet
25.0,8.2,6.2,1.8,8.0,200.0,NotYet
25.0,8.2,6.2,1.8,8.0,210.0,NotYet
25.0,8.2,6.2,1.8,8.0,220.0,NotYet
25.0,8.2,6.2,1.8,8.0,230.0,NotYet
25.0,8.2,6.2,1.8,8.0,240.0,NotYet
25.0,8.2,6.2,1.8,8.0,250.0,NotYet
25.0,8.2,6.2,1.8,8.0,260.0,NotYet
25.0,8.2,6.2,1.8,8.0,270.0,NotYet
25.0,8.2,6.2,1.8,8.0,280.0,NotYet
25.0,8.2,6.2,1.8,8.0,290.0,NotYet
25.0,8.2,6.2,1.8,8.0,300.0,NotYet
25.0,8.2,6.2,1.8,8.0,310.0,NotYet
25.0,8.2,6.2,1.8,8.0,320.0,NotYet
25.0,8.2,6.2,1.8,8.0,330.0,NotYet
25.0,8.2,6.2,1.8,8.0,340.0,NotYet
25.0,8.2,6.2,1.8,8.0,350.0,NotYet
25.0,8.2,6.2,1.8,10.0,0.0,NotYet
25.0,8.2,6.2,1.8,10.0,10.0,NotYet
25.0,8.2,6.2,1.8,10.0,20.0,NotYet
25.0,8.2,6.2,1.8,10.0,30.0,NotYet
25.0,8.2,6.2,1.8,10.0,40.0,NotYet
25.0,8.2,6.2,1.8,10.0,50.0,NotYet
25.0,8.2,6.2,1.8,10.0,60.0,NotYet
25.0,8.2,6.2,1.8,10.0,70.0,NotYet
25.0,8.2,6.2,1.8,10.0,80.0,NotYet
25.0,8.2,6.2,1.8,10.0,90.0,NotYet
25.0,8.2,6.2,1.8,10.0,100.0,NotYet
25.0,8.2,6.2,1.8,10.0,110.0,NotYet
25.0,8.2,6.2,1.8,10.0,120.0,NotYet
25.0,8.2,6.2,1.8,10.0,130.0,NotYet
25.0,8.2,6.2,1.8,10.0,140.0,NotYet
25.0,8.2,6.2,1.8,10.0,150.0,NotYet
25.0,8.2,6.2,1.8,10.0,160.0,NotYet
25.0,8.2,6.2,1.8,10.0,170.0,NotYet
25.0,8.2,6.2,1.8,10.0,180.0,NotYet
25.0,8.2,6.2,1.8,10.0,190.0,NotYet
25.0,8.2,6.2,1.8,10.0,200.0,NotYet
25.0,8.2,6.2,1.8,10.0,210.0,NotYet
25.0,8.2,6.2,1.8,10.0,220.0,NotYet
25.0,8.2,6.2,1.8,10.0,230.0,NotYet
25.0,8.2,6.2,1.8,10.0,240.0,NotYet
25.0,8.2,6.2,1.8,10.0,250.0,NotYet
25.0,8.2,6.2,1.8,10.0,260.0,NotYet
25.0,8.2,6.2,1.8,10.0,270.0,NotYet
25.0,8.2,6.2,1.8,10.0,280.0,NotYet
25.0,8.2,6.2,1.8,10.0,290.0,NotYet
25.0,8.2,6.2,1.8,10.0,300.0,NotYet
25.0,8.2,6.2,1.8,10.0,310.0,NotYet
25.0,8.2,6.2,1.8,10.0,320.0,NotYet
25.0,8.2,6.2,1.8,10.0,330.0,NotYet
25.0,8.2,6.2,1.8,10.0,340.0,NotYet
25.0,8.2,6.2,1.8,10.0,350.0,NotYet
25.0,8.2,6.2,1.8,12.0,0.0,NotYet
25.0,8.2,6.2,1.8,12.0,10.0,NotYet
25.0,8.2,6.2,1.8,12.0,20.0,NotYet
25.0,8.2,6.2,1.8,12.0,30.0,NotYet
25.0,8.2,6.2,1.8,12.0,40.0,NotYet
25.0,8.2,6.2,1.8,12.0,50.0,NotYet
25.0,8.2,6.2,1.8,12.0,60.0,NotYet
25.0,8.2,6.2,1.8,12.0,70.0,NotYet
25.0,8.2,6.2,1.8,12.0,80.0,NotYet
25.0,8.2,6.2,1.8,12.0,90.0,NotYet
25.0,8.2,6.2,1.8,12.0,100.0,NotYet
25.0,8.2,6.2,1.8,12.0,110.0,NotYet
25.0,8.2,6.2,1.8,12.0,120.0,NotYet
25.0,8.2,6.2,1.8,12.0,130.0,NotYet
25.0,8.2,6.2,1.8,12.0,140.0,NotYet
25.0,8.2,6.2,1.8,12.0,150.0,NotYet
25.0,8.2,6.2,1.8,12.0,160.0,NotYet
25.0,8.2,6.2,1.8,12.0,170.0,NotYet
25.0,8.2,6.2,1.8,12.0,180.0,NotYet
25.0,8.2,6.2,1.8,12.0,190.0,NotYet
25.0,8.2,6.2,1.8,12.0,200.0,NotYet
25.0,8.2,6.2,1.8,12.0,210.0,NotYet
25.0,8.2,6.2,1.8,12.0,220.0,NotYet
25.0,8.2,6.2,1.8,12.0,230.0,NotYet
25.0,8.2,6.2,1.8,12.0,240.0,NotYet
25.0,8.2,6.2,1.8,12.0,250.0,NotYet
25.0,8.2,6.2,1.8,12.0,260.0,NotYet
25.0,8.2,6.2,1.8,12.0,270.0,NotYet
25.0,8.2,6.2,1.8,12.0,280.0,NotYet
25.0,8.2,6.2,1.8,12.0,290.0,NotYet
25.0,8.2,6.2,1.8,12.0,300.0,NotYet
25.0,8.2,6.2,1.8,12.0,310.0,NotYet
25.0,8.2,6.2,1.8,12.0,320.0,NotYet
25.0,8.2,6.2,1.8,12.0,330.0,NotYet
25.0,8.2,6.2,1.8,12.0,340.0,NotYet
25.0,8.2,6.2,1.8,12.0,350.0,NotYet
25.0,8.2,6.2,1.8,14.0,0.0,NotYet
25.0,8.2,6.2,1.8,14.0,10.0,NotYet
25.0,8.2,6.2,1.8,14.0,20.0,NotYet
25.0,8.2,6.2,1.8,14.0,30.0,NotYet
25.0,8.2,6.2,1.8,14.0,40.0,NotYet
25.0,8.2,6.2,1.8,14.0,50.0,NotYet
25.0,8.2,6.2,1.8,14.0,60.0,NotYet
25.0,8.2,6.2,1.8,14.0,70.0,NotYet
25.0,8.2,6.2,1.8,14.0,80.0,NotYet
25.0,8.2,6.2,1.8,14.0,90.0,NotYet
25.0,8.2,6.2,1.8,14.0,100.0,NotYet
25.0,8.2,6.2,1.8,14.0,110.0,NotYet
25.0,8.2,6.2,1.8,14.0,120.0,NotYet
25.0,8.2,6.2,1.8,14.0,130.0,NotYet
25.0,8.2,6.2,1.8,14.0,140.0,NotYet
25.0,8.2,6.2,1.8,14.0,150.0,NotYet
25.0,8.2,6.2,1.8,14.0,160.0,NotYet
25.0,8.2,6.2,1.8,14.0,170.0,NotYet
25.0,8.2,6.2,1.8,14.0,180.0,NotYet
25.0,8.2,6.2,1.8,14.0,190.0,NotYet
25.0,8.2,6.2,1.8,14.0,200.0,NotYet
25.0,8.2,6.2,1.8,14.0,210.0,NotYet
25.0,8.2,6.2,1.8,14.0,220.0,NotYet
25.0,8.2,6.2,1.8,14.0,230.0,NotYet
25.0,8.2,6.2,1.8,14.0,240.0,NotYet
25.0,8.2,6.2,1.8,14.0,250.0,NotYet
25.0,8.2,6.2,1.8,14.0,260.0,NotYet
25.0,8.2,6.2,1.8,14.0,270.0,NotYet
25.0,8.2,6.2,1.8,14.0,280.0,NotYet
25.0,8.2,6.2,1.8,14.0,290.0,NotYet
25.0,8.2,6.2,1.8,14.0,300.0,NotYet
25.0,8.2,6.2,1.8,14.0,310.0,NotYet
25.0,8.2,6.2,1.8,14.0,320.0,NotYet
25.0,8.2,6.2,1.8,14.0,330.0,NotYet
25.0,8.2,6.2,1.8,14.0,340.0,NotYet
25.0,8.2,6.2,1.8,14.0,350.0,NotYet
25.0,8.2,6.2,2.0,-14.0,0.0,NotYet
25.0,8.2,6.2,2.0,-14.0,10.0,NotYet
25.0,8.2,6.2,2.0,-14.0,20.0,NotYet
25.0,8.2,6.2,2.0,-14.0,30.0,NotYet
25.0,8.2,6.2,2.0,-14.0,40.0,NotYet
25.0,8.2,6.2,2.0,-14.0,50.0,NotYet
25.0,8.2,6.2,2.0,-14.0,60.0,NotYet
25.0,8.2,6.2,2.0,-14.0,70.0,NotYet
25.0,8.2,6.2,2.0,-14.0,80.0,NotYet
25.0,8.2,6.2,2.0,-14.0,90.0,NotYet
25.0,8.2,6.2,2.0,-14.0,100.0,NotYet
25.0,8.2,6.2,2.0,-14.0,110.0,NotYet
25.0,8.2,6.2,2.0,-14.0,120.0,NotYet
25.0,8.2,6.2,2.0,-14.0,130.0,NotYet
25.0,8.2,6.2,2.0,-14.0,140.0,NotYet
25.0,8.2,6.2,2.0,-14.0,150.0,NotYet
25.0,8.2,6.2,2.0,-14.0,160.0,NotYet
25.0,8.2,6.2,2.0,-14.0,170.0,NotYet
25.0,8.2,6.2,2.0,-14.0,180.0,NotYet
25.0,8.2,6.2,2.0,-14.0,190.0,NotYet
25.0,8.2,6.2,2.0,-14.0,200.0,NotYet
25.0,8.2,6.2,2.0,-14.0,210.0,NotYet
25.0,8.2,6.2,2.0,-14.0,220.0,NotYet
25.0,8.2,6.2,2.0,-14.0,230.0,NotYet
25.0,8.2,6.2,2.0,-14.0,240.0,NotYet
25.0,8.2,6.2,2.0,-14.0,250.0,NotYet
25.0,8.2,6.2,2.0,-14.0,260.0,NotYet
25.0,8.2,6.2,2.0,-14.0,270.0,NotYet
25.0,8.2,6.2,2.0,-14.0,280.0,NotYet
25.0,8.2,6.2,2.0,-14.0,290.0,NotYet
25.0,8.2,6.2,2.0,-14.0,300.0,NotYet
25.0,8.2,6.2,2.0,-14.0,310.0,NotYet
25.0,8.2,6.2,2.0,-14.0,320.0,NotYet
25.0,8.2,6.2,2.0,-14.0,330.0,NotYet
25.0,8.2,6.2,2.0,-14.0,340.0,NotYet
25.0,8.2,6.2,2.0,-14.0,350.0,NotYet
25.0,8.2,6.2,2.0,-12.0,0.0,NotYet
25.0,8.2,6.2,2.0,-12.0,10.0,NotYet
25.0,8.2,6.2,2.0,-12.0,20.0,NotYet
25.0,8.2,6.2,2.0,-12.0,30.0,NotYet
25.0,8.2,6.2,2.0,-12.0,40.0,NotYet
25.0,8.2,6.2,2.0,-12.0,50.0,NotYet
25.0,8.2,6.2,2.0,-12.0,60.0,NotYet
25.0,8.2,6.2,2.0,-12.0,70.0,NotYet
25.0,8.2,6.2,2.0,-12.0,80.0,NotYet
25.0,8.2,6.2,2.0,-12.0,90.0,NotYet
25.0,8.2,6.2,2.0,-12.0,100.0,NotYet
25.0,8.2,6.2,2.0,-12.0,110.0,NotYet
25.0,8.2,6.2,2.0,-12.0,120.0,NotYet
25.0,8.2,6.2,2.0,-12.0,130.0,NotYet
25.0,8.2,6.2,2.0,-12.0,140.0,NotYet
25.0,8.2,6.2,2.0,-12.0,150.0,NotYet
25.0,8.2,6.2,2.0,-12.0,160.0,NotYet
25.0,8.2,6.2,2.0,-12.0,170.0,NotYet
25.0,8.2,6.2,2.0,-12.0,180.0,NotYet
25.0,8.2,6.2,2.0,-12.0,190.0,NotYet
25.0,8.2,6.2,2.0,-12.0,200.0,NotYet
25.0,8.2,6.2,2.0,-12.0,210.0,NotYet
25.0,8.2,6.2,2.0,-12.0,220.0,NotYet
25.0,8.2,6.2,2.0,-12.0,230.0,NotYet
25.0,8.2,6.2,2.0,-12.0,240.0,NotYet
25.0,8.2,6.2,2.0,-12.0,250.0,NotYet
25.0,8.2,6.2,2.0,-12.0,260.0,NotYet
25.0,8.2,6.2,2.0,-12.0,270.0,NotYet
25.0,8.2,6.2,2.0,-12.0,280.0,NotYet
25.0,8.2,6.2,2.0,-12.0,290.0,NotYet
25.0,8.2,6.2,2.0,-12.0,300.0,NotYet
25.0,8.2,6.2,2.0,-12.0,310.0,NotYet
25.0,8.2,6.2,2.0,-12.0,320.0,NotYet
25.0,8.2,6.2,2.0,-12.0,330.0,NotYet
25.0,8.2,6.2,2.0,-12.0,340.0,NotYet
25.0,8.2,6.2,2.0,-12.0,350.0,NotYet
25.0,8.2,6.2,2.0,-10.0,0.0,NotYet
25.0,8.2,6.2,2.0,-10.0,10.0,NotYet
25.0,8.2,6.2,2.0,-10.0,20.0,NotYet
25.0,8.2,6.2,2.0,-10.0,30.0,NotYet
25.0,8.2,6.2,2.0,-10.0,40.0,NotYet
25.0,8.2,6.2,2.0,-10.0,50.0,NotYet
25.0,8.2,6.2,2.0,-10.0,60.0,NotYet
25.0,8.2,6.2,2.0,-10.0,70.0,NotYet
25.0,8.2,6.2,2.0,-10.0,80.0,NotYet
25.0,8.2,6.2,2.0,-10.0,90.0,NotYet
25.0,8.2,6.2,2.0,-10.0,100.0,NotYet
25.0,8.2,6.2,2.0,-10.0,110.0,NotYet
25.0,8.2,6.2,2.0,-10.0,120.0,NotYet
25.0,8.2,6.2,2.0,-10.0,130.0,NotYet
25.0,8.2,6.2,2.0,-10.0,140.0,NotYet
25.0,8.2,6.2,2.0,-10.0,150.0,NotYet
25.0,8.2,6.2,2.0,-10.0,160.0,NotYet
25.0,8.2,6.2,2.0,-10.0,170.0,NotYet
25.0,8.2,6.2,2.0,-10.0,180.0,NotYet
25.0,8.2,6.2,2.0,-10.0,190.0,NotYet
25.0,8.2,6.2,2.0,-10.0,200.0,NotYet
25.0,8.2,6.2,2.0,-10.0,210.0,NotYet
25.0,8.2,6.2,2.0,-10.0,220.0,NotYet
25.0,8.2,6.2,2.0,-10.0,230.0,NotYet
25.0,8.2,6.2,2.0,-10.0,240.0,NotYet
25.0,8.2,6.2,2.0,-10.0,250.0,NotYet
25.0,8.2,6.2,2.0,-10.0,260.0,NotYet
25.0,8.2,6.2,2.0,-10.0,270.0,NotYet
25.0,8.2,6.2,2.0,-10.0,280.0,NotYet
25.0,8.2,6.2,2.0,-10.0,290.0,NotYet
25.0,8.2,6.2,2.0,-10.0,300.0,NotYet
25.0,8.2,6.2,2.0,-10.0,310.0,NotYet
25.0,8.2,6.2,2.0,-10.0,320.0,NotYet
25.0,8.2,6.2,2.0,-10.0,330.0,NotYet
25.0,8.2,6.2,2.0,-10.0,340.0,NotYet
25.0,8.2,6.2,2.0,-10.0,350.0,NotYet
25.0,8.2,6.2,2.0,-8.0,0.0,NotYet
25.0,8.2,6.2,2.0,-8.0,10.0,NotYet
25.0,8.2,6.2,2.0,-8.0,20.0,NotYet
25.0,8.2,6.2,2.0,-8.0,30.0,NotYet
25.0,8.2,6.2,2.0,-8.0,40.0,NotYet
25.0,8.2,6.2,2.0,-8.0,50.0,NotYet
25.0,8.2,6.2,2.0,-8.0,60.0,NotYet
25.0,8.2,6.2,2.0,-8.0,70.0,NotYet
25.0,8.2,6.2,2.0,-8.0,80.0,NotYet
25.0,8.2,6.2,2.0,-8.0,90.0,NotYet
25.0,8.2,6.2,2.0,-8.0,100.0,NotYet
25.0,8.2,6.2,2.0,-8.0,110.0,NotYet
25.0,8.2,6.2,2.0,-8.0,120.0,NotYet
25.0,8.2,6.2,2.0,-8.0,130.0,NotYet
25.0,8.2,6.2,2.0,-8.0,140.0,NotYet
25.0,8.2,6.2,2.0,-8.0,150.0,NotYet
25.0,8.2,6.2,2.0,-8.0,160.0,NotYet
25.0,8.2,6.2,2.0,-8.0,170.0,NotYet
25.0,8.2,6.2,2.0,-8.0,180.0,NotYet
25.0,8.2,6.2,2.0,-8.0,190.0,NotYet
25.0,8.2,6.2,2.0,-8.0,200.0,NotYet
25.0,8.2,6.2,2.0,-8.0,210.0,NotYet
25.0,8.2,6.2,2.0,-8.0,220.0,NotYet
25.0,8.2,6.2,2.0,-8.0,230.0,NotYet
25.0,8.2,6.2,2.0,-8.0,240.0,NotYet
25.0,8.2,6.2,2.0,-8.0,250.0,NotYet
25.0,8.2,6.2,2.0,-8.0,260.0,NotYet
25.0,8.2,6.2,2.0,-8.0,270.0,NotYet
25.0,8.2,6.2,2.0,-8.0,280.0,NotYet
25.0,8.2,6.2,2.0,-8.0,290.0,NotYet
25.0,8.2,6.2,2.0,-8.0,300.0,NotYet
25.0,8.2,6.2,2.0,-8.0,310.0,NotYet
25.0,8.2,6.2,2.0,-8.0,320.0,NotYet
25.0,8.2,6.2,2.0,-8.0,330.0,NotYet
25.0,8.2,6.2,2.0,-8.0,340.0,NotYet
25.0,8.2,6.2,2.0,-8.0,350.0,NotYet
25.0,8.2,6.2,2.0,-6.0,0.0,NotYet
25.0,8.2,6.2,2.0,-6.0,10.0,NotYet
25.0,8.2,6.2,2.0,-6.0,20.0,NotYet
25.0,8.2,6.2,2.0,-6.0,30.0,NotYet
25.0,8.2,6.2,2.0,-6.0,40.0,NotYet
25.0,8.2,6.2,2.0,-6.0,50.0,NotYet
25.0,8.2,6.2,2.0,-6.0,60.0,NotYet
25.0,8.2,6.2,2.0,-6.0,70.0,NotYet
25.0,8.2,6.2,2.0,-6.0,80.0,NotYet
25.0,8.2,6.2,2.0,-6.0,90.0,NotYet
25.0,8.2,6.2,2.0,-6.0,100.0,NotYet
25.0,8.2,6.2,2.0,-6.0,110.0,NotYet
25.0,8.2,6.2,2.0,-6.0,120.0,NotYet
25.0,8.2,6.2,2.0,-6.0,130.0,NotYet
25.0,8.2,6.2,2.0,-6.0,140.0,NotYet
25.0,8.2,6.2,2.0,-6.0,150.0,NotYet
25.0,8.2,6.2,2.0,-6.0,160.0,NotYet
25.0,8.2,6.2,2.0,-6.0,170.0,NotYet
25.0,8.2,6.2,2.0,-6.0,180.0,NotYet
25.0,8.2,6.2,2.0,-6.0,190.0,NotYet
25.0,8.2,6.2,2.0,-6.0,200.0,NotYet
25.0,8.2,6.2,2.0,-6.0,210.0,NotYet
25.0,8.2,6.2,2.0,-6.0,220.0,NotYet
25.0,8.2,6.2,2.0,-6.0,230.0,NotYet
25.0,8.2,6.2,2.0,-6.0,240.0,NotYet
25.0,8.2,6.2,2.0,-6.0,250.0,NotYet
25.0,8.2,6.2,2.0,-6.0,260.0,NotYet
25.0,8.2,6.2,2.0,-6.0,270.0,NotYet
25.0,8.2,6.2,2.0,-6.0,280.0,NotYet
25.0,8.2,6.2,2.0,-6.0,290.0,NotYet
25.0,8.2,6.2,2.0,-6.0,300.0,NotYet
25.0,8.2,6.2,2.0,-6.0,310.0,NotYet
25.0,8.2,6.2,2.0,-6.0,320.0,NotYet
25.0,8.2,6.2,2.0,-6.0,330.0,NotYet
25.0,8.2,6.2,2.0,-6.0,340.0,NotYet
25.0,8.2,6.2,2.0,-6.0,350.0,NotYet
25.0,8.2,6.2,2.0,-4.0,0.0,NotYet
25.0,8.2,6.2,2.0,-4.0,10.0,NotYet
25.0,8.2,6.2,2.0,-4.0,20.0,NotYet
25.0,8.2,6.2,2.0,-4.0,30.0,NotYet
25.0,8.2,6.2,2.0,-4.0,40.0,NotYet
25.0,8.2,6.2,2.0,-4.0,50.0,NotYet
25.0,8.2,6.2,2.0,-4.0,60.0,NotYet
25.0,8.2,6.2,2.0,-4.0,70.0,NotYet
25.0,8.2,6.2,2.0,-4.0,80.0,NotYet
25.0,8.2,6.2,2.0,-4.0,90.0,NotYet
25.0,8.2,6.2,2.0,-4.0,100.0,NotYet
25.0,8.2,6.2,2.0,-4.0,110.0,NotYet
25.0,8.2,6.2,2.0,-4.0,120.0,NotYet
25.0,8.2,6.2,2.0,-4.0,130.0,NotYet
25.0,8.2,6.2,2.0,-4.0,140.0,NotYet
25.0,8.2,6.2,2.0,-4.0,150.0,NotYet
25.0,8.2,6.2,2.0,-4.0,160.0,NotYet
25.0,8.2,6.2,2.0,-4.0,170.0,NotYet
25.0,8.2,6.2,2.0,-4.0,180.0,NotYet
25.0,8.2,6.2,2.0,-4.0,190.0,NotYet
25.0,8.2,6.2,2.0,-4.0,200.0,NotYet
25.0,8.2,6.2,2.0,-4.0,210.0,NotYet
25.0,8.2,6.2,2.0,-4.0,220.0,NotYet
25.0,8.2,6.2,2.0,-4.0,230.0,NotYet
25.0,8.2,6.2,2.0,-4.0,240.0,NotYet
25.0,8.2,6.2,2.0,-4.0,250.0,NotYet
25.0,8.2,6.2,2.0,-4.0,260.0,NotYet
25.0,8.2,6.2,2.0,-4.0,270.0,NotYet
25.0,8.2,6.2,2.0,-4.0,280.0,NotYet
25.0,8.2,6.2,2.0,-4.0,290.0,NotYet
25.0,8.2,6.2,2.0,-4.0,300.0,NotYet
25.0,8.2,6.2,2.0,-4.0,310.0,NotYet
25.0,8.2,6.2,2.0,-4.0,320.0,NotYet
25.0,8.2,6.2,2.0,-4.0,330.0,NotYet
25.0,8.2,6.2,2.0,-4.0,340.0,NotYet
25.0,8.2,6.2,2.0,-4.0,350.0,NotYet
25.0,8.2,6.2,2.0,-2.0,0.0,NotYet
25.0,8.2,6.2,2.0,-2.0,10.0,NotYet
25.0,8.2,6.2,2.0,-2.0,20.0,NotYet
25.0,8.2,6.2,2.0,-2.0,30.0,NotYet
25.0,8.2,6.2,2.0,-2.0,40.0,NotYet
25.0,8.2,6.2,2.0,-2.0,50.0,NotYet
25.0,8.2,6.2,2.0,-2.0,60.0,NotYet
25.0,8.2,6.2,2.0,-2.0,70.0,NotYet
25.0,8.2,6.2,2.0,-2.0,80.0,NotYet
25.0,8.2,6.2,2.0,-2.0,90.0,NotYet
25.0,8.2,6.2,2.0,-2.0,100.0,NotYet
25.0,8.2,6.2,2.0,-2.0,110.0,NotYet
25.0,8.2,6.2,2.0,-2.0,120.0,NotYet
25.0,8.2,6.2,2.0,-2.0,130.0,NotYet
25.0,8.2,6.2,2.0,-2.0,140.0,NotYet
25.0,8.2,6.2,2.0,-2.0,150.0,NotYet
25.0,8.2,6.2,2.0,-2.0,160.0,NotYet
25.0,8.2,6.2,2.0,-2.0,170.0,NotYet
25.0,8.2,6.2,2.0,-2.0,180.0,NotYet
25.0,8.2,6.2,2.0,-2.0,190.0,NotYet
25.0,8.2,6.2,2.0,-2.0,200.0,NotYet
25.0,8.2,6.2,2.0,-2.0,210.0,NotYet
25.0,8.2,6.2,2.0,-2.0,220.0,NotYet
25.0,8.2,6.2,2.0,-2.0,230.0,NotYet
25.0,8.2,6.2,2.0,-2.0,240.0,NotYet
25.0,8.2,6.2,2.0,-2.0,250.0,NotYet
25.0,8.2,6.2,2.0,-2.0,260.0,NotYet
25.0,8.2,6.2,2.0,-2.0,270.0,NotYet
25.0,8.2,6.2,2.0,-2.0,280.0,NotYet
25.0,8.2,6.2,2.0,-2.0,290.0,NotYet
25.0,8.2,6.2,2.0,-2.0,300.0,NotYet
25.0,8.2,6.2,2.0,-2.0,310.0,NotYet
25.0,8.2,6.2,2.0,-2.0,320.0,NotYet
25.0,8.2,6.2,2.0,-2.0,330.0,NotYet
25.0,8.2,6.2,2.0,-2.0,340.0,NotYet
25.0,8.2,6.2,2.0,-2.0,350.0,NotYet
25.0,8.2,6.2,2.0,0.0,0.0,NotYet
25.0,8.2,6.2,2.0,0.0,10.0,NotYet
25.0,8.2,6.2,2.0,0.0,20.0,NotYet
25.0,8.2,6.2,2.0,0.0,30.0,NotYet
25.0,8.2,6.2,2.0,0.0,40.0,NotYet
25.0,8.2,6.2,2.0,0.0,50.0,NotYet
25.0,8.2,6.2,2.0,0.0,60.0,NotYet
25.0,8.2,6.2,2.0,0.0,70.0,NotYet
25.0,8.2,6.2,2.0,0.0,80.0,NotYet
25.0,8.2,6.2,2.0,0.0,90.0,NotYet
25.0,8.2,6.2,2.0,0.0,100.0,NotYet
25.0,8.2,6.2,2.0,0.0,110.0,NotYet
25.0,8.2,6.2,2.0,0.0,120.0,NotYet
25.0,8.2,6.2,2.0,0.0,130.0,NotYet
25.0,8.2,6.2,2.0,0.0,140.0,NotYet
25.0,8.2,6.2,2.0,0.0,150.0,NotYet
25.0,8.2,6.2,2.0,0.0,160.0,NotYet
25.0,8.2,6.2,2.0,0.0,170.0,NotYet
25.0,8.2,6.2,2.0,0.0,180.0,NotYet
25.0,8.2,6.2,2.0,0.0,190.0,NotYet
25.0,8.2,6.2,2.0,0.0,200.0,NotYet
25.0,8.2,6.2,2.0,0.0,210.0,NotYet
25.0,8.2,6.2,2.0,0.0,220.0,NotYet
25.0,8.2,6.2,2.0,0.0,230.0,NotYet
25.0,8.2,6.2,2.0,0.0,240.0,NotYet
25.0,8.2,6.2,2.0,0.0,250.0,NotYet
25.0,8.2,6.2,2.0,0.0,260.0,NotYet
25.0,8.2,6.2,2.0,0.0,270.0,NotYet
25.0,8.2,6.2,2.0,0.0,280.0,NotYet
25.0,8.2,6.2,2.0,0.0,290.0,NotYet
25.0,8.2,6.2,2.0,0.0,300.0,NotYet
25.0,8.2,6.2,2.0,0.0,310.0,NotYet
25.0,8.2,6.2,2.0,0.0,320.0,NotYet
25.0,8.2,6.2,2.0,0.0,330.0,NotYet
25.0,8.2,6.2,2.0,0.0,340.0,NotYet
25.0,8.2,6.2,2.0,0.0,350.0,NotYet
25.0,8.2,6.2,2.0,2.0,0.0,NotYet
25.0,8.2,6.2,2.0,2.0,10.0,NotYet
25.0,8.2,6.2,2.0,2.0,20.0,NotYet
25.0,8.2,6.2,2.0,2.0,30.0,NotYet
25.0,8.2,6.2,2.0,2.0,40.0,NotYet
25.0,8.2,6.2,2.0,2.0,50.0,NotYet
25.0,8.2,6.2,2.0,2.0,60.0,NotYet
25.0,8.2,6.2,2.0,2.0,70.0,NotYet
25.0,8.2,6.2,2.0,2.0,80.0,NotYet
25.0,8.2,6.2,2.0,2.0,90.0,NotYet
25.0,8.2,6.2,2.0,2.0,100.0,NotYet
25.0,8.2,6.2,2.0,2.0,110.0,NotYet
25.0,8.2,6.2,2.0,2.0,120.0,NotYet
25.0,8.2,6.2,2.0,2.0,130.0,NotYet
25.0,8.2,6.2,2.0,2.0,140.0,NotYet
25.0,8.2,6.2,2.0,2.0,150.0,NotYet
25.0,8.2,6.2,2.0,2.0,160.0,NotYet
25.0,8.2,6.2,2.0,2.0,170.0,NotYet
25.0,8.2,6.2,2.0,2.0,180.0,NotYet
25.0,8.2,6.2,2.0,2.0,190.0,NotYet
25.0,8.2,6.2,2.0,2.0,200.0,NotYet
25.0,8.2,6.2,2.0,2.0,210.0,NotYet
25.0,8.2,6.2,2.0,2.0,220.0,NotYet
25.0,8.2,6.2,2.0,2.0,230.0,NotYet
25.0,8.2,6.2,2.0,2.0,240.0,NotYet
25.0,8.2,6.2,2.0,2.0,250.0,NotYet
25.0,8.2,6.2,2.0,2.0,260.0,NotYet
25.0,8.2,6.2,2.0,2.0,270.0,NotYet
25.0,8.2,6.2,2.0,2.0,280.0,NotYet
25.0,8.2,6.2,2.0,2.0,290.0,NotYet
25.0,8.2,6.2,2.0,2.0,300.0,NotYet
25.0,8.2,6.2,2.0,2.0,310.0,NotYet
25.0,8.2,6.2,2.0,2.0,320.0,NotYet
25.0,8.2,6.2,2.0,2.0,330.0,NotYet
25.0,8.2,6.2,2.0,2.0,340.0,NotYet
25.0,8.2,6.2,2.0,2.0,350.0,NotYet
25.0,8.2,6.2,2.0,4.0,0.0,NotYet
25.0,8.2,6.2,2.0,4.0,10.0,NotYet
25.0,8.2,6.2,2.0,4.0,20.0,NotYet
25.0,8.2,6.2,2.0,4.0,30.0,NotYet
25.0,8.2,6.2,2.0,4.0,40.0,NotYet
25.0,8.2,6.2,2.0,4.0,50.0,NotYet
25.0,8.2,6.2,2.0,4.0,60.0,NotYet
25.0,8.2,6.2,2.0,4.0,70.0,NotYet
25.0,8.2,6.2,2.0,4.0,80.0,NotYet
25.0,8.2,6.2,2.0,4.0,90.0,NotYet
25.0,8.2,6.2,2.0,4.0,100.0,NotYet
25.0,8.2,6.2,2.0,4.0,110.0,NotYet
25.0,8.2,6.2,2.0,4.0,120.0,NotYet
25.0,8.2,6.2,2.0,4.0,130.0,NotYet
25.0,8.2,6.2,2.0,4.0,140.0,NotYet
25.0,8.2,6.2,2.0,4.0,150.0,NotYet
25.0,8.2,6.2,2.0,4.0,160.0,NotYet
25.0,8.2,6.2,2.0,4.0,170.0,NotYet
25.0,8.2,6.2,2.0,4.0,180.0,NotYet
25.0,8.2,6.2,2.0,4.0,190.0,NotYet
25.0,8.2,6.2,2.0,4.0,200.0,NotYet
25.0,8.2,6.2,2.0,4.0,210.0,NotYet
25.0,8.2,6.2,2.0,4.0,220.0,NotYet
25.0,8.2,6.2,2.0,4.0,230.0,NotYet
25.0,8.2,6.2,2.0,4.0,240.0,NotYet
25.0,8.2,6.2,2.0,4.0,250.0,NotYet
25.0,8.2,6.2,2.0,4.0,260.0,NotYet
25.0,8.2,6.2,2.0,4.0,270.0,NotYet
25.0,8.2,6.2,2.0,4.0,280.0,NotYet
25.0,8.2,6.2,2.0,4.0,290.0,NotYet
25.0,8.2,6.2,2.0,4.0,300.0,NotYet
25.0,8.2,6.2,2.0,4.0,310.0,NotYet
25.0,8.2,6.2,2.0,4.0,320.0,NotYet
25.0,8.2,6.2,2.0,4.0,330.0,NotYet
25.0,8.2,6.2,2.0,4.0,340.0,NotYet
25.0,8.2,6.2,2.0,4.0,350.0,NotYet
25.0,8.2,6.2,2.0,6.0,0.0,NotYet
25.0,8.2,6.2,2.0,6.0,10.0,NotYet
25.0,8.2,6.2,2.0,6.0,20.0,NotYet
25.0,8.2,6.2,2.0,6.0,30.0,NotYet
25.0,8.2,6.2,2.0,6.0,40.0,NotYet
25.0,8.2,6.2,2.0,6.0,50.0,NotYet
25.0,8.2,6.2,2.0,6.0,60.0,NotYet
25.0,8.2,6.2,2.0,6.0,70.0,NotYet
25.0,8.2,6.2,2.0,6.0,80.0,NotYet
25.0,8.2,6.2,2.0,6.0,90.0,NotYet
25.0,8.2,6.2,2.0,6.0,100.0,NotYet
25.0,8.2,6.2,2.0,6.0,110.0,NotYet
25.0,8.2,6.2,2.0,6.0,120.0,NotYet
25.0,8.2,6.2,2.0,6.0,130.0,NotYet
25.0,8.2,6.2,2.0,6.0,140.0,NotYet
25.0,8.2,6.2,2.0,6.0,150.0,NotYet
25.0,8.2,6.2,2.0,6.0,160.0,NotYet
25.0,8.2,6.2,2.0,6.0,170.0,NotYet
25.0,8.2,6.2,2.0,6.0,180.0,NotYet
25.0,8.2,6.2,2.0,6.0,190.0,NotYet
25.0,8.2,6.2,2.0,6.0,200.0,NotYet
25.0,8.2,6.2,2.0,6.0,210.0,NotYet
25.0,8.2,6.2,2.0,6.0,220.0,NotYet
25.0,8.2,6.2,2.0,6.0,230.0,NotYet
25.0,8.2,6.2,2.0,6.0,240.0,NotYet
25.0,8.2,6.2,2.0,6.0,250.0,NotYet
25.0,8.2,6.2,2.0,6.0,260.0,NotYet
25.0,8.2,6.2,2.0,6.0,270.0,NotYet
25.0,8.2,6.2,2.0,6.0,280.0,NotYet
25.0,8.2,6.2,2.0,6.0,290.0,NotYet
25.0,8.2,6.2,2.0,6.0,300.0,NotYet
25.0,8.2,6.2,2.0,6.0,310.0,NotYet
25.0,8.2,6.2,2.0,6.0,320.0,NotYet
25.0,8.2,6.2,2.0,6.0,330.0,NotYet
25.0,8.2,6.2,2.0,6.0,340.0,NotYet
25.0,8.2,6.2,2.0,6.0,350.0,NotYet
25.0,8.2,6.2,2.0,8.0,0.0,NotYet
25.0,8.2,6.2,2.0,8.0,10.0,NotYet
25.0,8.2,6.2,2.0,8.0,20.0,NotYet
25.0,8.2,6.2,2.0,8.0,30.0,NotYet
25.0,8.2,6.2,2.0,8.0,40.0,NotYet
25.0,8.2,6.2,2.0,8.0,50.0,NotYet
25.0,8.2,6.2,2.0,8.0,60.0,NotYet
25.0,8.2,6.2,2.0,8.0,70.0,NotYet
25.0,8.2,6.2,2.0,8.0,80.0,NotYet
25.0,8.2,6.2,2.0,8.0,90.0,NotYet
25.0,8.2,6.2,2.0,8.0,100.0,NotYet
25.0,8.2,6.2,2.0,8.0,110.0,NotYet
25.0,8.2,6.2,2.0,8.0,120.0,NotYet
25.0,8.2,6.2,2.0,8.0,130.0,NotYet
25.0,8.2,6.2,2.0,8.0,140.0,NotYet
25.0,8.2,6.2,2.0,8.0,150.0,NotYet
25.0,8.2,6.2,2.0,8.0,160.0,NotYet
25.0,8.2,6.2,2.0,8.0,170.0,NotYet
25.0,8.2,6.2,2.0,8.0,180.0,NotYet
25.0,8.2,6.2,2.0,8.0,190.0,NotYet
25.0,8.2,6.2,2.0,8.0,200.0,NotYet
25.0,8.2,6.2,2.0,8.0,210.0,NotYet
25.0,8.2,6.2,2.0,8.0,220.0,NotYet
25.0,8.2,6.2,2.0,8.0,230.0,NotYet
25.0,8.2,6.2,2.0,8.0,240.0,NotYet
25.0,8.2,6.2,2.0,8.0,250.0,NotYet
25.0,8.2,6.2,2.0,8.0,260.0,NotYet
25.0,8.2,6.2,2.0,8.0,270.0,NotYet
25.0,8.2,6.2,2.0,8.0,280.0,NotYet
25.0,8.2,6.2,2.0,8.0,290.0,NotYet
25.0,8.2,6.2,2.0,8.0,300.0,NotYet
25.0,8.2,6.2,2.0,8.0,310.0,NotYet
25.0,8.2,6.2,2.0,8.0,320.0,NotYet
25.0,8.2,6.2,2.0,8.0,330.0,NotYet
25.0,8.2,6.2,2.0,8.0,340.0,NotYet
25.0,8.2,6.2,2.0,8.0,350.0,NotYet
25.0,8.2,6.2,2.0,10.0,0.0,NotYet
25.0,8.2,6.2,2.0,10.0,10.0,NotYet
25.0,8.2,6.2,2.0,10.0,20.0,NotYet
25.0,8.2,6.2,2.0,10.0,30.0,NotYet
25.0,8.2,6.2,2.0,10.0,40.0,NotYet
25.0,8.2,6.2,2.0,10.0,50.0,NotYet
25.0,8.2,6.2,2.0,10.0,60.0,NotYet
25.0,8.2,6.2,2.0,10.0,70.0,NotYet
25.0,8.2,6.2,2.0,10.0,80.0,NotYet
25.0,8.2,6.2,2.0,10.0,90.0,NotYet
25.0,8.2,6.2,2.0,10.0,100.0,NotYet
25.0,8.2,6.2,2.0,10.0,110.0,NotYet
25.0,8.2,6.2,2.0,10.0,120.0,NotYet
25.0,8.2,6.2,2.0,10.0,130.0,NotYet
25.0,8.2,6.2,2.0,10.0,140.0,NotYet
25.0,8.2,6.2,2.0,10.0,150.0,NotYet
25.0,8.2,6.2,2.0,10.0,160.0,NotYet
25.0,8.2,6.2,2.0,10.0,170.0,NotYet
25.0,8.2,6.2,2.0,10.0,180.0,NotYet
25.0,8.2,6.2,2.0,10.0,190.0,NotYet
25.0,8.2,6.2,2.0,10.0,200.0,NotYet
25.0,8.2,6.2,2.0,10.0,210.0,NotYet
25.0,8.2,6.2,2.0,10.0,220.0,NotYet
25.0,8.2,6.2,2.0,10.0,230.0,NotYet
25.0,8.2,6.2,2.0,10.0,240.0,NotYet
25.0,8.2,6.2,2.0,10.0,250.0,NotYet
25.0,8.2,6.2,2.0,10.0,260.0,NotYet
25.0,8.2,6.2,2.0,10.0,270.0,NotYet
25.0,8.2,6.2,2.0,10.0,280.0,NotYet
25.0,8.2,6.2,2.0,10.0,290.0,NotYet
25.0,8.2,6.2,2.0,10.0,300.0,NotYet
25.0,8.2,6.2,2.0,10.0,310.0,NotYet
25.0,8.2,6.2,2.0,10.0,320.0,NotYet
25.0,8.2,6.2,2.0,10.0,330.0,NotYet
25.0,8.2,6.2,2.0,10.0,340.0,NotYet
25.0,8.2,6.2,2.0,10.0,350.0,NotYet
25.0,8.2,6.2,2.0,12.0,0.0,NotYet
25.0,8.2,6.2,2.0,12.0,10.0,NotYet
25.0,8.2,6.2,2.0,12.0,20.0,NotYet
25.0,8.2,6.2,2.0,12.0,30.0,NotYet
25.0,8.2,6.2,2.0,12.0,40.0,NotYet
25.0,8.2,6.2,2.0,12.0,50.0,NotYet
25.0,8.2,6.2,2.0,12.0,60.0,NotYet
25.0,8.2,6.2,2.0,12.0,70.0,NotYet
25.0,8.2,6.2,2.0,12.0,80.0,NotYet
25.0,8.2,6.2,2.0,12.0,90.0,NotYet
25.0,8.2,6.2,2.0,12.0,100.0,NotYet
25.0,8.2,6.2,2.0,12.0,110.0,NotYet
25.0,8.2,6.2,2.0,12.0,120.0,NotYet
25.0,8.2,6.2,2.0,12.0,130.0,NotYet
25.0,8.2,6.2,2.0,12.0,140.0,NotYet
25.0,8.2,6.2,2.0,12.0,150.0,NotYet
25.0,8.2,6.2,2.0,12.0,160.0,NotYet
25.0,8.2,6.2,2.0,12.0,170.0,NotYet
25.0,8.2,6.2,2.0,12.0,180.0,NotYet
25.0,8.2,6.2,2.0,12.0,190.0,NotYet
25.0,8.2,6.2,2.0,12.0,200.0,NotYet
25.0,8.2,6.2,2.0,12.0,210.0,NotYet
25.0,8.2,6.2,2.0,12.0,220.0,NotYet
25.0,8.2,6.2,2.0,12.0,230.0,NotYet
25.0,8.2,6.2,2.0,12.0,240.0,NotYet
25.0,8.2,6.2,2.0,12.0,250.0,NotYet
25.0,8.2,6.2,2.0,12.0,260.0,NotYet
25.0,8.2,6.2,2.0,12.0,270.0,NotYet
25.0,8.2,6.2,2.0,12.0,280.0,NotYet
25.0,8.2,6.2,2.0,12.0,290.0,NotYet
25.0,8.2,6.2,2.0,12.0,300.0,NotYet
25.0,8.2,6.2,2.0,12.0,310.0,NotYet
25.0,8.2,6.2,2.0,12.0,320.0,NotYet
25.0,8.2,6.2,2.0,12.0,330.0,NotYet
25.0,8.2,6.2,2.0,12.0,340.0,NotYet
25.0,8.2,6.2,2.0,12.0,350.0,NotYet
25.0,8.2,6.2,2.0,14.0,0.0,NotYet
25.0,8.2,6.2,2.0,14.0,10.0,NotYet
25.0,8.2,6.2,2.0,14.0,20.0,NotYet
25.0,8.2,6.2,2.0,14.0,30.0,NotYet
25.0,8.2,6.2,2.0,14.0,40.0,NotYet
25.0,8.2,6.2,2.0,14.0,50.0,NotYet
25.0,8.2,6.2,2.0,14.0,60.0,NotYet
25.0,8.2,6.2,2.0,14.0,70.0,NotYet
25.0,8.2,6.2,2.0,14.0,80.0,NotYet
25.0,8.2,6.2,2.0,14.0,90.0,NotYet
25.0,8.2,6.2,2.0,14.0,100.0,NotYet
25.0,8.2,6.2,2.0,14.0,110.0,NotYet
25.0,8.2,6.2,2.0,14.0,120.0,NotYet
25.0,8.2,6.2,2.0,14.0,130.0,NotYet
25.0,8.2,6.2,2.0,14.0,140.0,NotYet
25.0,8.2,6.2,2.0,14.0,150.0,NotYet
25.0,8.2,6.2,2.0,14.0,160.0,NotYet
25.0,8.2,6.2,2.0,14.0,170.0,NotYet
25.0,8.2,6.2,2.0,14.0,180.0,NotYet
25.0,8.2,6.2,2.0,14.0,190.0,NotYet
25.0,8.2,6.2,2.0,14.0,200.0,NotYet
25.0,8.2,6.2,2.0,14.0,210.0,NotYet
25.0,8.2,6.2,2.0,14.0,220.0,NotYet
25.0,8.2,6.2,2.0,14.0,230.0,NotYet
25.0,8.2,6.2,2.0,14.0,240.0,NotYet
25.0,8.2,6.2,2.0,14.0,250.0,NotYet
25.0,8.2,6.2,2.0,14.0,260.0,NotYet
25.0,8.2,6.2,2.0,14.0,270.0,NotYet
25.0,8.2,6.2,2.0,14.0,280.0,NotYet
25.0,8.2,6.2,2.0,14.0,290.0,NotYet
25.0,8.2,6.2,2.0,14.0,300.0,NotYet
25.0,8.2,6.2,2.0,14.0,310.0,NotYet
25.0,8.2,6.2,2.0,14.0,320.0,NotYet
25.0,8.2,6.2,2.0,14.0,330.0,NotYet
25.0,8.2,6.2,2.0,14.0,340.0,NotYet
25.0,8.2,6.2,2.0,14.0,350.0,NotYet
30.0,4.1,11.9,-2.0,-14.0,0.0,NotYet
30.0,4.1,11.9,-2.0,-14.0,10.0,NotYet
30.0,4.1,11.9,-2.0,-14.0,20.0,NotYet
30.0,4.1,11.9,-2.0,-14.0,30.0,NotYet
30.0,4.1,11.9,-2.0,-14.0,40.0,NotYet
30.0,4.1,11.9,-2.0,-14.0,50.0,NotYet
30.0,4.1,11.9,-2.0,-14.0,60.0,NotYet
30.0,4.1,11.9,-2.0,-14.0,70.0,NotYet
30.0,4.1,11.9,-2.0,-14.0,80.0,NotYet
30.0,4.1,11.9,-2.0,-14.0,90.0,NotYet
30.0,4.1,11.9,-2.0,-14.0,100.0,NotYet
30.0,4.1,11.9,-2.0,-14.0,110.0,NotYet
30.0,4.1,11.9,-2.0,-14.0,120.0,NotYet
30.0,4.1,11.9,-2.0,-14.0,130.0,NotYet
30.0,4.1,11.9,-2.0,-14.0,140.0,NotYet
30.0,4.1,11.9,-2.0,-14.0,150.0,NotYet
30.0,4.1,11.9,-2.0,-14.0,160.0,NotYet
30.0,4.1,11.9,-2.0,-14.0,170.0,NotYet
30.0,4.1,11.9,-2.0,-14.0,180.0,NotYet
30.0,4.1,11.9,-2.0,-14.0,190.0,NotYet
30.0,4.1,11.9,-2.0,-14.0,200.0,NotYet
30.0,4.1,11.9,-2.0,-14.0,210.0,NotYet
30.0,4.1,11.9,-2.0,-14.0,220.0,NotYet
30.0,4.1,11.9,-2.0,-14.0,230.0,NotYet
30.0,4.1,11.9,-2.0,-14.0,240.0,NotYet
30.0,4.1,11.9,-2.0,-14.0,250.0,NotYet
30.0,4.1,11.9,-2.0,-14.0,260.0,NotYet
30.0,4.1,11.9,-2.0,-14.0,270.0,NotYet
30.0,4.1,11.9,-2.0,-14.0,280.0,NotYet
30.0,4.1,11.9,-2.0,-14.0,290.0,NotYet
30.0,4.1,11.9,-2.0,-14.0,300.0,NotYet
30.0,4.1,11.9,-2.0,-14.0,310.0,NotYet
30.0,4.1,11.9,-2.0,-14.0,320.0,NotYet
30.0,4.1,11.9,-2.0,-14.0,330.0,NotYet
30.0,4.1,11.9,-2.0,-14.0,340.0,NotYet
30.0,4.1,11.9,-2.0,-14.0,350.0,NotYet
30.0,4.1,11.9,-2.0,-12.0,0.0,NotYet
30.0,4.1,11.9,-2.0,-12.0,10.0,NotYet
30.0,4.1,11.9,-2.0,-12.0,20.0,NotYet
30.0,4.1,11.9,-2.0,-12.0,30.0,NotYet
30.0,4.1,11.9,-2.0,-12.0,40.0,NotYet
30.0,4.1,11.9,-2.0,-12.0,50.0,NotYet
30.0,4.1,11.9,-2.0,-12.0,60.0,NotYet
30.0,4.1,11.9,-2.0,-12.0,70.0,NotYet
30.0,4.1,11.9,-2.0,-12.0,80.0,NotYet
30.0,4.1,11.9,-2.0,-12.0,90.0,NotYet
30.0,4.1,11.9,-2.0,-12.0,100.0,NotYet
30.0,4.1,11.9,-2.0,-12.0,110.0,NotYet
30.0,4.1,11.9,-2.0,-12.0,120.0,NotYet
30.0,4.1,11.9,-2.0,-12.0,130.0,NotYet
30.0,4.1,11.9,-2.0,-12.0,140.0,NotYet
30.0,4.1,11.9,-2.0,-12.0,150.0,NotYet
30.0,4.1,11.9,-2.0,-12.0,160.0,NotYet
30.0,4.1,11.9,-2.0,-12.0,170.0,NotYet
30.0,4.1,11.9,-2.0,-12.0,180.0,NotYet
30.0,4.1,11.9,-2.0,-12.0,190.0,NotYet
30.0,4.1,11.9,-2.0,-12.0,200.0,NotYet
30.0,4.1,11.9,-2.0,-12.0,210.0,NotYet
30.0,4.1,11.9,-2.0,-12.0,220.0,NotYet
30.0,4.1,11.9,-2.0,-12.0,230.0,NotYet
30.0,4.1,11.9,-2.0,-12.0,240.0,NotYet
30.0,4.1,11.9,-2.0,-12.0,250.0,NotYet
30.0,4.1,11.9,-2.0,-12.0,260.0,NotYet
30.0,4.1,11.9,-2.0,-12.0,270.0,NotYet
30.0,4.1,11.9,-2.0,-12.0,280.0,NotYet
30.0,4.1,11.9,-2.0,-12.0,290.0,NotYet
30.0,4.1,11.9,-2.0,-12.0,300.0,NotYet
30.0,4.1,11.9,-2.0,-12.0,310.0,NotYet
30.0,4.1,11.9,-2.0,-12.0,320.0,NotYet
30.0,4.1,11.9,-2.0,-12.0,330.0,NotYet
30.0,4.1,11.9,-2.0,-12.0,340.0,NotYet
30.0,4.1,11.9,-2.0,-12.0,350.0,NotYet
30.0,4.1,11.9,-2.0,-10.0,0.0,NotYet
30.0,4.1,11.9,-2.0,-10.0,10.0,NotYet
30.0,4.1,11.9,-2.0,-10.0,20.0,NotYet
30.0,4.1,11.9,-2.0,-10.0,30.0,NotYet
30.0,4.1,11.9,-2.0,-10.0,40.0,NotYet
30.0,4.1,11.9,-2.0,-10.0,50.0,NotYet
30.0,4.1,11.9,-2.0,-10.0,60.0,NotYet
30.0,4.1,11.9,-2.0,-10.0,70.0,NotYet
30.0,4.1,11.9,-2.0,-10.0,80.0,NotYet
30.0,4.1,11.9,-2.0,-10.0,90.0,NotYet
30.0,4.1,11.9,-2.0,-10.0,100.0,NotYet
30.0,4.1,11.9,-2.0,-10.0,110.0,NotYet
30.0,4.1,11.9,-2.0,-10.0,120.0,NotYet
30.0,4.1,11.9,-2.0,-10.0,130.0,NotYet
30.0,4.1,11.9,-2.0,-10.0,140.0,NotYet
30.0,4.1,11.9,-2.0,-10.0,150.0,NotYet
30.0,4.1,11.9,-2.0,-10.0,160.0,NotYet
30.0,4.1,11.9,-2.0,-10.0,170.0,NotYet
30.0,4.1,11.9,-2.0,-10.0,180.0,NotYet
30.0,4.1,11.9,-2.0,-10.0,190.0,NotYet
30.0,4.1,11.9,-2.0,-10.0,200.0,NotYet
30.0,4.1,11.9,-2.0,-10.0,210.0,NotYet
30.0,4.1,11.9,-2.0,-10.0,220.0,NotYet
30.0,4.1,11.9,-2.0,-10.0,230.0,NotYet
30.0,4.1,11.9,-2.0,-10.0,240.0,NotYet
30.0,4.1,11.9,-2.0,-10.0,250.0,NotYet
30.0,4.1,11.9,-2.0,-10.0,260.0,NotYet
30.0,4.1,11.9,-2.0,-10.0,270.0,NotYet
30.0,4.1,11.9,-2.0,-10.0,280.0,NotYet
30.0,4.1,11.9,-2.0,-10.0,290.0,NotYet
30.0,4.1,11.9,-2.0,-10.0,300.0,NotYet
30.0,4.1,11.9,-2.0,-10.0,310.0,NotYet
30.0,4.1,11.9,-2.0,-10.0,320.0,NotYet
30.0,4.1,11.9,-2.0,-10.0,330.0,NotYet
30.0,4.1,11.9,-2.0,-10.0,340.0,NotYet
30.0,4.1,11.9,-2.0,-10.0,350.0,NotYet
30.0,4.1,11.9,-2.0,-8.0,0.0,NotYet
30.0,4.1,11.9,-2.0,-8.0,10.0,NotYet
30.0,4.1,11.9,-2.0,-8.0,20.0,NotYet
30.0,4.1,11.9,-2.0,-8.0,30.0,NotYet
30.0,4.1,11.9,-2.0,-8.0,40.0,NotYet
30.0,4.1,11.9,-2.0,-8.0,50.0,NotYet
30.0,4.1,11.9,-2.0,-8.0,60.0,NotYet
30.0,4.1,11.9,-2.0,-8.0,70.0,NotYet
30.0,4.1,11.9,-2.0,-8.0,80.0,NotYet
30.0,4.1,11.9,-2.0,-8.0,90.0,NotYet
30.0,4.1,11.9,-2.0,-8.0,100.0,NotYet
30.0,4.1,11.9,-2.0,-8.0,110.0,NotYet
30.0,4.1,11.9,-2.0,-8.0,120.0,NotYet
30.0,4.1,11.9,-2.0,-8.0,130.0,NotYet
30.0,4.1,11.9,-2.0,-8.0,140.0,NotYet
30.0,4.1,11.9,-2.0,-8.0,150.0,NotYet
30.0,4.1,11.9,-2.0,-8.0,160.0,NotYet
30.0,4.1,11.9,-2.0,-8.0,170.0,NotYet
30.0,4.1,11.9,-2.0,-8.0,180.0,NotYet
30.0,4.1,11.9,-2.0,-8.0,190.0,NotYet
30.0,4.1,11.9,-2.0,-8.0,200.0,NotYet
30.0,4.1,11.9,-2.0,-8.0,210.0,NotYet
30.0,4.1,11.9,-2.0,-8.0,220.0,NotYet
30.0,4.1,11.9,-2.0,-8.0,230.0,NotYet
30.0,4.1,11.9,-2.0,-8.0,240.0,NotYet
30.0,4.1,11.9,-2.0,-8.0,250.0,NotYet
30.0,4.1,11.9,-2.0,-8.0,260.0,NotYet
30.0,4.1,11.9,-2.0,-8.0,270.0,NotYet
30.0,4.1,11.9,-2.0,-8.0,280.0,NotYet
30.0,4.1,11.9,-2.0,-8.0,290.0,NotYet
30.0,4.1,11.9,-2.0,-8.0,300.0,NotYet
30.0,4.1,11.9,-2.0,-8.0,310.0,NotYet
30.0,4.1,11.9,-2.0,-8.0,320.0,NotYet
30.0,4.1,11.9,-2.0,-8.0,330.0,NotYet
30.0,4.1,11.9,-2.0,-8.0,340.0,NotYet
30.0,4.1,11.9,-2.0,-8.0,350.0,NotYet
30.0,4.1,11.9,-2.0,-6.0,0.0,NotYet
30.0,4.1,11.9,-2.0,-6.0,10.0,NotYet
30.0,4.1,11.9,-2.0,-6.0,20.0,NotYet
30.0,4.1,11.9,-2.0,-6.0,30.0,NotYet
30.0,4.1,11.9,-2.0,-6.0,40.0,NotYet
30.0,4.1,11.9,-2.0,-6.0,50.0,NotYet
30.0,4.1,11.9,-2.0,-6.0,60.0,NotYet
30.0,4.1,11.9,-2.0,-6.0,70.0,NotYet
30.0,4.1,11.9,-2.0,-6.0,80.0,NotYet
30.0,4.1,11.9,-2.0,-6.0,90.0,NotYet
30.0,4.1,11.9,-2.0,-6.0,100.0,NotYet
30.0,4.1,11.9,-2.0,-6.0,110.0,NotYet
30.0,4.1,11.9,-2.0,-6.0,120.0,NotYet
30.0,4.1,11.9,-2.0,-6.0,130.0,NotYet
30.0,4.1,11.9,-2.0,-6.0,140.0,NotYet
30.0,4.1,11.9,-2.0,-6.0,150.0,NotYet
30.0,4.1,11.9,-2.0,-6.0,160.0,NotYet
30.0,4.1,11.9,-2.0,-6.0,170.0,NotYet
30.0,4.1,11.9,-2.0,-6.0,180.0,NotYet
30.0,4.1,11.9,-2.0,-6.0,190.0,NotYet
30.0,4.1,11.9,-2.0,-6.0,200.0,NotYet
30.0,4.1,11.9,-2.0,-6.0,210.0,NotYet
30.0,4.1,11.9,-2.0,-6.0,220.0,NotYet
30.0,4.1,11.9,-2.0,-6.0,230.0,NotYet
30.0,4.1,11.9,-2.0,-6.0,240.0,NotYet
30.0,4.1,11.9,-2.0,-6.0,250.0,NotYet
30.0,4.1,11.9,-2.0,-6.0,260.0,NotYet
30.0,4.1,11.9,-2.0,-6.0,270.0,NotYet
30.0,4.1,11.9,-2.0,-6.0,280.0,NotYet
30.0,4.1,11.9,-2.0,-6.0,290.0,NotYet
30.0,4.1,11.9,-2.0,-6.0,300.0,NotYet
30.0,4.1,11.9,-2.0,-6.0,310.0,NotYet
30.0,4.1,11.9,-2.0,-6.0,320.0,NotYet
30.0,4.1,11.9,-2.0,-6.0,330.0,NotYet
30.0,4.1,11.9,-2.0,-6.0,340.0,NotYet
30.0,4.1,11.9,-2.0,-6.0,350.0,NotYet
30.0,4.1,11.9,-2.0,-4.0,0.0,NotYet
30.0,4.1,11.9,-2.0,-4.0,10.0,NotYet
30.0,4.1,11.9,-2.0,-4.0,20.0,NotYet
30.0,4.1,11.9,-2.0,-4.0,30.0,NotYet
30.0,4.1,11.9,-2.0,-4.0,40.0,NotYet
30.0,4.1,11.9,-2.0,-4.0,50.0,NotYet
30.0,4.1,11.9,-2.0,-4.0,60.0,NotYet
30.0,4.1,11.9,-2.0,-4.0,70.0,NotYet
30.0,4.1,11.9,-2.0,-4.0,80.0,NotYet
30.0,4.1,11.9,-2.0,-4.0,90.0,NotYet
30.0,4.1,11.9,-2.0,-4.0,100.0,NotYet
30.0,4.1,11.9,-2.0,-4.0,110.0,NotYet
30.0,4.1,11.9,-2.0,-4.0,120.0,NotYet
30.0,4.1,11.9,-2.0,-4.0,130.0,NotYet
30.0,4.1,11.9,-2.0,-4.0,140.0,NotYet
30.0,4.1,11.9,-2.0,-4.0,150.0,NotYet
30.0,4.1,11.9,-2.0,-4.0,160.0,NotYet
30.0,4.1,11.9,-2.0,-4.0,170.0,NotYet
30.0,4.1,11.9,-2.0,-4.0,180.0,NotYet
30.0,4.1,11.9,-2.0,-4.0,190.0,NotYet
30.0,4.1,11.9,-2.0,-4.0,200.0,NotYet
30.0,4.1,11.9,-2.0,-4.0,210.0,NotYet
30.0,4.1,11.9,-2.0,-4.0,220.0,NotYet
30.0,4.1,11.9,-2.0,-4.0,230.0,NotYet
30.0,4.1,11.9,-2.0,-4.0,240.0,NotYet
30.0,4.1,11.9,-2.0,-4.0,250.0,NotYet
30.0,4.1,11.9,-2.0,-4.0,260.0,NotYet
30.0,4.1,11.9,-2.0,-4.0,270.0,NotYet
30.0,4.1,11.9,-2.0,-4.0,280.0,NotYet
30.0,4.1,11.9,-2.0,-4.0,290.0,NotYet
30.0,4.1,11.9,-2.0,-4.0,300.0,NotYet
30.0,4.1,11.9,-2.0,-4.0,310.0,NotYet
30.0,4.1,11.9,-2.0,-4.0,320.0,NotYet
30.0,4.1,11.9,-2.0,-4.0,330.0,NotYet
30.0,4.1,11.9,-2.0,-4.0,340.0,NotYet
30.0,4.1,11.9,-2.0,-4.0,350.0,NotYet
30.0,4.1,11.9,-2.0,-2.0,0.0,NotYet
30.0,4.1,11.9,-2.0,-2.0,10.0,NotYet
30.0,4.1,11.9,-2.0,-2.0,20.0,NotYet
30.0,4.1,11.9,-2.0,-2.0,30.0,NotYet
30.0,4.1,11.9,-2.0,-2.0,40.0,NotYet
30.0,4.1,11.9,-2.0,-2.0,50.0,NotYet
30.0,4.1,11.9,-2.0,-2.0,60.0,NotYet
30.0,4.1,11.9,-2.0,-2.0,70.0,NotYet
30.0,4.1,11.9,-2.0,-2.0,80.0,NotYet
30.0,4.1,11.9,-2.0,-2.0,90.0,NotYet
30.0,4.1,11.9,-2.0,-2.0,100.0,NotYet
30.0,4.1,11.9,-2.0,-2.0,110.0,NotYet
30.0,4.1,11.9,-2.0,-2.0,120.0,NotYet
30.0,4.1,11.9,-2.0,-2.0,130.0,NotYet
30.0,4.1,11.9,-2.0,-2.0,140.0,NotYet
30.0,4.1,11.9,-2.0,-2.0,150.0,NotYet
30.0,4.1,11.9,-2.0,-2.0,160.0,NotYet
30.0,4.1,11.9,-2.0,-2.0,170.0,NotYet
30.0,4.1,11.9,-2.0,-2.0,180.0,NotYet
30.0,4.1,11.9,-2.0,-2.0,190.0,NotYet
30.0,4.1,11.9,-2.0,-2.0,200.0,NotYet
30.0,4.1,11.9,-2.0,-2.0,210.0,NotYet
30.0,4.1,11.9,-2.0,-2.0,220.0,NotYet
30.0,4.1,11.9,-2.0,-2.0,230.0,NotYet
30.0,4.1,11.9,-2.0,-2.0,240.0,NotYet
30.0,4.1,11.9,-2.0,-2.0,250.0,NotYet
30.0,4.1,11.9,-2.0,-2.0,260.0,NotYet
30.0,4.1,11.9,-2.0,-2.0,270.0,NotYet
30.0,4.1,11.9,-2.0,-2.0,280.0,NotYet
30.0,4.1,11.9,-2.0,-2.0,290.0,NotYet
30.0,4.1,11.9,-2.0,-2.0,300.0,NotYet
30.0,4.1,11.9,-2.0,-2.0,310.0,NotYet
30.0,4.1,11.9,-2.0,-2.0,320.0,NotYet
30.0,4.1,11.9,-2.0,-2.0,330.0,NotYet
30.0,4.1,11.9,-2.0,-2.0,340.0,NotYet
30.0,4.1,11.9,-2.0,-2.0,350.0,NotYet
30.0,4.1,11.9,-2.0,0.0,0.0,NotYet
30.0,4.1,11.9,-2.0,0.0,10.0,NotYet
30.0,4.1,11.9,-2.0,0.0,20.0,NotYet
30.0,4.1,11.9,-2.0,0.0,30.0,NotYet
30.0,4.1,11.9,-2.0,0.0,40.0,NotYet
30.0,4.1,11.9,-2.0,0.0,50.0,NotYet
30.0,4.1,11.9,-2.0,0.0,60.0,NotYet
30.0,4.1,11.9,-2.0,0.0,70.0,NotYet
30.0,4.1,11.9,-2.0,0.0,80.0,NotYet
30.0,4.1,11.9,-2.0,0.0,90.0,NotYet
30.0,4.1,11.9,-2.0,0.0,100.0,NotYet
30.0,4.1,11.9,-2.0,0.0,110.0,NotYet
30.0,4.1,11.9,-2.0,0.0,120.0,NotYet
30.0,4.1,11.9,-2.0,0.0,130.0,NotYet
30.0,4.1,11.9,-2.0,0.0,140.0,NotYet
30.0,4.1,11.9,-2.0,0.0,150.0,NotYet
30.0,4.1,11.9,-2.0,0.0,160.0,NotYet
30.0,4.1,11.9,-2.0,0.0,170.0,NotYet
30.0,4.1,11.9,-2.0,0.0,180.0,NotYet
30.0,4.1,11.9,-2.0,0.0,190.0,NotYet
30.0,4.1,11.9,-2.0,0.0,200.0,NotYet
30.0,4.1,11.9,-2.0,0.0,210.0,NotYet
30.0,4.1,11.9,-2.0,0.0,220.0,NotYet
30.0,4.1,11.9,-2.0,0.0,230.0,NotYet
30.0,4.1,11.9,-2.0,0.0,240.0,NotYet
30.0,4.1,11.9,-2.0,0.0,250.0,NotYet
30.0,4.1,11.9,-2.0,0.0,260.0,NotYet
30.0,4.1,11.9,-2.0,0.0,270.0,NotYet
30.0,4.1,11.9,-2.0,0.0,280.0,NotYet
30.0,4.1,11.9,-2.0,0.0,290.0,NotYet
30.0,4.1,11.9,-2.0,0.0,300.0,NotYet
30.0,4.1,11.9,-2.0,0.0,310.0,NotYet
30.0,4.1,11.9,-2.0,0.0,320.0,NotYet
30.0,4.1,11.9,-2.0,0.0,330.0,NotYet
30.0,4.1,11.9,-2.0,0.0,340.0,NotYet
30.0,4.1,11.9,-2.0,0.0,350.0,NotYet
30.0,4.1,11.9,-2.0,2.0,0.0,NotYet
30.0,4.1,11.9,-2.0,2.0,10.0,NotYet
30.0,4.1,11.9,-2.0,2.0,20.0,NotYet
30.0,4.1,11.9,-2.0,2.0,30.0,NotYet
30.0,4.1,11.9,-2.0,2.0,40.0,NotYet
30.0,4.1,11.9,-2.0,2.0,50.0,NotYet
30.0,4.1,11.9,-2.0,2.0,60.0,NotYet
30.0,4.1,11.9,-2.0,2.0,70.0,NotYet
30.0,4.1,11.9,-2.0,2.0,80.0,NotYet
30.0,4.1,11.9,-2.0,2.0,90.0,NotYet
30.0,4.1,11.9,-2.0,2.0,100.0,NotYet
30.0,4.1,11.9,-2.0,2.0,110.0,NotYet
30.0,4.1,11.9,-2.0,2.0,120.0,NotYet
30.0,4.1,11.9,-2.0,2.0,130.0,NotYet
30.0,4.1,11.9,-2.0,2.0,140.0,NotYet
30.0,4.1,11.9,-2.0,2.0,150.0,NotYet
30.0,4.1,11.9,-2.0,2.0,160.0,NotYet
30.0,4.1,11.9,-2.0,2.0,170.0,NotYet
30.0,4.1,11.9,-2.0,2.0,180.0,NotYet
30.0,4.1,11.9,-2.0,2.0,190.0,NotYet
30.0,4.1,11.9,-2.0,2.0,200.0,NotYet
30.0,4.1,11.9,-2.0,2.0,210.0,NotYet
30.0,4.1,11.9,-2.0,2.0,220.0,NotYet
30.0,4.1,11.9,-2.0,2.0,230.0,NotYet
30.0,4.1,11.9,-2.0,2.0,240.0,NotYet
30.0,4.1,11.9,-2.0,2.0,250.0,NotYet
30.0,4.1,11.9,-2.0,2.0,260.0,NotYet
30.0,4.1,11.9,-2.0,2.0,270.0,NotYet
30.0,4.1,11.9,-2.0,2.0,280.0,NotYet
30.0,4.1,11.9,-2.0,2.0,290.0,NotYet
30.0,4.1,11.9,-2.0,2.0,300.0,NotYet
30.0,4.1,11.9,-2.0,2.0,310.0,NotYet
30.0,4.1,11.9,-2.0,2.0,320.0,NotYet
30.0,4.1,11.9,-2.0,2.0,330.0,NotYet
30.0,4.1,11.9,-2.0,2.0,340.0,NotYet
30.0,4.1,11.9,-2.0,2.0,350.0,NotYet
30.0,4.1,11.9,-2.0,4.0,0.0,NotYet
30.0,4.1,11.9,-2.0,4.0,10.0,NotYet
30.0,4.1,11.9,-2.0,4.0,20.0,NotYet
30.0,4.1,11.9,-2.0,4.0,30.0,NotYet
30.0,4.1,11.9,-2.0,4.0,40.0,NotYet
30.0,4.1,11.9,-2.0,4.0,50.0,NotYet
30.0,4.1,11.9,-2.0,4.0,60.0,NotYet
30.0,4.1,11.9,-2.0,4.0,70.0,NotYet
30.0,4.1,11.9,-2.0,4.0,80.0,NotYet
30.0,4.1,11.9,-2.0,4.0,90.0,NotYet
30.0,4.1,11.9,-2.0,4.0,100.0,NotYet
30.0,4.1,11.9,-2.0,4.0,110.0,NotYet
30.0,4.1,11.9,-2.0,4.0,120.0,NotYet
30.0,4.1,11.9,-2.0,4.0,130.0,NotYet
30.0,4.1,11.9,-2.0,4.0,140.0,NotYet
30.0,4.1,11.9,-2.0,4.0,150.0,NotYet
30.0,4.1,11.9,-2.0,4.0,160.0,NotYet
30.0,4.1,11.9,-2.0,4.0,170.0,NotYet
30.0,4.1,11.9,-2.0,4.0,180.0,NotYet
30.0,4.1,11.9,-2.0,4.0,190.0,NotYet
30.0,4.1,11.9,-2.0,4.0,200.0,NotYet
30.0,4.1,11.9,-2.0,4.0,210.0,NotYet
30.0,4.1,11.9,-2.0,4.0,220.0,NotYet
30.0,4.1,11.9,-2.0,4.0,230.0,NotYet
30.0,4.1,11.9,-2.0,4.0,240.0,NotYet
30.0,4.1,11.9,-2.0,4.0,250.0,NotYet
30.0,4.1,11.9,-2.0,4.0,260.0,NotYet
30.0,4.1,11.9,-2.0,4.0,270.0,NotYet
30.0,4.1,11.9,-2.0,4.0,280.0,NotYet
30.0,4.1,11.9,-2.0,4.0,290.0,NotYet
30.0,4.1,11.9,-2.0,4.0,300.0,NotYet
30.0,4.1,11.9,-2.0,4.0,310.0,NotYet
30.0,4.1,11.9,-2.0,4.0,320.0,NotYet
30.0,4.1,11.9,-2.0,4.0,330.0,NotYet
30.0,4.1,11.9,-2.0,4.0,340.0,NotYet
30.0,4.1,11.9,-2.0,4.0,350.0,NotYet
30.0,4.1,11.9,-2.0,6.0,0.0,NotYet
30.0,4.1,11.9,-2.0,6.0,10.0,NotYet
30.0,4.1,11.9,-2.0,6.0,20.0,NotYet
30.0,4.1,11.9,-2.0,6.0,30.0,NotYet
30.0,4.1,11.9,-2.0,6.0,40.0,NotYet
30.0,4.1,11.9,-2.0,6.0,50.0,NotYet
30.0,4.1,11.9,-2.0,6.0,60.0,NotYet
30.0,4.1,11.9,-2.0,6.0,70.0,NotYet
30.0,4.1,11.9,-2.0,6.0,80.0,NotYet
30.0,4.1,11.9,-2.0,6.0,90.0,NotYet
30.0,4.1,11.9,-2.0,6.0,100.0,NotYet
30.0,4.1,11.9,-2.0,6.0,110.0,NotYet
30.0,4.1,11.9,-2.0,6.0,120.0,NotYet
30.0,4.1,11.9,-2.0,6.0,130.0,NotYet
30.0,4.1,11.9,-2.0,6.0,140.0,NotYet
30.0,4.1,11.9,-2.0,6.0,150.0,NotYet
30.0,4.1,11.9,-2.0,6.0,160.0,NotYet
30.0,4.1,11.9,-2.0,6.0,170.0,NotYet
30.0,4.1,11.9,-2.0,6.0,180.0,NotYet
30.0,4.1,11.9,-2.0,6.0,190.0,NotYet
30.0,4.1,11.9,-2.0,6.0,200.0,NotYet
30.0,4.1,11.9,-2.0,6.0,210.0,NotYet
30.0,4.1,11.9,-2.0,6.0,220.0,NotYet
30.0,4.1,11.9,-2.0,6.0,230.0,NotYet
30.0,4.1,11.9,-2.0,6.0,240.0,NotYet
30.0,4.1,11.9,-2.0,6.0,250.0,NotYet
30.0,4.1,11.9,-2.0,6.0,260.0,NotYet
30.0,4.1,11.9,-2.0,6.0,270.0,NotYet
30.0,4.1,11.9,-2.0,6.0,280.0,NotYet
30.0,4.1,11.9,-2.0,6.0,290.0,NotYet
30.0,4.1,11.9,-2.0,6.0,300.0,NotYet
30.0,4.1,11.9,-2.0,6.0,310.0,NotYet
30.0,4.1,11.9,-2.0,6.0,320.0,NotYet
30.0,4.1,11.9,-2.0,6.0,330.0,NotYet
30.0,4.1,11.9,-2.0,6.0,340.0,NotYet
30.0,4.1,11.9,-2.0,6.0,350.0,NotYet
30.0,4.1,11.9,-2.0,8.0,0.0,NotYet
30.0,4.1,11.9,-2.0,8.0,10.0,NotYet
30.0,4.1,11.9,-2.0,8.0,20.0,NotYet
30.0,4.1,11.9,-2.0,8.0,30.0,NotYet
30.0,4.1,11.9,-2.0,8.0,40.0,NotYet
30.0,4.1,11.9,-2.0,8.0,50.0,NotYet
30.0,4.1,11.9,-2.0,8.0,60.0,NotYet
30.0,4.1,11.9,-2.0,8.0,70.0,NotYet
30.0,4.1,11.9,-2.0,8.0,80.0,NotYet
30.0,4.1,11.9,-2.0,8.0,90.0,NotYet
30.0,4.1,11.9,-2.0,8.0,100.0,NotYet
30.0,4.1,11.9,-2.0,8.0,110.0,NotYet
30.0,4.1,11.9,-2.0,8.0,120.0,NotYet
30.0,4.1,11.9,-2.0,8.0,130.0,NotYet
30.0,4.1,11.9,-2.0,8.0,140.0,NotYet
30.0,4.1,11.9,-2.0,8.0,150.0,NotYet
30.0,4.1,11.9,-2.0,8.0,160.0,NotYet
30.0,4.1,11.9,-2.0,8.0,170.0,NotYet
30.0,4.1,11.9,-2.0,8.0,180.0,NotYet
30.0,4.1,11.9,-2.0,8.0,190.0,NotYet
30.0,4.1,11.9,-2.0,8.0,200.0,NotYet
30.0,4.1,11.9,-2.0,8.0,210.0,NotYet
30.0,4.1,11.9,-2.0,8.0,220.0,NotYet
30.0,4.1,11.9,-2.0,8.0,230.0,NotYet
30.0,4.1,11.9,-2.0,8.0,240.0,NotYet
30.0,4.1,11.9,-2.0,8.0,250.0,NotYet
30.0,4.1,11.9,-2.0,8.0,260.0,NotYet
30.0,4.1,11.9,-2.0,8.0,270.0,NotYet
30.0,4.1,11.9,-2.0,8.0,280.0,NotYet
30.0,4.1,11.9,-2.0,8.0,290.0,NotYet
30.0,4.1,11.9,-2.0,8.0,300.0,NotYet
30.0,4.1,11.9,-2.0,8.0,310.0,NotYet
30.0,4.1,11.9,-2.0,8.0,320.0,NotYet
30.0,4.1,11.9,-2.0,8.0,330.0,NotYet
30.0,4.1,11.9,-2.0,8.0,340.0,NotYet
30.0,4.1,11.9,-2.0,8.0,350.0,NotYet
30.0,4.1,11.9,-2.0,10.0,0.0,NotYet
30.0,4.1,11.9,-2.0,10.0,10.0,NotYet
30.0,4.1,11.9,-2.0,10.0,20.0,NotYet
30.0,4.1,11.9,-2.0,10.0,30.0,NotYet
30.0,4.1,11.9,-2.0,10.0,40.0,NotYet
30.0,4.1,11.9,-2.0,10.0,50.0,NotYet
30.0,4.1,11.9,-2.0,10.0,60.0,NotYet
30.0,4.1,11.9,-2.0,10.0,70.0,NotYet
30.0,4.1,11.9,-2.0,10.0,80.0,NotYet
30.0,4.1,11.9,-2.0,10.0,90.0,NotYet
30.0,4.1,11.9,-2.0,10.0,100.0,NotYet
30.0,4.1,11.9,-2.0,10.0,110.0,NotYet
30.0,4.1,11.9,-2.0,10.0,120.0,NotYet
30.0,4.1,11.9,-2.0,10.0,130.0,NotYet
30.0,4.1,11.9,-2.0,10.0,140.0,NotYet
30.0,4.1,11.9,-2.0,10.0,150.0,NotYet
30.0,4.1,11.9,-2.0,10.0,160.0,NotYet
30.0,4.1,11.9,-2.0,10.0,170.0,NotYet
30.0,4.1,11.9,-2.0,10.0,180.0,NotYet
30.0,4.1,11.9,-2.0,10.0,190.0,NotYet
30.0,4.1,11.9,-2.0,10.0,200.0,NotYet
30.0,4.1,11.9,-2.0,10.0,210.0,NotYet
30.0,4.1,11.9,-2.0,10.0,220.0,NotYet
30.0,4.1,11.9,-2.0,10.0,230.0,NotYet
30.0,4.1,11.9,-2.0,10.0,240.0,NotYet
30.0,4.1,11.9,-2.0,10.0,250.0,NotYet
30.0,4.1,11.9,-2.0,10.0,260.0,NotYet
30.0,4.1,11.9,-2.0,10.0,270.0,NotYet
30.0,4.1,11.9,-2.0,10.0,280.0,NotYet
30.0,4.1,11.9,-2.0,10.0,290.0,NotYet
30.0,4.1,11.9,-2.0,10.0,300.0,NotYet
30.0,4.1,11.9,-2.0,10.0,310.0,NotYet
30.0,4.1,11.9,-2.0,10.0,320.0,NotYet
30.0,4.1,11.9,-2.0,10.0,330.0,NotYet
30.0,4.1,11.9,-2.0,10.0,340.0,NotYet
30.0,4.1,11.9,-2.0,10.0,350.0,NotYet
30.0,4.1,11.9,-2.0,12.0,0.0,NotYet
30.0,4.1,11.9,-2.0,12.0,10.0,NotYet
30.0,4.1,11.9,-2.0,12.0,20.0,NotYet
30.0,4.1,11.9,-2.0,12.0,30.0,NotYet
30.0,4.1,11.9,-2.0,12.0,40.0,NotYet
30.0,4.1,11.9,-2.0,12.0,50.0,NotYet
30.0,4.1,11.9,-2.0,12.0,60.0,NotYet
30.0,4.1,11.9,-2.0,12.0,70.0,NotYet
30.0,4.1,11.9,-2.0,12.0,80.0,NotYet
30.0,4.1,11.9,-2.0,12.0,90.0,NotYet
30.0,4.1,11.9,-2.0,12.0,100.0,NotYet
30.0,4.1,11.9,-2.0,12.0,110.0,NotYet
30.0,4.1,11.9,-2.0,12.0,120.0,NotYet
30.0,4.1,11.9,-2.0,12.0,130.0,NotYet
30.0,4.1,11.9,-2.0,12.0,140.0,NotYet
30.0,4.1,11.9,-2.0,12.0,150.0,NotYet
30.0,4.1,11.9,-2.0,12.0,160.0,NotYet
30.0,4.1,11.9,-2.0,12.0,170.0,NotYet
30.0,4.1,11.9,-2.0,12.0,180.0,NotYet
30.0,4.1,11.9,-2.0,12.0,190.0,NotYet
30.0,4.1,11.9,-2.0,12.0,200.0,NotYet
30.0,4.1,11.9,-2.0,12.0,210.0,NotYet
30.0,4.1,11.9,-2.0,12.0,220.0,NotYet
30.0,4.1,11.9,-2.0,12.0,230.0,NotYet
30.0,4.1,11.9,-2.0,12.0,240.0,NotYet
30.0,4.1,11.9,-2.0,12.0,250.0,NotYet
30.0,4.1,11.9,-2.0,12.0,260.0,NotYet
30.0,4.1,11.9,-2.0,12.0,270.0,NotYet
30.0,4.1,11.9,-2.0,12.0,280.0,NotYet
30.0,4.1,11.9,-2.0,12.0,290.0,NotYet
30.0,4.1,11.9,-2.0,12.0,300.0,NotYet
30.0,4.1,11.9,-2.0,12.0,310.0,NotYet
30.0,4.1,11.9,-2.0,12.0,320.0,NotYet
30.0,4.1,11.9,-2.0,12.0,330.0,NotYet
30.0,4.1,11.9,-2.0,12.0,340.0,NotYet
30.0,4.1,11.9,-2.0,12.0,350.0,NotYet
30.0,4.1,11.9,-2.0,14.0,0.0,NotYet
30.0,4.1,11.9,-2.0,14.0,10.0,NotYet
30.0,4.1,11.9,-2.0,14.0,20.0,NotYet
30.0,4.1,11.9,-2.0,14.0,30.0,NotYet
30.0,4.1,11.9,-2.0,14.0,40.0,NotYet
30.0,4.1,11.9,-2.0,14.0,50.0,NotYet
30.0,4.1,11.9,-2.0,14.0,60.0,NotYet
30.0,4.1,11.9,-2.0,14.0,70.0,NotYet
30.0,4.1,11.9,-2.0,14.0,80.0,NotYet
30.0,4.1,11.9,-2.0,14.0,90.0,NotYet
30.0,4.1,11.9,-2.0,14.0,100.0,NotYet
30.0,4.1,11.9,-2.0,14.0,110.0,NotYet
30.0,4.1,11.9,-2.0,14.0,120.0,NotYet
30.0,4.1,11.9,-2.0,14.0,130.0,NotYet
30.0,4.1,11.9,-2.0,14.0,140.0,NotYet
30.0,4.1,11.9,-2.0,14.0,150.0,NotYet
30.0,4.1,11.9,-2.0,14.0,160.0,NotYet
30.0,4.1,11.9,-2.0,14.0,170.0,NotYet
30.0,4.1,11.9,-2.0,14.0,180.0,NotYet
30.0,4.1,11.9,-2.0,14.0,190.0,NotYet
30.0,4.1,11.9,-2.0,14.0,200.0,NotYet
30.0,4.1,11.9,-2.0,14.0,210.0,NotYet
30.0,4.1,11.9,-2.0,14.0,220.0,NotYet
30.0,4.1,11.9,-2.0,14.0,230.0,NotYet
30.0,4.1,11.9,-2.0,14.0,240.0,NotYet
30.0,4.1,11.9,-2.0,14.0,250.0,NotYet
30.0,4.1,11.9,-2.0,14.0,260.0,NotYet
30.0,4.1,11.9,-2.0,14.0,270.0,NotYet
30.0,4.1,11.9,-2.0,14.0,280.0,NotYet
30.0,4.1,11.9,-2.0,14.0,290.0,NotYet
30.0,4.1,11.9,-2.0,14.0,300.0,NotYet
30.0,4.1,11.9,-2.0,14.0,310.0,NotYet
30.0,4.1,11.9,-2.0,14.0,320.0,NotYet
30.0,4.1,11.9,-2.0,14.0,330.0,NotYet
30.0,4.1,11.9,-2.0,14.0,340.0,NotYet
30.0,4.1,11.9,-2.0,14.0,350.0,NotYet
30.0,4.1,11.9,-1.8,-14.0,0.0,NotYet
30.0,4.1,11.9,-1.8,-14.0,10.0,NotYet
30.0,4.1,11.9,-1.8,-14.0,20.0,NotYet
30.0,4.1,11.9,-1.8,-14.0,30.0,NotYet
30.0,4.1,11.9,-1.8,-14.0,40.0,NotYet
30.0,4.1,11.9,-1.8,-14.0,50.0,NotYet
30.0,4.1,11.9,-1.8,-14.0,60.0,NotYet
30.0,4.1,11.9,-1.8,-14.0,70.0,NotYet
30.0,4.1,11.9,-1.8,-14.0,80.0,NotYet
30.0,4.1,11.9,-1.8,-14.0,90.0,NotYet
30.0,4.1,11.9,-1.8,-14.0,100.0,NotYet
30.0,4.1,11.9,-1.8,-14.0,110.0,NotYet
30.0,4.1,11.9,-1.8,-14.0,120.0,NotYet
30.0,4.1,11.9,-1.8,-14.0,130.0,NotYet
30.0,4.1,11.9,-1.8,-14.0,140.0,NotYet
30.0,4.1,11.9,-1.8,-14.0,150.0,NotYet
30.0,4.1,11.9,-1.8,-14.0,160.0,NotYet
30.0,4.1,11.9,-1.8,-14.0,170.0,NotYet
30.0,4.1,11.9,-1.8,-14.0,180.0,NotYet
30.0,4.1,11.9,-1.8,-14.0,190.0,NotYet
30.0,4.1,11.9,-1.8,-14.0,200.0,NotYet
30.0,4.1,11.9,-1.8,-14.0,210.0,NotYet
30.0,4.1,11.9,-1.8,-14.0,220.0,NotYet
30.0,4.1,11.9,-1.8,-14.0,230.0,NotYet
30.0,4.1,11.9,-1.8,-14.0,240.0,NotYet
30.0,4.1,11.9,-1.8,-14.0,250.0,NotYet
30.0,4.1,11.9,-1.8,-14.0,260.0,NotYet
30.0,4.1,11.9,-1.8,-14.0,270.0,NotYet
30.0,4.1,11.9,-1.8,-14.0,280.0,NotYet
30.0,4.1,11.9,-1.8,-14.0,290.0,NotYet
30.0,4.1,11.9,-1.8,-14.0,300.0,NotYet
30.0,4.1,11.9,-1.8,-14.0,310.0,NotYet
30.0,4.1,11.9,-1.8,-14.0,320.0,NotYet
30.0,4.1,11.9,-1.8,-14.0,330.0,NotYet
30.0,4.1,11.9,-1.8,-14.0,340.0,NotYet
30.0,4.1,11.9,-1.8,-14.0,350.0,NotYet
30.0,4.1,11.9,-1.8,-12.0,0.0,NotYet
30.0,4.1,11.9,-1.8,-12.0,10.0,NotYet
30.0,4.1,11.9,-1.8,-12.0,20.0,NotYet
30.0,4.1,11.9,-1.8,-12.0,30.0,NotYet
30.0,4.1,11.9,-1.8,-12.0,40.0,NotYet
30.0,4.1,11.9,-1.8,-12.0,50.0,NotYet
30.0,4.1,11.9,-1.8,-12.0,60.0,NotYet
30.0,4.1,11.9,-1.8,-12.0,70.0,NotYet
30.0,4.1,11.9,-1.8,-12.0,80.0,NotYet
30.0,4.1,11.9,-1.8,-12.0,90.0,NotYet
30.0,4.1,11.9,-1.8,-12.0,100.0,NotYet
30.0,4.1,11.9,-1.8,-12.0,110.0,NotYet
30.0,4.1,11.9,-1.8,-12.0,120.0,NotYet
30.0,4.1,11.9,-1.8,-12.0,130.0,NotYet
30.0,4.1,11.9,-1.8,-12.0,140.0,NotYet
30.0,4.1,11.9,-1.8,-12.0,150.0,NotYet
30.0,4.1,11.9,-1.8,-12.0,160.0,NotYet
30.0,4.1,11.9,-1.8,-12.0,170.0,NotYet
30.0,4.1,11.9,-1.8,-12.0,180.0,NotYet
30.0,4.1,11.9,-1.8,-12.0,190.0,NotYet
30.0,4.1,11.9,-1.8,-12.0,200.0,NotYet
30.0,4.1,11.9,-1.8,-12.0,210.0,NotYet
30.0,4.1,11.9,-1.8,-12.0,220.0,NotYet
30.0,4.1,11.9,-1.8,-12.0,230.0,NotYet
30.0,4.1,11.9,-1.8,-12.0,240.0,NotYet
30.0,4.1,11.9,-1.8,-12.0,250.0,NotYet
30.0,4.1,11.9,-1.8,-12.0,260.0,NotYet
30.0,4.1,11.9,-1.8,-12.0,270.0,NotYet
30.0,4.1,11.9,-1.8,-12.0,280.0,NotYet
30.0,4.1,11.9,-1.8,-12.0,290.0,NotYet
30.0,4.1,11.9,-1.8,-12.0,300.0,NotYet
30.0,4.1,11.9,-1.8,-12.0,310.0,NotYet
30.0,4.1,11.9,-1.8,-12.0,320.0,NotYet
30.0,4.1,11.9,-1.8,-12.0,330.0,NotYet
30.0,4.1,11.9,-1.8,-12.0,340.0,NotYet
30.0,4.1,11.9,-1.8,-12.0,350.0,NotYet
30.0,4.1,11.9,-1.8,-10.0,0.0,NotYet
30.0,4.1,11.9,-1.8,-10.0,10.0,NotYet
30.0,4.1,11.9,-1.8,-10.0,20.0,NotYet
30.0,4.1,11.9,-1.8,-10.0,30.0,NotYet
30.0,4.1,11.9,-1.8,-10.0,40.0,NotYet
30.0,4.1,11.9,-1.8,-10.0,50.0,NotYet
30.0,4.1,11.9,-1.8,-10.0,60.0,NotYet
30.0,4.1,11.9,-1.8,-10.0,70.0,NotYet
30.0,4.1,11.9,-1.8,-10.0,80.0,NotYet
30.0,4.1,11.9,-1.8,-10.0,90.0,NotYet
30.0,4.1,11.9,-1.8,-10.0,100.0,NotYet
30.0,4.1,11.9,-1.8,-10.0,110.0,NotYet
30.0,4.1,11.9,-1.8,-10.0,120.0,NotYet
30.0,4.1,11.9,-1.8,-10.0,130.0,NotYet
30.0,4.1,11.9,-1.8,-10.0,140.0,NotYet
30.0,4.1,11.9,-1.8,-10.0,150.0,NotYet
30.0,4.1,11.9,-1.8,-10.0,160.0,NotYet
30.0,4.1,11.9,-1.8,-10.0,170.0,NotYet
30.0,4.1,11.9,-1.8,-10.0,180.0,NotYet
30.0,4.1,11.9,-1.8,-10.0,190.0,NotYet
30.0,4.1,11.9,-1.8,-10.0,200.0,NotYet
30.0,4.1,11.9,-1.8,-10.0,210.0,NotYet
30.0,4.1,11.9,-1.8,-10.0,220.0,NotYet
30.0,4.1,11.9,-1.8,-10.0,230.0,NotYet
30.0,4.1,11.9,-1.8,-10.0,240.0,NotYet
30.0,4.1,11.9,-1.8,-10.0,250.0,NotYet
30.0,4.1,11.9,-1.8,-10.0,260.0,NotYet
30.0,4.1,11.9,-1.8,-10.0,270.0,NotYet
30.0,4.1,11.9,-1.8,-10.0,280.0,NotYet
30.0,4.1,11.9,-1.8,-10.0,290.0,NotYet
30.0,4.1,11.9,-1.8,-10.0,300.0,NotYet
30.0,4.1,11.9,-1.8,-10.0,310.0,NotYet
30.0,4.1,11.9,-1.8,-10.0,320.0,NotYet
30.0,4.1,11.9,-1.8,-10.0,330.0,NotYet
30.0,4.1,11.9,-1.8,-10.0,340.0,NotYet
30.0,4.1,11.9,-1.8,-10.0,350.0,NotYet
30.0,4.1,11.9,-1.8,-8.0,0.0,NotYet
30.0,4.1,11.9,-1.8,-8.0,10.0,NotYet
30.0,4.1,11.9,-1.8,-8.0,20.0,NotYet
30.0,4.1,11.9,-1.8,-8.0,30.0,NotYet
30.0,4.1,11.9,-1.8,-8.0,40.0,NotYet
30.0,4.1,11.9,-1.8,-8.0,50.0,NotYet
30.0,4.1,11.9,-1.8,-8.0,60.0,NotYet
30.0,4.1,11.9,-1.8,-8.0,70.0,NotYet
30.0,4.1,11.9,-1.8,-8.0,80.0,NotYet
30.0,4.1,11.9,-1.8,-8.0,90.0,NotYet
30.0,4.1,11.9,-1.8,-8.0,100.0,NotYet
30.0,4.1,11.9,-1.8,-8.0,110.0,NotYet
30.0,4.1,11.9,-1.8,-8.0,120.0,NotYet
30.0,4.1,11.9,-1.8,-8.0,130.0,NotYet
30.0,4.1,11.9,-1.8,-8.0,140.0,NotYet
30.0,4.1,11.9,-1.8,-8.0,150.0,NotYet
30.0,4.1,11.9,-1.8,-8.0,160.0,NotYet
30.0,4.1,11.9,-1.8,-8.0,170.0,NotYet
30.0,4.1,11.9,-1.8,-8.0,180.0,NotYet
30.0,4.1,11.9,-1.8,-8.0,190.0,NotYet
30.0,4.1,11.9,-1.8,-8.0,200.0,NotYet
30.0,4.1,11.9,-1.8,-8.0,210.0,NotYet
30.0,4.1,11.9,-1.8,-8.0,220.0,NotYet
30.0,4.1,11.9,-1.8,-8.0,230.0,NotYet
30.0,4.1,11.9,-1.8,-8.0,240.0,NotYet
30.0,4.1,11.9,-1.8,-8.0,250.0,NotYet
30.0,4.1,11.9,-1.8,-8.0,260.0,NotYet
30.0,4.1,11.9,-1.8,-8.0,270.0,NotYet
30.0,4.1,11.9,-1.8,-8.0,280.0,NotYet
30.0,4.1,11.9,-1.8,-8.0,290.0,NotYet
30.0,4.1,11.9,-1.8,-8.0,300.0,NotYet
30.0,4.1,11.9,-1.8,-8.0,310.0,NotYet
30.0,4.1,11.9,-1.8,-8.0,320.0,NotYet
30.0,4.1,11.9,-1.8,-8.0,330.0,NotYet
30.0,4.1,11.9,-1.8,-8.0,340.0,NotYet
30.0,4.1,11.9,-1.8,-8.0,350.0,NotYet
30.0,4.1,11.9,-1.8,-6.0,0.0,NotYet
30.0,4.1,11.9,-1.8,-6.0,10.0,NotYet
30.0,4.1,11.9,-1.8,-6.0,20.0,NotYet
30.0,4.1,11.9,-1.8,-6.0,30.0,NotYet
30.0,4.1,11.9,-1.8,-6.0,40.0,NotYet
30.0,4.1,11.9,-1.8,-6.0,50.0,NotYet
30.0,4.1,11.9,-1.8,-6.0,60.0,NotYet
30.0,4.1,11.9,-1.8,-6.0,70.0,NotYet
30.0,4.1,11.9,-1.8,-6.0,80.0,NotYet
30.0,4.1,11.9,-1.8,-6.0,90.0,NotYet
30.0,4.1,11.9,-1.8,-6.0,100.0,NotYet
30.0,4.1,11.9,-1.8,-6.0,110.0,NotYet
30.0,4.1,11.9,-1.8,-6.0,120.0,NotYet
30.0,4.1,11.9,-1.8,-6.0,130.0,NotYet
30.0,4.1,11.9,-1.8,-6.0,140.0,NotYet
30.0,4.1,11.9,-1.8,-6.0,150.0,NotYet
30.0,4.1,11.9,-1.8,-6.0,160.0,NotYet
30.0,4.1,11.9,-1.8,-6.0,170.0,NotYet
30.0,4.1,11.9,-1.8,-6.0,180.0,NotYet
30.0,4.1,11.9,-1.8,-6.0,190.0,NotYet
30.0,4.1,11.9,-1.8,-6.0,200.0,NotYet
30.0,4.1,11.9,-1.8,-6.0,210.0,NotYet
30.0,4.1,11.9,-1.8,-6.0,220.0,NotYet
30.0,4.1,11.9,-1.8,-6.0,230.0,NotYet
30.0,4.1,11.9,-1.8,-6.0,240.0,NotYet
30.0,4.1,11.9,-1.8,-6.0,250.0,NotYet
30.0,4.1,11.9,-1.8,-6.0,260.0,NotYet
30.0,4.1,11.9,-1.8,-6.0,270.0,NotYet
30.0,4.1,11.9,-1.8,-6.0,280.0,NotYet
30.0,4.1,11.9,-1.8,-6.0,290.0,NotYet
30.0,4.1,11.9,-1.8,-6.0,300.0,NotYet
30.0,4.1,11.9,-1.8,-6.0,310.0,NotYet
30.0,4.1,11.9,-1.8,-6.0,320.0,NotYet
30.0,4.1,11.9,-1.8,-6.0,330.0,NotYet
30.0,4.1,11.9,-1.8,-6.0,340.0,NotYet
30.0,4.1,11.9,-1.8,-6.0,350.0,NotYet
30.0,4.1,11.9,-1.8,-4.0,0.0,NotYet
30.0,4.1,11.9,-1.8,-4.0,10.0,NotYet
30.0,4.1,11.9,-1.8,-4.0,20.0,NotYet
30.0,4.1,11.9,-1.8,-4.0,30.0,NotYet
30.0,4.1,11.9,-1.8,-4.0,40.0,NotYet
30.0,4.1,11.9,-1.8,-4.0,50.0,NotYet
30.0,4.1,11.9,-1.8,-4.0,60.0,NotYet
30.0,4.1,11.9,-1.8,-4.0,70.0,NotYet
30.0,4.1,11.9,-1.8,-4.0,80.0,NotYet
30.0,4.1,11.9,-1.8,-4.0,90.0,NotYet
30.0,4.1,11.9,-1.8,-4.0,100.0,NotYet
30.0,4.1,11.9,-1.8,-4.0,110.0,NotYet
30.0,4.1,11.9,-1.8,-4.0,120.0,NotYet
30.0,4.1,11.9,-1.8,-4.0,130.0,NotYet
30.0,4.1,11.9,-1.8,-4.0,140.0,NotYet
30.0,4.1,11.9,-1.8,-4.0,150.0,NotYet
30.0,4.1,11.9,-1.8,-4.0,160.0,NotYet
30.0,4.1,11.9,-1.8,-4.0,170.0,NotYet
30.0,4.1,11.9,-1.8,-4.0,180.0,NotYet
30.0,4.1,11.9,-1.8,-4.0,190.0,NotYet
30.0,4.1,11.9,-1.8,-4.0,200.0,NotYet
30.0,4.1,11.9,-1.8,-4.0,210.0,NotYet
30.0,4.1,11.9,-1.8,-4.0,220.0,NotYet
30.0,4.1,11.9,-1.8,-4.0,230.0,NotYet
30.0,4.1,11.9,-1.8,-4.0,240.0,NotYet
30.0,4.1,11.9,-1.8,-4.0,250.0,NotYet
30.0,4.1,11.9,-1.8,-4.0,260.0,NotYet
30.0,4.1,11.9,-1.8,-4.0,270.0,NotYet
30.0,4.1,11.9,-1.8,-4.0,280.0,NotYet
30.0,4.1,11.9,-1.8,-4.0,290.0,NotYet
30.0,4.1,11.9,-1.8,-4.0,300.0,NotYet
30.0,4.1,11.9,-1.8,-4.0,310.0,NotYet
30.0,4.1,11.9,-1.8,-4.0,320.0,NotYet
30.0,4.1,11.9,-1.8,-4.0,330.0,NotYet
30.0,4.1,11.9,-1.8,-4.0,340.0,NotYet
30.0,4.1,11.9,-1.8,-4.0,350.0,NotYet
30.0,4.1,11.9,-1.8,-2.0,0.0,NotYet
30.0,4.1,11.9,-1.8,-2.0,10.0,NotYet
30.0,4.1,11.9,-1.8,-2.0,20.0,NotYet
30.0,4.1,11.9,-1.8,-2.0,30.0,NotYet
30.0,4.1,11.9,-1.8,-2.0,40.0,NotYet
30.0,4.1,11.9,-1.8,-2.0,50.0,NotYet
30.0,4.1,11.9,-1.8,-2.0,60.0,NotYet
30.0,4.1,11.9,-1.8,-2.0,70.0,NotYet
30.0,4.1,11.9,-1.8,-2.0,80.0,NotYet
30.0,4.1,11.9,-1.8,-2.0,90.0,NotYet
30.0,4.1,11.9,-1.8,-2.0,100.0,NotYet
30.0,4.1,11.9,-1.8,-2.0,110.0,NotYet
30.0,4.1,11.9,-1.8,-2.0,120.0,NotYet
30.0,4.1,11.9,-1.8,-2.0,130.0,NotYet
30.0,4.1,11.9,-1.8,-2.0,140.0,NotYet
30.0,4.1,11.9,-1.8,-2.0,150.0,NotYet
30.0,4.1,11.9,-1.8,-2.0,160.0,NotYet
30.0,4.1,11.9,-1.8,-2.0,170.0,NotYet
30.0,4.1,11.9,-1.8,-2.0,180.0,NotYet
30.0,4.1,11.9,-1.8,-2.0,190.0,NotYet
30.0,4.1,11.9,-1.8,-2.0,200.0,NotYet
30.0,4.1,11.9,-1.8,-2.0,210.0,NotYet
30.0,4.1,11.9,-1.8,-2.0,220.0,NotYet
30.0,4.1,11.9,-1.8,-2.0,230.0,NotYet
30.0,4.1,11.9,-1.8,-2.0,240.0,NotYet
30.0,4.1,11.9,-1.8,-2.0,250.0,NotYet
30.0,4.1,11.9,-1.8,-2.0,260.0,NotYet
30.0,4.1,11.9,-1.8,-2.0,270.0,NotYet
30.0,4.1,11.9,-1.8,-2.0,280.0,NotYet
30.0,4.1,11.9,-1.8,-2.0,290.0,NotYet
30.0,4.1,11.9,-1.8,-2.0,300.0,NotYet
30.0,4.1,11.9,-1.8,-2.0,310.0,NotYet
30.0,4.1,11.9,-1.8,-2.0,320.0,NotYet
30.0,4.1,11.9,-1.8,-2.0,330.0,NotYet
30.0,4.1,11.9,-1.8,-2.0,340.0,NotYet
30.0,4.1,11.9,-1.8,-2.0,350.0,NotYet
30.0,4.1,11.9,-1.8,0.0,0.0,NotYet
30.0,4.1,11.9,-1.8,0.0,10.0,NotYet
30.0,4.1,11.9,-1.8,0.0,20.0,NotYet
30.0,4.1,11.9,-1.8,0.0,30.0,NotYet
30.0,4.1,11.9,-1.8,0.0,40.0,NotYet
30.0,4.1,11.9,-1.8,0.0,50.0,NotYet
30.0,4.1,11.9,-1.8,0.0,60.0,NotYet
30.0,4.1,11.9,-1.8,0.0,70.0,NotYet
30.0,4.1,11.9,-1.8,0.0,80.0,NotYet
30.0,4.1,11.9,-1.8,0.0,90.0,NotYet
30.0,4.1,11.9,-1.8,0.0,100.0,NotYet
30.0,4.1,11.9,-1.8,0.0,110.0,NotYet
30.0,4.1,11.9,-1.8,0.0,120.0,NotYet
30.0,4.1,11.9,-1.8,0.0,130.0,NotYet
30.0,4.1,11.9,-1.8,0.0,140.0,NotYet
30.0,4.1,11.9,-1.8,0.0,150.0,NotYet
30.0,4.1,11.9,-1.8,0.0,160.0,NotYet
30.0,4.1,11.9,-1.8,0.0,170.0,NotYet
30.0,4.1,11.9,-1.8,0.0,180.0,NotYet
30.0,4.1,11.9,-1.8,0.0,190.0,NotYet
30.0,4.1,11.9,-1.8,0.0,200.0,NotYet
30.0,4.1,11.9,-1.8,0.0,210.0,NotYet
30.0,4.1,11.9,-1.8,0.0,220.0,NotYet
30.0,4.1,11.9,-1.8,0.0,230.0,NotYet
30.0,4.1,11.9,-1.8,0.0,240.0,NotYet
30.0,4.1,11.9,-1.8,0.0,250.0,NotYet
30.0,4.1,11.9,-1.8,0.0,260.0,NotYet
30.0,4.1,11.9,-1.8,0.0,270.0,NotYet
30.0,4.1,11.9,-1.8,0.0,280.0,NotYet
30.0,4.1,11.9,-1.8,0.0,290.0,NotYet
30.0,4.1,11.9,-1.8,0.0,300.0,NotYet
30.0,4.1,11.9,-1.8,0.0,310.0,NotYet
30.0,4.1,11.9,-1.8,0.0,320.0,NotYet
30.0,4.1,11.9,-1.8,0.0,330.0,NotYet
30.0,4.1,11.9,-1.8,0.0,340.0,NotYet
30.0,4.1,11.9,-1.8,0.0,350.0,NotYet
30.0,4.1,11.9,-1.8,2.0,0.0,NotYet
30.0,4.1,11.9,-1.8,2.0,10.0,NotYet
30.0,4.1,11.9,-1.8,2.0,20.0,NotYet
30.0,4.1,11.9,-1.8,2.0,30.0,NotYet
30.0,4.1,11.9,-1.8,2.0,40.0,NotYet
30.0,4.1,11.9,-1.8,2.0,50.0,NotYet
30.0,4.1,11.9,-1.8,2.0,60.0,NotYet
30.0,4.1,11.9,-1.8,2.0,70.0,NotYet
30.0,4.1,11.9,-1.8,2.0,80.0,NotYet
30.0,4.1,11.9,-1.8,2.0,90.0,NotYet
30.0,4.1,11.9,-1.8,2.0,100.0,NotYet
30.0,4.1,11.9,-1.8,2.0,110.0,NotYet
30.0,4.1,11.9,-1.8,2.0,120.0,NotYet
30.0,4.1,11.9,-1.8,2.0,130.0,NotYet
30.0,4.1,11.9,-1.8,2.0,140.0,NotYet
30.0,4.1,11.9,-1.8,2.0,150.0,NotYet
30.0,4.1,11.9,-1.8,2.0,160.0,NotYet
30.0,4.1,11.9,-1.8,2.0,170.0,NotYet
30.0,4.1,11.9,-1.8,2.0,180.0,NotYet
30.0,4.1,11.9,-1.8,2.0,190.0,NotYet
30.0,4.1,11.9,-1.8,2.0,200.0,NotYet
30.0,4.1,11.9,-1.8,2.0,210.0,NotYet
30.0,4.1,11.9,-1.8,2.0,220.0,NotYet
30.0,4.1,11.9,-1.8,2.0,230.0,NotYet
30.0,4.1,11.9,-1.8,2.0,240.0,NotYet
30.0,4.1,11.9,-1.8,2.0,250.0,NotYet
30.0,4.1,11.9,-1.8,2.0,260.0,NotYet
30.0,4.1,11.9,-1.8,2.0,270.0,NotYet
30.0,4.1,11.9,-1.8,2.0,280.0,NotYet
30.0,4.1,11.9,-1.8,2.0,290.0,NotYet
30.0,4.1,11.9,-1.8,2.0,300.0,NotYet
30.0,4.1,11.9,-1.8,2.0,310.0,NotYet
30.0,4.1,11.9,-1.8,2.0,320.0,NotYet
30.0,4.1,11.9,-1.8,2.0,330.0,NotYet
30.0,4.1,11.9,-1.8,2.0,340.0,NotYet
30.0,4.1,11.9,-1.8,2.0,350.0,NotYet
30.0,4.1,11.9,-1.8,4.0,0.0,NotYet
30.0,4.1,11.9,-1.8,4.0,10.0,NotYet
30.0,4.1,11.9,-1.8,4.0,20.0,NotYet
30.0,4.1,11.9,-1.8,4.0,30.0,NotYet
30.0,4.1,11.9,-1.8,4.0,40.0,NotYet
30.0,4.1,11.9,-1.8,4.0,50.0,NotYet
30.0,4.1,11.9,-1.8,4.0,60.0,NotYet
30.0,4.1,11.9,-1.8,4.0,70.0,NotYet
30.0,4.1,11.9,-1.8,4.0,80.0,NotYet
30.0,4.1,11.9,-1.8,4.0,90.0,NotYet
30.0,4.1,11.9,-1.8,4.0,100.0,NotYet
30.0,4.1,11.9,-1.8,4.0,110.0,NotYet
30.0,4.1,11.9,-1.8,4.0,120.0,NotYet
30.0,4.1,11.9,-1.8,4.0,130.0,NotYet
30.0,4.1,11.9,-1.8,4.0,140.0,NotYet
30.0,4.1,11.9,-1.8,4.0,150.0,NotYet
30.0,4.1,11.9,-1.8,4.0,160.0,NotYet
30.0,4.1,11.9,-1.8,4.0,170.0,NotYet
30.0,4.1,11.9,-1.8,4.0,180.0,NotYet
30.0,4.1,11.9,-1.8,4.0,190.0,NotYet
30.0,4.1,11.9,-1.8,4.0,200.0,NotYet
30.0,4.1,11.9,-1.8,4.0,210.0,NotYet
30.0,4.1,11.9,-1.8,4.0,220.0,NotYet
30.0,4.1,11.9,-1.8,4.0,230.0,NotYet
30.0,4.1,11.9,-1.8,4.0,240.0,NotYet
30.0,4.1,11.9,-1.8,4.0,250.0,NotYet
30.0,4.1,11.9,-1.8,4.0,260.0,NotYet
30.0,4.1,11.9,-1.8,4.0,270.0,NotYet
30.0,4.1,11.9,-1.8,4.0,280.0,NotYet
30.0,4.1,11.9,-1.8,4.0,290.0,NotYet
30.0,4.1,11.9,-1.8,4.0,300.0,NotYet
30.0,4.1,11.9,-1.8,4.0,310.0,NotYet
30.0,4.1,11.9,-1.8,4.0,320.0,NotYet
30.0,4.1,11.9,-1.8,4.0,330.0,NotYet
30.0,4.1,11.9,-1.8,4.0,340.0,NotYet
30.0,4.1,11.9,-1.8,4.0,350.0,NotYet
30.0,4.1,11.9,-1.8,6.0,0.0,NotYet
30.0,4.1,11.9,-1.8,6.0,10.0,NotYet
30.0,4.1,11.9,-1.8,6.0,20.0,NotYet
30.0,4.1,11.9,-1.8,6.0,30.0,NotYet
30.0,4.1,11.9,-1.8,6.0,40.0,NotYet
30.0,4.1,11.9,-1.8,6.0,50.0,NotYet
30.0,4.1,11.9,-1.8,6.0,60.0,NotYet
30.0,4.1,11.9,-1.8,6.0,70.0,NotYet
30.0,4.1,11.9,-1.8,6.0,80.0,NotYet
30.0,4.1,11.9,-1.8,6.0,90.0,NotYet
30.0,4.1,11.9,-1.8,6.0,100.0,NotYet
30.0,4.1,11.9,-1.8,6.0,110.0,NotYet
30.0,4.1,11.9,-1.8,6.0,120.0,NotYet
30.0,4.1,11.9,-1.8,6.0,130.0,NotYet
30.0,4.1,11.9,-1.8,6.0,140.0,NotYet
30.0,4.1,11.9,-1.8,6.0,150.0,NotYet
30.0,4.1,11.9,-1.8,6.0,160.0,NotYet
30.0,4.1,11.9,-1.8,6.0,170.0,NotYet
30.0,4.1,11.9,-1.8,6.0,180.0,NotYet
30.0,4.1,11.9,-1.8,6.0,190.0,NotYet
30.0,4.1,11.9,-1.8,6.0,200.0,NotYet
30.0,4.1,11.9,-1.8,6.0,210.0,NotYet
30.0,4.1,11.9,-1.8,6.0,220.0,NotYet
30.0,4.1,11.9,-1.8,6.0,230.0,NotYet
30.0,4.1,11.9,-1.8,6.0,240.0,NotYet
30.0,4.1,11.9,-1.8,6.0,250.0,NotYet
30.0,4.1,11.9,-1.8,6.0,260.0,NotYet
30.0,4.1,11.9,-1.8,6.0,270.0,NotYet
30.0,4.1,11.9,-1.8,6.0,280.0,NotYet
30.0,4.1,11.9,-1.8,6.0,290.0,NotYet
30.0,4.1,11.9,-1.8,6.0,300.0,NotYet
30.0,4.1,11.9,-1.8,6.0,310.0,NotYet
30.0,4.1,11.9,-1.8,6.0,320.0,NotYet
30.0,4.1,11.9,-1.8,6.0,330.0,NotYet
30.0,4.1,11.9,-1.8,6.0,340.0,NotYet
30.0,4.1,11.9,-1.8,6.0,350.0,NotYet
30.0,4.1,11.9,-1.8,8.0,0.0,NotYet
30.0,4.1,11.9,-1.8,8.0,10.0,NotYet
30.0,4.1,11.9,-1.8,8.0,20.0,NotYet
30.0,4.1,11.9,-1.8,8.0,30.0,NotYet
30.0,4.1,11.9,-1.8,8.0,40.0,NotYet
30.0,4.1,11.9,-1.8,8.0,50.0,NotYet
30.0,4.1,11.9,-1.8,8.0,60.0,NotYet
30.0,4.1,11.9,-1.8,8.0,70.0,NotYet
30.0,4.1,11.9,-1.8,8.0,80.0,NotYet
30.0,4.1,11.9,-1.8,8.0,90.0,NotYet
30.0,4.1,11.9,-1.8,8.0,100.0,NotYet
30.0,4.1,11.9,-1.8,8.0,110.0,NotYet
30.0,4.1,11.9,-1.8,8.0,120.0,NotYet
30.0,4.1,11.9,-1.8,8.0,130.0,NotYet
30.0,4.1,11.9,-1.8,8.0,140.0,NotYet
30.0,4.1,11.9,-1.8,8.0,150.0,NotYet
30.0,4.1,11.9,-1.8,8.0,160.0,NotYet
30.0,4.1,11.9,-1.8,8.0,170.0,NotYet
30.0,4.1,11.9,-1.8,8.0,180.0,NotYet
30.0,4.1,11.9,-1.8,8.0,190.0,NotYet
30.0,4.1,11.9,-1.8,8.0,200.0,NotYet
30.0,4.1,11.9,-1.8,8.0,210.0,NotYet
30.0,4.1,11.9,-1.8,8.0,220.0,NotYet
30.0,4.1,11.9,-1.8,8.0,230.0,NotYet
30.0,4.1,11.9,-1.8,8.0,240.0,NotYet
30.0,4.1,11.9,-1.8,8.0,250.0,NotYet
30.0,4.1,11.9,-1.8,8.0,260.0,NotYet
30.0,4.1,11.9,-1.8,8.0,270.0,NotYet
30.0,4.1,11.9,-1.8,8.0,280.0,NotYet
30.0,4.1,11.9,-1.8,8.0,290.0,NotYet
30.0,4.1,11.9,-1.8,8.0,300.0,NotYet
30.0,4.1,11.9,-1.8,8.0,310.0,NotYet
30.0,4.1,11.9,-1.8,8.0,320.0,NotYet
30.0,4.1,11.9,-1.8,8.0,330.0,NotYet
30.0,4.1,11.9,-1.8,8.0,340.0,NotYet
30.0,4.1,11.9,-1.8,8.0,350.0,NotYet
30.0,4.1,11.9,-1.8,10.0,0.0,NotYet
30.0,4.1,11.9,-1.8,10.0,10.0,NotYet
30.0,4.1,11.9,-1.8,10.0,20.0,NotYet
30.0,4.1,11.9,-1.8,10.0,30.0,NotYet
30.0,4.1,11.9,-1.8,10.0,40.0,NotYet
30.0,4.1,11.9,-1.8,10.0,50.0,NotYet
30.0,4.1,11.9,-1.8,10.0,60.0,NotYet
30.0,4.1,11.9,-1.8,10.0,70.0,NotYet
30.0,4.1,11.9,-1.8,10.0,80.0,NotYet
30.0,4.1,11.9,-1.8,10.0,90.0,NotYet
30.0,4.1,11.9,-1.8,10.0,100.0,NotYet
30.0,4.1,11.9,-1.8,10.0,110.0,NotYet
30.0,4.1,11.9,-1.8,10.0,120.0,NotYet
30.0,4.1,11.9,-1.8,10.0,130.0,NotYet
30.0,4.1,11.9,-1.8,10.0,140.0,NotYet
30.0,4.1,11.9,-1.8,10.0,150.0,NotYet
30.0,4.1,11.9,-1.8,10.0,160.0,NotYet
30.0,4.1,11.9,-1.8,10.0,170.0,NotYet
30.0,4.1,11.9,-1.8,10.0,180.0,NotYet
30.0,4.1,11.9,-1.8,10.0,190.0,NotYet
30.0,4.1,11.9,-1.8,10.0,200.0,NotYet
30.0,4.1,11.9,-1.8,10.0,210.0,NotYet
30.0,4.1,11.9,-1.8,10.0,220.0,NotYet
30.0,4.1,11.9,-1.8,10.0,230.0,NotYet
30.0,4.1,11.9,-1.8,10.0,240.0,NotYet
30.0,4.1,11.9,-1.8,10.0,250.0,NotYet
30.0,4.1,11.9,-1.8,10.0,260.0,NotYet
30.0,4.1,11.9,-1.8,10.0,270.0,NotYet
30.0,4.1,11.9,-1.8,10.0,280.0,NotYet
30.0,4.1,11.9,-1.8,10.0,290.0,NotYet
30.0,4.1,11.9,-1.8,10.0,300.0,NotYet
30.0,4.1,11.9,-1.8,10.0,310.0,NotYet
30.0,4.1,11.9,-1.8,10.0,320.0,NotYet
30.0,4.1,11.9,-1.8,10.0,330.0,NotYet
30.0,4.1,11.9,-1.8,10.0,340.0,NotYet
30.0,4.1,11.9,-1.8,10.0,350.0,NotYet
30.0,4.1,11.9,-1.8,12.0,0.0,NotYet
30.0,4.1,11.9,-1.8,12.0,10.0,NotYet
30.0,4.1,11.9,-1.8,12.0,20.0,NotYet
30.0,4.1,11.9,-1.8,12.0,30.0,NotYet
30.0,4.1,11.9,-1.8,12.0,40.0,NotYet
30.0,4.1,11.9,-1.8,12.0,50.0,NotYet
30.0,4.1,11.9,-1.8,12.0,60.0,NotYet
30.0,4.1,11.9,-1.8,12.0,70.0,NotYet
30.0,4.1,11.9,-1.8,12.0,80.0,NotYet
30.0,4.1,11.9,-1.8,12.0,90.0,NotYet
30.0,4.1,11.9,-1.8,12.0,100.0,NotYet
30.0,4.1,11.9,-1.8,12.0,110.0,NotYet
30.0,4.1,11.9,-1.8,12.0,120.0,NotYet
30.0,4.1,11.9,-1.8,12.0,130.0,NotYet
30.0,4.1,11.9,-1.8,12.0,140.0,NotYet
30.0,4.1,11.9,-1.8,12.0,150.0,NotYet
30.0,4.1,11.9,-1.8,12.0,160.0,NotYet
30.0,4.1,11.9,-1.8,12.0,170.0,NotYet
30.0,4.1,11.9,-1.8,12.0,180.0,NotYet
30.0,4.1,11.9,-1.8,12.0,190.0,NotYet
30.0,4.1,11.9,-1.8,12.0,200.0,NotYet
30.0,4.1,11.9,-1.8,12.0,210.0,NotYet
30.0,4.1,11.9,-1.8,12.0,220.0,NotYet
30.0,4.1,11.9,-1.8,12.0,230.0,NotYet
30.0,4.1,11.9,-1.8,12.0,240.0,NotYet
30.0,4.1,11.9,-1.8,12.0,250.0,NotYet
30.0,4.1,11.9,-1.8,12.0,260.0,NotYet
30.0,4.1,11.9,-1.8,12.0,270.0,NotYet
30.0,4.1,11.9,-1.8,12.0,280.0,NotYet
30.0,4.1,11.9,-1.8,12.0,290.0,NotYet
30.0,4.1,11.9,-1.8,12.0,300.0,NotYet
30.0,4.1,11.9,-1.8,12.0,310.0,NotYet
30.0,4.1,11.9,-1.8,12.0,320.0,NotYet
30.0,4.1,11.9,-1.8,12.0,330.0,NotYet
30.0,4.1,11.9,-1.8,12.0,340.0,NotYet
30.0,4.1,11.9,-1.8,12.0,350.0,NotYet
30.0,4.1,11.9,-1.8,14.0,0.0,NotYet
30.0,4.1,11.9,-1.8,14.0,10.0,NotYet
30.0,4.1,11.9,-1.8,14.0,20.0,NotYet
30.0,4.1,11.9,-1.8,14.0,30.0,NotYet
30.0,4.1,11.9,-1.8,14.0,40.0,NotYet
30.0,4.1,11.9,-1.8,14.0,50.0,NotYet
30.0,4.1,11.9,-1.8,14.0,60.0,NotYet
30.0,4.1,11.9,-1.8,14.0,70.0,NotYet
30.0,4.1,11.9,-1.8,14.0,80.0,NotYet
30.0,4.1,11.9,-1.8,14.0,90.0,NotYet
30.0,4.1,11.9,-1.8,14.0,100.0,NotYet
30.0,4.1,11.9,-1.8,14.0,110.0,NotYet
30.0,4.1,11.9,-1.8,14.0,120.0,NotYet
30.0,4.1,11.9,-1.8,14.0,130.0,NotYet
30.0,4.1,11.9,-1.8,14.0,140.0,NotYet
30.0,4.1,11.9,-1.8,14.0,150.0,NotYet
30.0,4.1,11.9,-1.8,14.0,160.0,NotYet
30.0,4.1,11.9,-1.8,14.0,170.0,NotYet
30.0,4.1,11.9,-1.8,14.0,180.0,NotYet
30.0,4.1,11.9,-1.8,14.0,190.0,NotYet
30.0,4.1,11.9,-1.8,14.0,200.0,NotYet
30.0,4.1,11.9,-1.8,14.0,210.0,NotYet
30.0,4.1,11.9,-1.8,14.0,220.0,NotYet
30.0,4.1,11.9,-1.8,14.0,230.0,NotYet
30.0,4.1,11.9,-1.8,14.0,240.0,NotYet
30.0,4.1,11.9,-1.8,14.0,250.0,NotYet
30.0,4.1,11.9,-1.8,14.0,260.0,NotYet
30.0,4.1,11.9,-1.8,14.0,270.0,NotYet
30.0,4.1,11.9,-1.8,14.0,280.0,NotYet
30.0,4.1,11.9,-1.8,14.0,290.0,NotYet
30.0,4.1,11.9,-1.8,14.0,300.0,NotYet
30.0,4.1,11.9,-1.8,14.0,310.0,NotYet
30.0,4.1,11.9,-1.8,14.0,320.0,NotYet
30.0,4.1,11.9,-1.8,14.0,330.0,NotYet
30.0,4.1,11.9,-1.8,14.0,340.0,NotYet
30.0,4.1,11.9,-1.8,14.0,350.0,NotYet
30.0,4.1,11.9,-1.6,-14.0,0.0,NotYet
30.0,4.1,11.9,-1.6,-14.0,10.0,NotYet
30.0,4.1,11.9,-1.6,-14.0,20.0,NotYet
30.0,4.1,11.9,-1.6,-14.0,30.0,NotYet
30.0,4.1,11.9,-1.6,-14.0,40.0,NotYet
30.0,4.1,11.9,-1.6,-14.0,50.0,NotYet
30.0,4.1,11.9,-1.6,-14.0,60.0,NotYet
30.0,4.1,11.9,-1.6,-14.0,70.0,NotYet
30.0,4.1,11.9,-1.6,-14.0,80.0,NotYet
30.0,4.1,11.9,-1.6,-14.0,90.0,NotYet
30.0,4.1,11.9,-1.6,-14.0,100.0,NotYet
30.0,4.1,11.9,-1.6,-14.0,110.0,NotYet
30.0,4.1,11.9,-1.6,-14.0,120.0,NotYet
30.0,4.1,11.9,-1.6,-14.0,130.0,NotYet
30.0,4.1,11.9,-1.6,-14.0,140.0,NotYet
30.0,4.1,11.9,-1.6,-14.0,150.0,NotYet
30.0,4.1,11.9,-1.6,-14.0,160.0,NotYet
30.0,4.1,11.9,-1.6,-14.0,170.0,NotYet
30.0,4.1,11.9,-1.6,-14.0,180.0,NotYet
30.0,4.1,11.9,-1.6,-14.0,190.0,NotYet
30.0,4.1,11.9,-1.6,-14.0,200.0,NotYet
30.0,4.1,11.9,-1.6,-14.0,210.0,NotYet
30.0,4.1,11.9,-1.6,-14.0,220.0,NotYet
30.0,4.1,11.9,-1.6,-14.0,230.0,NotYet
30.0,4.1,11.9,-1.6,-14.0,240.0,NotYet
30.0,4.1,11.9,-1.6,-14.0,250.0,NotYet
30.0,4.1,11.9,-1.6,-14.0,260.0,NotYet
30.0,4.1,11.9,-1.6,-14.0,270.0,NotYet
30.0,4.1,11.9,-1.6,-14.0,280.0,NotYet
30.0,4.1,11.9,-1.6,-14.0,290.0,NotYet
30.0,4.1,11.9,-1.6,-14.0,300.0,NotYet
30.0,4.1,11.9,-1.6,-14.0,310.0,NotYet
30.0,4.1,11.9,-1.6,-14.0,320.0,NotYet
30.0,4.1,11.9,-1.6,-14.0,330.0,NotYet
30.0,4.1,11.9,-1.6,-14.0,340.0,NotYet
30.0,4.1,11.9,-1.6,-14.0,350.0,NotYet
30.0,4.1,11.9,-1.6,-12.0,0.0,NotYet
30.0,4.1,11.9,-1.6,-12.0,10.0,NotYet
30.0,4.1,11.9,-1.6,-12.0,20.0,NotYet
30.0,4.1,11.9,-1.6,-12.0,30.0,NotYet
30.0,4.1,11.9,-1.6,-12.0,40.0,NotYet
30.0,4.1,11.9,-1.6,-12.0,50.0,NotYet
30.0,4.1,11.9,-1.6,-12.0,60.0,NotYet
30.0,4.1,11.9,-1.6,-12.0,70.0,NotYet
30.0,4.1,11.9,-1.6,-12.0,80.0,NotYet
30.0,4.1,11.9,-1.6,-12.0,90.0,NotYet
30.0,4.1,11.9,-1.6,-12.0,100.0,NotYet
30.0,4.1,11.9,-1.6,-12.0,110.0,NotYet
30.0,4.1,11.9,-1.6,-12.0,120.0,NotYet
30.0,4.1,11.9,-1.6,-12.0,130.0,NotYet
30.0,4.1,11.9,-1.6,-12.0,140.0,NotYet
30.0,4.1,11.9,-1.6,-12.0,150.0,NotYet
30.0,4.1,11.9,-1.6,-12.0,160.0,NotYet
30.0,4.1,11.9,-1.6,-12.0,170.0,NotYet
30.0,4.1,11.9,-1.6,-12.0,180.0,NotYet
30.0,4.1,11.9,-1.6,-12.0,190.0,NotYet
30.0,4.1,11.9,-1.6,-12.0,200.0,NotYet
30.0,4.1,11.9,-1.6,-12.0,210.0,NotYet
30.0,4.1,11.9,-1.6,-12.0,220.0,NotYet
30.0,4.1,11.9,-1.6,-12.0,230.0,NotYet
30.0,4.1,11.9,-1.6,-12.0,240.0,NotYet
30.0,4.1,11.9,-1.6,-12.0,250.0,NotYet
30.0,4.1,11.9,-1.6,-12.0,260.0,NotYet
30.0,4.1,11.9,-1.6,-12.0,270.0,NotYet
30.0,4.1,11.9,-1.6,-12.0,280.0,NotYet
30.0,4.1,11.9,-1.6,-12.0,290.0,NotYet
30.0,4.1,11.9,-1.6,-12.0,300.0,NotYet
30.0,4.1,11.9,-1.6,-12.0,310.0,NotYet
30.0,4.1,11.9,-1.6,-12.0,320.0,NotYet
30.0,4.1,11.9,-1.6,-12.0,330.0,NotYet
30.0,4.1,11.9,-1.6,-12.0,340.0,NotYet
30.0,4.1,11.9,-1.6,-12.0,350.0,NotYet
30.0,4.1,11.9,-1.6,-10.0,0.0,NotYet
30.0,4.1,11.9,-1.6,-10.0,10.0,NotYet
30.0,4.1,11.9,-1.6,-10.0,20.0,NotYet
30.0,4.1,11.9,-1.6,-10.0,30.0,NotYet
30.0,4.1,11.9,-1.6,-10.0,40.0,NotYet
30.0,4.1,11.9,-1.6,-10.0,50.0,NotYet
30.0,4.1,11.9,-1.6,-10.0,60.0,NotYet
30.0,4.1,11.9,-1.6,-10.0,70.0,NotYet
30.0,4.1,11.9,-1.6,-10.0,80.0,NotYet
30.0,4.1,11.9,-1.6,-10.0,90.0,NotYet
30.0,4.1,11.9,-1.6,-10.0,100.0,NotYet
30.0,4.1,11.9,-1.6,-10.0,110.0,NotYet
30.0,4.1,11.9,-1.6,-10.0,120.0,NotYet
30.0,4.1,11.9,-1.6,-10.0,130.0,NotYet
30.0,4.1,11.9,-1.6,-10.0,140.0,NotYet
30.0,4.1,11.9,-1.6,-10.0,150.0,NotYet
30.0,4.1,11.9,-1.6,-10.0,160.0,NotYet
30.0,4.1,11.9,-1.6,-10.0,170.0,NotYet
30.0,4.1,11.9,-1.6,-10.0,180.0,NotYet
30.0,4.1,11.9,-1.6,-10.0,190.0,NotYet
30.0,4.1,11.9,-1.6,-10.0,200.0,NotYet
30.0,4.1,11.9,-1.6,-10.0,210.0,NotYet
30.0,4.1,11.9,-1.6,-10.0,220.0,NotYet
30.0,4.1,11.9,-1.6,-10.0,230.0,NotYet
30.0,4.1,11.9,-1.6,-10.0,240.0,NotYet
30.0,4.1,11.9,-1.6,-10.0,250.0,NotYet
30.0,4.1,11.9,-1.6,-10.0,260.0,NotYet
30.0,4.1,11.9,-1.6,-10.0,270.0,NotYet
30.0,4.1,11.9,-1.6,-10.0,280.0,NotYet
30.0,4.1,11.9,-1.6,-10.0,290.0,NotYet
30.0,4.1,11.9,-1.6,-10.0,300.0,NotYet
30.0,4.1,11.9,-1.6,-10.0,310.0,NotYet
30.0,4.1,11.9,-1.6,-10.0,320.0,NotYet
30.0,4.1,11.9,-1.6,-10.0,330.0,NotYet
30.0,4.1,11.9,-1.6,-10.0,340.0,NotYet
30.0,4.1,11.9,-1.6,-10.0,350.0,NotYet
30.0,4.1,11.9,-1.6,-8.0,0.0,NotYet
30.0,4.1,11.9,-1.6,-8.0,10.0,NotYet
30.0,4.1,11.9,-1.6,-8.0,20.0,NotYet
30.0,4.1,11.9,-1.6,-8.0,30.0,NotYet
30.0,4.1,11.9,-1.6,-8.0,40.0,NotYet
30.0,4.1,11.9,-1.6,-8.0,50.0,NotYet
30.0,4.1,11.9,-1.6,-8.0,60.0,NotYet
30.0,4.1,11.9,-1.6,-8.0,70.0,NotYet
30.0,4.1,11.9,-1.6,-8.0,80.0,NotYet
30.0,4.1,11.9,-1.6,-8.0,90.0,NotYet
30.0,4.1,11.9,-1.6,-8.0,100.0,NotYet
30.0,4.1,11.9,-1.6,-8.0,110.0,NotYet
30.0,4.1,11.9,-1.6,-8.0,120.0,NotYet
30.0,4.1,11.9,-1.6,-8.0,130.0,NotYet
30.0,4.1,11.9,-1.6,-8.0,140.0,NotYet
30.0,4.1,11.9,-1.6,-8.0,150.0,NotYet
30.0,4.1,11.9,-1.6,-8.0,160.0,NotYet
30.0,4.1,11.9,-1.6,-8.0,170.0,NotYet
30.0,4.1,11.9,-1.6,-8.0,180.0,NotYet
30.0,4.1,11.9,-1.6,-8.0,190.0,NotYet
30.0,4.1,11.9,-1.6,-8.0,200.0,NotYet
30.0,4.1,11.9,-1.6,-8.0,210.0,NotYet
30.0,4.1,11.9,-1.6,-8.0,220.0,NotYet
30.0,4.1,11.9,-1.6,-8.0,230.0,NotYet
30.0,4.1,11.9,-1.6,-8.0,240.0,NotYet
30.0,4.1,11.9,-1.6,-8.0,250.0,NotYet
30.0,4.1,11.9,-1.6,-8.0,260.0,NotYet
30.0,4.1,11.9,-1.6,-8.0,270.0,NotYet
30.0,4.1,11.9,-1.6,-8.0,280.0,NotYet
30.0,4.1,11.9,-1.6,-8.0,290.0,NotYet
30.0,4.1,11.9,-1.6,-8.0,300.0,NotYet
30.0,4.1,11.9,-1.6,-8.0,310.0,NotYet
30.0,4.1,11.9,-1.6,-8.0,320.0,NotYet
30.0,4.1,11.9,-1.6,-8.0,330.0,NotYet
30.0,4.1,11.9,-1.6,-8.0,340.0,NotYet
30.0,4.1,11.9,-1.6,-8.0,350.0,NotYet
30.0,4.1,11.9,-1.6,-6.0,0.0,NotYet
30.0,4.1,11.9,-1.6,-6.0,10.0,NotYet
30.0,4.1,11.9,-1.6,-6.0,20.0,NotYet
30.0,4.1,11.9,-1.6,-6.0,30.0,NotYet
30.0,4.1,11.9,-1.6,-6.0,40.0,NotYet
30.0,4.1,11.9,-1.6,-6.0,50.0,NotYet
30.0,4.1,11.9,-1.6,-6.0,60.0,NotYet
30.0,4.1,11.9,-1.6,-6.0,70.0,NotYet
30.0,4.1,11.9,-1.6,-6.0,80.0,NotYet
30.0,4.1,11.9,-1.6,-6.0,90.0,NotYet
30.0,4.1,11.9,-1.6,-6.0,100.0,NotYet
30.0,4.1,11.9,-1.6,-6.0,110.0,NotYet
30.0,4.1,11.9,-1.6,-6.0,120.0,NotYet
30.0,4.1,11.9,-1.6,-6.0,130.0,NotYet
30.0,4.1,11.9,-1.6,-6.0,140.0,NotYet
30.0,4.1,11.9,-1.6,-6.0,150.0,NotYet
30.0,4.1,11.9,-1.6,-6.0,160.0,NotYet
30.0,4.1,11.9,-1.6,-6.0,170.0,NotYet
30.0,4.1,11.9,-1.6,-6.0,180.0,NotYet
30.0,4.1,11.9,-1.6,-6.0,190.0,NotYet
30.0,4.1,11.9,-1.6,-6.0,200.0,NotYet
30.0,4.1,11.9,-1.6,-6.0,210.0,NotYet
30.0,4.1,11.9,-1.6,-6.0,220.0,NotYet
30.0,4.1,11.9,-1.6,-6.0,230.0,NotYet
30.0,4.1,11.9,-1.6,-6.0,240.0,NotYet
30.0,4.1,11.9,-1.6,-6.0,250.0,NotYet
30.0,4.1,11.9,-1.6,-6.0,260.0,NotYet
30.0,4.1,11.9,-1.6,-6.0,270.0,NotYet
30.0,4.1,11.9,-1.6,-6.0,280.0,NotYet
30.0,4.1,11.9,-1.6,-6.0,290.0,NotYet
30.0,4.1,11.9,-1.6,-6.0,300.0,NotYet
30.0,4.1,11.9,-1.6,-6.0,310.0,NotYet
30.0,4.1,11.9,-1.6,-6.0,320.0,NotYet
30.0,4.1,11.9,-1.6,-6.0,330.0,NotYet
30.0,4.1,11.9,-1.6,-6.0,340.0,NotYet
30.0,4.1,11.9,-1.6,-6.0,350.0,NotYet
30.0,4.1,11.9,-1.6,-4.0,0.0,NotYet
30.0,4.1,11.9,-1.6,-4.0,10.0,NotYet
30.0,4.1,11.9,-1.6,-4.0,20.0,NotYet
30.0,4.1,11.9,-1.6,-4.0,30.0,NotYet
30.0,4.1,11.9,-1.6,-4.0,40.0,NotYet
30.0,4.1,11.9,-1.6,-4.0,50.0,NotYet
30.0,4.1,11.9,-1.6,-4.0,60.0,NotYet
30.0,4.1,11.9,-1.6,-4.0,70.0,NotYet
30.0,4.1,11.9,-1.6,-4.0,80.0,NotYet
30.0,4.1,11.9,-1.6,-4.0,90.0,NotYet
30.0,4.1,11.9,-1.6,-4.0,100.0,NotYet
30.0,4.1,11.9,-1.6,-4.0,110.0,NotYet
30.0,4.1,11.9,-1.6,-4.0,120.0,NotYet
30.0,4.1,11.9,-1.6,-4.0,130.0,NotYet
30.0,4.1,11.9,-1.6,-4.0,140.0,NotYet
30.0,4.1,11.9,-1.6,-4.0,150.0,NotYet
30.0,4.1,11.9,-1.6,-4.0,160.0,NotYet
30.0,4.1,11.9,-1.6,-4.0,170.0,NotYet
30.0,4.1,11.9,-1.6,-4.0,180.0,NotYet
30.0,4.1,11.9,-1.6,-4.0,190.0,NotYet
30.0,4.1,11.9,-1.6,-4.0,200.0,NotYet
30.0,4.1,11.9,-1.6,-4.0,210.0,NotYet
30.0,4.1,11.9,-1.6,-4.0,220.0,NotYet
30.0,4.1,11.9,-1.6,-4.0,230.0,NotYet
30.0,4.1,11.9,-1.6,-4.0,240.0,NotYet
30.0,4.1,11.9,-1.6,-4.0,250.0,NotYet
30.0,4.1,11.9,-1.6,-4.0,260.0,NotYet
30.0,4.1,11.9,-1.6,-4.0,270.0,NotYet
30.0,4.1,11.9,-1.6,-4.0,280.0,NotYet
30.0,4.1,11.9,-1.6,-4.0,290.0,NotYet
30.0,4.1,11.9,-1.6,-4.0,300.0,NotYet
30.0,4.1,11.9,-1.6,-4.0,310.0,NotYet
30.0,4.1,11.9,-1.6,-4.0,320.0,NotYet
30.0,4.1,11.9,-1.6,-4.0,330.0,NotYet
30.0,4.1,11.9,-1.6,-4.0,340.0,NotYet
30.0,4.1,11.9,-1.6,-4.0,350.0,NotYet
30.0,4.1,11.9,-1.6,-2.0,0.0,NotYet
30.0,4.1,11.9,-1.6,-2.0,10.0,NotYet
30.0,4.1,11.9,-1.6,-2.0,20.0,NotYet
30.0,4.1,11.9,-1.6,-2.0,30.0,NotYet
30.0,4.1,11.9,-1.6,-2.0,40.0,NotYet
30.0,4.1,11.9,-1.6,-2.0,50.0,NotYet
30.0,4.1,11.9,-1.6,-2.0,60.0,NotYet
30.0,4.1,11.9,-1.6,-2.0,70.0,NotYet
30.0,4.1,11.9,-1.6,-2.0,80.0,NotYet
30.0,4.1,11.9,-1.6,-2.0,90.0,NotYet
30.0,4.1,11.9,-1.6,-2.0,100.0,NotYet
30.0,4.1,11.9,-1.6,-2.0,110.0,NotYet
30.0,4.1,11.9,-1.6,-2.0,120.0,NotYet
30.0,4.1,11.9,-1.6,-2.0,130.0,NotYet
30.0,4.1,11.9,-1.6,-2.0,140.0,NotYet
30.0,4.1,11.9,-1.6,-2.0,150.0,NotYet
30.0,4.1,11.9,-1.6,-2.0,160.0,NotYet
30.0,4.1,11.9,-1.6,-2.0,170.0,NotYet
30.0,4.1,11.9,-1.6,-2.0,180.0,NotYet
30.0,4.1,11.9,-1.6,-2.0,190.0,NotYet
30.0,4.1,11.9,-1.6,-2.0,200.0,NotYet
30.0,4.1,11.9,-1.6,-2.0,210.0,NotYet
30.0,4.1,11.9,-1.6,-2.0,220.0,NotYet
30.0,4.1,11.9,-1.6,-2.0,230.0,NotYet
30.0,4.1,11.9,-1.6,-2.0,240.0,NotYet
30.0,4.1,11.9,-1.6,-2.0,250.0,NotYet
30.0,4.1,11.9,-1.6,-2.0,260.0,NotYet
30.0,4.1,11.9,-1.6,-2.0,270.0,NotYet
30.0,4.1,11.9,-1.6,-2.0,280.0,NotYet
30.0,4.1,11.9,-1.6,-2.0,290.0,NotYet
30.0,4.1,11.9,-1.6,-2.0,300.0,NotYet
30.0,4.1,11.9,-1.6,-2.0,310.0,NotYet
30.0,4.1,11.9,-1.6,-2.0,320.0,NotYet
30.0,4.1,11.9,-1.6,-2.0,330.0,NotYet
30.0,4.1,11.9,-1.6,-2.0,340.0,NotYet
30.0,4.1,11.9,-1.6,-2.0,350.0,NotYet
30.0,4.1,11.9,-1.6,0.0,0.0,NotYet
30.0,4.1,11.9,-1.6,0.0,10.0,NotYet
30.0,4.1,11.9,-1.6,0.0,20.0,NotYet
30.0,4.1,11.9,-1.6,0.0,30.0,NotYet
30.0,4.1,11.9,-1.6,0.0,40.0,NotYet
30.0,4.1,11.9,-1.6,0.0,50.0,NotYet
30.0,4.1,11.9,-1.6,0.0,60.0,NotYet
30.0,4.1,11.9,-1.6,0.0,70.0,NotYet
30.0,4.1,11.9,-1.6,0.0,80.0,NotYet
30.0,4.1,11.9,-1.6,0.0,90.0,NotYet
30.0,4.1,11.9,-1.6,0.0,100.0,NotYet
30.0,4.1,11.9,-1.6,0.0,110.0,NotYet
30.0,4.1,11.9,-1.6,0.0,120.0,NotYet
30.0,4.1,11.9,-1.6,0.0,130.0,NotYet
30.0,4.1,11.9,-1.6,0.0,140.0,NotYet
30.0,4.1,11.9,-1.6,0.0,150.0,NotYet
30.0,4.1,11.9,-1.6,0.0,160.0,NotYet
30.0,4.1,11.9,-1.6,0.0,170.0,NotYet
30.0,4.1,11.9,-1.6,0.0,180.0,NotYet
30.0,4.1,11.9,-1.6,0.0,190.0,NotYet
30.0,4.1,11.9,-1.6,0.0,200.0,NotYet
30.0,4.1,11.9,-1.6,0.0,210.0,NotYet
30.0,4.1,11.9,-1.6,0.0,220.0,NotYet
30.0,4.1,11.9,-1.6,0.0,230.0,NotYet
30.0,4.1,11.9,-1.6,0.0,240.0,NotYet
30.0,4.1,11.9,-1.6,0.0,250.0,NotYet
30.0,4.1,11.9,-1.6,0.0,260.0,NotYet
30.0,4.1,11.9,-1.6,0.0,270.0,NotYet
30.0,4.1,11.9,-1.6,0.0,280.0,NotYet
30.0,4.1,11.9,-1.6,0.0,290.0,NotYet
30.0,4.1,11.9,-1.6,0.0,300.0,NotYet
30.0,4.1,11.9,-1.6,0.0,310.0,NotYet
30.0,4.1,11.9,-1.6,0.0,320.0,NotYet
30.0,4.1,11.9,-1.6,0.0,330.0,NotYet
30.0,4.1,11.9,-1.6,0.0,340.0,NotYet
30.0,4.1,11.9,-1.6,0.0,350.0,NotYet
30.0,4.1,11.9,-1.6,2.0,0.0,NotYet
30.0,4.1,11.9,-1.6,2.0,10.0,NotYet
30.0,4.1,11.9,-1.6,2.0,20.0,NotYet
30.0,4.1,11.9,-1.6,2.0,30.0,NotYet
30.0,4.1,11.9,-1.6,2.0,40.0,NotYet
30.0,4.1,11.9,-1.6,2.0,50.0,NotYet
30.0,4.1,11.9,-1.6,2.0,60.0,NotYet
30.0,4.1,11.9,-1.6,2.0,70.0,NotYet
30.0,4.1,11.9,-1.6,2.0,80.0,NotYet
30.0,4.1,11.9,-1.6,2.0,90.0,NotYet
30.0,4.1,11.9,-1.6,2.0,100.0,NotYet
30.0,4.1,11.9,-1.6,2.0,110.0,NotYet
30.0,4.1,11.9,-1.6,2.0,120.0,NotYet
30.0,4.1,11.9,-1.6,2.0,130.0,NotYet
30.0,4.1,11.9,-1.6,2.0,140.0,NotYet
30.0,4.1,11.9,-1.6,2.0,150.0,NotYet
30.0,4.1,11.9,-1.6,2.0,160.0,NotYet
30.0,4.1,11.9,-1.6,2.0,170.0,NotYet
30.0,4.1,11.9,-1.6,2.0,180.0,NotYet
30.0,4.1,11.9,-1.6,2.0,190.0,NotYet
30.0,4.1,11.9,-1.6,2.0,200.0,NotYet
30.0,4.1,11.9,-1.6,2.0,210.0,NotYet
30.0,4.1,11.9,-1.6,2.0,220.0,NotYet
30.0,4.1,11.9,-1.6,2.0,230.0,NotYet
30.0,4.1,11.9,-1.6,2.0,240.0,NotYet
30.0,4.1,11.9,-1.6,2.0,250.0,NotYet
30.0,4.1,11.9,-1.6,2.0,260.0,NotYet
30.0,4.1,11.9,-1.6,2.0,270.0,NotYet
30.0,4.1,11.9,-1.6,2.0,280.0,NotYet
30.0,4.1,11.9,-1.6,2.0,290.0,NotYet
30.0,4.1,11.9,-1.6,2.0,300.0,NotYet
30.0,4.1,11.9,-1.6,2.0,310.0,NotYet
30.0,4.1,11.9,-1.6,2.0,320.0,NotYet
30.0,4.1,11.9,-1.6,2.0,330.0,NotYet
30.0,4.1,11.9,-1.6,2.0,340.0,NotYet
30.0,4.1,11.9,-1.6,2.0,350.0,NotYet
30.0,4.1,11.9,-1.6,4.0,0.0,NotYet
30.0,4.1,11.9,-1.6,4.0,10.0,NotYet
30.0,4.1,11.9,-1.6,4.0,20.0,NotYet
30.0,4.1,11.9,-1.6,4.0,30.0,NotYet
30.0,4.1,11.9,-1.6,4.0,40.0,NotYet
30.0,4.1,11.9,-1.6,4.0,50.0,NotYet
30.0,4.1,11.9,-1.6,4.0,60.0,NotYet
30.0,4.1,11.9,-1.6,4.0,70.0,NotYet
30.0,4.1,11.9,-1.6,4.0,80.0,NotYet
30.0,4.1,11.9,-1.6,4.0,90.0,NotYet
30.0,4.1,11.9,-1.6,4.0,100.0,NotYet
30.0,4.1,11.9,-1.6,4.0,110.0,NotYet
30.0,4.1,11.9,-1.6,4.0,120.0,NotYet
30.0,4.1,11.9,-1.6,4.0,130.0,NotYet
30.0,4.1,11.9,-1.6,4.0,140.0,NotYet
30.0,4.1,11.9,-1.6,4.0,150.0,NotYet
30.0,4.1,11.9,-1.6,4.0,160.0,NotYet
30.0,4.1,11.9,-1.6,4.0,170.0,NotYet
30.0,4.1,11.9,-1.6,4.0,180.0,NotYet
30.0,4.1,11.9,-1.6,4.0,190.0,NotYet
30.0,4.1,11.9,-1.6,4.0,200.0,NotYet
30.0,4.1,11.9,-1.6,4.0,210.0,NotYet
30.0,4.1,11.9,-1.6,4.0,220.0,NotYet
30.0,4.1,11.9,-1.6,4.0,230.0,NotYet
30.0,4.1,11.9,-1.6,4.0,240.0,NotYet
30.0,4.1,11.9,-1.6,4.0,250.0,NotYet
30.0,4.1,11.9,-1.6,4.0,260.0,NotYet
30.0,4.1,11.9,-1.6,4.0,270.0,NotYet
30.0,4.1,11.9,-1.6,4.0,280.0,NotYet
30.0,4.1,11.9,-1.6,4.0,290.0,NotYet
30.0,4.1,11.9,-1.6,4.0,300.0,NotYet
30.0,4.1,11.9,-1.6,4.0,310.0,NotYet
30.0,4.1,11.9,-1.6,4.0,320.0,NotYet
30.0,4.1,11.9,-1.6,4.0,330.0,NotYet
30.0,4.1,11.9,-1.6,4.0,340.0,NotYet
30.0,4.1,11.9,-1.6,4.0,350.0,NotYet
30.0,4.1,11.9,-1.6,6.0,0.0,NotYet
30.0,4.1,11.9,-1.6,6.0,10.0,NotYet
30.0,4.1,11.9,-1.6,6.0,20.0,NotYet
30.0,4.1,11.9,-1.6,6.0,30.0,NotYet
30.0,4.1,11.9,-1.6,6.0,40.0,NotYet
30.0,4.1,11.9,-1.6,6.0,50.0,NotYet
30.0,4.1,11.9,-1.6,6.0,60.0,NotYet
30.0,4.1,11.9,-1.6,6.0,70.0,NotYet
30.0,4.1,11.9,-1.6,6.0,80.0,NotYet
30.0,4.1,11.9,-1.6,6.0,90.0,NotYet
30.0,4.1,11.9,-1.6,6.0,100.0,NotYet
30.0,4.1,11.9,-1.6,6.0,110.0,NotYet
30.0,4.1,11.9,-1.6,6.0,120.0,NotYet
30.0,4.1,11.9,-1.6,6.0,130.0,NotYet
30.0,4.1,11.9,-1.6,6.0,140.0,NotYet
30.0,4.1,11.9,-1.6,6.0,150.0,NotYet
30.0,4.1,11.9,-1.6,6.0,160.0,NotYet
30.0,4.1,11.9,-1.6,6.0,170.0,NotYet
30.0,4.1,11.9,-1.6,6.0,180.0,NotYet
30.0,4.1,11.9,-1.6,6.0,190.0,NotYet
30.0,4.1,11.9,-1.6,6.0,200.0,NotYet
30.0,4.1,11.9,-1.6,6.0,210.0,NotYet
30.0,4.1,11.9,-1.6,6.0,220.0,NotYet
30.0,4.1,11.9,-1.6,6.0,230.0,NotYet
30.0,4.1,11.9,-1.6,6.0,240.0,NotYet
30.0,4.1,11.9,-1.6,6.0,250.0,NotYet
30.0,4.1,11.9,-1.6,6.0,260.0,NotYet
30.0,4.1,11.9,-1.6,6.0,270.0,NotYet
30.0,4.1,11.9,-1.6,6.0,280.0,NotYet
30.0,4.1,11.9,-1.6,6.0,290.0,NotYet
30.0,4.1,11.9,-1.6,6.0,300.0,NotYet
30.0,4.1,11.9,-1.6,6.0,310.0,NotYet
30.0,4.1,11.9,-1.6,6.0,320.0,NotYet
30.0,4.1,11.9,-1.6,6.0,330.0,NotYet
30.0,4.1,11.9,-1.6,6.0,340.0,NotYet
30.0,4.1,11.9,-1.6,6.0,350.0,NotYet
30.0,4.1,11.9,-1.6,8.0,0.0,NotYet
30.0,4.1,11.9,-1.6,8.0,10.0,NotYet
30.0,4.1,11.9,-1.6,8.0,20.0,NotYet
30.0,4.1,11.9,-1.6,8.0,30.0,NotYet
30.0,4.1,11.9,-1.6,8.0,40.0,NotYet
30.0,4.1,11.9,-1.6,8.0,50.0,NotYet
30.0,4.1,11.9,-1.6,8.0,60.0,NotYet
30.0,4.1,11.9,-1.6,8.0,70.0,NotYet
30.0,4.1,11.9,-1.6,8.0,80.0,NotYet
30.0,4.1,11.9,-1.6,8.0,90.0,NotYet
30.0,4.1,11.9,-1.6,8.0,100.0,NotYet
30.0,4.1,11.9,-1.6,8.0,110.0,NotYet
30.0,4.1,11.9,-1.6,8.0,120.0,NotYet
30.0,4.1,11.9,-1.6,8.0,130.0,NotYet
30.0,4.1,11.9,-1.6,8.0,140.0,NotYet
30.0,4.1,11.9,-1.6,8.0,150.0,NotYet
30.0,4.1,11.9,-1.6,8.0,160.0,NotYet
30.0,4.1,11.9,-1.6,8.0,170.0,NotYet
30.0,4.1,11.9,-1.6,8.0,180.0,NotYet
30.0,4.1,11.9,-1.6,8.0,190.0,NotYet
30.0,4.1,11.9,-1.6,8.0,200.0,NotYet
30.0,4.1,11.9,-1.6,8.0,210.0,NotYet
30.0,4.1,11.9,-1.6,8.0,220.0,NotYet
30.0,4.1,11.9,-1.6,8.0,230.0,NotYet
30.0,4.1,11.9,-1.6,8.0,240.0,NotYet
30.0,4.1,11.9,-1.6,8.0,250.0,NotYet
30.0,4.1,11.9,-1.6,8.0,260.0,NotYet
30.0,4.1,11.9,-1.6,8.0,270.0,NotYet
30.0,4.1,11.9,-1.6,8.0,280.0,NotYet
30.0,4.1,11.9,-1.6,8.0,290.0,NotYet
30.0,4.1,11.9,-1.6,8.0,300.0,NotYet
30.0,4.1,11.9,-1.6,8.0,310.0,NotYet
30.0,4.1,11.9,-1.6,8.0,320.0,NotYet
30.0,4.1,11.9,-1.6,8.0,330.0,NotYet
30.0,4.1,11.9,-1.6,8.0,340.0,NotYet
30.0,4.1,11.9,-1.6,8.0,350.0,NotYet
30.0,4.1,11.9,-1.6,10.0,0.0,NotYet
30.0,4.1,11.9,-1.6,10.0,10.0,NotYet
30.0,4.1,11.9,-1.6,10.0,20.0,NotYet
30.0,4.1,11.9,-1.6,10.0,30.0,NotYet
30.0,4.1,11.9,-1.6,10.0,40.0,NotYet
30.0,4.1,11.9,-1.6,10.0,50.0,NotYet
30.0,4.1,11.9,-1.6,10.0,60.0,NotYet
30.0,4.1,11.9,-1.6,10.0,70.0,NotYet
30.0,4.1,11.9,-1.6,10.0,80.0,NotYet
30.0,4.1,11.9,-1.6,10.0,90.0,NotYet
30.0,4.1,11.9,-1.6,10.0,100.0,NotYet
30.0,4.1,11.9,-1.6,10.0,110.0,NotYet
30.0,4.1,11.9,-1.6,10.0,120.0,NotYet
30.0,4.1,11.9,-1.6,10.0,130.0,NotYet
30.0,4.1,11.9,-1.6,10.0,140.0,NotYet
30.0,4.1,11.9,-1.6,10.0,150.0,NotYet
30.0,4.1,11.9,-1.6,10.0,160.0,NotYet
30.0,4.1,11.9,-1.6,10.0,170.0,NotYet
30.0,4.1,11.9,-1.6,10.0,180.0,NotYet
30.0,4.1,11.9,-1.6,10.0,190.0,NotYet
30.0,4.1,11.9,-1.6,10.0,200.0,NotYet
30.0,4.1,11.9,-1.6,10.0,210.0,NotYet
30.0,4.1,11.9,-1.6,10.0,220.0,NotYet
30.0,4.1,11.9,-1.6,10.0,230.0,NotYet
30.0,4.1,11.9,-1.6,10.0,240.0,NotYet
30.0,4.1,11.9,-1.6,10.0,250.0,NotYet
30.0,4.1,11.9,-1.6,10.0,260.0,NotYet
30.0,4.1,11.9,-1.6,10.0,270.0,NotYet
30.0,4.1,11.9,-1.6,10.0,280.0,NotYet
30.0,4.1,11.9,-1.6,10.0,290.0,NotYet
30.0,4.1,11.9,-1.6,10.0,300.0,NotYet
30.0,4.1,11.9,-1.6,10.0,310.0,NotYet
30.0,4.1,11.9,-1.6,10.0,320.0,NotYet
30.0,4.1,11.9,-1.6,10.0,330.0,NotYet
30.0,4.1,11.9,-1.6,10.0,340.0,NotYet
30.0,4.1,11.9,-1.6,10.0,350.0,NotYet
30.0,4.1,11.9,-1.6,12.0,0.0,NotYet
30.0,4.1,11.9,-1.6,12.0,10.0,NotYet
30.0,4.1,11.9,-1.6,12.0,20.0,NotYet
30.0,4.1,11.9,-1.6,12.0,30.0,NotYet
30.0,4.1,11.9,-1.6,12.0,40.0,NotYet
30.0,4.1,11.9,-1.6,12.0,50.0,NotYet
30.0,4.1,11.9,-1.6,12.0,60.0,NotYet
30.0,4.1,11.9,-1.6,12.0,70.0,NotYet
30.0,4.1,11.9,-1.6,12.0,80.0,NotYet
30.0,4.1,11.9,-1.6,12.0,90.0,NotYet
30.0,4.1,11.9,-1.6,12.0,100.0,NotYet
30.0,4.1,11.9,-1.6,12.0,110.0,NotYet
30.0,4.1,11.9,-1.6,12.0,120.0,NotYet
30.0,4.1,11.9,-1.6,12.0,130.0,NotYet
30.0,4.1,11.9,-1.6,12.0,140.0,NotYet
30.0,4.1,11.9,-1.6,12.0,150.0,NotYet
30.0,4.1,11.9,-1.6,12.0,160.0,NotYet
30.0,4.1,11.9,-1.6,12.0,170.0,NotYet
30.0,4.1,11.9,-1.6,12.0,180.0,NotYet
30.0,4.1,11.9,-1.6,12.0,190.0,NotYet
30.0,4.1,11.9,-1.6,12.0,200.0,NotYet
30.0,4.1,11.9,-1.6,12.0,210.0,NotYet
30.0,4.1,11.9,-1.6,12.0,220.0,NotYet
30.0,4.1,11.9,-1.6,12.0,230.0,NotYet
30.0,4.1,11.9,-1.6,12.0,240.0,NotYet
30.0,4.1,11.9,-1.6,12.0,250.0,NotYet
30.0,4.1,11.9,-1.6,12.0,260.0,NotYet
30.0,4.1,11.9,-1.6,12.0,270.0,NotYet
30.0,4.1,11.9,-1.6,12.0,280.0,NotYet
30.0,4.1,11.9,-1.6,12.0,290.0,NotYet
30.0,4.1,11.9,-1.6,12.0,300.0,NotYet
30.0,4.1,11.9,-1.6,12.0,310.0,NotYet
30.0,4.1,11.9,-1.6,12.0,320.0,NotYet
30.0,4.1,11.9,-1.6,12.0,330.0,NotYet
30.0,4.1,11.9,-1.6,12.0,340.0,NotYet
30.0,4.1,11.9,-1.6,12.0,350.0,NotYet
30.0,4.1,11.9,-1.6,14.0,0.0,NotYet
30.0,4.1,11.9,-1.6,14.0,10.0,NotYet
30.0,4.1,11.9,-1.6,14.0,20.0,NotYet
30.0,4.1,11.9,-1.6,14.0,30.0,NotYet
30.0,4.1,11.9,-1.6,14.0,40.0,NotYet
30.0,4.1,11.9,-1.6,14.0,50.0,NotYet
30.0,4.1,11.9,-1.6,14.0,60.0,NotYet
30.0,4.1,11.9,-1.6,14.0,70.0,NotYet
30.0,4.1,11.9,-1.6,14.0,80.0,NotYet
30.0,4.1,11.9,-1.6,14.0,90.0,NotYet
30.0,4.1,11.9,-1.6,14.0,100.0,NotYet
30.0,4.1,11.9,-1.6,14.0,110.0,NotYet
30.0,4.1,11.9,-1.6,14.0,120.0,NotYet
30.0,4.1,11.9,-1.6,14.0,130.0,NotYet
30.0,4.1,11.9,-1.6,14.0,140.0,NotYet
30.0,4.1,11.9,-1.6,14.0,150.0,NotYet
30.0,4.1,11.9,-1.6,14.0,160.0,NotYet
30.0,4.1,11.9,-1.6,14.0,170.0,NotYet
30.0,4.1,11.9,-1.6,14.0,180.0,NotYet
30.0,4.1,11.9,-1.6,14.0,190.0,NotYet
30.0,4.1,11.9,-1.6,14.0,200.0,NotYet
30.0,4.1,11.9,-1.6,14.0,210.0,NotYet
30.0,4.1,11.9,-1.6,14.0,220.0,NotYet
30.0,4.1,11.9,-1.6,14.0,230.0,NotYet
30.0,4.1,11.9,-1.6,14.0,240.0,NotYet
30.0,4.1,11.9,-1.6,14.0,250.0,NotYet
30.0,4.1,11.9,-1.6,14.0,260.0,NotYet
30.0,4.1,11.9,-1.6,14.0,270.0,NotYet
30.0,4.1,11.9,-1.6,14.0,280.0,NotYet
30.0,4.1,11.9,-1.6,14.0,290.0,NotYet
30.0,4.1,11.9,-1.6,14.0,300.0,NotYet
30.0,4.1,11.9,-1.6,14.0,310.0,NotYet
30.0,4.1,11.9,-1.6,14.0,320.0,NotYet
30.0,4.1,11.9,-1.6,14.0,330.0,NotYet
30.0,4.1,11.9,-1.6,14.0,340.0,NotYet
30.0,4.1,11.9,-1.6,14.0,350.0,NotYet
30.0,4.1,11.9,-1.4,-14.0,0.0,NotYet
30.0,4.1,11.9,-1.4,-14.0,10.0,NotYet
30.0,4.1,11.9,-1.4,-14.0,20.0,NotYet
30.0,4.1,11.9,-1.4,-14.0,30.0,NotYet
30.0,4.1,11.9,-1.4,-14.0,40.0,NotYet
30.0,4.1,11.9,-1.4,-14.0,50.0,NotYet
30.0,4.1,11.9,-1.4,-14.0,60.0,NotYet
30.0,4.1,11.9,-1.4,-14.0,70.0,NotYet
30.0,4.1,11.9,-1.4,-14.0,80.0,NotYet
30.0,4.1,11.9,-1.4,-14.0,90.0,NotYet
30.0,4.1,11.9,-1.4,-14.0,100.0,NotYet
30.0,4.1,11.9,-1.4,-14.0,110.0,NotYet
30.0,4.1,11.9,-1.4,-14.0,120.0,NotYet
30.0,4.1,11.9,-1.4,-14.0,130.0,NotYet
30.0,4.1,11.9,-1.4,-14.0,140.0,NotYet
30.0,4.1,11.9,-1.4,-14.0,150.0,NotYet
30.0,4.1,11.9,-1.4,-14.0,160.0,NotYet
30.0,4.1,11.9,-1.4,-14.0,170.0,NotYet
30.0,4.1,11.9,-1.4,-14.0,180.0,NotYet
30.0,4.1,11.9,-1.4,-14.0,190.0,NotYet
30.0,4.1,11.9,-1.4,-14.0,200.0,NotYet
30.0,4.1,11.9,-1.4,-14.0,210.0,NotYet
30.0,4.1,11.9,-1.4,-14.0,220.0,NotYet
30.0,4.1,11.9,-1.4,-14.0,230.0,NotYet
30.0,4.1,11.9,-1.4,-14.0,240.0,NotYet
30.0,4.1,11.9,-1.4,-14.0,250.0,NotYet
30.0,4.1,11.9,-1.4,-14.0,260.0,NotYet
30.0,4.1,11.9,-1.4,-14.0,270.0,NotYet
30.0,4.1,11.9,-1.4,-14.0,280.0,NotYet
30.0,4.1,11.9,-1.4,-14.0,290.0,NotYet
30.0,4.1,11.9,-1.4,-14.0,300.0,NotYet
30.0,4.1,11.9,-1.4,-14.0,310.0,NotYet
30.0,4.1,11.9,-1.4,-14.0,320.0,NotYet
30.0,4.1,11.9,-1.4,-14.0,330.0,NotYet
30.0,4.1,11.9,-1.4,-14.0,340.0,NotYet
30.0,4.1,11.9,-1.4,-14.0,350.0,NotYet
30.0,4.1,11.9,-1.4,-12.0,0.0,NotYet
30.0,4.1,11.9,-1.4,-12.0,10.0,NotYet
30.0,4.1,11.9,-1.4,-12.0,20.0,NotYet
30.0,4.1,11.9,-1.4,-12.0,30.0,NotYet
30.0,4.1,11.9,-1.4,-12.0,40.0,NotYet
30.0,4.1,11.9,-1.4,-12.0,50.0,NotYet
30.0,4.1,11.9,-1.4,-12.0,60.0,NotYet
30.0,4.1,11.9,-1.4,-12.0,70.0,NotYet
30.0,4.1,11.9,-1.4,-12.0,80.0,NotYet
30.0,4.1,11.9,-1.4,-12.0,90.0,NotYet
30.0,4.1,11.9,-1.4,-12.0,100.0,NotYet
30.0,4.1,11.9,-1.4,-12.0,110.0,NotYet
30.0,4.1,11.9,-1.4,-12.0,120.0,NotYet
30.0,4.1,11.9,-1.4,-12.0,130.0,NotYet
30.0,4.1,11.9,-1.4,-12.0,140.0,NotYet
30.0,4.1,11.9,-1.4,-12.0,150.0,NotYet
30.0,4.1,11.9,-1.4,-12.0,160.0,NotYet
30.0,4.1,11.9,-1.4,-12.0,170.0,NotYet
30.0,4.1,11.9,-1.4,-12.0,180.0,NotYet
30.0,4.1,11.9,-1.4,-12.0,190.0,NotYet
30.0,4.1,11.9,-1.4,-12.0,200.0,NotYet
30.0,4.1,11.9,-1.4,-12.0,210.0,NotYet
30.0,4.1,11.9,-1.4,-12.0,220.0,NotYet
30.0,4.1,11.9,-1.4,-12.0,230.0,NotYet
30.0,4.1,11.9,-1.4,-12.0,240.0,NotYet
30.0,4.1,11.9,-1.4,-12.0,250.0,NotYet
30.0,4.1,11.9,-1.4,-12.0,260.0,NotYet
30.0,4.1,11.9,-1.4,-12.0,270.0,NotYet
30.0,4.1,11.9,-1.4,-12.0,280.0,NotYet
30.0,4.1,11.9,-1.4,-12.0,290.0,NotYet
30.0,4.1,11.9,-1.4,-12.0,300.0,NotYet
30.0,4.1,11.9,-1.4,-12.0,310.0,NotYet
30.0,4.1,11.9,-1.4,-12.0,320.0,NotYet
30.0,4.1,11.9,-1.4,-12.0,330.0,NotYet
30.0,4.1,11.9,-1.4,-12.0,340.0,NotYet
30.0,4.1,11.9,-1.4,-12.0,350.0,NotYet
30.0,4.1,11.9,-1.4,-10.0,0.0,NotYet
30.0,4.1,11.9,-1.4,-10.0,10.0,NotYet
30.0,4.1,11.9,-1.4,-10.0,20.0,NotYet
30.0,4.1,11.9,-1.4,-10.0,30.0,NotYet
30.0,4.1,11.9,-1.4,-10.0,40.0,NotYet
30.0,4.1,11.9,-1.4,-10.0,50.0,NotYet
30.0,4.1,11.9,-1.4,-10.0,60.0,NotYet
30.0,4.1,11.9,-1.4,-10.0,70.0,NotYet
30.0,4.1,11.9,-1.4,-10.0,80.0,NotYet
30.0,4.1,11.9,-1.4,-10.0,90.0,NotYet
30.0,4.1,11.9,-1.4,-10.0,100.0,NotYet
30.0,4.1,11.9,-1.4,-10.0,110.0,NotYet
30.0,4.1,11.9,-1.4,-10.0,120.0,NotYet
30.0,4.1,11.9,-1.4,-10.0,130.0,NotYet
30.0,4.1,11.9,-1.4,-10.0,140.0,NotYet
30.0,4.1,11.9,-1.4,-10.0,150.0,NotYet
30.0,4.1,11.9,-1.4,-10.0,160.0,NotYet
30.0,4.1,11.9,-1.4,-10.0,170.0,NotYet
30.0,4.1,11.9,-1.4,-10.0,180.0,NotYet
30.0,4.1,11.9,-1.4,-10.0,190.0,NotYet
30.0,4.1,11.9,-1.4,-10.0,200.0,NotYet
30.0,4.1,11.9,-1.4,-10.0,210.0,NotYet
30.0,4.1,11.9,-1.4,-10.0,220.0,NotYet
30.0,4.1,11.9,-1.4,-10.0,230.0,NotYet
30.0,4.1,11.9,-1.4,-10.0,240.0,NotYet
30.0,4.1,11.9,-1.4,-10.0,250.0,NotYet
30.0,4.1,11.9,-1.4,-10.0,260.0,NotYet
30.0,4.1,11.9,-1.4,-10.0,270.0,NotYet
30.0,4.1,11.9,-1.4,-10.0,280.0,NotYet
30.0,4.1,11.9,-1.4,-10.0,290.0,NotYet
30.0,4.1,11.9,-1.4,-10.0,300.0,NotYet
30.0,4.1,11.9,-1.4,-10.0,310.0,NotYet
30.0,4.1,11.9,-1.4,-10.0,320.0,NotYet
30.0,4.1,11.9,-1.4,-10.0,330.0,NotYet
30.0,4.1,11.9,-1.4,-10.0,340.0,NotYet
30.0,4.1,11.9,-1.4,-10.0,350.0,NotYet
30.0,4.1,11.9,-1.4,-8.0,0.0,NotYet
30.0,4.1,11.9,-1.4,-8.0,10.0,NotYet
30.0,4.1,11.9,-1.4,-8.0,20.0,NotYet
30.0,4.1,11.9,-1.4,-8.0,30.0,NotYet
30.0,4.1,11.9,-1.4,-8.0,40.0,NotYet
30.0,4.1,11.9,-1.4,-8.0,50.0,NotYet
30.0,4.1,11.9,-1.4,-8.0,60.0,NotYet
30.0,4.1,11.9,-1.4,-8.0,70.0,NotYet
30.0,4.1,11.9,-1.4,-8.0,80.0,NotYet
30.0,4.1,11.9,-1.4,-8.0,90.0,NotYet
30.0,4.1,11.9,-1.4,-8.0,100.0,NotYet
30.0,4.1,11.9,-1.4,-8.0,110.0,NotYet
30.0,4.1,11.9,-1.4,-8.0,120.0,NotYet
30.0,4.1,11.9,-1.4,-8.0,130.0,NotYet
30.0,4.1,11.9,-1.4,-8.0,140.0,NotYet
30.0,4.1,11.9,-1.4,-8.0,150.0,NotYet
30.0,4.1,11.9,-1.4,-8.0,160.0,NotYet
30.0,4.1,11.9,-1.4,-8.0,170.0,NotYet
30.0,4.1,11.9,-1.4,-8.0,180.0,NotYet
30.0,4.1,11.9,-1.4,-8.0,190.0,NotYet
30.0,4.1,11.9,-1.4,-8.0,200.0,NotYet
30.0,4.1,11.9,-1.4,-8.0,210.0,NotYet
30.0,4.1,11.9,-1.4,-8.0,220.0,NotYet
30.0,4.1,11.9,-1.4,-8.0,230.0,NotYet
30.0,4.1,11.9,-1.4,-8.0,240.0,NotYet
30.0,4.1,11.9,-1.4,-8.0,250.0,NotYet
30.0,4.1,11.9,-1.4,-8.0,260.0,NotYet
30.0,4.1,11.9,-1.4,-8.0,270.0,NotYet
30.0,4.1,11.9,-1.4,-8.0,280.0,NotYet
30.0,4.1,11.9,-1.4,-8.0,290.0,NotYet
30.0,4.1,11.9,-1.4,-8.0,300.0,NotYet
30.0,4.1,11.9,-1.4,-8.0,310.0,NotYet
30.0,4.1,11.9,-1.4,-8.0,320.0,NotYet
30.0,4.1,11.9,-1.4,-8.0,330.0,NotYet
30.0,4.1,11.9,-1.4,-8.0,340.0,NotYet
30.0,4.1,11.9,-1.4,-8.0,350.0,NotYet
30.0,4.1,11.9,-1.4,-6.0,0.0,NotYet
30.0,4.1,11.9,-1.4,-6.0,10.0,NotYet
30.0,4.1,11.9,-1.4,-6.0,20.0,NotYet
30.0,4.1,11.9,-1.4,-6.0,30.0,NotYet
30.0,4.1,11.9,-1.4,-6.0,40.0,NotYet
30.0,4.1,11.9,-1.4,-6.0,50.0,NotYet
30.0,4.1,11.9,-1.4,-6.0,60.0,NotYet
30.0,4.1,11.9,-1.4,-6.0,70.0,NotYet
30.0,4.1,11.9,-1.4,-6.0,80.0,NotYet
30.0,4.1,11.9,-1.4,-6.0,90.0,NotYet
30.0,4.1,11.9,-1.4,-6.0,100.0,NotYet
30.0,4.1,11.9,-1.4,-6.0,110.0,NotYet
30.0,4.1,11.9,-1.4,-6.0,120.0,NotYet
30.0,4.1,11.9,-1.4,-6.0,130.0,NotYet
30.0,4.1,11.9,-1.4,-6.0,140.0,NotYet
30.0,4.1,11.9,-1.4,-6.0,150.0,NotYet
30.0,4.1,11.9,-1.4,-6.0,160.0,NotYet
30.0,4.1,11.9,-1.4,-6.0,170.0,NotYet
30.0,4.1,11.9,-1.4,-6.0,180.0,NotYet
30.0,4.1,11.9,-1.4,-6.0,190.0,NotYet
30.0,4.1,11.9,-1.4,-6.0,200.0,NotYet
30.0,4.1,11.9,-1.4,-6.0,210.0,NotYet
30.0,4.1,11.9,-1.4,-6.0,220.0,NotYet
30.0,4.1,11.9,-1.4,-6.0,230.0,NotYet
30.0,4.1,11.9,-1.4,-6.0,240.0,NotYet
30.0,4.1,11.9,-1.4,-6.0,250.0,NotYet
30.0,4.1,11.9,-1.4,-6.0,260.0,NotYet
30.0,4.1,11.9,-1.4,-6.0,270.0,NotYet
30.0,4.1,11.9,-1.4,-6.0,280.0,NotYet
30.0,4.1,11.9,-1.4,-6.0,290.0,NotYet
30.0,4.1,11.9,-1.4,-6.0,300.0,NotYet
30.0,4.1,11.9,-1.4,-6.0,310.0,NotYet
30.0,4.1,11.9,-1.4,-6.0,320.0,NotYet
30.0,4.1,11.9,-1.4,-6.0,330.0,NotYet
30.0,4.1,11.9,-1.4,-6.0,340.0,NotYet
30.0,4.1,11.9,-1.4,-6.0,350.0,NotYet
30.0,4.1,11.9,-1.4,-4.0,0.0,NotYet
30.0,4.1,11.9,-1.4,-4.0,10.0,NotYet
30.0,4.1,11.9,-1.4,-4.0,20.0,NotYet
30.0,4.1,11.9,-1.4,-4.0,30.0,NotYet
30.0,4.1,11.9,-1.4,-4.0,40.0,NotYet
30.0,4.1,11.9,-1.4,-4.0,50.0,NotYet
30.0,4.1,11.9,-1.4,-4.0,60.0,NotYet
30.0,4.1,11.9,-1.4,-4.0,70.0,NotYet
30.0,4.1,11.9,-1.4,-4.0,80.0,NotYet
30.0,4.1,11.9,-1.4,-4.0,90.0,NotYet
30.0,4.1,11.9,-1.4,-4.0,100.0,NotYet
30.0,4.1,11.9,-1.4,-4.0,110.0,NotYet
30.0,4.1,11.9,-1.4,-4.0,120.0,NotYet
30.0,4.1,11.9,-1.4,-4.0,130.0,NotYet
30.0,4.1,11.9,-1.4,-4.0,140.0,NotYet
30.0,4.1,11.9,-1.4,-4.0,150.0,NotYet
30.0,4.1,11.9,-1.4,-4.0,160.0,NotYet
30.0,4.1,11.9,-1.4,-4.0,170.0,NotYet
30.0,4.1,11.9,-1.4,-4.0,180.0,NotYet
30.0,4.1,11.9,-1.4,-4.0,190.0,NotYet
30.0,4.1,11.9,-1.4,-4.0,200.0,NotYet
30.0,4.1,11.9,-1.4,-4.0,210.0,NotYet
30.0,4.1,11.9,-1.4,-4.0,220.0,NotYet
30.0,4.1,11.9,-1.4,-4.0,230.0,NotYet
30.0,4.1,11.9,-1.4,-4.0,240.0,NotYet
30.0,4.1,11.9,-1.4,-4.0,250.0,NotYet
30.0,4.1,11.9,-1.4,-4.0,260.0,NotYet
30.0,4.1,11.9,-1.4,-4.0,270.0,NotYet
30.0,4.1,11.9,-1.4,-4.0,280.0,NotYet
30.0,4.1,11.9,-1.4,-4.0,290.0,NotYet
30.0,4.1,11.9,-1.4,-4.0,300.0,NotYet
30.0,4.1,11.9,-1.4,-4.0,310.0,NotYet
30.0,4.1,11.9,-1.4,-4.0,320.0,NotYet
30.0,4.1,11.9,-1.4,-4.0,330.0,NotYet
30.0,4.1,11.9,-1.4,-4.0,340.0,NotYet
30.0,4.1,11.9,-1.4,-4.0,350.0,NotYet
30.0,4.1,11.9,-1.4,-2.0,0.0,NotYet
30.0,4.1,11.9,-1.4,-2.0,10.0,NotYet
30.0,4.1,11.9,-1.4,-2.0,20.0,NotYet
30.0,4.1,11.9,-1.4,-2.0,30.0,NotYet
30.0,4.1,11.9,-1.4,-2.0,40.0,NotYet
30.0,4.1,11.9,-1.4,-2.0,50.0,NotYet
30.0,4.1,11.9,-1.4,-2.0,60.0,NotYet
30.0,4.1,11.9,-1.4,-2.0,70.0,NotYet
30.0,4.1,11.9,-1.4,-2.0,80.0,NotYet
30.0,4.1,11.9,-1.4,-2.0,90.0,NotYet
30.0,4.1,11.9,-1.4,-2.0,100.0,NotYet
30.0,4.1,11.9,-1.4,-2.0,110.0,NotYet
30.0,4.1,11.9,-1.4,-2.0,120.0,NotYet
30.0,4.1,11.9,-1.4,-2.0,130.0,NotYet
30.0,4.1,11.9,-1.4,-2.0,140.0,NotYet
30.0,4.1,11.9,-1.4,-2.0,150.0,NotYet
30.0,4.1,11.9,-1.4,-2.0,160.0,NotYet
30.0,4.1,11.9,-1.4,-2.0,170.0,NotYet
30.0,4.1,11.9,-1.4,-2.0,180.0,NotYet
30.0,4.1,11.9,-1.4,-2.0,190.0,NotYet
30.0,4.1,11.9,-1.4,-2.0,200.0,NotYet
30.0,4.1,11.9,-1.4,-2.0,210.0,NotYet
30.0,4.1,11.9,-1.4,-2.0,220.0,NotYet
30.0,4.1,11.9,-1.4,-2.0,230.0,NotYet
30.0,4.1,11.9,-1.4,-2.0,240.0,NotYet
30.0,4.1,11.9,-1.4,-2.0,250.0,NotYet
30.0,4.1,11.9,-1.4,-2.0,260.0,NotYet
30.0,4.1,11.9,-1.4,-2.0,270.0,NotYet
30.0,4.1,11.9,-1.4,-2.0,280.0,NotYet
30.0,4.1,11.9,-1.4,-2.0,290.0,NotYet
30.0,4.1,11.9,-1.4,-2.0,300.0,NotYet
30.0,4.1,11.9,-1.4,-2.0,310.0,NotYet
30.0,4.1,11.9,-1.4,-2.0,320.0,NotYet
30.0,4.1,11.9,-1.4,-2.0,330.0,NotYet
30.0,4.1,11.9,-1.4,-2.0,340.0,NotYet
30.0,4.1,11.9,-1.4,-2.0,350.0,NotYet
30.0,4.1,11.9,-1.4,0.0,0.0,NotYet
30.0,4.1,11.9,-1.4,0.0,10.0,NotYet
30.0,4.1,11.9,-1.4,0.0,20.0,NotYet
30.0,4.1,11.9,-1.4,0.0,30.0,NotYet
30.0,4.1,11.9,-1.4,0.0,40.0,NotYet
30.0,4.1,11.9,-1.4,0.0,50.0,NotYet
30.0,4.1,11.9,-1.4,0.0,60.0,NotYet
30.0,4.1,11.9,-1.4,0.0,70.0,NotYet
30.0,4.1,11.9,-1.4,0.0,80.0,NotYet
30.0,4.1,11.9,-1.4,0.0,90.0,NotYet
30.0,4.1,11.9,-1.4,0.0,100.0,NotYet
30.0,4.1,11.9,-1.4,0.0,110.0,NotYet
30.0,4.1,11.9,-1.4,0.0,120.0,NotYet
30.0,4.1,11.9,-1.4,0.0,130.0,NotYet
30.0,4.1,11.9,-1.4,0.0,140.0,NotYet
30.0,4.1,11.9,-1.4,0.0,150.0,NotYet
30.0,4.1,11.9,-1.4,0.0,160.0,NotYet
30.0,4.1,11.9,-1.4,0.0,170.0,NotYet
30.0,4.1,11.9,-1.4,0.0,180.0,NotYet
30.0,4.1,11.9,-1.4,0.0,190.0,NotYet
30.0,4.1,11.9,-1.4,0.0,200.0,NotYet
30.0,4.1,11.9,-1.4,0.0,210.0,NotYet
30.0,4.1,11.9,-1.4,0.0,220.0,NotYet
30.0,4.1,11.9,-1.4,0.0,230.0,NotYet
30.0,4.1,11.9,-1.4,0.0,240.0,NotYet
30.0,4.1,11.9,-1.4,0.0,250.0,NotYet
30.0,4.1,11.9,-1.4,0.0,260.0,NotYet
30.0,4.1,11.9,-1.4,0.0,270.0,NotYet
30.0,4.1,11.9,-1.4,0.0,280.0,NotYet
30.0,4.1,11.9,-1.4,0.0,290.0,NotYet
30.0,4.1,11.9,-1.4,0.0,300.0,NotYet
30.0,4.1,11.9,-1.4,0.0,310.0,NotYet
30.0,4.1,11.9,-1.4,0.0,320.0,NotYet
30.0,4.1,11.9,-1.4,0.0,330.0,NotYet
30.0,4.1,11.9,-1.4,0.0,340.0,NotYet
30.0,4.1,11.9,-1.4,0.0,350.0,NotYet
30.0,4.1,11.9,-1.4,2.0,0.0,NotYet
30.0,4.1,11.9,-1.4,2.0,10.0,NotYet
30.0,4.1,11.9,-1.4,2.0,20.0,NotYet
30.0,4.1,11.9,-1.4,2.0,30.0,NotYet
30.0,4.1,11.9,-1.4,2.0,40.0,NotYet
30.0,4.1,11.9,-1.4,2.0,50.0,NotYet
30.0,4.1,11.9,-1.4,2.0,60.0,NotYet
30.0,4.1,11.9,-1.4,2.0,70.0,NotYet
30.0,4.1,11.9,-1.4,2.0,80.0,NotYet
30.0,4.1,11.9,-1.4,2.0,90.0,NotYet
30.0,4.1,11.9,-1.4,2.0,100.0,NotYet
30.0,4.1,11.9,-1.4,2.0,110.0,NotYet
30.0,4.1,11.9,-1.4,2.0,120.0,NotYet
30.0,4.1,11.9,-1.4,2.0,130.0,NotYet
30.0,4.1,11.9,-1.4,2.0,140.0,NotYet
30.0,4.1,11.9,-1.4,2.0,150.0,NotYet
30.0,4.1,11.9,-1.4,2.0,160.0,NotYet
30.0,4.1,11.9,-1.4,2.0,170.0,NotYet
30.0,4.1,11.9,-1.4,2.0,180.0,NotYet
30.0,4.1,11.9,-1.4,2.0,190.0,NotYet
30.0,4.1,11.9,-1.4,2.0,200.0,NotYet
30.0,4.1,11.9,-1.4,2.0,210.0,NotYet
30.0,4.1,11.9,-1.4,2.0,220.0,NotYet
30.0,4.1,11.9,-1.4,2.0,230.0,NotYet
30.0,4.1,11.9,-1.4,2.0,240.0,NotYet
30.0,4.1,11.9,-1.4,2.0,250.0,NotYet
30.0,4.1,11.9,-1.4,2.0,260.0,NotYet
30.0,4.1,11.9,-1.4,2.0,270.0,NotYet
30.0,4.1,11.9,-1.4,2.0,280.0,NotYet
30.0,4.1,11.9,-1.4,2.0,290.0,NotYet
30.0,4.1,11.9,-1.4,2.0,300.0,NotYet
30.0,4.1,11.9,-1.4,2.0,310.0,NotYet
30.0,4.1,11.9,-1.4,2.0,320.0,NotYet
30.0,4.1,11.9,-1.4,2.0,330.0,NotYet
30.0,4.1,11.9,-1.4,2.0,340.0,NotYet
30.0,4.1,11.9,-1.4,2.0,350.0,NotYet
30.0,4.1,11.9,-1.4,4.0,0.0,NotYet
30.0,4.1,11.9,-1.4,4.0,10.0,NotYet
30.0,4.1,11.9,-1.4,4.0,20.0,NotYet
30.0,4.1,11.9,-1.4,4.0,30.0,NotYet
30.0,4.1,11.9,-1.4,4.0,40.0,NotYet
30.0,4.1,11.9,-1.4,4.0,50.0,NotYet
30.0,4.1,11.9,-1.4,4.0,60.0,NotYet
30.0,4.1,11.9,-1.4,4.0,70.0,NotYet
30.0,4.1,11.9,-1.4,4.0,80.0,NotYet
30.0,4.1,11.9,-1.4,4.0,90.0,NotYet
30.0,4.1,11.9,-1.4,4.0,100.0,NotYet
30.0,4.1,11.9,-1.4,4.0,110.0,NotYet
30.0,4.1,11.9,-1.4,4.0,120.0,NotYet
30.0,4.1,11.9,-1.4,4.0,130.0,NotYet
30.0,4.1,11.9,-1.4,4.0,140.0,NotYet
30.0,4.1,11.9,-1.4,4.0,150.0,NotYet
30.0,4.1,11.9,-1.4,4.0,160.0,NotYet
30.0,4.1,11.9,-1.4,4.0,170.0,NotYet
30.0,4.1,11.9,-1.4,4.0,180.0,NotYet
30.0,4.1,11.9,-1.4,4.0,190.0,NotYet
30.0,4.1,11.9,-1.4,4.0,200.0,NotYet
30.0,4.1,11.9,-1.4,4.0,210.0,NotYet
30.0,4.1,11.9,-1.4,4.0,220.0,NotYet
30.0,4.1,11.9,-1.4,4.0,230.0,NotYet
30.0,4.1,11.9,-1.4,4.0,240.0,NotYet
30.0,4.1,11.9,-1.4,4.0,250.0,NotYet
30.0,4.1,11.9,-1.4,4.0,260.0,NotYet
30.0,4.1,11.9,-1.4,4.0,270.0,NotYet
30.0,4.1,11.9,-1.4,4.0,280.0,NotYet
30.0,4.1,11.9,-1.4,4.0,290.0,NotYet
30.0,4.1,11.9,-1.4,4.0,300.0,NotYet
30.0,4.1,11.9,-1.4,4.0,310.0,NotYet
30.0,4.1,11.9,-1.4,4.0,320.0,NotYet
30.0,4.1,11.9,-1.4,4.0,330.0,NotYet
30.0,4.1,11.9,-1.4,4.0,340.0,NotYet
30.0,4.1,11.9,-1.4,4.0,350.0,NotYet
30.0,4.1,11.9,-1.4,6.0,0.0,NotYet
30.0,4.1,11.9,-1.4,6.0,10.0,NotYet
30.0,4.1,11.9,-1.4,6.0,20.0,NotYet
30.0,4.1,11.9,-1.4,6.0,30.0,NotYet
30.0,4.1,11.9,-1.4,6.0,40.0,NotYet
30.0,4.1,11.9,-1.4,6.0,50.0,NotYet
30.0,4.1,11.9,-1.4,6.0,60.0,NotYet
30.0,4.1,11.9,-1.4,6.0,70.0,NotYet
30.0,4.1,11.9,-1.4,6.0,80.0,NotYet
30.0,4.1,11.9,-1.4,6.0,90.0,NotYet
30.0,4.1,11.9,-1.4,6.0,100.0,NotYet
30.0,4.1,11.9,-1.4,6.0,110.0,NotYet
30.0,4.1,11.9,-1.4,6.0,120.0,NotYet
30.0,4.1,11.9,-1.4,6.0,130.0,NotYet
30.0,4.1,11.9,-1.4,6.0,140.0,NotYet
30.0,4.1,11.9,-1.4,6.0,150.0,NotYet
30.0,4.1,11.9,-1.4,6.0,160.0,NotYet
30.0,4.1,11.9,-1.4,6.0,170.0,NotYet
30.0,4.1,11.9,-1.4,6.0,180.0,NotYet
30.0,4.1,11.9,-1.4,6.0,190.0,NotYet
30.0,4.1,11.9,-1.4,6.0,200.0,NotYet
30.0,4.1,11.9,-1.4,6.0,210.0,NotYet
30.0,4.1,11.9,-1.4,6.0,220.0,NotYet
30.0,4.1,11.9,-1.4,6.0,230.0,NotYet
30.0,4.1,11.9,-1.4,6.0,240.0,NotYet
30.0,4.1,11.9,-1.4,6.0,250.0,NotYet
30.0,4.1,11.9,-1.4,6.0,260.0,NotYet
30.0,4.1,11.9,-1.4,6.0,270.0,NotYet
30.0,4.1,11.9,-1.4,6.0,280.0,NotYet
30.0,4.1,11.9,-1.4,6.0,290.0,NotYet
30.0,4.1,11.9,-1.4,6.0,300.0,NotYet
30.0,4.1,11.9,-1.4,6.0,310.0,NotYet
30.0,4.1,11.9,-1.4,6.0,320.0,NotYet
30.0,4.1,11.9,-1.4,6.0,330.0,NotYet
30.0,4.1,11.9,-1.4,6.0,340.0,NotYet
30.0,4.1,11.9,-1.4,6.0,350.0,NotYet
30.0,4.1,11.9,-1.4,8.0,0.0,NotYet
30.0,4.1,11.9,-1.4,8.0,10.0,NotYet
30.0,4.1,11.9,-1.4,8.0,20.0,NotYet
30.0,4.1,11.9,-1.4,8.0,30.0,NotYet
30.0,4.1,11.9,-1.4,8.0,40.0,NotYet
30.0,4.1,11.9,-1.4,8.0,50.0,NotYet
30.0,4.1,11.9,-1.4,8.0,60.0,NotYet
30.0,4.1,11.9,-1.4,8.0,70.0,NotYet
30.0,4.1,11.9,-1.4,8.0,80.0,NotYet
30.0,4.1,11.9,-1.4,8.0,90.0,NotYet
30.0,4.1,11.9,-1.4,8.0,100.0,NotYet
30.0,4.1,11.9,-1.4,8.0,110.0,NotYet
30.0,4.1,11.9,-1.4,8.0,120.0,NotYet
30.0,4.1,11.9,-1.4,8.0,130.0,NotYet
30.0,4.1,11.9,-1.4,8.0,140.0,NotYet
30.0,4.1,11.9,-1.4,8.0,150.0,NotYet
30.0,4.1,11.9,-1.4,8.0,160.0,NotYet
30.0,4.1,11.9,-1.4,8.0,170.0,NotYet
30.0,4.1,11.9,-1.4,8.0,180.0,NotYet
30.0,4.1,11.9,-1.4,8.0,190.0,NotYet
30.0,4.1,11.9,-1.4,8.0,200.0,NotYet
30.0,4.1,11.9,-1.4,8.0,210.0,NotYet
30.0,4.1,11.9,-1.4,8.0,220.0,NotYet
30.0,4.1,11.9,-1.4,8.0,230.0,NotYet
30.0,4.1,11.9,-1.4,8.0,240.0,NotYet
30.0,4.1,11.9,-1.4,8.0,250.0,NotYet
30.0,4.1,11.9,-1.4,8.0,260.0,NotYet
30.0,4.1,11.9,-1.4,8.0,270.0,NotYet
30.0,4.1,11.9,-1.4,8.0,280.0,NotYet
30.0,4.1,11.9,-1.4,8.0,290.0,NotYet
30.0,4.1,11.9,-1.4,8.0,300.0,NotYet
30.0,4.1,11.9,-1.4,8.0,310.0,NotYet
30.0,4.1,11.9,-1.4,8.0,320.0,NotYet
30.0,4.1,11.9,-1.4,8.0,330.0,NotYet
30.0,4.1,11.9,-1.4,8.0,340.0,NotYet
30.0,4.1,11.9,-1.4,8.0,350.0,NotYet
30.0,4.1,11.9,-1.4,10.0,0.0,NotYet
30.0,4.1,11.9,-1.4,10.0,10.0,NotYet
30.0,4.1,11.9,-1.4,10.0,20.0,NotYet
30.0,4.1,11.9,-1.4,10.0,30.0,NotYet
30.0,4.1,11.9,-1.4,10.0,40.0,NotYet
30.0,4.1,11.9,-1.4,10.0,50.0,NotYet
30.0,4.1,11.9,-1.4,10.0,60.0,NotYet
30.0,4.1,11.9,-1.4,10.0,70.0,NotYet
30.0,4.1,11.9,-1.4,10.0,80.0,NotYet
30.0,4.1,11.9,-1.4,10.0,90.0,NotYet
30.0,4.1,11.9,-1.4,10.0,100.0,NotYet
30.0,4.1,11.9,-1.4,10.0,110.0,NotYet
30.0,4.1,11.9,-1.4,10.0,120.0,NotYet
30.0,4.1,11.9,-1.4,10.0,130.0,NotYet
30.0,4.1,11.9,-1.4,10.0,140.0,NotYet
30.0,4.1,11.9,-1.4,10.0,150.0,NotYet
30.0,4.1,11.9,-1.4,10.0,160.0,NotYet
30.0,4.1,11.9,-1.4,10.0,170.0,NotYet
30.0,4.1,11.9,-1.4,10.0,180.0,NotYet
30.0,4.1,11.9,-1.4,10.0,190.0,NotYet
30.0,4.1,11.9,-1.4,10.0,200.0,NotYet
30.0,4.1,11.9,-1.4,10.0,210.0,NotYet
30.0,4.1,11.9,-1.4,10.0,220.0,NotYet
30.0,4.1,11.9,-1.4,10.0,230.0,NotYet
30.0,4.1,11.9,-1.4,10.0,240.0,NotYet
30.0,4.1,11.9,-1.4,10.0,250.0,NotYet
30.0,4.1,11.9,-1.4,10.0,260.0,NotYet
30.0,4.1,11.9,-1.4,10.0,270.0,NotYet
30.0,4.1,11.9,-1.4,10.0,280.0,NotYet
30.0,4.1,11.9,-1.4,10.0,290.0,NotYet
30.0,4.1,11.9,-1.4,10.0,300.0,NotYet
30.0,4.1,11.9,-1.4,10.0,310.0,NotYet
30.0,4.1,11.9,-1.4,10.0,320.0,NotYet
30.0,4.1,11.9,-1.4,10.0,330.0,NotYet
30.0,4.1,11.9,-1.4,10.0,340.0,NotYet
30.0,4.1,11.9,-1.4,10.0,350.0,NotYet
30.0,4.1,11.9,-1.4,12.0,0.0,NotYet
30.0,4.1,11.9,-1.4,12.0,10.0,NotYet
30.0,4.1,11.9,-1.4,12.0,20.0,NotYet
30.0,4.1,11.9,-1.4,12.0,30.0,NotYet
30.0,4.1,11.9,-1.4,12.0,40.0,NotYet
30.0,4.1,11.9,-1.4,12.0,50.0,NotYet
30.0,4.1,11.9,-1.4,12.0,60.0,NotYet
30.0,4.1,11.9,-1.4,12.0,70.0,NotYet
30.0,4.1,11.9,-1.4,12.0,80.0,NotYet
30.0,4.1,11.9,-1.4,12.0,90.0,NotYet
30.0,4.1,11.9,-1.4,12.0,100.0,NotYet
30.0,4.1,11.9,-1.4,12.0,110.0,NotYet
30.0,4.1,11.9,-1.4,12.0,120.0,NotYet
30.0,4.1,11.9,-1.4,12.0,130.0,NotYet
30.0,4.1,11.9,-1.4,12.0,140.0,NotYet
30.0,4.1,11.9,-1.4,12.0,150.0,NotYet
30.0,4.1,11.9,-1.4,12.0,160.0,NotYet
30.0,4.1,11.9,-1.4,12.0,170.0,NotYet
30.0,4.1,11.9,-1.4,12.0,180.0,NotYet
30.0,4.1,11.9,-1.4,12.0,190.0,NotYet
30.0,4.1,11.9,-1.4,12.0,200.0,NotYet
30.0,4.1,11.9,-1.4,12.0,210.0,NotYet
30.0,4.1,11.9,-1.4,12.0,220.0,NotYet
30.0,4.1,11.9,-1.4,12.0,230.0,NotYet
30.0,4.1,11.9,-1.4,12.0,240.0,NotYet
30.0,4.1,11.9,-1.4,12.0,250.0,NotYet
30.0,4.1,11.9,-1.4,12.0,260.0,NotYet
30.0,4.1,11.9,-1.4,12.0,270.0,NotYet
30.0,4.1,11.9,-1.4,12.0,280.0,NotYet
30.0,4.1,11.9,-1.4,12.0,290.0,NotYet
30.0,4.1,11.9,-1.4,12.0,300.0,NotYet
30.0,4.1,11.9,-1.4,12.0,310.0,NotYet
30.0,4.1,11.9,-1.4,12.0,320.0,NotYet
30.0,4.1,11.9,-1.4,12.0,330.0,NotYet
30.0,4.1,11.9,-1.4,12.0,340.0,NotYet
30.0,4.1,11.9,-1.4,12.0,350.0,NotYet
30.0,4.1,11.9,-1.4,14.0,0.0,NotYet
30.0,4.1,11.9,-1.4,14.0,10.0,NotYet
30.0,4.1,11.9,-1.4,14.0,20.0,NotYet
30.0,4.1,11.9,-1.4,14.0,30.0,NotYet
30.0,4.1,11.9,-1.4,14.0,40.0,NotYet
30.0,4.1,11.9,-1.4,14.0,50.0,NotYet
30.0,4.1,11.9,-1.4,14.0,60.0,NotYet
30.0,4.1,11.9,-1.4,14.0,70.0,NotYet
30.0,4.1,11.9,-1.4,14.0,80.0,NotYet
30.0,4.1,11.9,-1.4,14.0,90.0,NotYet
30.0,4.1,11.9,-1.4,14.0,100.0,NotYet
30.0,4.1,11.9,-1.4,14.0,110.0,NotYet
30.0,4.1,11.9,-1.4,14.0,120.0,NotYet
30.0,4.1,11.9,-1.4,14.0,130.0,NotYet
30.0,4.1,11.9,-1.4,14.0,140.0,NotYet
30.0,4.1,11.9,-1.4,14.0,150.0,NotYet
30.0,4.1,11.9,-1.4,14.0,160.0,NotYet
30.0,4.1,11.9,-1.4,14.0,170.0,NotYet
30.0,4.1,11.9,-1.4,14.0,180.0,NotYet
30.0,4.1,11.9,-1.4,14.0,190.0,NotYet
30.0,4.1,11.9,-1.4,14.0,200.0,NotYet
30.0,4.1,11.9,-1.4,14.0,210.0,NotYet
30.0,4.1,11.9,-1.4,14.0,220.0,NotYet
30.0,4.1,11.9,-1.4,14.0,230.0,NotYet
30.0,4.1,11.9,-1.4,14.0,240.0,NotYet
30.0,4.1,11.9,-1.4,14.0,250.0,NotYet
30.0,4.1,11.9,-1.4,14.0,260.0,NotYet
30.0,4.1,11.9,-1.4,14.0,270.0,NotYet
30.0,4.1,11.9,-1.4,14.0,280.0,NotYet
30.0,4.1,11.9,-1.4,14.0,290.0,NotYet
30.0,4.1,11.9,-1.4,14.0,300.0,NotYet
30.0,4.1,11.9,-1.4,14.0,310.0,NotYet
30.0,4.1,11.9,-1.4,14.0,320.0,NotYet
30.0,4.1,11.9,-1.4,14.0,330.0,NotYet
30.0,4.1,11.9,-1.4,14.0,340.0,NotYet
30.0,4.1,11.9,-1.4,14.0,350.0,NotYet
30.0,4.1,11.9,-1.2,-14.0,0.0,NotYet
30.0,4.1,11.9,-1.2,-14.0,10.0,NotYet
30.0,4.1,11.9,-1.2,-14.0,20.0,NotYet
30.0,4.1,11.9,-1.2,-14.0,30.0,NotYet
30.0,4.1,11.9,-1.2,-14.0,40.0,NotYet
30.0,4.1,11.9,-1.2,-14.0,50.0,NotYet
30.0,4.1,11.9,-1.2,-14.0,60.0,NotYet
30.0,4.1,11.9,-1.2,-14.0,70.0,NotYet
30.0,4.1,11.9,-1.2,-14.0,80.0,NotYet
30.0,4.1,11.9,-1.2,-14.0,90.0,NotYet
30.0,4.1,11.9,-1.2,-14.0,100.0,NotYet
30.0,4.1,11.9,-1.2,-14.0,110.0,NotYet
30.0,4.1,11.9,-1.2,-14.0,120.0,NotYet
30.0,4.1,11.9,-1.2,-14.0,130.0,NotYet
30.0,4.1,11.9,-1.2,-14.0,140.0,NotYet
30.0,4.1,11.9,-1.2,-14.0,150.0,NotYet
30.0,4.1,11.9,-1.2,-14.0,160.0,NotYet
30.0,4.1,11.9,-1.2,-14.0,170.0,NotYet
30.0,4.1,11.9,-1.2,-14.0,180.0,NotYet
30.0,4.1,11.9,-1.2,-14.0,190.0,NotYet
30.0,4.1,11.9,-1.2,-14.0,200.0,NotYet
30.0,4.1,11.9,-1.2,-14.0,210.0,NotYet
30.0,4.1,11.9,-1.2,-14.0,220.0,NotYet
30.0,4.1,11.9,-1.2,-14.0,230.0,NotYet
30.0,4.1,11.9,-1.2,-14.0,240.0,NotYet
30.0,4.1,11.9,-1.2,-14.0,250.0,NotYet
30.0,4.1,11.9,-1.2,-14.0,260.0,NotYet
30.0,4.1,11.9,-1.2,-14.0,270.0,NotYet
30.0,4.1,11.9,-1.2,-14.0,280.0,NotYet
30.0,4.1,11.9,-1.2,-14.0,290.0,NotYet
30.0,4.1,11.9,-1.2,-14.0,300.0,NotYet
30.0,4.1,11.9,-1.2,-14.0,310.0,NotYet
30.0,4.1,11.9,-1.2,-14.0,320.0,NotYet
30.0,4.1,11.9,-1.2,-14.0,330.0,NotYet
30.0,4.1,11.9,-1.2,-14.0,340.0,NotYet
30.0,4.1,11.9,-1.2,-14.0,350.0,NotYet
30.0,4.1,11.9,-1.2,-12.0,0.0,NotYet
30.0,4.1,11.9,-1.2,-12.0,10.0,NotYet
30.0,4.1,11.9,-1.2,-12.0,20.0,NotYet
30.0,4.1,11.9,-1.2,-12.0,30.0,NotYet
30.0,4.1,11.9,-1.2,-12.0,40.0,NotYet
30.0,4.1,11.9,-1.2,-12.0,50.0,NotYet
30.0,4.1,11.9,-1.2,-12.0,60.0,NotYet
30.0,4.1,11.9,-1.2,-12.0,70.0,NotYet
30.0,4.1,11.9,-1.2,-12.0,80.0,NotYet
30.0,4.1,11.9,-1.2,-12.0,90.0,NotYet
30.0,4.1,11.9,-1.2,-12.0,100.0,NotYet
30.0,4.1,11.9,-1.2,-12.0,110.0,NotYet
30.0,4.1,11.9,-1.2,-12.0,120.0,NotYet
30.0,4.1,11.9,-1.2,-12.0,130.0,NotYet
30.0,4.1,11.9,-1.2,-12.0,140.0,NotYet
30.0,4.1,11.9,-1.2,-12.0,150.0,NotYet
30.0,4.1,11.9,-1.2,-12.0,160.0,NotYet
30.0,4.1,11.9,-1.2,-12.0,170.0,NotYet
30.0,4.1,11.9,-1.2,-12.0,180.0,NotYet
30.0,4.1,11.9,-1.2,-12.0,190.0,NotYet
30.0,4.1,11.9,-1.2,-12.0,200.0,NotYet
30.0,4.1,11.9,-1.2,-12.0,210.0,NotYet
30.0,4.1,11.9,-1.2,-12.0,220.0,NotYet
30.0,4.1,11.9,-1.2,-12.0,230.0,NotYet
30.0,4.1,11.9,-1.2,-12.0,240.0,NotYet
30.0,4.1,11.9,-1.2,-12.0,250.0,NotYet
30.0,4.1,11.9,-1.2,-12.0,260.0,NotYet
30.0,4.1,11.9,-1.2,-12.0,270.0,NotYet
30.0,4.1,11.9,-1.2,-12.0,280.0,NotYet
30.0,4.1,11.9,-1.2,-12.0,290.0,NotYet
30.0,4.1,11.9,-1.2,-12.0,300.0,NotYet
30.0,4.1,11.9,-1.2,-12.0,310.0,NotYet
30.0,4.1,11.9,-1.2,-12.0,320.0,NotYet
30.0,4.1,11.9,-1.2,-12.0,330.0,NotYet
30.0,4.1,11.9,-1.2,-12.0,340.0,NotYet
30.0,4.1,11.9,-1.2,-12.0,350.0,NotYet
30.0,4.1,11.9,-1.2,-10.0,0.0,NotYet
30.0,4.1,11.9,-1.2,-10.0,10.0,NotYet
30.0,4.1,11.9,-1.2,-10.0,20.0,NotYet
30.0,4.1,11.9,-1.2,-10.0,30.0,NotYet
30.0,4.1,11.9,-1.2,-10.0,40.0,NotYet
30.0,4.1,11.9,-1.2,-10.0,50.0,NotYet
30.0,4.1,11.9,-1.2,-10.0,60.0,NotYet
30.0,4.1,11.9,-1.2,-10.0,70.0,NotYet
30.0,4.1,11.9,-1.2,-10.0,80.0,NotYet
30.0,4.1,11.9,-1.2,-10.0,90.0,NotYet
30.0,4.1,11.9,-1.2,-10.0,100.0,NotYet
30.0,4.1,11.9,-1.2,-10.0,110.0,NotYet
30.0,4.1,11.9,-1.2,-10.0,120.0,NotYet
30.0,4.1,11.9,-1.2,-10.0,130.0,NotYet
30.0,4.1,11.9,-1.2,-10.0,140.0,NotYet
30.0,4.1,11.9,-1.2,-10.0,150.0,NotYet
30.0,4.1,11.9,-1.2,-10.0,160.0,NotYet
30.0,4.1,11.9,-1.2,-10.0,170.0,NotYet
30.0,4.1,11.9,-1.2,-10.0,180.0,NotYet
30.0,4.1,11.9,-1.2,-10.0,190.0,NotYet
30.0,4.1,11.9,-1.2,-10.0,200.0,NotYet
30.0,4.1,11.9,-1.2,-10.0,210.0,NotYet
30.0,4.1,11.9,-1.2,-10.0,220.0,NotYet
30.0,4.1,11.9,-1.2,-10.0,230.0,NotYet
30.0,4.1,11.9,-1.2,-10.0,240.0,NotYet
30.0,4.1,11.9,-1.2,-10.0,250.0,NotYet
30.0,4.1,11.9,-1.2,-10.0,260.0,NotYet
30.0,4.1,11.9,-1.2,-10.0,270.0,NotYet
30.0,4.1,11.9,-1.2,-10.0,280.0,NotYet
30.0,4.1,11.9,-1.2,-10.0,290.0,NotYet
30.0,4.1,11.9,-1.2,-10.0,300.0,NotYet
30.0,4.1,11.9,-1.2,-10.0,310.0,NotYet
30.0,4.1,11.9,-1.2,-10.0,320.0,NotYet
30.0,4.1,11.9,-1.2,-10.0,330.0,NotYet
30.0,4.1,11.9,-1.2,-10.0,340.0,NotYet
30.0,4.1,11.9,-1.2,-10.0,350.0,NotYet
30.0,4.1,11.9,-1.2,-8.0,0.0,NotYet
30.0,4.1,11.9,-1.2,-8.0,10.0,NotYet
30.0,4.1,11.9,-1.2,-8.0,20.0,NotYet
30.0,4.1,11.9,-1.2,-8.0,30.0,NotYet
30.0,4.1,11.9,-1.2,-8.0,40.0,NotYet
30.0,4.1,11.9,-1.2,-8.0,50.0,NotYet
30.0,4.1,11.9,-1.2,-8.0,60.0,NotYet
30.0,4.1,11.9,-1.2,-8.0,70.0,NotYet
30.0,4.1,11.9,-1.2,-8.0,80.0,NotYet
30.0,4.1,11.9,-1.2,-8.0,90.0,NotYet
30.0,4.1,11.9,-1.2,-8.0,100.0,NotYet
30.0,4.1,11.9,-1.2,-8.0,110.0,NotYet
30.0,4.1,11.9,-1.2,-8.0,120.0,NotYet
30.0,4.1,11.9,-1.2,-8.0,130.0,NotYet
30.0,4.1,11.9,-1.2,-8.0,140.0,NotYet
30.0,4.1,11.9,-1.2,-8.0,150.0,NotYet
30.0,4.1,11.9,-1.2,-8.0,160.0,NotYet
30.0,4.1,11.9,-1.2,-8.0,170.0,NotYet
30.0,4.1,11.9,-1.2,-8.0,180.0,NotYet
30.0,4.1,11.9,-1.2,-8.0,190.0,NotYet
30.0,4.1,11.9,-1.2,-8.0,200.0,NotYet
30.0,4.1,11.9,-1.2,-8.0,210.0,NotYet
30.0,4.1,11.9,-1.2,-8.0,220.0,NotYet
30.0,4.1,11.9,-1.2,-8.0,230.0,NotYet
30.0,4.1,11.9,-1.2,-8.0,240.0,NotYet
30.0,4.1,11.9,-1.2,-8.0,250.0,NotYet
30.0,4.1,11.9,-1.2,-8.0,260.0,NotYet
30.0,4.1,11.9,-1.2,-8.0,270.0,NotYet
30.0,4.1,11.9,-1.2,-8.0,280.0,NotYet
30.0,4.1,11.9,-1.2,-8.0,290.0,NotYet
30.0,4.1,11.9,-1.2,-8.0,300.0,NotYet
30.0,4.1,11.9,-1.2,-8.0,310.0,NotYet
30.0,4.1,11.9,-1.2,-8.0,320.0,NotYet
30.0,4.1,11.9,-1.2,-8.0,330.0,NotYet
30.0,4.1,11.9,-1.2,-8.0,340.0,NotYet
30.0,4.1,11.9,-1.2,-8.0,350.0,NotYet
30.0,4.1,11.9,-1.2,-6.0,0.0,NotYet
30.0,4.1,11.9,-1.2,-6.0,10.0,NotYet
30.0,4.1,11.9,-1.2,-6.0,20.0,NotYet
30.0,4.1,11.9,-1.2,-6.0,30.0,NotYet
30.0,4.1,11.9,-1.2,-6.0,40.0,NotYet
30.0,4.1,11.9,-1.2,-6.0,50.0,NotYet
30.0,4.1,11.9,-1.2,-6.0,60.0,NotYet
30.0,4.1,11.9,-1.2,-6.0,70.0,NotYet
30.0,4.1,11.9,-1.2,-6.0,80.0,NotYet
30.0,4.1,11.9,-1.2,-6.0,90.0,NotYet
30.0,4.1,11.9,-1.2,-6.0,100.0,NotYet
30.0,4.1,11.9,-1.2,-6.0,110.0,NotYet
30.0,4.1,11.9,-1.2,-6.0,120.0,NotYet
30.0,4.1,11.9,-1.2,-6.0,130.0,NotYet
30.0,4.1,11.9,-1.2,-6.0,140.0,NotYet
30.0,4.1,11.9,-1.2,-6.0,150.0,NotYet
30.0,4.1,11.9,-1.2,-6.0,160.0,NotYet
30.0,4.1,11.9,-1.2,-6.0,170.0,NotYet
30.0,4.1,11.9,-1.2,-6.0,180.0,NotYet
30.0,4.1,11.9,-1.2,-6.0,190.0,NotYet
30.0,4.1,11.9,-1.2,-6.0,200.0,NotYet
30.0,4.1,11.9,-1.2,-6.0,210.0,NotYet
30.0,4.1,11.9,-1.2,-6.0,220.0,NotYet
30.0,4.1,11.9,-1.2,-6.0,230.0,NotYet
30.0,4.1,11.9,-1.2,-6.0,240.0,NotYet
30.0,4.1,11.9,-1.2,-6.0,250.0,NotYet
30.0,4.1,11.9,-1.2,-6.0,260.0,NotYet
30.0,4.1,11.9,-1.2,-6.0,270.0,NotYet
30.0,4.1,11.9,-1.2,-6.0,280.0,NotYet
30.0,4.1,11.9,-1.2,-6.0,290.0,NotYet
30.0,4.1,11.9,-1.2,-6.0,300.0,NotYet
30.0,4.1,11.9,-1.2,-6.0,310.0,NotYet
30.0,4.1,11.9,-1.2,-6.0,320.0,NotYet
30.0,4.1,11.9,-1.2,-6.0,330.0,NotYet
30.0,4.1,11.9,-1.2,-6.0,340.0,NotYet
30.0,4.1,11.9,-1.2,-6.0,350.0,NotYet
30.0,4.1,11.9,-1.2,-4.0,0.0,NotYet
30.0,4.1,11.9,-1.2,-4.0,10.0,NotYet
30.0,4.1,11.9,-1.2,-4.0,20.0,NotYet
30.0,4.1,11.9,-1.2,-4.0,30.0,NotYet
30.0,4.1,11.9,-1.2,-4.0,40.0,NotYet
30.0,4.1,11.9,-1.2,-4.0,50.0,NotYet
30.0,4.1,11.9,-1.2,-4.0,60.0,NotYet
30.0,4.1,11.9,-1.2,-4.0,70.0,NotYet
30.0,4.1,11.9,-1.2,-4.0,80.0,NotYet
30.0,4.1,11.9,-1.2,-4.0,90.0,NotYet
30.0,4.1,11.9,-1.2,-4.0,100.0,NotYet
30.0,4.1,11.9,-1.2,-4.0,110.0,NotYet
30.0,4.1,11.9,-1.2,-4.0,120.0,NotYet
30.0,4.1,11.9,-1.2,-4.0,130.0,NotYet
30.0,4.1,11.9,-1.2,-4.0,140.0,NotYet
30.0,4.1,11.9,-1.2,-4.0,150.0,NotYet
30.0,4.1,11.9,-1.2,-4.0,160.0,NotYet
30.0,4.1,11.9,-1.2,-4.0,170.0,NotYet
30.0,4.1,11.9,-1.2,-4.0,180.0,NotYet
30.0,4.1,11.9,-1.2,-4.0,190.0,NotYet
30.0,4.1,11.9,-1.2,-4.0,200.0,NotYet
30.0,4.1,11.9,-1.2,-4.0,210.0,NotYet
30.0,4.1,11.9,-1.2,-4.0,220.0,NotYet
30.0,4.1,11.9,-1.2,-4.0,230.0,NotYet
30.0,4.1,11.9,-1.2,-4.0,240.0,NotYet
30.0,4.1,11.9,-1.2,-4.0,250.0,NotYet
30.0,4.1,11.9,-1.2,-4.0,260.0,NotYet
30.0,4.1,11.9,-1.2,-4.0,270.0,NotYet
30.0,4.1,11.9,-1.2,-4.0,280.0,NotYet
30.0,4.1,11.9,-1.2,-4.0,290.0,NotYet
30.0,4.1,11.9,-1.2,-4.0,300.0,NotYet
30.0,4.1,11.9,-1.2,-4.0,310.0,NotYet
30.0,4.1,11.9,-1.2,-4.0,320.0,NotYet
30.0,4.1,11.9,-1.2,-4.0,330.0,NotYet
30.0,4.1,11.9,-1.2,-4.0,340.0,NotYet
30.0,4.1,11.9,-1.2,-4.0,350.0,NotYet
30.0,4.1,11.9,-1.2,-2.0,0.0,NotYet
30.0,4.1,11.9,-1.2,-2.0,10.0,NotYet
30.0,4.1,11.9,-1.2,-2.0,20.0,NotYet
30.0,4.1,11.9,-1.2,-2.0,30.0,NotYet
30.0,4.1,11.9,-1.2,-2.0,40.0,NotYet
30.0,4.1,11.9,-1.2,-2.0,50.0,NotYet
30.0,4.1,11.9,-1.2,-2.0,60.0,NotYet
30.0,4.1,11.9,-1.2,-2.0,70.0,NotYet
30.0,4.1,11.9,-1.2,-2.0,80.0,NotYet
30.0,4.1,11.9,-1.2,-2.0,90.0,NotYet
30.0,4.1,11.9,-1.2,-2.0,100.0,NotYet
30.0,4.1,11.9,-1.2,-2.0,110.0,NotYet
30.0,4.1,11.9,-1.2,-2.0,120.0,NotYet
30.0,4.1,11.9,-1.2,-2.0,130.0,NotYet
30.0,4.1,11.9,-1.2,-2.0,140.0,NotYet
30.0,4.1,11.9,-1.2,-2.0,150.0,NotYet
30.0,4.1,11.9,-1.2,-2.0,160.0,NotYet
30.0,4.1,11.9,-1.2,-2.0,170.0,NotYet
30.0,4.1,11.9,-1.2,-2.0,180.0,NotYet
30.0,4.1,11.9,-1.2,-2.0,190.0,NotYet
30.0,4.1,11.9,-1.2,-2.0,200.0,NotYet
30.0,4.1,11.9,-1.2,-2.0,210.0,NotYet
30.0,4.1,11.9,-1.2,-2.0,220.0,NotYet
30.0,4.1,11.9,-1.2,-2.0,230.0,NotYet
30.0,4.1,11.9,-1.2,-2.0,240.0,NotYet
30.0,4.1,11.9,-1.2,-2.0,250.0,NotYet
30.0,4.1,11.9,-1.2,-2.0,260.0,NotYet
30.0,4.1,11.9,-1.2,-2.0,270.0,NotYet
30.0,4.1,11.9,-1.2,-2.0,280.0,NotYet
30.0,4.1,11.9,-1.2,-2.0,290.0,NotYet
30.0,4.1,11.9,-1.2,-2.0,300.0,NotYet
30.0,4.1,11.9,-1.2,-2.0,310.0,NotYet
30.0,4.1,11.9,-1.2,-2.0,320.0,NotYet
30.0,4.1,11.9,-1.2,-2.0,330.0,NotYet
30.0,4.1,11.9,-1.2,-2.0,340.0,NotYet
30.0,4.1,11.9,-1.2,-2.0,350.0,NotYet
30.0,4.1,11.9,-1.2,0.0,0.0,NotYet
30.0,4.1,11.9,-1.2,0.0,10.0,NotYet
30.0,4.1,11.9,-1.2,0.0,20.0,NotYet
30.0,4.1,11.9,-1.2,0.0,30.0,NotYet
30.0,4.1,11.9,-1.2,0.0,40.0,NotYet
30.0,4.1,11.9,-1.2,0.0,50.0,NotYet
30.0,4.1,11.9,-1.2,0.0,60.0,NotYet
30.0,4.1,11.9,-1.2,0.0,70.0,NotYet
30.0,4.1,11.9,-1.2,0.0,80.0,NotYet
30.0,4.1,11.9,-1.2,0.0,90.0,NotYet
30.0,4.1,11.9,-1.2,0.0,100.0,NotYet
30.0,4.1,11.9,-1.2,0.0,110.0,NotYet
30.0,4.1,11.9,-1.2,0.0,120.0,NotYet
30.0,4.1,11.9,-1.2,0.0,130.0,NotYet
30.0,4.1,11.9,-1.2,0.0,140.0,NotYet
30.0,4.1,11.9,-1.2,0.0,150.0,NotYet
30.0,4.1,11.9,-1.2,0.0,160.0,NotYet
30.0,4.1,11.9,-1.2,0.0,170.0,NotYet
30.0,4.1,11.9,-1.2,0.0,180.0,NotYet
30.0,4.1,11.9,-1.2,0.0,190.0,NotYet
30.0,4.1,11.9,-1.2,0.0,200.0,NotYet
30.0,4.1,11.9,-1.2,0.0,210.0,NotYet
30.0,4.1,11.9,-1.2,0.0,220.0,NotYet
30.0,4.1,11.9,-1.2,0.0,230.0,NotYet
30.0,4.1,11.9,-1.2,0.0,240.0,NotYet
30.0,4.1,11.9,-1.2,0.0,250.0,NotYet
30.0,4.1,11.9,-1.2,0.0,260.0,NotYet
30.0,4.1,11.9,-1.2,0.0,270.0,NotYet
30.0,4.1,11.9,-1.2,0.0,280.0,NotYet
30.0,4.1,11.9,-1.2,0.0,290.0,NotYet
30.0,4.1,11.9,-1.2,0.0,300.0,NotYet
30.0,4.1,11.9,-1.2,0.0,310.0,NotYet
30.0,4.1,11.9,-1.2,0.0,320.0,NotYet
30.0,4.1,11.9,-1.2,0.0,330.0,NotYet
30.0,4.1,11.9,-1.2,0.0,340.0,NotYet
30.0,4.1,11.9,-1.2,0.0,350.0,NotYet
30.0,4.1,11.9,-1.2,2.0,0.0,NotYet
30.0,4.1,11.9,-1.2,2.0,10.0,NotYet
30.0,4.1,11.9,-1.2,2.0,20.0,NotYet
30.0,4.1,11.9,-1.2,2.0,30.0,NotYet
30.0,4.1,11.9,-1.2,2.0,40.0,NotYet
30.0,4.1,11.9,-1.2,2.0,50.0,NotYet
30.0,4.1,11.9,-1.2,2.0,60.0,NotYet
30.0,4.1,11.9,-1.2,2.0,70.0,NotYet
30.0,4.1,11.9,-1.2,2.0,80.0,NotYet
30.0,4.1,11.9,-1.2,2.0,90.0,NotYet
30.0,4.1,11.9,-1.2,2.0,100.0,NotYet
30.0,4.1,11.9,-1.2,2.0,110.0,NotYet
30.0,4.1,11.9,-1.2,2.0,120.0,NotYet
30.0,4.1,11.9,-1.2,2.0,130.0,NotYet
30.0,4.1,11.9,-1.2,2.0,140.0,NotYet
30.0,4.1,11.9,-1.2,2.0,150.0,NotYet
30.0,4.1,11.9,-1.2,2.0,160.0,NotYet
30.0,4.1,11.9,-1.2,2.0,170.0,NotYet
30.0,4.1,11.9,-1.2,2.0,180.0,NotYet
30.0,4.1,11.9,-1.2,2.0,190.0,NotYet
30.0,4.1,11.9,-1.2,2.0,200.0,NotYet
30.0,4.1,11.9,-1.2,2.0,210.0,NotYet
30.0,4.1,11.9,-1.2,2.0,220.0,NotYet
30.0,4.1,11.9,-1.2,2.0,230.0,NotYet
30.0,4.1,11.9,-1.2,2.0,240.0,NotYet
30.0,4.1,11.9,-1.2,2.0,250.0,NotYet
30.0,4.1,11.9,-1.2,2.0,260.0,NotYet
30.0,4.1,11.9,-1.2,2.0,270.0,NotYet
30.0,4.1,11.9,-1.2,2.0,280.0,NotYet
30.0,4.1,11.9,-1.2,2.0,290.0,NotYet
30.0,4.1,11.9,-1.2,2.0,300.0,NotYet
30.0,4.1,11.9,-1.2,2.0,310.0,NotYet
30.0,4.1,11.9,-1.2,2.0,320.0,NotYet
30.0,4.1,11.9,-1.2,2.0,330.0,NotYet
30.0,4.1,11.9,-1.2,2.0,340.0,NotYet
30.0,4.1,11.9,-1.2,2.0,350.0,NotYet
30.0,4.1,11.9,-1.2,4.0,0.0,NotYet
30.0,4.1,11.9,-1.2,4.0,10.0,NotYet
30.0,4.1,11.9,-1.2,4.0,20.0,NotYet
30.0,4.1,11.9,-1.2,4.0,30.0,NotYet
30.0,4.1,11.9,-1.2,4.0,40.0,NotYet
30.0,4.1,11.9,-1.2,4.0,50.0,NotYet
30.0,4.1,11.9,-1.2,4.0,60.0,NotYet
30.0,4.1,11.9,-1.2,4.0,70.0,NotYet
30.0,4.1,11.9,-1.2,4.0,80.0,NotYet
30.0,4.1,11.9,-1.2,4.0,90.0,NotYet
30.0,4.1,11.9,-1.2,4.0,100.0,NotYet
30.0,4.1,11.9,-1.2,4.0,110.0,NotYet
30.0,4.1,11.9,-1.2,4.0,120.0,NotYet
30.0,4.1,11.9,-1.2,4.0,130.0,NotYet
30.0,4.1,11.9,-1.2,4.0,140.0,NotYet
30.0,4.1,11.9,-1.2,4.0,150.0,NotYet
30.0,4.1,11.9,-1.2,4.0,160.0,NotYet
30.0,4.1,11.9,-1.2,4.0,170.0,NotYet
30.0,4.1,11.9,-1.2,4.0,180.0,NotYet
30.0,4.1,11.9,-1.2,4.0,190.0,NotYet
30.0,4.1,11.9,-1.2,4.0,200.0,NotYet
30.0,4.1,11.9,-1.2,4.0,210.0,NotYet
30.0,4.1,11.9,-1.2,4.0,220.0,NotYet
30.0,4.1,11.9,-1.2,4.0,230.0,NotYet
30.0,4.1,11.9,-1.2,4.0,240.0,NotYet
30.0,4.1,11.9,-1.2,4.0,250.0,NotYet
30.0,4.1,11.9,-1.2,4.0,260.0,NotYet
30.0,4.1,11.9,-1.2,4.0,270.0,NotYet
30.0,4.1,11.9,-1.2,4.0,280.0,NotYet
30.0,4.1,11.9,-1.2,4.0,290.0,NotYet
30.0,4.1,11.9,-1.2,4.0,300.0,NotYet
30.0,4.1,11.9,-1.2,4.0,310.0,NotYet
30.0,4.1,11.9,-1.2,4.0,320.0,NotYet
30.0,4.1,11.9,-1.2,4.0,330.0,NotYet
30.0,4.1,11.9,-1.2,4.0,340.0,NotYet
30.0,4.1,11.9,-1.2,4.0,350.0,NotYet
30.0,4.1,11.9,-1.2,6.0,0.0,NotYet
30.0,4.1,11.9,-1.2,6.0,10.0,NotYet
30.0,4.1,11.9,-1.2,6.0,20.0,NotYet
30.0,4.1,11.9,-1.2,6.0,30.0,NotYet
30.0,4.1,11.9,-1.2,6.0,40.0,NotYet
30.0,4.1,11.9,-1.2,6.0,50.0,NotYet
30.0,4.1,11.9,-1.2,6.0,60.0,NotYet
30.0,4.1,11.9,-1.2,6.0,70.0,NotYet
30.0,4.1,11.9,-1.2,6.0,80.0,NotYet
30.0,4.1,11.9,-1.2,6.0,90.0,NotYet
30.0,4.1,11.9,-1.2,6.0,100.0,NotYet
30.0,4.1,11.9,-1.2,6.0,110.0,NotYet
30.0,4.1,11.9,-1.2,6.0,120.0,NotYet
30.0,4.1,11.9,-1.2,6.0,130.0,NotYet
30.0,4.1,11.9,-1.2,6.0,140.0,NotYet
30.0,4.1,11.9,-1.2,6.0,150.0,NotYet
30.0,4.1,11.9,-1.2,6.0,160.0,NotYet
30.0,4.1,11.9,-1.2,6.0,170.0,NotYet
30.0,4.1,11.9,-1.2,6.0,180.0,NotYet
30.0,4.1,11.9,-1.2,6.0,190.0,NotYet
30.0,4.1,11.9,-1.2,6.0,200.0,NotYet
30.0,4.1,11.9,-1.2,6.0,210.0,NotYet
30.0,4.1,11.9,-1.2,6.0,220.0,NotYet
30.0,4.1,11.9,-1.2,6.0,230.0,NotYet
30.0,4.1,11.9,-1.2,6.0,240.0,NotYet
30.0,4.1,11.9,-1.2,6.0,250.0,NotYet
30.0,4.1,11.9,-1.2,6.0,260.0,NotYet
30.0,4.1,11.9,-1.2,6.0,270.0,NotYet
30.0,4.1,11.9,-1.2,6.0,280.0,NotYet
30.0,4.1,11.9,-1.2,6.0,290.0,NotYet
30.0,4.1,11.9,-1.2,6.0,300.0,NotYet
30.0,4.1,11.9,-1.2,6.0,310.0,NotYet
30.0,4.1,11.9,-1.2,6.0,320.0,NotYet
30.0,4.1,11.9,-1.2,6.0,330.0,NotYet
30.0,4.1,11.9,-1.2,6.0,340.0,NotYet
30.0,4.1,11.9,-1.2,6.0,350.0,NotYet
30.0,4.1,11.9,-1.2,8.0,0.0,NotYet
30.0,4.1,11.9,-1.2,8.0,10.0,NotYet
30.0,4.1,11.9,-1.2,8.0,20.0,NotYet
30.0,4.1,11.9,-1.2,8.0,30.0,NotYet
30.0,4.1,11.9,-1.2,8.0,40.0,NotYet
30.0,4.1,11.9,-1.2,8.0,50.0,NotYet
30.0,4.1,11.9,-1.2,8.0,60.0,NotYet
30.0,4.1,11.9,-1.2,8.0,70.0,NotYet
30.0,4.1,11.9,-1.2,8.0,80.0,NotYet
30.0,4.1,11.9,-1.2,8.0,90.0,NotYet
30.0,4.1,11.9,-1.2,8.0,100.0,NotYet
30.0,4.1,11.9,-1.2,8.0,110.0,NotYet
30.0,4.1,11.9,-1.2,8.0,120.0,NotYet
30.0,4.1,11.9,-1.2,8.0,130.0,NotYet
30.0,4.1,11.9,-1.2,8.0,140.0,NotYet
30.0,4.1,11.9,-1.2,8.0,150.0,NotYet
30.0,4.1,11.9,-1.2,8.0,160.0,NotYet
30.0,4.1,11.9,-1.2,8.0,170.0,NotYet
30.0,4.1,11.9,-1.2,8.0,180.0,NotYet
30.0,4.1,11.9,-1.2,8.0,190.0,NotYet
30.0,4.1,11.9,-1.2,8.0,200.0,NotYet
30.0,4.1,11.9,-1.2,8.0,210.0,NotYet
30.0,4.1,11.9,-1.2,8.0,220.0,NotYet
30.0,4.1,11.9,-1.2,8.0,230.0,NotYet
30.0,4.1,11.9,-1.2,8.0,240.0,NotYet
30.0,4.1,11.9,-1.2,8.0,250.0,NotYet
30.0,4.1,11.9,-1.2,8.0,260.0,NotYet
30.0,4.1,11.9,-1.2,8.0,270.0,NotYet
30.0,4.1,11.9,-1.2,8.0,280.0,NotYet
30.0,4.1,11.9,-1.2,8.0,290.0,NotYet
30.0,4.1,11.9,-1.2,8.0,300.0,NotYet
30.0,4.1,11.9,-1.2,8.0,310.0,NotYet
30.0,4.1,11.9,-1.2,8.0,320.0,NotYet
30.0,4.1,11.9,-1.2,8.0,330.0,NotYet
30.0,4.1,11.9,-1.2,8.0,340.0,NotYet
30.0,4.1,11.9,-1.2,8.0,350.0,NotYet
30.0,4.1,11.9,-1.2,10.0,0.0,NotYet
30.0,4.1,11.9,-1.2,10.0,10.0,NotYet
30.0,4.1,11.9,-1.2,10.0,20.0,NotYet
30.0,4.1,11.9,-1.2,10.0,30.0,NotYet
30.0,4.1,11.9,-1.2,10.0,40.0,NotYet
30.0,4.1,11.9,-1.2,10.0,50.0,NotYet
30.0,4.1,11.9,-1.2,10.0,60.0,NotYet
30.0,4.1,11.9,-1.2,10.0,70.0,NotYet
30.0,4.1,11.9,-1.2,10.0,80.0,NotYet
30.0,4.1,11.9,-1.2,10.0,90.0,NotYet
30.0,4.1,11.9,-1.2,10.0,100.0,NotYet
30.0,4.1,11.9,-1.2,10.0,110.0,NotYet
30.0,4.1,11.9,-1.2,10.0,120.0,NotYet
30.0,4.1,11.9,-1.2,10.0,130.0,NotYet
30.0,4.1,11.9,-1.2,10.0,140.0,NotYet
30.0,4.1,11.9,-1.2,10.0,150.0,NotYet
30.0,4.1,11.9,-1.2,10.0,160.0,NotYet
30.0,4.1,11.9,-1.2,10.0,170.0,NotYet
30.0,4.1,11.9,-1.2,10.0,180.0,NotYet
30.0,4.1,11.9,-1.2,10.0,190.0,NotYet
30.0,4.1,11.9,-1.2,10.0,200.0,NotYet
30.0,4.1,11.9,-1.2,10.0,210.0,NotYet
30.0,4.1,11.9,-1.2,10.0,220.0,NotYet
30.0,4.1,11.9,-1.2,10.0,230.0,NotYet
30.0,4.1,11.9,-1.2,10.0,240.0,NotYet
30.0,4.1,11.9,-1.2,10.0,250.0,NotYet
30.0,4.1,11.9,-1.2,10.0,260.0,NotYet
30.0,4.1,11.9,-1.2,10.0,270.0,NotYet
30.0,4.1,11.9,-1.2,10.0,280.0,NotYet
30.0,4.1,11.9,-1.2,10.0,290.0,NotYet
30.0,4.1,11.9,-1.2,10.0,300.0,NotYet
30.0,4.1,11.9,-1.2,10.0,310.0,NotYet
30.0,4.1,11.9,-1.2,10.0,320.0,NotYet
30.0,4.1,11.9,-1.2,10.0,330.0,NotYet
30.0,4.1,11.9,-1.2,10.0,340.0,NotYet
30.0,4.1,11.9,-1.2,10.0,350.0,NotYet
30.0,4.1,11.9,-1.2,12.0,0.0,NotYet
30.0,4.1,11.9,-1.2,12.0,10.0,NotYet
30.0,4.1,11.9,-1.2,12.0,20.0,NotYet
30.0,4.1,11.9,-1.2,12.0,30.0,NotYet
30.0,4.1,11.9,-1.2,12.0,40.0,NotYet
30.0,4.1,11.9,-1.2,12.0,50.0,NotYet
30.0,4.1,11.9,-1.2,12.0,60.0,NotYet
30.0,4.1,11.9,-1.2,12.0,70.0,NotYet
30.0,4.1,11.9,-1.2,12.0,80.0,NotYet
30.0,4.1,11.9,-1.2,12.0,90.0,NotYet
30.0,4.1,11.9,-1.2,12.0,100.0,NotYet
30.0,4.1,11.9,-1.2,12.0,110.0,NotYet
30.0,4.1,11.9,-1.2,12.0,120.0,NotYet
30.0,4.1,11.9,-1.2,12.0,130.0,NotYet
30.0,4.1,11.9,-1.2,12.0,140.0,NotYet
30.0,4.1,11.9,-1.2,12.0,150.0,NotYet
30.0,4.1,11.9,-1.2,12.0,160.0,NotYet
30.0,4.1,11.9,-1.2,12.0,170.0,NotYet
30.0,4.1,11.9,-1.2,12.0,180.0,NotYet
30.0,4.1,11.9,-1.2,12.0,190.0,NotYet
30.0,4.1,11.9,-1.2,12.0,200.0,NotYet
30.0,4.1,11.9,-1.2,12.0,210.0,NotYet
30.0,4.1,11.9,-1.2,12.0,220.0,NotYet
30.0,4.1,11.9,-1.2,12.0,230.0,NotYet
30.0,4.1,11.9,-1.2,12.0,240.0,NotYet
30.0,4.1,11.9,-1.2,12.0,250.0,NotYet
30.0,4.1,11.9,-1.2,12.0,260.0,NotYet
30.0,4.1,11.9,-1.2,12.0,270.0,NotYet
30.0,4.1,11.9,-1.2,12.0,280.0,NotYet
30.0,4.1,11.9,-1.2,12.0,290.0,NotYet
30.0,4.1,11.9,-1.2,12.0,300.0,NotYet
30.0,4.1,11.9,-1.2,12.0,310.0,NotYet
30.0,4.1,11.9,-1.2,12.0,320.0,NotYet
30.0,4.1,11.9,-1.2,12.0,330.0,NotYet
30.0,4.1,11.9,-1.2,12.0,340.0,NotYet
30.0,4.1,11.9,-1.2,12.0,350.0,NotYet
30.0,4.1,11.9,-1.2,14.0,0.0,NotYet
30.0,4.1,11.9,-1.2,14.0,10.0,NotYet
30.0,4.1,11.9,-1.2,14.0,20.0,NotYet
30.0,4.1,11.9,-1.2,14.0,30.0,NotYet
30.0,4.1,11.9,-1.2,14.0,40.0,NotYet
30.0,4.1,11.9,-1.2,14.0,50.0,NotYet
30.0,4.1,11.9,-1.2,14.0,60.0,NotYet
30.0,4.1,11.9,-1.2,14.0,70.0,NotYet
30.0,4.1,11.9,-1.2,14.0,80.0,NotYet
30.0,4.1,11.9,-1.2,14.0,90.0,NotYet
30.0,4.1,11.9,-1.2,14.0,100.0,NotYet
30.0,4.1,11.9,-1.2,14.0,110.0,NotYet
30.0,4.1,11.9,-1.2,14.0,120.0,NotYet
30.0,4.1,11.9,-1.2,14.0,130.0,NotYet
30.0,4.1,11.9,-1.2,14.0,140.0,NotYet
30.0,4.1,11.9,-1.2,14.0,150.0,NotYet
30.0,4.1,11.9,-1.2,14.0,160.0,NotYet
30.0,4.1,11.9,-1.2,14.0,170.0,NotYet
30.0,4.1,11.9,-1.2,14.0,180.0,NotYet
30.0,4.1,11.9,-1.2,14.0,190.0,NotYet
30.0,4.1,11.9,-1.2,14.0,200.0,NotYet
30.0,4.1,11.9,-1.2,14.0,210.0,NotYet
30.0,4.1,11.9,-1.2,14.0,220.0,NotYet
30.0,4.1,11.9,-1.2,14.0,230.0,NotYet
30.0,4.1,11.9,-1.2,14.0,240.0,NotYet
30.0,4.1,11.9,-1.2,14.0,250.0,NotYet
30.0,4.1,11.9,-1.2,14.0,260.0,NotYet
30.0,4.1,11.9,-1.2,14.0,270.0,NotYet
30.0,4.1,11.9,-1.2,14.0,280.0,NotYet
30.0,4.1,11.9,-1.2,14.0,290.0,NotYet
30.0,4.1,11.9,-1.2,14.0,300.0,NotYet
30.0,4.1,11.9,-1.2,14.0,310.0,NotYet
30.0,4.1,11.9,-1.2,14.0,320.0,NotYet
30.0,4.1,11.9,-1.2,14.0,330.0,NotYet
30.0,4.1,11.9,-1.2,14.0,340.0,NotYet
30.0,4.1,11.9,-1.2,14.0,350.0,NotYet
30.0,4.1,11.9,-1.0,-14.0,0.0,NotYet
30.0,4.1,11.9,-1.0,-14.0,10.0,NotYet
30.0,4.1,11.9,-1.0,-14.0,20.0,NotYet
30.0,4.1,11.9,-1.0,-14.0,30.0,NotYet
30.0,4.1,11.9,-1.0,-14.0,40.0,NotYet
30.0,4.1,11.9,-1.0,-14.0,50.0,NotYet
30.0,4.1,11.9,-1.0,-14.0,60.0,NotYet
30.0,4.1,11.9,-1.0,-14.0,70.0,NotYet
30.0,4.1,11.9,-1.0,-14.0,80.0,NotYet
30.0,4.1,11.9,-1.0,-14.0,90.0,NotYet
30.0,4.1,11.9,-1.0,-14.0,100.0,NotYet
30.0,4.1,11.9,-1.0,-14.0,110.0,NotYet
30.0,4.1,11.9,-1.0,-14.0,120.0,NotYet
30.0,4.1,11.9,-1.0,-14.0,130.0,NotYet
30.0,4.1,11.9,-1.0,-14.0,140.0,NotYet
30.0,4.1,11.9,-1.0,-14.0,150.0,NotYet
30.0,4.1,11.9,-1.0,-14.0,160.0,NotYet
30.0,4.1,11.9,-1.0,-14.0,170.0,NotYet
30.0,4.1,11.9,-1.0,-14.0,180.0,NotYet
30.0,4.1,11.9,-1.0,-14.0,190.0,NotYet
30.0,4.1,11.9,-1.0,-14.0,200.0,NotYet
30.0,4.1,11.9,-1.0,-14.0,210.0,NotYet
30.0,4.1,11.9,-1.0,-14.0,220.0,NotYet
30.0,4.1,11.9,-1.0,-14.0,230.0,NotYet
30.0,4.1,11.9,-1.0,-14.0,240.0,NotYet
30.0,4.1,11.9,-1.0,-14.0,250.0,NotYet
30.0,4.1,11.9,-1.0,-14.0,260.0,NotYet
30.0,4.1,11.9,-1.0,-14.0,270.0,NotYet
30.0,4.1,11.9,-1.0,-14.0,280.0,NotYet
30.0,4.1,11.9,-1.0,-14.0,290.0,NotYet
30.0,4.1,11.9,-1.0,-14.0,300.0,NotYet
30.0,4.1,11.9,-1.0,-14.0,310.0,NotYet
30.0,4.1,11.9,-1.0,-14.0,320.0,NotYet
30.0,4.1,11.9,-1.0,-14.0,330.0,NotYet
30.0,4.1,11.9,-1.0,-14.0,340.0,NotYet
30.0,4.1,11.9,-1.0,-14.0,350.0,NotYet
30.0,4.1,11.9,-1.0,-12.0,0.0,NotYet
30.0,4.1,11.9,-1.0,-12.0,10.0,NotYet
30.0,4.1,11.9,-1.0,-12.0,20.0,NotYet
30.0,4.1,11.9,-1.0,-12.0,30.0,NotYet
30.0,4.1,11.9,-1.0,-12.0,40.0,NotYet
30.0,4.1,11.9,-1.0,-12.0,50.0,NotYet
30.0,4.1,11.9,-1.0,-12.0,60.0,NotYet
30.0,4.1,11.9,-1.0,-12.0,70.0,NotYet
30.0,4.1,11.9,-1.0,-12.0,80.0,NotYet
30.0,4.1,11.9,-1.0,-12.0,90.0,NotYet
30.0,4.1,11.9,-1.0,-12.0,100.0,NotYet
30.0,4.1,11.9,-1.0,-12.0,110.0,NotYet
30.0,4.1,11.9,-1.0,-12.0,120.0,NotYet
30.0,4.1,11.9,-1.0,-12.0,130.0,NotYet
30.0,4.1,11.9,-1.0,-12.0,140.0,NotYet
30.0,4.1,11.9,-1.0,-12.0,150.0,NotYet
30.0,4.1,11.9,-1.0,-12.0,160.0,NotYet
30.0,4.1,11.9,-1.0,-12.0,170.0,NotYet
30.0,4.1,11.9,-1.0,-12.0,180.0,NotYet
30.0,4.1,11.9,-1.0,-12.0,190.0,NotYet
30.0,4.1,11.9,-1.0,-12.0,200.0,NotYet
30.0,4.1,11.9,-1.0,-12.0,210.0,NotYet
30.0,4.1,11.9,-1.0,-12.0,220.0,NotYet
30.0,4.1,11.9,-1.0,-12.0,230.0,NotYet
30.0,4.1,11.9,-1.0,-12.0,240.0,NotYet
30.0,4.1,11.9,-1.0,-12.0,250.0,NotYet
30.0,4.1,11.9,-1.0,-12.0,260.0,NotYet
30.0,4.1,11.9,-1.0,-12.0,270.0,NotYet
30.0,4.1,11.9,-1.0,-12.0,280.0,NotYet
30.0,4.1,11.9,-1.0,-12.0,290.0,NotYet
30.0,4.1,11.9,-1.0,-12.0,300.0,NotYet
30.0,4.1,11.9,-1.0,-12.0,310.0,NotYet
30.0,4.1,11.9,-1.0,-12.0,320.0,NotYet
30.0,4.1,11.9,-1.0,-12.0,330.0,NotYet
30.0,4.1,11.9,-1.0,-12.0,340.0,NotYet
30.0,4.1,11.9,-1.0,-12.0,350.0,NotYet
30.0,4.1,11.9,-1.0,-10.0,0.0,NotYet
30.0,4.1,11.9,-1.0,-10.0,10.0,NotYet
30.0,4.1,11.9,-1.0,-10.0,20.0,NotYet
30.0,4.1,11.9,-1.0,-10.0,30.0,NotYet
30.0,4.1,11.9,-1.0,-10.0,40.0,NotYet
30.0,4.1,11.9,-1.0,-10.0,50.0,NotYet
30.0,4.1,11.9,-1.0,-10.0,60.0,NotYet
30.0,4.1,11.9,-1.0,-10.0,70.0,NotYet
30.0,4.1,11.9,-1.0,-10.0,80.0,NotYet
30.0,4.1,11.9,-1.0,-10.0,90.0,NotYet
30.0,4.1,11.9,-1.0,-10.0,100.0,NotYet
30.0,4.1,11.9,-1.0,-10.0,110.0,NotYet
30.0,4.1,11.9,-1.0,-10.0,120.0,NotYet
30.0,4.1,11.9,-1.0,-10.0,130.0,NotYet
30.0,4.1,11.9,-1.0,-10.0,140.0,NotYet
30.0,4.1,11.9,-1.0,-10.0,150.0,NotYet
30.0,4.1,11.9,-1.0,-10.0,160.0,NotYet
30.0,4.1,11.9,-1.0,-10.0,170.0,NotYet
30.0,4.1,11.9,-1.0,-10.0,180.0,NotYet
30.0,4.1,11.9,-1.0,-10.0,190.0,NotYet
30.0,4.1,11.9,-1.0,-10.0,200.0,NotYet
30.0,4.1,11.9,-1.0,-10.0,210.0,NotYet
30.0,4.1,11.9,-1.0,-10.0,220.0,NotYet
30.0,4.1,11.9,-1.0,-10.0,230.0,NotYet
30.0,4.1,11.9,-1.0,-10.0,240.0,NotYet
30.0,4.1,11.9,-1.0,-10.0,250.0,NotYet
30.0,4.1,11.9,-1.0,-10.0,260.0,NotYet
30.0,4.1,11.9,-1.0,-10.0,270.0,NotYet
30.0,4.1,11.9,-1.0,-10.0,280.0,NotYet
30.0,4.1,11.9,-1.0,-10.0,290.0,NotYet
30.0,4.1,11.9,-1.0,-10.0,300.0,NotYet
30.0,4.1,11.9,-1.0,-10.0,310.0,NotYet
30.0,4.1,11.9,-1.0,-10.0,320.0,NotYet
30.0,4.1,11.9,-1.0,-10.0,330.0,NotYet
30.0,4.1,11.9,-1.0,-10.0,340.0,NotYet
30.0,4.1,11.9,-1.0,-10.0,350.0,NotYet
30.0,4.1,11.9,-1.0,-8.0,0.0,NotYet
30.0,4.1,11.9,-1.0,-8.0,10.0,NotYet
30.0,4.1,11.9,-1.0,-8.0,20.0,NotYet
30.0,4.1,11.9,-1.0,-8.0,30.0,NotYet
30.0,4.1,11.9,-1.0,-8.0,40.0,NotYet
30.0,4.1,11.9,-1.0,-8.0,50.0,NotYet
30.0,4.1,11.9,-1.0,-8.0,60.0,NotYet
30.0,4.1,11.9,-1.0,-8.0,70.0,NotYet
30.0,4.1,11.9,-1.0,-8.0,80.0,NotYet
30.0,4.1,11.9,-1.0,-8.0,90.0,NotYet
30.0,4.1,11.9,-1.0,-8.0,100.0,NotYet
30.0,4.1,11.9,-1.0,-8.0,110.0,NotYet
30.0,4.1,11.9,-1.0,-8.0,120.0,NotYet
30.0,4.1,11.9,-1.0,-8.0,130.0,NotYet
30.0,4.1,11.9,-1.0,-8.0,140.0,NotYet
30.0,4.1,11.9,-1.0,-8.0,150.0,NotYet
30.0,4.1,11.9,-1.0,-8.0,160.0,NotYet
30.0,4.1,11.9,-1.0,-8.0,170.0,NotYet
30.0,4.1,11.9,-1.0,-8.0,180.0,NotYet
30.0,4.1,11.9,-1.0,-8.0,190.0,NotYet
30.0,4.1,11.9,-1.0,-8.0,200.0,NotYet
30.0,4.1,11.9,-1.0,-8.0,210.0,NotYet
30.0,4.1,11.9,-1.0,-8.0,220.0,NotYet
30.0,4.1,11.9,-1.0,-8.0,230.0,NotYet
30.0,4.1,11.9,-1.0,-8.0,240.0,NotYet
30.0,4.1,11.9,-1.0,-8.0,250.0,NotYet
30.0,4.1,11.9,-1.0,-8.0,260.0,NotYet
30.0,4.1,11.9,-1.0,-8.0,270.0,NotYet
30.0,4.1,11.9,-1.0,-8.0,280.0,NotYet
30.0,4.1,11.9,-1.0,-8.0,290.0,NotYet
30.0,4.1,11.9,-1.0,-8.0,300.0,NotYet
30.0,4.1,11.9,-1.0,-8.0,310.0,NotYet
30.0,4.1,11.9,-1.0,-8.0,320.0,NotYet
30.0,4.1,11.9,-1.0,-8.0,330.0,NotYet
30.0,4.1,11.9,-1.0,-8.0,340.0,NotYet
30.0,4.1,11.9,-1.0,-8.0,350.0,NotYet
30.0,4.1,11.9,-1.0,-6.0,0.0,NotYet
30.0,4.1,11.9,-1.0,-6.0,10.0,NotYet
30.0,4.1,11.9,-1.0,-6.0,20.0,NotYet
30.0,4.1,11.9,-1.0,-6.0,30.0,NotYet
30.0,4.1,11.9,-1.0,-6.0,40.0,NotYet
30.0,4.1,11.9,-1.0,-6.0,50.0,NotYet
30.0,4.1,11.9,-1.0,-6.0,60.0,NotYet
30.0,4.1,11.9,-1.0,-6.0,70.0,NotYet
30.0,4.1,11.9,-1.0,-6.0,80.0,NotYet
30.0,4.1,11.9,-1.0,-6.0,90.0,NotYet
30.0,4.1,11.9,-1.0,-6.0,100.0,NotYet
30.0,4.1,11.9,-1.0,-6.0,110.0,NotYet
30.0,4.1,11.9,-1.0,-6.0,120.0,NotYet
30.0,4.1,11.9,-1.0,-6.0,130.0,NotYet
30.0,4.1,11.9,-1.0,-6.0,140.0,NotYet
30.0,4.1,11.9,-1.0,-6.0,150.0,NotYet
30.0,4.1,11.9,-1.0,-6.0,160.0,NotYet
30.0,4.1,11.9,-1.0,-6.0,170.0,NotYet
30.0,4.1,11.9,-1.0,-6.0,180.0,NotYet
30.0,4.1,11.9,-1.0,-6.0,190.0,NotYet
30.0,4.1,11.9,-1.0,-6.0,200.0,NotYet
30.0,4.1,11.9,-1.0,-6.0,210.0,NotYet
30.0,4.1,11.9,-1.0,-6.0,220.0,NotYet
30.0,4.1,11.9,-1.0,-6.0,230.0,NotYet
30.0,4.1,11.9,-1.0,-6.0,240.0,NotYet
30.0,4.1,11.9,-1.0,-6.0,250.0,NotYet
30.0,4.1,11.9,-1.0,-6.0,260.0,NotYet
30.0,4.1,11.9,-1.0,-6.0,270.0,NotYet
30.0,4.1,11.9,-1.0,-6.0,280.0,NotYet
30.0,4.1,11.9,-1.0,-6.0,290.0,NotYet
30.0,4.1,11.9,-1.0,-6.0,300.0,NotYet
30.0,4.1,11.9,-1.0,-6.0,310.0,NotYet
30.0,4.1,11.9,-1.0,-6.0,320.0,NotYet
30.0,4.1,11.9,-1.0,-6.0,330.0,NotYet
30.0,4.1,11.9,-1.0,-6.0,340.0,NotYet
30.0,4.1,11.9,-1.0,-6.0,350.0,NotYet
30.0,4.1,11.9,-1.0,-4.0,0.0,NotYet
30.0,4.1,11.9,-1.0,-4.0,10.0,NotYet
30.0,4.1,11.9,-1.0,-4.0,20.0,NotYet
30.0,4.1,11.9,-1.0,-4.0,30.0,NotYet
30.0,4.1,11.9,-1.0,-4.0,40.0,NotYet
30.0,4.1,11.9,-1.0,-4.0,50.0,NotYet
30.0,4.1,11.9,-1.0,-4.0,60.0,NotYet
30.0,4.1,11.9,-1.0,-4.0,70.0,NotYet
30.0,4.1,11.9,-1.0,-4.0,80.0,NotYet
30.0,4.1,11.9,-1.0,-4.0,90.0,NotYet
30.0,4.1,11.9,-1.0,-4.0,100.0,NotYet
30.0,4.1,11.9,-1.0,-4.0,110.0,NotYet
30.0,4.1,11.9,-1.0,-4.0,120.0,NotYet
30.0,4.1,11.9,-1.0,-4.0,130.0,NotYet
30.0,4.1,11.9,-1.0,-4.0,140.0,NotYet
30.0,4.1,11.9,-1.0,-4.0,150.0,NotYet
30.0,4.1,11.9,-1.0,-4.0,160.0,NotYet
30.0,4.1,11.9,-1.0,-4.0,170.0,NotYet
30.0,4.1,11.9,-1.0,-4.0,180.0,NotYet
30.0,4.1,11.9,-1.0,-4.0,190.0,NotYet
30.0,4.1,11.9,-1.0,-4.0,200.0,NotYet
30.0,4.1,11.9,-1.0,-4.0,210.0,NotYet
30.0,4.1,11.9,-1.0,-4.0,220.0,NotYet
30.0,4.1,11.9,-1.0,-4.0,230.0,NotYet
30.0,4.1,11.9,-1.0,-4.0,240.0,NotYet
30.0,4.1,11.9,-1.0,-4.0,250.0,NotYet
30.0,4.1,11.9,-1.0,-4.0,260.0,NotYet
30.0,4.1,11.9,-1.0,-4.0,270.0,NotYet
30.0,4.1,11.9,-1.0,-4.0,280.0,NotYet
30.0,4.1,11.9,-1.0,-4.0,290.0,NotYet
30.0,4.1,11.9,-1.0,-4.0,300.0,NotYet
30.0,4.1,11.9,-1.0,-4.0,310.0,NotYet
30.0,4.1,11.9,-1.0,-4.0,320.0,NotYet
30.0,4.1,11.9,-1.0,-4.0,330.0,NotYet
30.0,4.1,11.9,-1.0,-4.0,340.0,NotYet
30.0,4.1,11.9,-1.0,-4.0,350.0,NotYet
30.0,4.1,11.9,-1.0,-2.0,0.0,NotYet
30.0,4.1,11.9,-1.0,-2.0,10.0,NotYet
30.0,4.1,11.9,-1.0,-2.0,20.0,NotYet
30.0,4.1,11.9,-1.0,-2.0,30.0,NotYet
30.0,4.1,11.9,-1.0,-2.0,40.0,NotYet
30.0,4.1,11.9,-1.0,-2.0,50.0,NotYet
30.0,4.1,11.9,-1.0,-2.0,60.0,NotYet
30.0,4.1,11.9,-1.0,-2.0,70.0,NotYet
30.0,4.1,11.9,-1.0,-2.0,80.0,NotYet
30.0,4.1,11.9,-1.0,-2.0,90.0,NotYet
30.0,4.1,11.9,-1.0,-2.0,100.0,NotYet
30.0,4.1,11.9,-1.0,-2.0,110.0,NotYet
30.0,4.1,11.9,-1.0,-2.0,120.0,NotYet
30.0,4.1,11.9,-1.0,-2.0,130.0,NotYet
30.0,4.1,11.9,-1.0,-2.0,140.0,NotYet
30.0,4.1,11.9,-1.0,-2.0,150.0,NotYet
30.0,4.1,11.9,-1.0,-2.0,160.0,NotYet
30.0,4.1,11.9,-1.0,-2.0,170.0,NotYet
30.0,4.1,11.9,-1.0,-2.0,180.0,NotYet
30.0,4.1,11.9,-1.0,-2.0,190.0,NotYet
30.0,4.1,11.9,-1.0,-2.0,200.0,NotYet
30.0,4.1,11.9,-1.0,-2.0,210.0,NotYet
30.0,4.1,11.9,-1.0,-2.0,220.0,NotYet
30.0,4.1,11.9,-1.0,-2.0,230.0,NotYet
30.0,4.1,11.9,-1.0,-2.0,240.0,NotYet
30.0,4.1,11.9,-1.0,-2.0,250.0,NotYet
30.0,4.1,11.9,-1.0,-2.0,260.0,NotYet
30.0,4.1,11.9,-1.0,-2.0,270.0,NotYet
30.0,4.1,11.9,-1.0,-2.0,280.0,NotYet
30.0,4.1,11.9,-1.0,-2.0,290.0,NotYet
30.0,4.1,11.9,-1.0,-2.0,300.0,NotYet
30.0,4.1,11.9,-1.0,-2.0,310.0,NotYet
30.0,4.1,11.9,-1.0,-2.0,320.0,NotYet
30.0,4.1,11.9,-1.0,-2.0,330.0,NotYet
30.0,4.1,11.9,-1.0,-2.0,340.0,NotYet
30.0,4.1,11.9,-1.0,-2.0,350.0,NotYet
30.0,4.1,11.9,-1.0,0.0,0.0,NotYet
30.0,4.1,11.9,-1.0,0.0,10.0,NotYet
30.0,4.1,11.9,-1.0,0.0,20.0,NotYet
30.0,4.1,11.9,-1.0,0.0,30.0,NotYet
30.0,4.1,11.9,-1.0,0.0,40.0,NotYet
30.0,4.1,11.9,-1.0,0.0,50.0,NotYet
30.0,4.1,11.9,-1.0,0.0,60.0,NotYet
30.0,4.1,11.9,-1.0,0.0,70.0,NotYet
30.0,4.1,11.9,-1.0,0.0,80.0,NotYet
30.0,4.1,11.9,-1.0,0.0,90.0,NotYet
30.0,4.1,11.9,-1.0,0.0,100.0,NotYet
30.0,4.1,11.9,-1.0,0.0,110.0,NotYet
30.0,4.1,11.9,-1.0,0.0,120.0,NotYet
30.0,4.1,11.9,-1.0,0.0,130.0,NotYet
30.0,4.1,11.9,-1.0,0.0,140.0,NotYet
30.0,4.1,11.9,-1.0,0.0,150.0,NotYet
30.0,4.1,11.9,-1.0,0.0,160.0,NotYet
30.0,4.1,11.9,-1.0,0.0,170.0,NotYet
30.0,4.1,11.9,-1.0,0.0,180.0,NotYet
30.0,4.1,11.9,-1.0,0.0,190.0,NotYet
30.0,4.1,11.9,-1.0,0.0,200.0,NotYet
30.0,4.1,11.9,-1.0,0.0,210.0,NotYet
30.0,4.1,11.9,-1.0,0.0,220.0,NotYet
30.0,4.1,11.9,-1.0,0.0,230.0,NotYet
30.0,4.1,11.9,-1.0,0.0,240.0,NotYet
30.0,4.1,11.9,-1.0,0.0,250.0,NotYet
30.0,4.1,11.9,-1.0,0.0,260.0,NotYet
30.0,4.1,11.9,-1.0,0.0,270.0,NotYet
30.0,4.1,11.9,-1.0,0.0,280.0,NotYet
30.0,4.1,11.9,-1.0,0.0,290.0,NotYet
30.0,4.1,11.9,-1.0,0.0,300.0,NotYet
30.0,4.1,11.9,-1.0,0.0,310.0,NotYet
30.0,4.1,11.9,-1.0,0.0,320.0,NotYet
30.0,4.1,11.9,-1.0,0.0,330.0,NotYet
30.0,4.1,11.9,-1.0,0.0,340.0,NotYet
30.0,4.1,11.9,-1.0,0.0,350.0,NotYet
30.0,4.1,11.9,-1.0,2.0,0.0,NotYet
30.0,4.1,11.9,-1.0,2.0,10.0,NotYet
30.0,4.1,11.9,-1.0,2.0,20.0,NotYet
30.0,4.1,11.9,-1.0,2.0,30.0,NotYet
30.0,4.1,11.9,-1.0,2.0,40.0,NotYet
30.0,4.1,11.9,-1.0,2.0,50.0,NotYet
30.0,4.1,11.9,-1.0,2.0,60.0,NotYet
30.0,4.1,11.9,-1.0,2.0,70.0,NotYet
30.0,4.1,11.9,-1.0,2.0,80.0,NotYet
30.0,4.1,11.9,-1.0,2.0,90.0,NotYet
30.0,4.1,11.9,-1.0,2.0,100.0,NotYet
30.0,4.1,11.9,-1.0,2.0,110.0,NotYet
30.0,4.1,11.9,-1.0,2.0,120.0,NotYet
30.0,4.1,11.9,-1.0,2.0,130.0,NotYet
30.0,4.1,11.9,-1.0,2.0,140.0,NotYet
30.0,4.1,11.9,-1.0,2.0,150.0,NotYet
30.0,4.1,11.9,-1.0,2.0,160.0,NotYet
30.0,4.1,11.9,-1.0,2.0,170.0,NotYet
30.0,4.1,11.9,-1.0,2.0,180.0,NotYet
30.0,4.1,11.9,-1.0,2.0,190.0,NotYet
30.0,4.1,11.9,-1.0,2.0,200.0,NotYet
30.0,4.1,11.9,-1.0,2.0,210.0,NotYet
30.0,4.1,11.9,-1.0,2.0,220.0,NotYet
30.0,4.1,11.9,-1.0,2.0,230.0,NotYet
30.0,4.1,11.9,-1.0,2.0,240.0,NotYet
30.0,4.1,11.9,-1.0,2.0,250.0,NotYet
30.0,4.1,11.9,-1.0,2.0,260.0,NotYet
30.0,4.1,11.9,-1.0,2.0,270.0,NotYet
30.0,4.1,11.9,-1.0,2.0,280.0,NotYet
30.0,4.1,11.9,-1.0,2.0,290.0,NotYet
30.0,4.1,11.9,-1.0,2.0,300.0,NotYet
30.0,4.1,11.9,-1.0,2.0,310.0,NotYet
30.0,4.1,11.9,-1.0,2.0,320.0,NotYet
30.0,4.1,11.9,-1.0,2.0,330.0,NotYet
30.0,4.1,11.9,-1.0,2.0,340.0,NotYet
30.0,4.1,11.9,-1.0,2.0,350.0,NotYet
30.0,4.1,11.9,-1.0,4.0,0.0,NotYet
30.0,4.1,11.9,-1.0,4.0,10.0,NotYet
30.0,4.1,11.9,-1.0,4.0,20.0,NotYet
30.0,4.1,11.9,-1.0,4.0,30.0,NotYet
30.0,4.1,11.9,-1.0,4.0,40.0,NotYet
30.0,4.1,11.9,-1.0,4.0,50.0,NotYet
30.0,4.1,11.9,-1.0,4.0,60.0,NotYet
30.0,4.1,11.9,-1.0,4.0,70.0,NotYet
30.0,4.1,11.9,-1.0,4.0,80.0,NotYet
30.0,4.1,11.9,-1.0,4.0,90.0,NotYet
30.0,4.1,11.9,-1.0,4.0,100.0,NotYet
30.0,4.1,11.9,-1.0,4.0,110.0,NotYet
30.0,4.1,11.9,-1.0,4.0,120.0,NotYet
30.0,4.1,11.9,-1.0,4.0,130.0,NotYet
30.0,4.1,11.9,-1.0,4.0,140.0,NotYet
30.0,4.1,11.9,-1.0,4.0,150.0,NotYet
30.0,4.1,11.9,-1.0,4.0,160.0,NotYet
30.0,4.1,11.9,-1.0,4.0,170.0,NotYet
30.0,4.1,11.9,-1.0,4.0,180.0,NotYet
30.0,4.1,11.9,-1.0,4.0,190.0,NotYet
30.0,4.1,11.9,-1.0,4.0,200.0,NotYet
30.0,4.1,11.9,-1.0,4.0,210.0,NotYet
30.0,4.1,11.9,-1.0,4.0,220.0,NotYet
30.0,4.1,11.9,-1.0,4.0,230.0,NotYet
30.0,4.1,11.9,-1.0,4.0,240.0,NotYet
30.0,4.1,11.9,-1.0,4.0,250.0,NotYet
30.0,4.1,11.9,-1.0,4.0,260.0,NotYet
30.0,4.1,11.9,-1.0,4.0,270.0,NotYet
30.0,4.1,11.9,-1.0,4.0,280.0,NotYet
30.0,4.1,11.9,-1.0,4.0,290.0,NotYet
30.0,4.1,11.9,-1.0,4.0,300.0,NotYet
30.0,4.1,11.9,-1.0,4.0,310.0,NotYet
30.0,4.1,11.9,-1.0,4.0,320.0,NotYet
30.0,4.1,11.9,-1.0,4.0,330.0,NotYet
30.0,4.1,11.9,-1.0,4.0,340.0,NotYet
30.0,4.1,11.9,-1.0,4.0,350.0,NotYet
30.0,4.1,11.9,-1.0,6.0,0.0,NotYet
30.0,4.1,11.9,-1.0,6.0,10.0,NotYet
30.0,4.1,11.9,-1.0,6.0,20.0,NotYet
30.0,4.1,11.9,-1.0,6.0,30.0,NotYet
30.0,4.1,11.9,-1.0,6.0,40.0,NotYet
30.0,4.1,11.9,-1.0,6.0,50.0,NotYet
30.0,4.1,11.9,-1.0,6.0,60.0,NotYet
30.0,4.1,11.9,-1.0,6.0,70.0,NotYet
30.0,4.1,11.9,-1.0,6.0,80.0,NotYet
30.0,4.1,11.9,-1.0,6.0,90.0,NotYet
30.0,4.1,11.9,-1.0,6.0,100.0,NotYet
30.0,4.1,11.9,-1.0,6.0,110.0,NotYet
30.0,4.1,11.9,-1.0,6.0,120.0,NotYet
30.0,4.1,11.9,-1.0,6.0,130.0,NotYet
30.0,4.1,11.9,-1.0,6.0,140.0,NotYet
30.0,4.1,11.9,-1.0,6.0,150.0,NotYet
30.0,4.1,11.9,-1.0,6.0,160.0,NotYet
30.0,4.1,11.9,-1.0,6.0,170.0,NotYet
30.0,4.1,11.9,-1.0,6.0,180.0,NotYet
30.0,4.1,11.9,-1.0,6.0,190.0,NotYet
30.0,4.1,11.9,-1.0,6.0,200.0,NotYet
30.0,4.1,11.9,-1.0,6.0,210.0,NotYet
30.0,4.1,11.9,-1.0,6.0,220.0,NotYet
30.0,4.1,11.9,-1.0,6.0,230.0,NotYet
30.0,4.1,11.9,-1.0,6.0,240.0,NotYet
30.0,4.1,11.9,-1.0,6.0,250.0,NotYet
30.0,4.1,11.9,-1.0,6.0,260.0,NotYet
30.0,4.1,11.9,-1.0,6.0,270.0,NotYet
30.0,4.1,11.9,-1.0,6.0,280.0,NotYet
30.0,4.1,11.9,-1.0,6.0,290.0,NotYet
30.0,4.1,11.9,-1.0,6.0,300.0,NotYet
30.0,4.1,11.9,-1.0,6.0,310.0,NotYet
30.0,4.1,11.9,-1.0,6.0,320.0,NotYet
30.0,4.1,11.9,-1.0,6.0,330.0,NotYet
30.0,4.1,11.9,-1.0,6.0,340.0,NotYet
30.0,4.1,11.9,-1.0,6.0,350.0,NotYet
30.0,4.1,11.9,-1.0,8.0,0.0,NotYet
30.0,4.1,11.9,-1.0,8.0,10.0,NotYet
30.0,4.1,11.9,-1.0,8.0,20.0,NotYet
30.0,4.1,11.9,-1.0,8.0,30.0,NotYet
30.0,4.1,11.9,-1.0,8.0,40.0,NotYet
30.0,4.1,11.9,-1.0,8.0,50.0,NotYet
30.0,4.1,11.9,-1.0,8.0,60.0,NotYet
30.0,4.1,11.9,-1.0,8.0,70.0,NotYet
30.0,4.1,11.9,-1.0,8.0,80.0,NotYet
30.0,4.1,11.9,-1.0,8.0,90.0,NotYet
30.0,4.1,11.9,-1.0,8.0,100.0,NotYet
30.0,4.1,11.9,-1.0,8.0,110.0,NotYet
30.0,4.1,11.9,-1.0,8.0,120.0,NotYet
30.0,4.1,11.9,-1.0,8.0,130.0,NotYet
30.0,4.1,11.9,-1.0,8.0,140.0,NotYet
30.0,4.1,11.9,-1.0,8.0,150.0,NotYet
30.0,4.1,11.9,-1.0,8.0,160.0,NotYet
30.0,4.1,11.9,-1.0,8.0,170.0,NotYet
30.0,4.1,11.9,-1.0,8.0,180.0,NotYet
30.0,4.1,11.9,-1.0,8.0,190.0,NotYet
30.0,4.1,11.9,-1.0,8.0,200.0,NotYet
30.0,4.1,11.9,-1.0,8.0,210.0,NotYet
30.0,4.1,11.9,-1.0,8.0,220.0,NotYet
30.0,4.1,11.9,-1.0,8.0,230.0,NotYet
30.0,4.1,11.9,-1.0,8.0,240.0,NotYet
30.0,4.1,11.9,-1.0,8.0,250.0,NotYet
30.0,4.1,11.9,-1.0,8.0,260.0,NotYet
30.0,4.1,11.9,-1.0,8.0,270.0,NotYet
30.0,4.1,11.9,-1.0,8.0,280.0,NotYet
30.0,4.1,11.9,-1.0,8.0,290.0,NotYet
30.0,4.1,11.9,-1.0,8.0,300.0,NotYet
30.0,4.1,11.9,-1.0,8.0,310.0,NotYet
30.0,4.1,11.9,-1.0,8.0,320.0,NotYet
30.0,4.1,11.9,-1.0,8.0,330.0,NotYet
30.0,4.1,11.9,-1.0,8.0,340.0,NotYet
30.0,4.1,11.9,-1.0,8.0,350.0,NotYet
30.0,4.1,11.9,-1.0,10.0,0.0,NotYet
30.0,4.1,11.9,-1.0,10.0,10.0,NotYet
30.0,4.1,11.9,-1.0,10.0,20.0,NotYet
30.0,4.1,11.9,-1.0,10.0,30.0,NotYet
30.0,4.1,11.9,-1.0,10.0,40.0,NotYet
30.0,4.1,11.9,-1.0,10.0,50.0,NotYet
30.0,4.1,11.9,-1.0,10.0,60.0,NotYet
30.0,4.1,11.9,-1.0,10.0,70.0,NotYet
30.0,4.1,11.9,-1.0,10.0,80.0,NotYet
30.0,4.1,11.9,-1.0,10.0,90.0,NotYet
30.0,4.1,11.9,-1.0,10.0,100.0,NotYet
30.0,4.1,11.9,-1.0,10.0,110.0,NotYet
30.0,4.1,11.9,-1.0,10.0,120.0,NotYet
30.0,4.1,11.9,-1.0,10.0,130.0,NotYet
30.0,4.1,11.9,-1.0,10.0,140.0,NotYet
30.0,4.1,11.9,-1.0,10.0,150.0,NotYet
30.0,4.1,11.9,-1.0,10.0,160.0,NotYet
30.0,4.1,11.9,-1.0,10.0,170.0,NotYet
30.0,4.1,11.9,-1.0,10.0,180.0,NotYet
30.0,4.1,11.9,-1.0,10.0,190.0,NotYet
30.0,4.1,11.9,-1.0,10.0,200.0,NotYet
30.0,4.1,11.9,-1.0,10.0,210.0,NotYet
30.0,4.1,11.9,-1.0,10.0,220.0,NotYet
30.0,4.1,11.9,-1.0,10.0,230.0,NotYet
30.0,4.1,11.9,-1.0,10.0,240.0,NotYet
30.0,4.1,11.9,-1.0,10.0,250.0,NotYet
30.0,4.1,11.9,-1.0,10.0,260.0,NotYet
30.0,4.1,11.9,-1.0,10.0,270.0,NotYet
30.0,4.1,11.9,-1.0,10.0,280.0,NotYet
30.0,4.1,11.9,-1.0,10.0,290.0,NotYet
30.0,4.1,11.9,-1.0,10.0,300.0,NotYet
30.0,4.1,11.9,-1.0,10.0,310.0,NotYet
30.0,4.1,11.9,-1.0,10.0,320.0,NotYet
30.0,4.1,11.9,-1.0,10.0,330.0,NotYet
30.0,4.1,11.9,-1.0,10.0,340.0,NotYet
30.0,4.1,11.9,-1.0,10.0,350.0,NotYet
30.0,4.1,11.9,-1.0,12.0,0.0,NotYet
30.0,4.1,11.9,-1.0,12.0,10.0,NotYet
30.0,4.1,11.9,-1.0,12.0,20.0,NotYet
30.0,4.1,11.9,-1.0,12.0,30.0,NotYet
30.0,4.1,11.9,-1.0,12.0,40.0,NotYet
30.0,4.1,11.9,-1.0,12.0,50.0,NotYet
30.0,4.1,11.9,-1.0,12.0,60.0,NotYet
30.0,4.1,11.9,-1.0,12.0,70.0,NotYet
30.0,4.1,11.9,-1.0,12.0,80.0,NotYet
30.0,4.1,11.9,-1.0,12.0,90.0,NotYet
30.0,4.1,11.9,-1.0,12.0,100.0,NotYet
30.0,4.1,11.9,-1.0,12.0,110.0,NotYet
30.0,4.1,11.9,-1.0,12.0,120.0,NotYet
30.0,4.1,11.9,-1.0,12.0,130.0,NotYet
30.0,4.1,11.9,-1.0,12.0,140.0,NotYet
30.0,4.1,11.9,-1.0,12.0,150.0,NotYet
30.0,4.1,11.9,-1.0,12.0,160.0,NotYet
30.0,4.1,11.9,-1.0,12.0,170.0,NotYet
30.0,4.1,11.9,-1.0,12.0,180.0,NotYet
30.0,4.1,11.9,-1.0,12.0,190.0,NotYet
30.0,4.1,11.9,-1.0,12.0,200.0,NotYet
30.0,4.1,11.9,-1.0,12.0,210.0,NotYet
30.0,4.1,11.9,-1.0,12.0,220.0,NotYet
30.0,4.1,11.9,-1.0,12.0,230.0,NotYet
30.0,4.1,11.9,-1.0,12.0,240.0,NotYet
30.0,4.1,11.9,-1.0,12.0,250.0,NotYet
30.0,4.1,11.9,-1.0,12.0,260.0,NotYet
30.0,4.1,11.9,-1.0,12.0,270.0,NotYet
30.0,4.1,11.9,-1.0,12.0,280.0,NotYet
30.0,4.1,11.9,-1.0,12.0,290.0,NotYet
30.0,4.1,11.9,-1.0,12.0,300.0,NotYet
30.0,4.1,11.9,-1.0,12.0,310.0,NotYet
30.0,4.1,11.9,-1.0,12.0,320.0,NotYet
30.0,4.1,11.9,-1.0,12.0,330.0,NotYet
30.0,4.1,11.9,-1.0,12.0,340.0,NotYet
30.0,4.1,11.9,-1.0,12.0,350.0,NotYet
30.0,4.1,11.9,-1.0,14.0,0.0,NotYet
30.0,4.1,11.9,-1.0,14.0,10.0,NotYet
30.0,4.1,11.9,-1.0,14.0,20.0,NotYet
30.0,4.1,11.9,-1.0,14.0,30.0,NotYet
30.0,4.1,11.9,-1.0,14.0,40.0,NotYet
30.0,4.1,11.9,-1.0,14.0,50.0,NotYet
30.0,4.1,11.9,-1.0,14.0,60.0,NotYet
30.0,4.1,11.9,-1.0,14.0,70.0,NotYet
30.0,4.1,11.9,-1.0,14.0,80.0,NotYet
30.0,4.1,11.9,-1.0,14.0,90.0,NotYet
30.0,4.1,11.9,-1.0,14.0,100.0,NotYet
30.0,4.1,11.9,-1.0,14.0,110.0,NotYet
30.0,4.1,11.9,-1.0,14.0,120.0,NotYet
30.0,4.1,11.9,-1.0,14.0,130.0,NotYet
30.0,4.1,11.9,-1.0,14.0,140.0,NotYet
30.0,4.1,11.9,-1.0,14.0,150.0,NotYet
30.0,4.1,11.9,-1.0,14.0,160.0,NotYet
30.0,4.1,11.9,-1.0,14.0,170.0,NotYet
30.0,4.1,11.9,-1.0,14.0,180.0,NotYet
30.0,4.1,11.9,-1.0,14.0,190.0,NotYet
30.0,4.1,11.9,-1.0,14.0,200.0,NotYet
30.0,4.1,11.9,-1.0,14.0,210.0,NotYet
30.0,4.1,11.9,-1.0,14.0,220.0,NotYet
30.0,4.1,11.9,-1.0,14.0,230.0,NotYet
30.0,4.1,11.9,-1.0,14.0,240.0,NotYet
30.0,4.1,11.9,-1.0,14.0,250.0,NotYet
30.0,4.1,11.9,-1.0,14.0,260.0,NotYet
30.0,4.1,11.9,-1.0,14.0,270.0,NotYet
30.0,4.1,11.9,-1.0,14.0,280.0,NotYet
30.0,4.1,11.9,-1.0,14.0,290.0,NotYet
30.0,4.1,11.9,-1.0,14.0,300.0,NotYet
30.0,4.1,11.9,-1.0,14.0,310.0,NotYet
30.0,4.1,11.9,-1.0,14.0,320.0,NotYet
30.0,4.1,11.9,-1.0,14.0,330.0,NotYet
30.0,4.1,11.9,-1.0,14.0,340.0,NotYet
30.0,4.1,11.9,-1.0,14.0,350.0,NotYet
30.0,4.1,11.9,-0.8,-14.0,0.0,NotYet
30.0,4.1,11.9,-0.8,-14.0,10.0,NotYet
30.0,4.1,11.9,-0.8,-14.0,20.0,NotYet
30.0,4.1,11.9,-0.8,-14.0,30.0,NotYet
30.0,4.1,11.9,-0.8,-14.0,40.0,NotYet
30.0,4.1,11.9,-0.8,-14.0,50.0,NotYet
30.0,4.1,11.9,-0.8,-14.0,60.0,NotYet
30.0,4.1,11.9,-0.8,-14.0,70.0,NotYet
30.0,4.1,11.9,-0.8,-14.0,80.0,NotYet
30.0,4.1,11.9,-0.8,-14.0,90.0,NotYet
30.0,4.1,11.9,-0.8,-14.0,100.0,NotYet
30.0,4.1,11.9,-0.8,-14.0,110.0,NotYet
30.0,4.1,11.9,-0.8,-14.0,120.0,NotYet
30.0,4.1,11.9,-0.8,-14.0,130.0,NotYet
30.0,4.1,11.9,-0.8,-14.0,140.0,NotYet
30.0,4.1,11.9,-0.8,-14.0,150.0,NotYet
30.0,4.1,11.9,-0.8,-14.0,160.0,NotYet
30.0,4.1,11.9,-0.8,-14.0,170.0,NotYet
30.0,4.1,11.9,-0.8,-14.0,180.0,NotYet
30.0,4.1,11.9,-0.8,-14.0,190.0,NotYet
30.0,4.1,11.9,-0.8,-14.0,200.0,NotYet
30.0,4.1,11.9,-0.8,-14.0,210.0,NotYet
30.0,4.1,11.9,-0.8,-14.0,220.0,NotYet
30.0,4.1,11.9,-0.8,-14.0,230.0,NotYet
30.0,4.1,11.9,-0.8,-14.0,240.0,NotYet
30.0,4.1,11.9,-0.8,-14.0,250.0,NotYet
30.0,4.1,11.9,-0.8,-14.0,260.0,NotYet
30.0,4.1,11.9,-0.8,-14.0,270.0,NotYet
30.0,4.1,11.9,-0.8,-14.0,280.0,NotYet
30.0,4.1,11.9,-0.8,-14.0,290.0,NotYet
30.0,4.1,11.9,-0.8,-14.0,300.0,NotYet
30.0,4.1,11.9,-0.8,-14.0,310.0,NotYet
30.0,4.1,11.9,-0.8,-14.0,320.0,NotYet
30.0,4.1,11.9,-0.8,-14.0,330.0,NotYet
30.0,4.1,11.9,-0.8,-14.0,340.0,NotYet
30.0,4.1,11.9,-0.8,-14.0,350.0,NotYet
30.0,4.1,11.9,-0.8,-12.0,0.0,NotYet
30.0,4.1,11.9,-0.8,-12.0,10.0,NotYet
30.0,4.1,11.9,-0.8,-12.0,20.0,NotYet
30.0,4.1,11.9,-0.8,-12.0,30.0,NotYet
30.0,4.1,11.9,-0.8,-12.0,40.0,NotYet
30.0,4.1,11.9,-0.8,-12.0,50.0,NotYet
30.0,4.1,11.9,-0.8,-12.0,60.0,NotYet
30.0,4.1,11.9,-0.8,-12.0,70.0,NotYet
30.0,4.1,11.9,-0.8,-12.0,80.0,NotYet
30.0,4.1,11.9,-0.8,-12.0,90.0,NotYet
30.0,4.1,11.9,-0.8,-12.0,100.0,NotYet
30.0,4.1,11.9,-0.8,-12.0,110.0,NotYet
30.0,4.1,11.9,-0.8,-12.0,120.0,NotYet
30.0,4.1,11.9,-0.8,-12.0,130.0,NotYet
30.0,4.1,11.9,-0.8,-12.0,140.0,NotYet
30.0,4.1,11.9,-0.8,-12.0,150.0,NotYet
30.0,4.1,11.9,-0.8,-12.0,160.0,NotYet
30.0,4.1,11.9,-0.8,-12.0,170.0,NotYet
30.0,4.1,11.9,-0.8,-12.0,180.0,NotYet
30.0,4.1,11.9,-0.8,-12.0,190.0,NotYet
30.0,4.1,11.9,-0.8,-12.0,200.0,NotYet
30.0,4.1,11.9,-0.8,-12.0,210.0,NotYet
30.0,4.1,11.9,-0.8,-12.0,220.0,NotYet
30.0,4.1,11.9,-0.8,-12.0,230.0,NotYet
30.0,4.1,11.9,-0.8,-12.0,240.0,NotYet
30.0,4.1,11.9,-0.8,-12.0,250.0,NotYet
30.0,4.1,11.9,-0.8,-12.0,260.0,NotYet
30.0,4.1,11.9,-0.8,-12.0,270.0,NotYet
30.0,4.1,11.9,-0.8,-12.0,280.0,NotYet
30.0,4.1,11.9,-0.8,-12.0,290.0,NotYet
30.0,4.1,11.9,-0.8,-12.0,300.0,NotYet
30.0,4.1,11.9,-0.8,-12.0,310.0,NotYet
30.0,4.1,11.9,-0.8,-12.0,320.0,NotYet
30.0,4.1,11.9,-0.8,-12.0,330.0,NotYet
30.0,4.1,11.9,-0.8,-12.0,340.0,NotYet
30.0,4.1,11.9,-0.8,-12.0,350.0,NotYet
30.0,4.1,11.9,-0.8,-10.0,0.0,NotYet
30.0,4.1,11.9,-0.8,-10.0,10.0,NotYet
30.0,4.1,11.9,-0.8,-10.0,20.0,NotYet
30.0,4.1,11.9,-0.8,-10.0,30.0,NotYet
30.0,4.1,11.9,-0.8,-10.0,40.0,NotYet
30.0,4.1,11.9,-0.8,-10.0,50.0,NotYet
30.0,4.1,11.9,-0.8,-10.0,60.0,NotYet
30.0,4.1,11.9,-0.8,-10.0,70.0,NotYet
30.0,4.1,11.9,-0.8,-10.0,80.0,NotYet
30.0,4.1,11.9,-0.8,-10.0,90.0,NotYet
30.0,4.1,11.9,-0.8,-10.0,100.0,NotYet
30.0,4.1,11.9,-0.8,-10.0,110.0,NotYet
30.0,4.1,11.9,-0.8,-10.0,120.0,NotYet
30.0,4.1,11.9,-0.8,-10.0,130.0,NotYet
30.0,4.1,11.9,-0.8,-10.0,140.0,NotYet
30.0,4.1,11.9,-0.8,-10.0,150.0,NotYet
30.0,4.1,11.9,-0.8,-10.0,160.0,NotYet
30.0,4.1,11.9,-0.8,-10.0,170.0,NotYet
30.0,4.1,11.9,-0.8,-10.0,180.0,NotYet
30.0,4.1,11.9,-0.8,-10.0,190.0,NotYet
30.0,4.1,11.9,-0.8,-10.0,200.0,NotYet
30.0,4.1,11.9,-0.8,-10.0,210.0,NotYet
30.0,4.1,11.9,-0.8,-10.0,220.0,NotYet
30.0,4.1,11.9,-0.8,-10.0,230.0,NotYet
30.0,4.1,11.9,-0.8,-10.0,240.0,NotYet
30.0,4.1,11.9,-0.8,-10.0,250.0,NotYet
30.0,4.1,11.9,-0.8,-10.0,260.0,NotYet
30.0,4.1,11.9,-0.8,-10.0,270.0,NotYet
30.0,4.1,11.9,-0.8,-10.0,280.0,NotYet
30.0,4.1,11.9,-0.8,-10.0,290.0,NotYet
30.0,4.1,11.9,-0.8,-10.0,300.0,NotYet
30.0,4.1,11.9,-0.8,-10.0,310.0,NotYet
30.0,4.1,11.9,-0.8,-10.0,320.0,NotYet
30.0,4.1,11.9,-0.8,-10.0,330.0,NotYet
30.0,4.1,11.9,-0.8,-10.0,340.0,NotYet
30.0,4.1,11.9,-0.8,-10.0,350.0,NotYet
30.0,4.1,11.9,-0.8,-8.0,0.0,NotYet
30.0,4.1,11.9,-0.8,-8.0,10.0,NotYet
30.0,4.1,11.9,-0.8,-8.0,20.0,NotYet
30.0,4.1,11.9,-0.8,-8.0,30.0,NotYet
30.0,4.1,11.9,-0.8,-8.0,40.0,NotYet
30.0,4.1,11.9,-0.8,-8.0,50.0,NotYet
30.0,4.1,11.9,-0.8,-8.0,60.0,NotYet
30.0,4.1,11.9,-0.8,-8.0,70.0,NotYet
30.0,4.1,11.9,-0.8,-8.0,80.0,NotYet
30.0,4.1,11.9,-0.8,-8.0,90.0,NotYet
30.0,4.1,11.9,-0.8,-8.0,100.0,NotYet
30.0,4.1,11.9,-0.8,-8.0,110.0,NotYet
30.0,4.1,11.9,-0.8,-8.0,120.0,NotYet
30.0,4.1,11.9,-0.8,-8.0,130.0,NotYet
30.0,4.1,11.9,-0.8,-8.0,140.0,NotYet
30.0,4.1,11.9,-0.8,-8.0,150.0,NotYet
30.0,4.1,11.9,-0.8,-8.0,160.0,NotYet
30.0,4.1,11.9,-0.8,-8.0,170.0,NotYet
30.0,4.1,11.9,-0.8,-8.0,180.0,NotYet
30.0,4.1,11.9,-0.8,-8.0,190.0,NotYet
30.0,4.1,11.9,-0.8,-8.0,200.0,NotYet
30.0,4.1,11.9,-0.8,-8.0,210.0,NotYet
30.0,4.1,11.9,-0.8,-8.0,220.0,NotYet
30.0,4.1,11.9,-0.8,-8.0,230.0,NotYet
30.0,4.1,11.9,-0.8,-8.0,240.0,NotYet
30.0,4.1,11.9,-0.8,-8.0,250.0,NotYet
30.0,4.1,11.9,-0.8,-8.0,260.0,NotYet
30.0,4.1,11.9,-0.8,-8.0,270.0,NotYet
30.0,4.1,11.9,-0.8,-8.0,280.0,NotYet
30.0,4.1,11.9,-0.8,-8.0,290.0,NotYet
30.0,4.1,11.9,-0.8,-8.0,300.0,NotYet
30.0,4.1,11.9,-0.8,-8.0,310.0,NotYet
30.0,4.1,11.9,-0.8,-8.0,320.0,NotYet
30.0,4.1,11.9,-0.8,-8.0,330.0,NotYet
30.0,4.1,11.9,-0.8,-8.0,340.0,NotYet
30.0,4.1,11.9,-0.8,-8.0,350.0,NotYet
30.0,4.1,11.9,-0.8,-6.0,0.0,NotYet
30.0,4.1,11.9,-0.8,-6.0,10.0,NotYet
30.0,4.1,11.9,-0.8,-6.0,20.0,NotYet
30.0,4.1,11.9,-0.8,-6.0,30.0,NotYet
30.0,4.1,11.9,-0.8,-6.0,40.0,NotYet
30.0,4.1,11.9,-0.8,-6.0,50.0,NotYet
30.0,4.1,11.9,-0.8,-6.0,60.0,NotYet
30.0,4.1,11.9,-0.8,-6.0,70.0,NotYet
30.0,4.1,11.9,-0.8,-6.0,80.0,NotYet
30.0,4.1,11.9,-0.8,-6.0,90.0,NotYet
30.0,4.1,11.9,-0.8,-6.0,100.0,NotYet
30.0,4.1,11.9,-0.8,-6.0,110.0,NotYet
30.0,4.1,11.9,-0.8,-6.0,120.0,NotYet
30.0,4.1,11.9,-0.8,-6.0,130.0,NotYet
30.0,4.1,11.9,-0.8,-6.0,140.0,NotYet
30.0,4.1,11.9,-0.8,-6.0,150.0,NotYet
30.0,4.1,11.9,-0.8,-6.0,160.0,NotYet
30.0,4.1,11.9,-0.8,-6.0,170.0,NotYet
30.0,4.1,11.9,-0.8,-6.0,180.0,NotYet
30.0,4.1,11.9,-0.8,-6.0,190.0,NotYet
30.0,4.1,11.9,-0.8,-6.0,200.0,NotYet
30.0,4.1,11.9,-0.8,-6.0,210.0,NotYet
30.0,4.1,11.9,-0.8,-6.0,220.0,NotYet
30.0,4.1,11.9,-0.8,-6.0,230.0,NotYet
30.0,4.1,11.9,-0.8,-6.0,240.0,NotYet
30.0,4.1,11.9,-0.8,-6.0,250.0,NotYet
30.0,4.1,11.9,-0.8,-6.0,260.0,NotYet
30.0,4.1,11.9,-0.8,-6.0,270.0,NotYet
30.0,4.1,11.9,-0.8,-6.0,280.0,NotYet
30.0,4.1,11.9,-0.8,-6.0,290.0,NotYet
30.0,4.1,11.9,-0.8,-6.0,300.0,NotYet
30.0,4.1,11.9,-0.8,-6.0,310.0,NotYet
30.0,4.1,11.9,-0.8,-6.0,320.0,NotYet
30.0,4.1,11.9,-0.8,-6.0,330.0,NotYet
30.0,4.1,11.9,-0.8,-6.0,340.0,NotYet
30.0,4.1,11.9,-0.8,-6.0,350.0,NotYet
30.0,4.1,11.9,-0.8,-4.0,0.0,NotYet
30.0,4.1,11.9,-0.8,-4.0,10.0,NotYet
30.0,4.1,11.9,-0.8,-4.0,20.0,NotYet
30.0,4.1,11.9,-0.8,-4.0,30.0,NotYet
30.0,4.1,11.9,-0.8,-4.0,40.0,NotYet
30.0,4.1,11.9,-0.8,-4.0,50.0,NotYet
30.0,4.1,11.9,-0.8,-4.0,60.0,NotYet
30.0,4.1,11.9,-0.8,-4.0,70.0,NotYet
30.0,4.1,11.9,-0.8,-4.0,80.0,NotYet
30.0,4.1,11.9,-0.8,-4.0,90.0,NotYet
30.0,4.1,11.9,-0.8,-4.0,100.0,NotYet
30.0,4.1,11.9,-0.8,-4.0,110.0,NotYet
30.0,4.1,11.9,-0.8,-4.0,120.0,NotYet
30.0,4.1,11.9,-0.8,-4.0,130.0,NotYet
30.0,4.1,11.9,-0.8,-4.0,140.0,NotYet
30.0,4.1,11.9,-0.8,-4.0,150.0,NotYet
30.0,4.1,11.9,-0.8,-4.0,160.0,NotYet
30.0,4.1,11.9,-0.8,-4.0,170.0,NotYet
30.0,4.1,11.9,-0.8,-4.0,180.0,NotYet
30.0,4.1,11.9,-0.8,-4.0,190.0,NotYet
30.0,4.1,11.9,-0.8,-4.0,200.0,NotYet
30.0,4.1,11.9,-0.8,-4.0,210.0,NotYet
30.0,4.1,11.9,-0.8,-4.0,220.0,NotYet
30.0,4.1,11.9,-0.8,-4.0,230.0,NotYet
30.0,4.1,11.9,-0.8,-4.0,240.0,NotYet
30.0,4.1,11.9,-0.8,-4.0,250.0,NotYet
30.0,4.1,11.9,-0.8,-4.0,260.0,NotYet
30.0,4.1,11.9,-0.8,-4.0,270.0,NotYet
30.0,4.1,11.9,-0.8,-4.0,280.0,NotYet
30.0,4.1,11.9,-0.8,-4.0,290.0,NotYet
30.0,4.1,11.9,-0.8,-4.0,300.0,NotYet
30.0,4.1,11.9,-0.8,-4.0,310.0,NotYet
30.0,4.1,11.9,-0.8,-4.0,320.0,NotYet
30.0,4.1,11.9,-0.8,-4.0,330.0,NotYet
30.0,4.1,11.9,-0.8,-4.0,340.0,NotYet
30.0,4.1,11.9,-0.8,-4.0,350.0,NotYet
30.0,4.1,11.9,-0.8,-2.0,0.0,NotYet
30.0,4.1,11.9,-0.8,-2.0,10.0,NotYet
30.0,4.1,11.9,-0.8,-2.0,20.0,NotYet
30.0,4.1,11.9,-0.8,-2.0,30.0,NotYet
30.0,4.1,11.9,-0.8,-2.0,40.0,NotYet
30.0,4.1,11.9,-0.8,-2.0,50.0,NotYet
30.0,4.1,11.9,-0.8,-2.0,60.0,NotYet
30.0,4.1,11.9,-0.8,-2.0,70.0,NotYet
30.0,4.1,11.9,-0.8,-2.0,80.0,NotYet
30.0,4.1,11.9,-0.8,-2.0,90.0,NotYet
30.0,4.1,11.9,-0.8,-2.0,100.0,NotYet
30.0,4.1,11.9,-0.8,-2.0,110.0,NotYet
30.0,4.1,11.9,-0.8,-2.0,120.0,NotYet
30.0,4.1,11.9,-0.8,-2.0,130.0,NotYet
30.0,4.1,11.9,-0.8,-2.0,140.0,NotYet
30.0,4.1,11.9,-0.8,-2.0,150.0,NotYet
30.0,4.1,11.9,-0.8,-2.0,160.0,NotYet
30.0,4.1,11.9,-0.8,-2.0,170.0,NotYet
30.0,4.1,11.9,-0.8,-2.0,180.0,NotYet
30.0,4.1,11.9,-0.8,-2.0,190.0,NotYet
30.0,4.1,11.9,-0.8,-2.0,200.0,NotYet
30.0,4.1,11.9,-0.8,-2.0,210.0,NotYet
30.0,4.1,11.9,-0.8,-2.0,220.0,NotYet
30.0,4.1,11.9,-0.8,-2.0,230.0,NotYet
30.0,4.1,11.9,-0.8,-2.0,240.0,NotYet
30.0,4.1,11.9,-0.8,-2.0,250.0,NotYet
30.0,4.1,11.9,-0.8,-2.0,260.0,NotYet
30.0,4.1,11.9,-0.8,-2.0,270.0,NotYet
30.0,4.1,11.9,-0.8,-2.0,280.0,NotYet
30.0,4.1,11.9,-0.8,-2.0,290.0,NotYet
30.0,4.1,11.9,-0.8,-2.0,300.0,NotYet
30.0,4.1,11.9,-0.8,-2.0,310.0,NotYet
30.0,4.1,11.9,-0.8,-2.0,320.0,NotYet
30.0,4.1,11.9,-0.8,-2.0,330.0,NotYet
30.0,4.1,11.9,-0.8,-2.0,340.0,NotYet
30.0,4.1,11.9,-0.8,-2.0,350.0,NotYet
30.0,4.1,11.9,-0.8,0.0,0.0,NotYet
30.0,4.1,11.9,-0.8,0.0,10.0,NotYet
30.0,4.1,11.9,-0.8,0.0,20.0,NotYet
30.0,4.1,11.9,-0.8,0.0,30.0,NotYet
30.0,4.1,11.9,-0.8,0.0,40.0,NotYet
30.0,4.1,11.9,-0.8,0.0,50.0,NotYet
30.0,4.1,11.9,-0.8,0.0,60.0,NotYet
30.0,4.1,11.9,-0.8,0.0,70.0,NotYet
30.0,4.1,11.9,-0.8,0.0,80.0,NotYet
30.0,4.1,11.9,-0.8,0.0,90.0,NotYet
30.0,4.1,11.9,-0.8,0.0,100.0,NotYet
30.0,4.1,11.9,-0.8,0.0,110.0,NotYet
30.0,4.1,11.9,-0.8,0.0,120.0,NotYet
30.0,4.1,11.9,-0.8,0.0,130.0,NotYet
30.0,4.1,11.9,-0.8,0.0,140.0,NotYet
30.0,4.1,11.9,-0.8,0.0,150.0,NotYet
30.0,4.1,11.9,-0.8,0.0,160.0,NotYet
30.0,4.1,11.9,-0.8,0.0,170.0,NotYet
30.0,4.1,11.9,-0.8,0.0,180.0,NotYet
30.0,4.1,11.9,-0.8,0.0,190.0,NotYet
30.0,4.1,11.9,-0.8,0.0,200.0,NotYet
30.0,4.1,11.9,-0.8,0.0,210.0,NotYet
30.0,4.1,11.9,-0.8,0.0,220.0,NotYet
30.0,4.1,11.9,-0.8,0.0,230.0,NotYet
30.0,4.1,11.9,-0.8,0.0,240.0,NotYet
30.0,4.1,11.9,-0.8,0.0,250.0,NotYet
30.0,4.1,11.9,-0.8,0.0,260.0,NotYet
30.0,4.1,11.9,-0.8,0.0,270.0,NotYet
30.0,4.1,11.9,-0.8,0.0,280.0,NotYet
30.0,4.1,11.9,-0.8,0.0,290.0,NotYet
30.0,4.1,11.9,-0.8,0.0,300.0,NotYet
30.0,4.1,11.9,-0.8,0.0,310.0,NotYet
30.0,4.1,11.9,-0.8,0.0,320.0,NotYet
30.0,4.1,11.9,-0.8,0.0,330.0,NotYet
30.0,4.1,11.9,-0.8,0.0,340.0,NotYet
30.0,4.1,11.9,-0.8,0.0,350.0,NotYet
30.0,4.1,11.9,-0.8,2.0,0.0,NotYet
30.0,4.1,11.9,-0.8,2.0,10.0,NotYet
30.0,4.1,11.9,-0.8,2.0,20.0,NotYet
30.0,4.1,11.9,-0.8,2.0,30.0,NotYet
30.0,4.1,11.9,-0.8,2.0,40.0,NotYet
30.0,4.1,11.9,-0.8,2.0,50.0,NotYet
30.0,4.1,11.9,-0.8,2.0,60.0,NotYet
30.0,4.1,11.9,-0.8,2.0,70.0,NotYet
30.0,4.1,11.9,-0.8,2.0,80.0,NotYet
30.0,4.1,11.9,-0.8,2.0,90.0,NotYet
30.0,4.1,11.9,-0.8,2.0,100.0,NotYet
30.0,4.1,11.9,-0.8,2.0,110.0,NotYet
30.0,4.1,11.9,-0.8,2.0,120.0,NotYet
30.0,4.1,11.9,-0.8,2.0,130.0,NotYet
30.0,4.1,11.9,-0.8,2.0,140.0,NotYet
30.0,4.1,11.9,-0.8,2.0,150.0,NotYet
30.0,4.1,11.9,-0.8,2.0,160.0,NotYet
30.0,4.1,11.9,-0.8,2.0,170.0,NotYet
30.0,4.1,11.9,-0.8,2.0,180.0,NotYet
30.0,4.1,11.9,-0.8,2.0,190.0,NotYet
30.0,4.1,11.9,-0.8,2.0,200.0,NotYet
30.0,4.1,11.9,-0.8,2.0,210.0,NotYet
30.0,4.1,11.9,-0.8,2.0,220.0,NotYet
30.0,4.1,11.9,-0.8,2.0,230.0,NotYet
30.0,4.1,11.9,-0.8,2.0,240.0,NotYet
30.0,4.1,11.9,-0.8,2.0,250.0,NotYet
30.0,4.1,11.9,-0.8,2.0,260.0,NotYet
30.0,4.1,11.9,-0.8,2.0,270.0,NotYet
30.0,4.1,11.9,-0.8,2.0,280.0,NotYet
30.0,4.1,11.9,-0.8,2.0,290.0,NotYet
30.0,4.1,11.9,-0.8,2.0,300.0,NotYet
30.0,4.1,11.9,-0.8,2.0,310.0,NotYet
30.0,4.1,11.9,-0.8,2.0,320.0,NotYet
30.0,4.1,11.9,-0.8,2.0,330.0,NotYet
30.0,4.1,11.9,-0.8,2.0,340.0,NotYet
30.0,4.1,11.9,-0.8,2.0,350.0,NotYet
30.0,4.1,11.9,-0.8,4.0,0.0,NotYet
30.0,4.1,11.9,-0.8,4.0,10.0,NotYet
30.0,4.1,11.9,-0.8,4.0,20.0,NotYet
30.0,4.1,11.9,-0.8,4.0,30.0,NotYet
30.0,4.1,11.9,-0.8,4.0,40.0,NotYet
30.0,4.1,11.9,-0.8,4.0,50.0,NotYet
30.0,4.1,11.9,-0.8,4.0,60.0,NotYet
30.0,4.1,11.9,-0.8,4.0,70.0,NotYet
30.0,4.1,11.9,-0.8,4.0,80.0,NotYet
30.0,4.1,11.9,-0.8,4.0,90.0,NotYet
30.0,4.1,11.9,-0.8,4.0,100.0,NotYet
30.0,4.1,11.9,-0.8,4.0,110.0,NotYet
30.0,4.1,11.9,-0.8,4.0,120.0,NotYet
30.0,4.1,11.9,-0.8,4.0,130.0,NotYet
30.0,4.1,11.9,-0.8,4.0,140.0,NotYet
30.0,4.1,11.9,-0.8,4.0,150.0,NotYet
30.0,4.1,11.9,-0.8,4.0,160.0,NotYet
30.0,4.1,11.9,-0.8,4.0,170.0,NotYet
30.0,4.1,11.9,-0.8,4.0,180.0,NotYet
30.0,4.1,11.9,-0.8,4.0,190.0,NotYet
30.0,4.1,11.9,-0.8,4.0,200.0,NotYet
30.0,4.1,11.9,-0.8,4.0,210.0,NotYet
30.0,4.1,11.9,-0.8,4.0,220.0,NotYet
30.0,4.1,11.9,-0.8,4.0,230.0,NotYet
30.0,4.1,11.9,-0.8,4.0,240.0,NotYet
30.0,4.1,11.9,-0.8,4.0,250.0,NotYet
30.0,4.1,11.9,-0.8,4.0,260.0,NotYet
30.0,4.1,11.9,-0.8,4.0,270.0,NotYet
30.0,4.1,11.9,-0.8,4.0,280.0,NotYet
30.0,4.1,11.9,-0.8,4.0,290.0,NotYet
30.0,4.1,11.9,-0.8,4.0,300.0,NotYet
30.0,4.1,11.9,-0.8,4.0,310.0,NotYet
30.0,4.1,11.9,-0.8,4.0,320.0,NotYet
30.0,4.1,11.9,-0.8,4.0,330.0,NotYet
30.0,4.1,11.9,-0.8,4.0,340.0,NotYet
30.0,4.1,11.9,-0.8,4.0,350.0,NotYet
30.0,4.1,11.9,-0.8,6.0,0.0,NotYet
30.0,4.1,11.9,-0.8,6.0,10.0,NotYet
30.0,4.1,11.9,-0.8,6.0,20.0,NotYet
30.0,4.1,11.9,-0.8,6.0,30.0,NotYet
30.0,4.1,11.9,-0.8,6.0,40.0,NotYet
30.0,4.1,11.9,-0.8,6.0,50.0,NotYet
30.0,4.1,11.9,-0.8,6.0,60.0,NotYet
30.0,4.1,11.9,-0.8,6.0,70.0,NotYet
30.0,4.1,11.9,-0.8,6.0,80.0,NotYet
30.0,4.1,11.9,-0.8,6.0,90.0,NotYet
30.0,4.1,11.9,-0.8,6.0,100.0,NotYet
30.0,4.1,11.9,-0.8,6.0,110.0,NotYet
30.0,4.1,11.9,-0.8,6.0,120.0,NotYet
30.0,4.1,11.9,-0.8,6.0,130.0,NotYet
30.0,4.1,11.9,-0.8,6.0,140.0,NotYet
30.0,4.1,11.9,-0.8,6.0,150.0,NotYet
30.0,4.1,11.9,-0.8,6.0,160.0,NotYet
30.0,4.1,11.9,-0.8,6.0,170.0,NotYet
30.0,4.1,11.9,-0.8,6.0,180.0,NotYet
30.0,4.1,11.9,-0.8,6.0,190.0,NotYet
30.0,4.1,11.9,-0.8,6.0,200.0,NotYet
30.0,4.1,11.9,-0.8,6.0,210.0,NotYet
30.0,4.1,11.9,-0.8,6.0,220.0,NotYet
30.0,4.1,11.9,-0.8,6.0,230.0,NotYet
30.0,4.1,11.9,-0.8,6.0,240.0,NotYet
30.0,4.1,11.9,-0.8,6.0,250.0,NotYet
30.0,4.1,11.9,-0.8,6.0,260.0,NotYet
30.0,4.1,11.9,-0.8,6.0,270.0,NotYet
30.0,4.1,11.9,-0.8,6.0,280.0,NotYet
30.0,4.1,11.9,-0.8,6.0,290.0,NotYet
30.0,4.1,11.9,-0.8,6.0,300.0,NotYet
30.0,4.1,11.9,-0.8,6.0,310.0,NotYet
30.0,4.1,11.9,-0.8,6.0,320.0,NotYet
30.0,4.1,11.9,-0.8,6.0,330.0,NotYet
30.0,4.1,11.9,-0.8,6.0,340.0,NotYet
30.0,4.1,11.9,-0.8,6.0,350.0,NotYet
30.0,4.1,11.9,-0.8,8.0,0.0,NotYet
30.0,4.1,11.9,-0.8,8.0,10.0,NotYet
30.0,4.1,11.9,-0.8,8.0,20.0,NotYet
30.0,4.1,11.9,-0.8,8.0,30.0,NotYet
30.0,4.1,11.9,-0.8,8.0,40.0,NotYet
30.0,4.1,11.9,-0.8,8.0,50.0,NotYet
30.0,4.1,11.9,-0.8,8.0,60.0,NotYet
30.0,4.1,11.9,-0.8,8.0,70.0,NotYet
30.0,4.1,11.9,-0.8,8.0,80.0,NotYet
30.0,4.1,11.9,-0.8,8.0,90.0,NotYet
30.0,4.1,11.9,-0.8,8.0,100.0,NotYet
30.0,4.1,11.9,-0.8,8.0,110.0,NotYet
30.0,4.1,11.9,-0.8,8.0,120.0,NotYet
30.0,4.1,11.9,-0.8,8.0,130.0,NotYet
30.0,4.1,11.9,-0.8,8.0,140.0,NotYet
30.0,4.1,11.9,-0.8,8.0,150.0,NotYet
30.0,4.1,11.9,-0.8,8.0,160.0,NotYet
30.0,4.1,11.9,-0.8,8.0,170.0,NotYet
30.0,4.1,11.9,-0.8,8.0,180.0,NotYet
30.0,4.1,11.9,-0.8,8.0,190.0,NotYet
30.0,4.1,11.9,-0.8,8.0,200.0,NotYet
30.0,4.1,11.9,-0.8,8.0,210.0,NotYet
30.0,4.1,11.9,-0.8,8.0,220.0,NotYet
30.0,4.1,11.9,-0.8,8.0,230.0,NotYet
30.0,4.1,11.9,-0.8,8.0,240.0,NotYet
30.0,4.1,11.9,-0.8,8.0,250.0,NotYet
30.0,4.1,11.9,-0.8,8.0,260.0,NotYet
30.0,4.1,11.9,-0.8,8.0,270.0,NotYet
30.0,4.1,11.9,-0.8,8.0,280.0,NotYet
30.0,4.1,11.9,-0.8,8.0,290.0,NotYet
30.0,4.1,11.9,-0.8,8.0,300.0,NotYet
30.0,4.1,11.9,-0.8,8.0,310.0,NotYet
30.0,4.1,11.9,-0.8,8.0,320.0,NotYet
30.0,4.1,11.9,-0.8,8.0,330.0,NotYet
30.0,4.1,11.9,-0.8,8.0,340.0,NotYet
30.0,4.1,11.9,-0.8,8.0,350.0,NotYet
30.0,4.1,11.9,-0.8,10.0,0.0,NotYet
30.0,4.1,11.9,-0.8,10.0,10.0,NotYet
30.0,4.1,11.9,-0.8,10.0,20.0,NotYet
30.0,4.1,11.9,-0.8,10.0,30.0,NotYet
30.0,4.1,11.9,-0.8,10.0,40.0,NotYet
30.0,4.1,11.9,-0.8,10.0,50.0,NotYet
30.0,4.1,11.9,-0.8,10.0,60.0,NotYet
30.0,4.1,11.9,-0.8,10.0,70.0,NotYet
30.0,4.1,11.9,-0.8,10.0,80.0,NotYet
30.0,4.1,11.9,-0.8,10.0,90.0,NotYet
30.0,4.1,11.9,-0.8,10.0,100.0,NotYet
30.0,4.1,11.9,-0.8,10.0,110.0,NotYet
30.0,4.1,11.9,-0.8,10.0,120.0,NotYet
30.0,4.1,11.9,-0.8,10.0,130.0,NotYet
30.0,4.1,11.9,-0.8,10.0,140.0,NotYet
30.0,4.1,11.9,-0.8,10.0,150.0,NotYet
30.0,4.1,11.9,-0.8,10.0,160.0,NotYet
30.0,4.1,11.9,-0.8,10.0,170.0,NotYet
30.0,4.1,11.9,-0.8,10.0,180.0,NotYet
30.0,4.1,11.9,-0.8,10.0,190.0,NotYet
30.0,4.1,11.9,-0.8,10.0,200.0,NotYet
30.0,4.1,11.9,-0.8,10.0,210.0,NotYet
30.0,4.1,11.9,-0.8,10.0,220.0,NotYet
30.0,4.1,11.9,-0.8,10.0,230.0,NotYet
30.0,4.1,11.9,-0.8,10.0,240.0,NotYet
30.0,4.1,11.9,-0.8,10.0,250.0,NotYet
30.0,4.1,11.9,-0.8,10.0,260.0,NotYet
30.0,4.1,11.9,-0.8,10.0,270.0,NotYet
30.0,4.1,11.9,-0.8,10.0,280.0,NotYet
30.0,4.1,11.9,-0.8,10.0,290.0,NotYet
30.0,4.1,11.9,-0.8,10.0,300.0,NotYet
30.0,4.1,11.9,-0.8,10.0,310.0,NotYet
30.0,4.1,11.9,-0.8,10.0,320.0,NotYet
30.0,4.1,11.9,-0.8,10.0,330.0,NotYet
30.0,4.1,11.9,-0.8,10.0,340.0,NotYet
30.0,4.1,11.9,-0.8,10.0,350.0,NotYet
30.0,4.1,11.9,-0.8,12.0,0.0,NotYet
30.0,4.1,11.9,-0.8,12.0,10.0,NotYet
30.0,4.1,11.9,-0.8,12.0,20.0,NotYet
30.0,4.1,11.9,-0.8,12.0,30.0,NotYet
30.0,4.1,11.9,-0.8,12.0,40.0,NotYet
30.0,4.1,11.9,-0.8,12.0,50.0,NotYet
30.0,4.1,11.9,-0.8,12.0,60.0,NotYet
30.0,4.1,11.9,-0.8,12.0,70.0,NotYet
30.0,4.1,11.9,-0.8,12.0,80.0,NotYet
30.0,4.1,11.9,-0.8,12.0,90.0,NotYet
30.0,4.1,11.9,-0.8,12.0,100.0,NotYet
30.0,4.1,11.9,-0.8,12.0,110.0,NotYet
30.0,4.1,11.9,-0.8,12.0,120.0,NotYet
30.0,4.1,11.9,-0.8,12.0,130.0,NotYet
30.0,4.1,11.9,-0.8,12.0,140.0,NotYet
30.0,4.1,11.9,-0.8,12.0,150.0,NotYet
30.0,4.1,11.9,-0.8,12.0,160.0,NotYet
30.0,4.1,11.9,-0.8,12.0,170.0,NotYet
30.0,4.1,11.9,-0.8,12.0,180.0,NotYet
30.0,4.1,11.9,-0.8,12.0,190.0,NotYet
30.0,4.1,11.9,-0.8,12.0,200.0,NotYet
30.0,4.1,11.9,-0.8,12.0,210.0,NotYet
30.0,4.1,11.9,-0.8,12.0,220.0,NotYet
30.0,4.1,11.9,-0.8,12.0,230.0,NotYet
30.0,4.1,11.9,-0.8,12.0,240.0,NotYet
30.0,4.1,11.9,-0.8,12.0,250.0,NotYet
30.0,4.1,11.9,-0.8,12.0,260.0,NotYet
30.0,4.1,11.9,-0.8,12.0,270.0,NotYet
30.0,4.1,11.9,-0.8,12.0,280.0,NotYet
30.0,4.1,11.9,-0.8,12.0,290.0,NotYet
30.0,4.1,11.9,-0.8,12.0,300.0,NotYet
30.0,4.1,11.9,-0.8,12.0,310.0,NotYet
30.0,4.1,11.9,-0.8,12.0,320.0,NotYet
30.0,4.1,11.9,-0.8,12.0,330.0,NotYet
30.0,4.1,11.9,-0.8,12.0,340.0,NotYet
30.0,4.1,11.9,-0.8,12.0,350.0,NotYet
30.0,4.1,11.9,-0.8,14.0,0.0,NotYet
30.0,4.1,11.9,-0.8,14.0,10.0,NotYet
30.0,4.1,11.9,-0.8,14.0,20.0,NotYet
30.0,4.1,11.9,-0.8,14.0,30.0,NotYet
30.0,4.1,11.9,-0.8,14.0,40.0,NotYet
30.0,4.1,11.9,-0.8,14.0,50.0,NotYet
30.0,4.1,11.9,-0.8,14.0,60.0,NotYet
30.0,4.1,11.9,-0.8,14.0,70.0,NotYet
30.0,4.1,11.9,-0.8,14.0,80.0,NotYet
30.0,4.1,11.9,-0.8,14.0,90.0,NotYet
30.0,4.1,11.9,-0.8,14.0,100.0,NotYet
30.0,4.1,11.9,-0.8,14.0,110.0,NotYet
30.0,4.1,11.9,-0.8,14.0,120.0,NotYet
30.0,4.1,11.9,-0.8,14.0,130.0,NotYet
30.0,4.1,11.9,-0.8,14.0,140.0,NotYet
30.0,4.1,11.9,-0.8,14.0,150.0,NotYet
30.0,4.1,11.9,-0.8,14.0,160.0,NotYet
30.0,4.1,11.9,-0.8,14.0,170.0,NotYet
30.0,4.1,11.9,-0.8,14.0,180.0,NotYet
30.0,4.1,11.9,-0.8,14.0,190.0,NotYet
30.0,4.1,11.9,-0.8,14.0,200.0,NotYet
30.0,4.1,11.9,-0.8,14.0,210.0,NotYet
30.0,4.1,11.9,-0.8,14.0,220.0,NotYet
30.0,4.1,11.9,-0.8,14.0,230.0,NotYet
30.0,4.1,11.9,-0.8,14.0,240.0,NotYet
30.0,4.1,11.9,-0.8,14.0,250.0,NotYet
30.0,4.1,11.9,-0.8,14.0,260.0,NotYet
30.0,4.1,11.9,-0.8,14.0,270.0,NotYet
30.0,4.1,11.9,-0.8,14.0,280.0,NotYet
30.0,4.1,11.9,-0.8,14.0,290.0,NotYet
30.0,4.1,11.9,-0.8,14.0,300.0,NotYet
30.0,4.1,11.9,-0.8,14.0,310.0,NotYet
30.0,4.1,11.9,-0.8,14.0,320.0,NotYet
30.0,4.1,11.9,-0.8,14.0,330.0,NotYet
30.0,4.1,11.9,-0.8,14.0,340.0,NotYet
30.0,4.1,11.9,-0.8,14.0,350.0,NotYet
30.0,4.1,11.9,-0.6,-14.0,0.0,NotYet
30.0,4.1,11.9,-0.6,-14.0,10.0,NotYet
30.0,4.1,11.9,-0.6,-14.0,20.0,NotYet
30.0,4.1,11.9,-0.6,-14.0,30.0,NotYet
30.0,4.1,11.9,-0.6,-14.0,40.0,NotYet
30.0,4.1,11.9,-0.6,-14.0,50.0,NotYet
30.0,4.1,11.9,-0.6,-14.0,60.0,NotYet
30.0,4.1,11.9,-0.6,-14.0,70.0,NotYet
30.0,4.1,11.9,-0.6,-14.0,80.0,NotYet
30.0,4.1,11.9,-0.6,-14.0,90.0,NotYet
30.0,4.1,11.9,-0.6,-14.0,100.0,NotYet
30.0,4.1,11.9,-0.6,-14.0,110.0,NotYet
30.0,4.1,11.9,-0.6,-14.0,120.0,NotYet
30.0,4.1,11.9,-0.6,-14.0,130.0,NotYet
30.0,4.1,11.9,-0.6,-14.0,140.0,NotYet
30.0,4.1,11.9,-0.6,-14.0,150.0,NotYet
30.0,4.1,11.9,-0.6,-14.0,160.0,NotYet
30.0,4.1,11.9,-0.6,-14.0,170.0,NotYet
30.0,4.1,11.9,-0.6,-14.0,180.0,NotYet
30.0,4.1,11.9,-0.6,-14.0,190.0,NotYet
30.0,4.1,11.9,-0.6,-14.0,200.0,NotYet
30.0,4.1,11.9,-0.6,-14.0,210.0,NotYet
30.0,4.1,11.9,-0.6,-14.0,220.0,NotYet
30.0,4.1,11.9,-0.6,-14.0,230.0,NotYet
30.0,4.1,11.9,-0.6,-14.0,240.0,NotYet
30.0,4.1,11.9,-0.6,-14.0,250.0,NotYet
30.0,4.1,11.9,-0.6,-14.0,260.0,NotYet
30.0,4.1,11.9,-0.6,-14.0,270.0,NotYet
30.0,4.1,11.9,-0.6,-14.0,280.0,NotYet
30.0,4.1,11.9,-0.6,-14.0,290.0,NotYet
30.0,4.1,11.9,-0.6,-14.0,300.0,NotYet
30.0,4.1,11.9,-0.6,-14.0,310.0,NotYet
30.0,4.1,11.9,-0.6,-14.0,320.0,NotYet
30.0,4.1,11.9,-0.6,-14.0,330.0,NotYet
30.0,4.1,11.9,-0.6,-14.0,340.0,NotYet
30.0,4.1,11.9,-0.6,-14.0,350.0,NotYet
30.0,4.1,11.9,-0.6,-12.0,0.0,NotYet
30.0,4.1,11.9,-0.6,-12.0,10.0,NotYet
30.0,4.1,11.9,-0.6,-12.0,20.0,NotYet
30.0,4.1,11.9,-0.6,-12.0,30.0,NotYet
30.0,4.1,11.9,-0.6,-12.0,40.0,NotYet
30.0,4.1,11.9,-0.6,-12.0,50.0,NotYet
30.0,4.1,11.9,-0.6,-12.0,60.0,NotYet
30.0,4.1,11.9,-0.6,-12.0,70.0,NotYet
30.0,4.1,11.9,-0.6,-12.0,80.0,NotYet
30.0,4.1,11.9,-0.6,-12.0,90.0,NotYet
30.0,4.1,11.9,-0.6,-12.0,100.0,NotYet
30.0,4.1,11.9,-0.6,-12.0,110.0,NotYet
30.0,4.1,11.9,-0.6,-12.0,120.0,NotYet
30.0,4.1,11.9,-0.6,-12.0,130.0,NotYet
30.0,4.1,11.9,-0.6,-12.0,140.0,NotYet
30.0,4.1,11.9,-0.6,-12.0,150.0,NotYet
30.0,4.1,11.9,-0.6,-12.0,160.0,NotYet
30.0,4.1,11.9,-0.6,-12.0,170.0,NotYet
30.0,4.1,11.9,-0.6,-12.0,180.0,NotYet
30.0,4.1,11.9,-0.6,-12.0,190.0,NotYet
30.0,4.1,11.9,-0.6,-12.0,200.0,NotYet
30.0,4.1,11.9,-0.6,-12.0,210.0,NotYet
30.0,4.1,11.9,-0.6,-12.0,220.0,NotYet
30.0,4.1,11.9,-0.6,-12.0,230.0,NotYet
30.0,4.1,11.9,-0.6,-12.0,240.0,NotYet
30.0,4.1,11.9,-0.6,-12.0,250.0,NotYet
30.0,4.1,11.9,-0.6,-12.0,260.0,NotYet
30.0,4.1,11.9,-0.6,-12.0,270.0,NotYet
30.0,4.1,11.9,-0.6,-12.0,280.0,NotYet
30.0,4.1,11.9,-0.6,-12.0,290.0,NotYet
30.0,4.1,11.9,-0.6,-12.0,300.0,NotYet
30.0,4.1,11.9,-0.6,-12.0,310.0,NotYet
30.0,4.1,11.9,-0.6,-12.0,320.0,NotYet
30.0,4.1,11.9,-0.6,-12.0,330.0,NotYet
30.0,4.1,11.9,-0.6,-12.0,340.0,NotYet
30.0,4.1,11.9,-0.6,-12.0,350.0,NotYet
30.0,4.1,11.9,-0.6,-10.0,0.0,NotYet
30.0,4.1,11.9,-0.6,-10.0,10.0,NotYet
30.0,4.1,11.9,-0.6,-10.0,20.0,NotYet
30.0,4.1,11.9,-0.6,-10.0,30.0,NotYet
30.0,4.1,11.9,-0.6,-10.0,40.0,NotYet
30.0,4.1,11.9,-0.6,-10.0,50.0,NotYet
30.0,4.1,11.9,-0.6,-10.0,60.0,NotYet
30.0,4.1,11.9,-0.6,-10.0,70.0,NotYet
30.0,4.1,11.9,-0.6,-10.0,80.0,NotYet
30.0,4.1,11.9,-0.6,-10.0,90.0,NotYet
30.0,4.1,11.9,-0.6,-10.0,100.0,NotYet
30.0,4.1,11.9,-0.6,-10.0,110.0,NotYet
30.0,4.1,11.9,-0.6,-10.0,120.0,NotYet
30.0,4.1,11.9,-0.6,-10.0,130.0,NotYet
30.0,4.1,11.9,-0.6,-10.0,140.0,NotYet
30.0,4.1,11.9,-0.6,-10.0,150.0,NotYet
30.0,4.1,11.9,-0.6,-10.0,160.0,NotYet
30.0,4.1,11.9,-0.6,-10.0,170.0,NotYet
30.0,4.1,11.9,-0.6,-10.0,180.0,NotYet
30.0,4.1,11.9,-0.6,-10.0,190.0,NotYet
30.0,4.1,11.9,-0.6,-10.0,200.0,NotYet
30.0,4.1,11.9,-0.6,-10.0,210.0,NotYet
30.0,4.1,11.9,-0.6,-10.0,220.0,NotYet
30.0,4.1,11.9,-0.6,-10.0,230.0,NotYet
30.0,4.1,11.9,-0.6,-10.0,240.0,NotYet
30.0,4.1,11.9,-0.6,-10.0,250.0,NotYet
30.0,4.1,11.9,-0.6,-10.0,260.0,NotYet
30.0,4.1,11.9,-0.6,-10.0,270.0,NotYet
30.0,4.1,11.9,-0.6,-10.0,280.0,NotYet
30.0,4.1,11.9,-0.6,-10.0,290.0,NotYet
30.0,4.1,11.9,-0.6,-10.0,300.0,NotYet
30.0,4.1,11.9,-0.6,-10.0,310.0,NotYet
30.0,4.1,11.9,-0.6,-10.0,320.0,NotYet
30.0,4.1,11.9,-0.6,-10.0,330.0,NotYet
30.0,4.1,11.9,-0.6,-10.0,340.0,NotYet
30.0,4.1,11.9,-0.6,-10.0,350.0,NotYet
30.0,4.1,11.9,-0.6,-8.0,0.0,NotYet
30.0,4.1,11.9,-0.6,-8.0,10.0,NotYet
30.0,4.1,11.9,-0.6,-8.0,20.0,NotYet
30.0,4.1,11.9,-0.6,-8.0,30.0,NotYet
30.0,4.1,11.9,-0.6,-8.0,40.0,NotYet
30.0,4.1,11.9,-0.6,-8.0,50.0,NotYet
30.0,4.1,11.9,-0.6,-8.0,60.0,NotYet
30.0,4.1,11.9,-0.6,-8.0,70.0,NotYet
30.0,4.1,11.9,-0.6,-8.0,80.0,NotYet
30.0,4.1,11.9,-0.6,-8.0,90.0,NotYet
30.0,4.1,11.9,-0.6,-8.0,100.0,NotYet
30.0,4.1,11.9,-0.6,-8.0,110.0,NotYet
30.0,4.1,11.9,-0.6,-8.0,120.0,NotYet
30.0,4.1,11.9,-0.6,-8.0,130.0,NotYet
30.0,4.1,11.9,-0.6,-8.0,140.0,NotYet
30.0,4.1,11.9,-0.6,-8.0,150.0,NotYet
30.0,4.1,11.9,-0.6,-8.0,160.0,NotYet
30.0,4.1,11.9,-0.6,-8.0,170.0,NotYet
30.0,4.1,11.9,-0.6,-8.0,180.0,NotYet
30.0,4.1,11.9,-0.6,-8.0,190.0,NotYet
30.0,4.1,11.9,-0.6,-8.0,200.0,NotYet
30.0,4.1,11.9,-0.6,-8.0,210.0,NotYet
30.0,4.1,11.9,-0.6,-8.0,220.0,NotYet
30.0,4.1,11.9,-0.6,-8.0,230.0,NotYet
30.0,4.1,11.9,-0.6,-8.0,240.0,NotYet
30.0,4.1,11.9,-0.6,-8.0,250.0,NotYet
30.0,4.1,11.9,-0.6,-8.0,260.0,NotYet
30.0,4.1,11.9,-0.6,-8.0,270.0,NotYet
30.0,4.1,11.9,-0.6,-8.0,280.0,NotYet
30.0,4.1,11.9,-0.6,-8.0,290.0,NotYet
30.0,4.1,11.9,-0.6,-8.0,300.0,NotYet
30.0,4.1,11.9,-0.6,-8.0,310.0,NotYet
30.0,4.1,11.9,-0.6,-8.0,320.0,NotYet
30.0,4.1,11.9,-0.6,-8.0,330.0,NotYet
30.0,4.1,11.9,-0.6,-8.0,340.0,NotYet
30.0,4.1,11.9,-0.6,-8.0,350.0,NotYet
30.0,4.1,11.9,-0.6,-6.0,0.0,NotYet
30.0,4.1,11.9,-0.6,-6.0,10.0,NotYet
30.0,4.1,11.9,-0.6,-6.0,20.0,NotYet
30.0,4.1,11.9,-0.6,-6.0,30.0,NotYet
30.0,4.1,11.9,-0.6,-6.0,40.0,NotYet
30.0,4.1,11.9,-0.6,-6.0,50.0,NotYet
30.0,4.1,11.9,-0.6,-6.0,60.0,NotYet
30.0,4.1,11.9,-0.6,-6.0,70.0,NotYet
30.0,4.1,11.9,-0.6,-6.0,80.0,NotYet
30.0,4.1,11.9,-0.6,-6.0,90.0,NotYet
30.0,4.1,11.9,-0.6,-6.0,100.0,NotYet
30.0,4.1,11.9,-0.6,-6.0,110.0,NotYet
30.0,4.1,11.9,-0.6,-6.0,120.0,NotYet
30.0,4.1,11.9,-0.6,-6.0,130.0,NotYet
30.0,4.1,11.9,-0.6,-6.0,140.0,NotYet
30.0,4.1,11.9,-0.6,-6.0,150.0,NotYet
30.0,4.1,11.9,-0.6,-6.0,160.0,NotYet
30.0,4.1,11.9,-0.6,-6.0,170.0,NotYet
30.0,4.1,11.9,-0.6,-6.0,180.0,NotYet
30.0,4.1,11.9,-0.6,-6.0,190.0,NotYet
30.0,4.1,11.9,-0.6,-6.0,200.0,NotYet
30.0,4.1,11.9,-0.6,-6.0,210.0,NotYet
30.0,4.1,11.9,-0.6,-6.0,220.0,NotYet
30.0,4.1,11.9,-0.6,-6.0,230.0,NotYet
30.0,4.1,11.9,-0.6,-6.0,240.0,NotYet
30.0,4.1,11.9,-0.6,-6.0,250.0,NotYet
30.0,4.1,11.9,-0.6,-6.0,260.0,NotYet
30.0,4.1,11.9,-0.6,-6.0,270.0,NotYet
30.0,4.1,11.9,-0.6,-6.0,280.0,NotYet
30.0,4.1,11.9,-0.6,-6.0,290.0,NotYet
30.0,4.1,11.9,-0.6,-6.0,300.0,NotYet
30.0,4.1,11.9,-0.6,-6.0,310.0,NotYet
30.0,4.1,11.9,-0.6,-6.0,320.0,NotYet
30.0,4.1,11.9,-0.6,-6.0,330.0,NotYet
30.0,4.1,11.9,-0.6,-6.0,340.0,NotYet
30.0,4.1,11.9,-0.6,-6.0,350.0,NotYet
30.0,4.1,11.9,-0.6,-4.0,0.0,NotYet
30.0,4.1,11.9,-0.6,-4.0,10.0,NotYet
30.0,4.1,11.9,-0.6,-4.0,20.0,NotYet
30.0,4.1,11.9,-0.6,-4.0,30.0,NotYet
30.0,4.1,11.9,-0.6,-4.0,40.0,NotYet
30.0,4.1,11.9,-0.6,-4.0,50.0,NotYet
30.0,4.1,11.9,-0.6,-4.0,60.0,NotYet
30.0,4.1,11.9,-0.6,-4.0,70.0,NotYet
30.0,4.1,11.9,-0.6,-4.0,80.0,NotYet
30.0,4.1,11.9,-0.6,-4.0,90.0,NotYet
30.0,4.1,11.9,-0.6,-4.0,100.0,NotYet
30.0,4.1,11.9,-0.6,-4.0,110.0,NotYet
30.0,4.1,11.9,-0.6,-4.0,120.0,NotYet
30.0,4.1,11.9,-0.6,-4.0,130.0,NotYet
30.0,4.1,11.9,-0.6,-4.0,140.0,NotYet
30.0,4.1,11.9,-0.6,-4.0,150.0,NotYet
30.0,4.1,11.9,-0.6,-4.0,160.0,NotYet
30.0,4.1,11.9,-0.6,-4.0,170.0,NotYet
30.0,4.1,11.9,-0.6,-4.0,180.0,NotYet
30.0,4.1,11.9,-0.6,-4.0,190.0,NotYet
30.0,4.1,11.9,-0.6,-4.0,200.0,NotYet
30.0,4.1,11.9,-0.6,-4.0,210.0,NotYet
30.0,4.1,11.9,-0.6,-4.0,220.0,NotYet
30.0,4.1,11.9,-0.6,-4.0,230.0,NotYet
30.0,4.1,11.9,-0.6,-4.0,240.0,NotYet
30.0,4.1,11.9,-0.6,-4.0,250.0,NotYet
30.0,4.1,11.9,-0.6,-4.0,260.0,NotYet
30.0,4.1,11.9,-0.6,-4.0,270.0,NotYet
30.0,4.1,11.9,-0.6,-4.0,280.0,NotYet
30.0,4.1,11.9,-0.6,-4.0,290.0,NotYet
30.0,4.1,11.9,-0.6,-4.0,300.0,NotYet
30.0,4.1,11.9,-0.6,-4.0,310.0,NotYet
30.0,4.1,11.9,-0.6,-4.0,320.0,NotYet
30.0,4.1,11.9,-0.6,-4.0,330.0,NotYet
30.0,4.1,11.9,-0.6,-4.0,340.0,NotYet
30.0,4.1,11.9,-0.6,-4.0,350.0,NotYet
30.0,4.1,11.9,-0.6,-2.0,0.0,NotYet
30.0,4.1,11.9,-0.6,-2.0,10.0,NotYet
30.0,4.1,11.9,-0.6,-2.0,20.0,NotYet
30.0,4.1,11.9,-0.6,-2.0,30.0,NotYet
30.0,4.1,11.9,-0.6,-2.0,40.0,NotYet
30.0,4.1,11.9,-0.6,-2.0,50.0,NotYet
30.0,4.1,11.9,-0.6,-2.0,60.0,NotYet
30.0,4.1,11.9,-0.6,-2.0,70.0,NotYet
30.0,4.1,11.9,-0.6,-2.0,80.0,NotYet
30.0,4.1,11.9,-0.6,-2.0,90.0,NotYet
30.0,4.1,11.9,-0.6,-2.0,100.0,NotYet
30.0,4.1,11.9,-0.6,-2.0,110.0,NotYet
30.0,4.1,11.9,-0.6,-2.0,120.0,NotYet
30.0,4.1,11.9,-0.6,-2.0,130.0,NotYet
30.0,4.1,11.9,-0.6,-2.0,140.0,NotYet
30.0,4.1,11.9,-0.6,-2.0,150.0,NotYet
30.0,4.1,11.9,-0.6,-2.0,160.0,NotYet
30.0,4.1,11.9,-0.6,-2.0,170.0,NotYet
30.0,4.1,11.9,-0.6,-2.0,180.0,NotYet
30.0,4.1,11.9,-0.6,-2.0,190.0,NotYet
30.0,4.1,11.9,-0.6,-2.0,200.0,NotYet
30.0,4.1,11.9,-0.6,-2.0,210.0,NotYet
30.0,4.1,11.9,-0.6,-2.0,220.0,NotYet
30.0,4.1,11.9,-0.6,-2.0,230.0,NotYet
30.0,4.1,11.9,-0.6,-2.0,240.0,NotYet
30.0,4.1,11.9,-0.6,-2.0,250.0,NotYet
30.0,4.1,11.9,-0.6,-2.0,260.0,NotYet
30.0,4.1,11.9,-0.6,-2.0,270.0,NotYet
30.0,4.1,11.9,-0.6,-2.0,280.0,NotYet
30.0,4.1,11.9,-0.6,-2.0,290.0,NotYet
30.0,4.1,11.9,-0.6,-2.0,300.0,NotYet
30.0,4.1,11.9,-0.6,-2.0,310.0,NotYet
30.0,4.1,11.9,-0.6,-2.0,320.0,NotYet
30.0,4.1,11.9,-0.6,-2.0,330.0,NotYet
30.0,4.1,11.9,-0.6,-2.0,340.0,NotYet
30.0,4.1,11.9,-0.6,-2.0,350.0,NotYet
30.0,4.1,11.9,-0.6,0.0,0.0,NotYet
30.0,4.1,11.9,-0.6,0.0,10.0,NotYet
30.0,4.1,11.9,-0.6,0.0,20.0,NotYet
30.0,4.1,11.9,-0.6,0.0,30.0,NotYet
30.0,4.1,11.9,-0.6,0.0,40.0,NotYet
30.0,4.1,11.9,-0.6,0.0,50.0,NotYet
30.0,4.1,11.9,-0.6,0.0,60.0,NotYet
30.0,4.1,11.9,-0.6,0.0,70.0,NotYet
30.0,4.1,11.9,-0.6,0.0,80.0,NotYet
30.0,4.1,11.9,-0.6,0.0,90.0,NotYet
30.0,4.1,11.9,-0.6,0.0,100.0,NotYet
30.0,4.1,11.9,-0.6,0.0,110.0,NotYet
30.0,4.1,11.9,-0.6,0.0,120.0,NotYet
30.0,4.1,11.9,-0.6,0.0,130.0,NotYet
30.0,4.1,11.9,-0.6,0.0,140.0,NotYet
30.0,4.1,11.9,-0.6,0.0,150.0,NotYet
30.0,4.1,11.9,-0.6,0.0,160.0,NotYet
30.0,4.1,11.9,-0.6,0.0,170.0,NotYet
30.0,4.1,11.9,-0.6,0.0,180.0,NotYet
30.0,4.1,11.9,-0.6,0.0,190.0,NotYet
30.0,4.1,11.9,-0.6,0.0,200.0,NotYet
30.0,4.1,11.9,-0.6,0.0,210.0,NotYet
30.0,4.1,11.9,-0.6,0.0,220.0,NotYet
30.0,4.1,11.9,-0.6,0.0,230.0,NotYet
30.0,4.1,11.9,-0.6,0.0,240.0,NotYet
30.0,4.1,11.9,-0.6,0.0,250.0,NotYet
30.0,4.1,11.9,-0.6,0.0,260.0,NotYet
30.0,4.1,11.9,-0.6,0.0,270.0,NotYet
30.0,4.1,11.9,-0.6,0.0,280.0,NotYet
30.0,4.1,11.9,-0.6,0.0,290.0,NotYet
30.0,4.1,11.9,-0.6,0.0,300.0,NotYet
30.0,4.1,11.9,-0.6,0.0,310.0,NotYet
30.0,4.1,11.9,-0.6,0.0,320.0,NotYet
30.0,4.1,11.9,-0.6,0.0,330.0,NotYet
30.0,4.1,11.9,-0.6,0.0,340.0,NotYet
30.0,4.1,11.9,-0.6,0.0,350.0,NotYet
30.0,4.1,11.9,-0.6,2.0,0.0,NotYet
30.0,4.1,11.9,-0.6,2.0,10.0,NotYet
30.0,4.1,11.9,-0.6,2.0,20.0,NotYet
30.0,4.1,11.9,-0.6,2.0,30.0,NotYet
30.0,4.1,11.9,-0.6,2.0,40.0,NotYet
30.0,4.1,11.9,-0.6,2.0,50.0,NotYet
30.0,4.1,11.9,-0.6,2.0,60.0,NotYet
30.0,4.1,11.9,-0.6,2.0,70.0,NotYet
30.0,4.1,11.9,-0.6,2.0,80.0,NotYet
30.0,4.1,11.9,-0.6,2.0,90.0,NotYet
30.0,4.1,11.9,-0.6,2.0,100.0,NotYet
30.0,4.1,11.9,-0.6,2.0,110.0,NotYet
30.0,4.1,11.9,-0.6,2.0,120.0,NotYet
30.0,4.1,11.9,-0.6,2.0,130.0,NotYet
30.0,4.1,11.9,-0.6,2.0,140.0,NotYet
30.0,4.1,11.9,-0.6,2.0,150.0,NotYet
30.0,4.1,11.9,-0.6,2.0,160.0,NotYet
30.0,4.1,11.9,-0.6,2.0,170.0,NotYet
30.0,4.1,11.9,-0.6,2.0,180.0,NotYet
30.0,4.1,11.9,-0.6,2.0,190.0,NotYet
30.0,4.1,11.9,-0.6,2.0,200.0,NotYet
30.0,4.1,11.9,-0.6,2.0,210.0,NotYet
30.0,4.1,11.9,-0.6,2.0,220.0,NotYet
30.0,4.1,11.9,-0.6,2.0,230.0,NotYet
30.0,4.1,11.9,-0.6,2.0,240.0,NotYet
30.0,4.1,11.9,-0.6,2.0,250.0,NotYet
30.0,4.1,11.9,-0.6,2.0,260.0,NotYet
30.0,4.1,11.9,-0.6,2.0,270.0,NotYet
30.0,4.1,11.9,-0.6,2.0,280.0,NotYet
30.0,4.1,11.9,-0.6,2.0,290.0,NotYet
30.0,4.1,11.9,-0.6,2.0,300.0,NotYet
30.0,4.1,11.9,-0.6,2.0,310.0,NotYet
30.0,4.1,11.9,-0.6,2.0,320.0,NotYet
30.0,4.1,11.9,-0.6,2.0,330.0,NotYet
30.0,4.1,11.9,-0.6,2.0,340.0,NotYet
30.0,4.1,11.9,-0.6,2.0,350.0,NotYet
30.0,4.1,11.9,-0.6,4.0,0.0,NotYet
30.0,4.1,11.9,-0.6,4.0,10.0,NotYet
30.0,4.1,11.9,-0.6,4.0,20.0,NotYet
30.0,4.1,11.9,-0.6,4.0,30.0,NotYet
30.0,4.1,11.9,-0.6,4.0,40.0,NotYet
30.0,4.1,11.9,-0.6,4.0,50.0,NotYet
30.0,4.1,11.9,-0.6,4.0,60.0,NotYet
30.0,4.1,11.9,-0.6,4.0,70.0,NotYet
30.0,4.1,11.9,-0.6,4.0,80.0,NotYet
30.0,4.1,11.9,-0.6,4.0,90.0,NotYet
30.0,4.1,11.9,-0.6,4.0,100.0,NotYet
30.0,4.1,11.9,-0.6,4.0,110.0,NotYet
30.0,4.1,11.9,-0.6,4.0,120.0,NotYet
30.0,4.1,11.9,-0.6,4.0,130.0,NotYet
30.0,4.1,11.9,-0.6,4.0,140.0,NotYet
30.0,4.1,11.9,-0.6,4.0,150.0,NotYet
30.0,4.1,11.9,-0.6,4.0,160.0,NotYet
30.0,4.1,11.9,-0.6,4.0,170.0,NotYet
30.0,4.1,11.9,-0.6,4.0,180.0,NotYet
30.0,4.1,11.9,-0.6,4.0,190.0,NotYet
30.0,4.1,11.9,-0.6,4.0,200.0,NotYet
30.0,4.1,11.9,-0.6,4.0,210.0,NotYet
30.0,4.1,11.9,-0.6,4.0,220.0,NotYet
30.0,4.1,11.9,-0.6,4.0,230.0,NotYet
30.0,4.1,11.9,-0.6,4.0,240.0,NotYet
30.0,4.1,11.9,-0.6,4.0,250.0,NotYet
30.0,4.1,11.9,-0.6,4.0,260.0,NotYet
30.0,4.1,11.9,-0.6,4.0,270.0,NotYet
30.0,4.1,11.9,-0.6,4.0,280.0,NotYet
30.0,4.1,11.9,-0.6,4.0,290.0,NotYet
30.0,4.1,11.9,-0.6,4.0,300.0,NotYet
30.0,4.1,11.9,-0.6,4.0,310.0,NotYet
30.0,4.1,11.9,-0.6,4.0,320.0,NotYet
30.0,4.1,11.9,-0.6,4.0,330.0,NotYet
30.0,4.1,11.9,-0.6,4.0,340.0,NotYet
30.0,4.1,11.9,-0.6,4.0,350.0,NotYet
30.0,4.1,11.9,-0.6,6.0,0.0,NotYet
30.0,4.1,11.9,-0.6,6.0,10.0,NotYet
30.0,4.1,11.9,-0.6,6.0,20.0,NotYet
30.0,4.1,11.9,-0.6,6.0,30.0,NotYet
30.0,4.1,11.9,-0.6,6.0,40.0,NotYet
30.0,4.1,11.9,-0.6,6.0,50.0,NotYet
30.0,4.1,11.9,-0.6,6.0,60.0,NotYet
30.0,4.1,11.9,-0.6,6.0,70.0,NotYet
30.0,4.1,11.9,-0.6,6.0,80.0,NotYet
30.0,4.1,11.9,-0.6,6.0,90.0,NotYet
30.0,4.1,11.9,-0.6,6.0,100.0,NotYet
30.0,4.1,11.9,-0.6,6.0,110.0,NotYet
30.0,4.1,11.9,-0.6,6.0,120.0,NotYet
30.0,4.1,11.9,-0.6,6.0,130.0,NotYet
30.0,4.1,11.9,-0.6,6.0,140.0,NotYet
30.0,4.1,11.9,-0.6,6.0,150.0,NotYet
30.0,4.1,11.9,-0.6,6.0,160.0,NotYet
30.0,4.1,11.9,-0.6,6.0,170.0,NotYet
30.0,4.1,11.9,-0.6,6.0,180.0,NotYet
30.0,4.1,11.9,-0.6,6.0,190.0,NotYet
30.0,4.1,11.9,-0.6,6.0,200.0,NotYet
30.0,4.1,11.9,-0.6,6.0,210.0,NotYet
30.0,4.1,11.9,-0.6,6.0,220.0,NotYet
30.0,4.1,11.9,-0.6,6.0,230.0,NotYet
30.0,4.1,11.9,-0.6,6.0,240.0,NotYet
30.0,4.1,11.9,-0.6,6.0,250.0,NotYet
30.0,4.1,11.9,-0.6,6.0,260.0,NotYet
30.0,4.1,11.9,-0.6,6.0,270.0,NotYet
30.0,4.1,11.9,-0.6,6.0,280.0,NotYet
30.0,4.1,11.9,-0.6,6.0,290.0,NotYet
30.0,4.1,11.9,-0.6,6.0,300.0,NotYet
30.0,4.1,11.9,-0.6,6.0,310.0,NotYet
30.0,4.1,11.9,-0.6,6.0,320.0,NotYet
30.0,4.1,11.9,-0.6,6.0,330.0,NotYet
30.0,4.1,11.9,-0.6,6.0,340.0,NotYet
30.0,4.1,11.9,-0.6,6.0,350.0,NotYet
30.0,4.1,11.9,-0.6,8.0,0.0,NotYet
30.0,4.1,11.9,-0.6,8.0,10.0,NotYet
30.0,4.1,11.9,-0.6,8.0,20.0,NotYet
30.0,4.1,11.9,-0.6,8.0,30.0,NotYet
30.0,4.1,11.9,-0.6,8.0,40.0,NotYet
30.0,4.1,11.9,-0.6,8.0,50.0,NotYet
30.0,4.1,11.9,-0.6,8.0,60.0,NotYet
30.0,4.1,11.9,-0.6,8.0,70.0,NotYet
30.0,4.1,11.9,-0.6,8.0,80.0,NotYet
30.0,4.1,11.9,-0.6,8.0,90.0,NotYet
30.0,4.1,11.9,-0.6,8.0,100.0,NotYet
30.0,4.1,11.9,-0.6,8.0,110.0,NotYet
30.0,4.1,11.9,-0.6,8.0,120.0,NotYet
30.0,4.1,11.9,-0.6,8.0,130.0,NotYet
30.0,4.1,11.9,-0.6,8.0,140.0,NotYet
30.0,4.1,11.9,-0.6,8.0,150.0,NotYet
30.0,4.1,11.9,-0.6,8.0,160.0,NotYet
30.0,4.1,11.9,-0.6,8.0,170.0,NotYet
30.0,4.1,11.9,-0.6,8.0,180.0,NotYet
30.0,4.1,11.9,-0.6,8.0,190.0,NotYet
30.0,4.1,11.9,-0.6,8.0,200.0,NotYet
30.0,4.1,11.9,-0.6,8.0,210.0,NotYet
30.0,4.1,11.9,-0.6,8.0,220.0,NotYet
30.0,4.1,11.9,-0.6,8.0,230.0,NotYet
30.0,4.1,11.9,-0.6,8.0,240.0,NotYet
30.0,4.1,11.9,-0.6,8.0,250.0,NotYet
30.0,4.1,11.9,-0.6,8.0,260.0,NotYet
30.0,4.1,11.9,-0.6,8.0,270.0,NotYet
30.0,4.1,11.9,-0.6,8.0,280.0,NotYet
30.0,4.1,11.9,-0.6,8.0,290.0,NotYet
30.0,4.1,11.9,-0.6,8.0,300.0,NotYet
30.0,4.1,11.9,-0.6,8.0,310.0,NotYet
30.0,4.1,11.9,-0.6,8.0,320.0,NotYet
30.0,4.1,11.9,-0.6,8.0,330.0,NotYet
30.0,4.1,11.9,-0.6,8.0,340.0,NotYet
30.0,4.1,11.9,-0.6,8.0,350.0,NotYet
30.0,4.1,11.9,-0.6,10.0,0.0,NotYet
30.0,4.1,11.9,-0.6,10.0,10.0,NotYet
30.0,4.1,11.9,-0.6,10.0,20.0,NotYet
30.0,4.1,11.9,-0.6,10.0,30.0,NotYet
30.0,4.1,11.9,-0.6,10.0,40.0,NotYet
30.0,4.1,11.9,-0.6,10.0,50.0,NotYet
30.0,4.1,11.9,-0.6,10.0,60.0,NotYet
30.0,4.1,11.9,-0.6,10.0,70.0,NotYet
30.0,4.1,11.9,-0.6,10.0,80.0,NotYet
30.0,4.1,11.9,-0.6,10.0,90.0,NotYet
30.0,4.1,11.9,-0.6,10.0,100.0,NotYet
30.0,4.1,11.9,-0.6,10.0,110.0,NotYet
30.0,4.1,11.9,-0.6,10.0,120.0,NotYet
30.0,4.1,11.9,-0.6,10.0,130.0,NotYet
30.0,4.1,11.9,-0.6,10.0,140.0,NotYet
30.0,4.1,11.9,-0.6,10.0,150.0,NotYet
30.0,4.1,11.9,-0.6,10.0,160.0,NotYet
30.0,4.1,11.9,-0.6,10.0,170.0,NotYet
30.0,4.1,11.9,-0.6,10.0,180.0,NotYet
30.0,4.1,11.9,-0.6,10.0,190.0,NotYet
30.0,4.1,11.9,-0.6,10.0,200.0,NotYet
30.0,4.1,11.9,-0.6,10.0,210.0,NotYet
30.0,4.1,11.9,-0.6,10.0,220.0,NotYet
30.0,4.1,11.9,-0.6,10.0,230.0,NotYet
30.0,4.1,11.9,-0.6,10.0,240.0,NotYet
30.0,4.1,11.9,-0.6,10.0,250.0,NotYet
30.0,4.1,11.9,-0.6,10.0,260.0,NotYet
30.0,4.1,11.9,-0.6,10.0,270.0,NotYet
30.0,4.1,11.9,-0.6,10.0,280.0,NotYet
30.0,4.1,11.9,-0.6,10.0,290.0,NotYet
30.0,4.1,11.9,-0.6,10.0,300.0,NotYet
30.0,4.1,11.9,-0.6,10.0,310.0,NotYet
30.0,4.1,11.9,-0.6,10.0,320.0,NotYet
30.0,4.1,11.9,-0.6,10.0,330.0,NotYet
30.0,4.1,11.9,-0.6,10.0,340.0,NotYet
30.0,4.1,11.9,-0.6,10.0,350.0,NotYet
30.0,4.1,11.9,-0.6,12.0,0.0,NotYet
30.0,4.1,11.9,-0.6,12.0,10.0,NotYet
30.0,4.1,11.9,-0.6,12.0,20.0,NotYet
30.0,4.1,11.9,-0.6,12.0,30.0,NotYet
30.0,4.1,11.9,-0.6,12.0,40.0,NotYet
30.0,4.1,11.9,-0.6,12.0,50.0,NotYet
30.0,4.1,11.9,-0.6,12.0,60.0,NotYet
30.0,4.1,11.9,-0.6,12.0,70.0,NotYet
30.0,4.1,11.9,-0.6,12.0,80.0,NotYet
30.0,4.1,11.9,-0.6,12.0,90.0,NotYet
30.0,4.1,11.9,-0.6,12.0,100.0,NotYet
30.0,4.1,11.9,-0.6,12.0,110.0,NotYet
30.0,4.1,11.9,-0.6,12.0,120.0,NotYet
30.0,4.1,11.9,-0.6,12.0,130.0,NotYet
30.0,4.1,11.9,-0.6,12.0,140.0,NotYet
30.0,4.1,11.9,-0.6,12.0,150.0,NotYet
30.0,4.1,11.9,-0.6,12.0,160.0,NotYet
30.0,4.1,11.9,-0.6,12.0,170.0,NotYet
30.0,4.1,11.9,-0.6,12.0,180.0,NotYet
30.0,4.1,11.9,-0.6,12.0,190.0,NotYet
30.0,4.1,11.9,-0.6,12.0,200.0,NotYet
30.0,4.1,11.9,-0.6,12.0,210.0,NotYet
30.0,4.1,11.9,-0.6,12.0,220.0,NotYet
30.0,4.1,11.9,-0.6,12.0,230.0,NotYet
30.0,4.1,11.9,-0.6,12.0,240.0,NotYet
30.0,4.1,11.9,-0.6,12.0,250.0,NotYet
30.0,4.1,11.9,-0.6,12.0,260.0,NotYet
30.0,4.1,11.9,-0.6,12.0,270.0,NotYet
30.0,4.1,11.9,-0.6,12.0,280.0,NotYet
30.0,4.1,11.9,-0.6,12.0,290.0,NotYet
30.0,4.1,11.9,-0.6,12.0,300.0,NotYet
30.0,4.1,11.9,-0.6,12.0,310.0,NotYet
30.0,4.1,11.9,-0.6,12.0,320.0,NotYet
30.0,4.1,11.9,-0.6,12.0,330.0,NotYet
30.0,4.1,11.9,-0.6,12.0,340.0,NotYet
30.0,4.1,11.9,-0.6,12.0,350.0,NotYet
30.0,4.1,11.9,-0.6,14.0,0.0,NotYet
30.0,4.1,11.9,-0.6,14.0,10.0,NotYet
30.0,4.1,11.9,-0.6,14.0,20.0,NotYet
30.0,4.1,11.9,-0.6,14.0,30.0,NotYet
30.0,4.1,11.9,-0.6,14.0,40.0,NotYet
30.0,4.1,11.9,-0.6,14.0,50.0,NotYet
30.0,4.1,11.9,-0.6,14.0,60.0,NotYet
30.0,4.1,11.9,-0.6,14.0,70.0,NotYet
30.0,4.1,11.9,-0.6,14.0,80.0,NotYet
30.0,4.1,11.9,-0.6,14.0,90.0,NotYet
30.0,4.1,11.9,-0.6,14.0,100.0,NotYet
30.0,4.1,11.9,-0.6,14.0,110.0,NotYet
30.0,4.1,11.9,-0.6,14.0,120.0,NotYet
30.0,4.1,11.9,-0.6,14.0,130.0,NotYet
30.0,4.1,11.9,-0.6,14.0,140.0,NotYet
30.0,4.1,11.9,-0.6,14.0,150.0,NotYet
30.0,4.1,11.9,-0.6,14.0,160.0,NotYet
30.0,4.1,11.9,-0.6,14.0,170.0,NotYet
30.0,4.1,11.9,-0.6,14.0,180.0,NotYet
30.0,4.1,11.9,-0.6,14.0,190.0,NotYet
30.0,4.1,11.9,-0.6,14.0,200.0,NotYet
30.0,4.1,11.9,-0.6,14.0,210.0,NotYet
30.0,4.1,11.9,-0.6,14.0,220.0,NotYet
30.0,4.1,11.9,-0.6,14.0,230.0,NotYet
30.0,4.1,11.9,-0.6,14.0,240.0,NotYet
30.0,4.1,11.9,-0.6,14.0,250.0,NotYet
30.0,4.1,11.9,-0.6,14.0,260.0,NotYet
30.0,4.1,11.9,-0.6,14.0,270.0,NotYet
30.0,4.1,11.9,-0.6,14.0,280.0,NotYet
30.0,4.1,11.9,-0.6,14.0,290.0,NotYet
30.0,4.1,11.9,-0.6,14.0,300.0,NotYet
30.0,4.1,11.9,-0.6,14.0,310.0,NotYet
30.0,4.1,11.9,-0.6,14.0,320.0,NotYet
30.0,4.1,11.9,-0.6,14.0,330.0,NotYet
30.0,4.1,11.9,-0.6,14.0,340.0,NotYet
30.0,4.1,11.9,-0.6,14.0,350.0,NotYet
30.0,4.1,11.9,-0.4,-14.0,0.0,NotYet
30.0,4.1,11.9,-0.4,-14.0,10.0,NotYet
30.0,4.1,11.9,-0.4,-14.0,20.0,NotYet
30.0,4.1,11.9,-0.4,-14.0,30.0,NotYet
30.0,4.1,11.9,-0.4,-14.0,40.0,NotYet
30.0,4.1,11.9,-0.4,-14.0,50.0,NotYet
30.0,4.1,11.9,-0.4,-14.0,60.0,NotYet
30.0,4.1,11.9,-0.4,-14.0,70.0,NotYet
30.0,4.1,11.9,-0.4,-14.0,80.0,NotYet
30.0,4.1,11.9,-0.4,-14.0,90.0,NotYet
30.0,4.1,11.9,-0.4,-14.0,100.0,NotYet
30.0,4.1,11.9,-0.4,-14.0,110.0,NotYet
30.0,4.1,11.9,-0.4,-14.0,120.0,NotYet
30.0,4.1,11.9,-0.4,-14.0,130.0,NotYet
30.0,4.1,11.9,-0.4,-14.0,140.0,NotYet
30.0,4.1,11.9,-0.4,-14.0,150.0,NotYet
30.0,4.1,11.9,-0.4,-14.0,160.0,NotYet
30.0,4.1,11.9,-0.4,-14.0,170.0,NotYet
30.0,4.1,11.9,-0.4,-14.0,180.0,NotYet
30.0,4.1,11.9,-0.4,-14.0,190.0,NotYet
30.0,4.1,11.9,-0.4,-14.0,200.0,NotYet
30.0,4.1,11.9,-0.4,-14.0,210.0,NotYet
30.0,4.1,11.9,-0.4,-14.0,220.0,NotYet
30.0,4.1,11.9,-0.4,-14.0,230.0,NotYet
30.0,4.1,11.9,-0.4,-14.0,240.0,NotYet
30.0,4.1,11.9,-0.4,-14.0,250.0,NotYet
30.0,4.1,11.9,-0.4,-14.0,260.0,NotYet
30.0,4.1,11.9,-0.4,-14.0,270.0,NotYet
30.0,4.1,11.9,-0.4,-14.0,280.0,NotYet
30.0,4.1,11.9,-0.4,-14.0,290.0,NotYet
30.0,4.1,11.9,-0.4,-14.0,300.0,NotYet
30.0,4.1,11.9,-0.4,-14.0,310.0,NotYet
30.0,4.1,11.9,-0.4,-14.0,320.0,NotYet
30.0,4.1,11.9,-0.4,-14.0,330.0,NotYet
30.0,4.1,11.9,-0.4,-14.0,340.0,NotYet
30.0,4.1,11.9,-0.4,-14.0,350.0,NotYet
30.0,4.1,11.9,-0.4,-12.0,0.0,NotYet
30.0,4.1,11.9,-0.4,-12.0,10.0,NotYet
30.0,4.1,11.9,-0.4,-12.0,20.0,NotYet
30.0,4.1,11.9,-0.4,-12.0,30.0,NotYet
30.0,4.1,11.9,-0.4,-12.0,40.0,NotYet
30.0,4.1,11.9,-0.4,-12.0,50.0,NotYet
30.0,4.1,11.9,-0.4,-12.0,60.0,NotYet
30.0,4.1,11.9,-0.4,-12.0,70.0,NotYet
30.0,4.1,11.9,-0.4,-12.0,80.0,NotYet
30.0,4.1,11.9,-0.4,-12.0,90.0,NotYet
30.0,4.1,11.9,-0.4,-12.0,100.0,NotYet
30.0,4.1,11.9,-0.4,-12.0,110.0,NotYet
30.0,4.1,11.9,-0.4,-12.0,120.0,NotYet
30.0,4.1,11.9,-0.4,-12.0,130.0,NotYet
30.0,4.1,11.9,-0.4,-12.0,140.0,NotYet
30.0,4.1,11.9,-0.4,-12.0,150.0,NotYet
30.0,4.1,11.9,-0.4,-12.0,160.0,NotYet
30.0,4.1,11.9,-0.4,-12.0,170.0,NotYet
30.0,4.1,11.9,-0.4,-12.0,180.0,NotYet
30.0,4.1,11.9,-0.4,-12.0,190.0,NotYet
30.0,4.1,11.9,-0.4,-12.0,200.0,NotYet
30.0,4.1,11.9,-0.4,-12.0,210.0,NotYet
30.0,4.1,11.9,-0.4,-12.0,220.0,NotYet
30.0,4.1,11.9,-0.4,-12.0,230.0,NotYet
30.0,4.1,11.9,-0.4,-12.0,240.0,NotYet
30.0,4.1,11.9,-0.4,-12.0,250.0,NotYet
30.0,4.1,11.9,-0.4,-12.0,260.0,NotYet
30.0,4.1,11.9,-0.4,-12.0,270.0,NotYet
30.0,4.1,11.9,-0.4,-12.0,280.0,NotYet
30.0,4.1,11.9,-0.4,-12.0,290.0,NotYet
30.0,4.1,11.9,-0.4,-12.0,300.0,NotYet
30.0,4.1,11.9,-0.4,-12.0,310.0,NotYet
30.0,4.1,11.9,-0.4,-12.0,320.0,NotYet
30.0,4.1,11.9,-0.4,-12.0,330.0,NotYet
30.0,4.1,11.9,-0.4,-12.0,340.0,NotYet
30.0,4.1,11.9,-0.4,-12.0,350.0,NotYet
30.0,4.1,11.9,-0.4,-10.0,0.0,NotYet
30.0,4.1,11.9,-0.4,-10.0,10.0,NotYet
30.0,4.1,11.9,-0.4,-10.0,20.0,NotYet
30.0,4.1,11.9,-0.4,-10.0,30.0,NotYet
30.0,4.1,11.9,-0.4,-10.0,40.0,NotYet
30.0,4.1,11.9,-0.4,-10.0,50.0,NotYet
30.0,4.1,11.9,-0.4,-10.0,60.0,NotYet
30.0,4.1,11.9,-0.4,-10.0,70.0,NotYet
30.0,4.1,11.9,-0.4,-10.0,80.0,NotYet
30.0,4.1,11.9,-0.4,-10.0,90.0,NotYet
30.0,4.1,11.9,-0.4,-10.0,100.0,NotYet
30.0,4.1,11.9,-0.4,-10.0,110.0,NotYet
30.0,4.1,11.9,-0.4,-10.0,120.0,NotYet
30.0,4.1,11.9,-0.4,-10.0,130.0,NotYet
30.0,4.1,11.9,-0.4,-10.0,140.0,NotYet
30.0,4.1,11.9,-0.4,-10.0,150.0,NotYet
30.0,4.1,11.9,-0.4,-10.0,160.0,NotYet
30.0,4.1,11.9,-0.4,-10.0,170.0,NotYet
30.0,4.1,11.9,-0.4,-10.0,180.0,NotYet
30.0,4.1,11.9,-0.4,-10.0,190.0,NotYet
30.0,4.1,11.9,-0.4,-10.0,200.0,NotYet
30.0,4.1,11.9,-0.4,-10.0,210.0,NotYet
30.0,4.1,11.9,-0.4,-10.0,220.0,NotYet
30.0,4.1,11.9,-0.4,-10.0,230.0,NotYet
30.0,4.1,11.9,-0.4,-10.0,240.0,NotYet
30.0,4.1,11.9,-0.4,-10.0,250.0,NotYet
30.0,4.1,11.9,-0.4,-10.0,260.0,NotYet
30.0,4.1,11.9,-0.4,-10.0,270.0,NotYet
30.0,4.1,11.9,-0.4,-10.0,280.0,NotYet
30.0,4.1,11.9,-0.4,-10.0,290.0,NotYet
30.0,4.1,11.9,-0.4,-10.0,300.0,NotYet
30.0,4.1,11.9,-0.4,-10.0,310.0,NotYet
30.0,4.1,11.9,-0.4,-10.0,320.0,NotYet
30.0,4.1,11.9,-0.4,-10.0,330.0,NotYet
30.0,4.1,11.9,-0.4,-10.0,340.0,NotYet
30.0,4.1,11.9,-0.4,-10.0,350.0,NotYet
30.0,4.1,11.9,-0.4,-8.0,0.0,NotYet
30.0,4.1,11.9,-0.4,-8.0,10.0,NotYet
30.0,4.1,11.9,-0.4,-8.0,20.0,NotYet
30.0,4.1,11.9,-0.4,-8.0,30.0,NotYet
30.0,4.1,11.9,-0.4,-8.0,40.0,NotYet
30.0,4.1,11.9,-0.4,-8.0,50.0,NotYet
30.0,4.1,11.9,-0.4,-8.0,60.0,NotYet
30.0,4.1,11.9,-0.4,-8.0,70.0,NotYet
30.0,4.1,11.9,-0.4,-8.0,80.0,NotYet
30.0,4.1,11.9,-0.4,-8.0,90.0,NotYet
30.0,4.1,11.9,-0.4,-8.0,100.0,NotYet
30.0,4.1,11.9,-0.4,-8.0,110.0,NotYet
30.0,4.1,11.9,-0.4,-8.0,120.0,NotYet
30.0,4.1,11.9,-0.4,-8.0,130.0,NotYet
30.0,4.1,11.9,-0.4,-8.0,140.0,NotYet
30.0,4.1,11.9,-0.4,-8.0,150.0,NotYet
30.0,4.1,11.9,-0.4,-8.0,160.0,NotYet
30.0,4.1,11.9,-0.4,-8.0,170.0,NotYet
30.0,4.1,11.9,-0.4,-8.0,180.0,NotYet
30.0,4.1,11.9,-0.4,-8.0,190.0,NotYet
30.0,4.1,11.9,-0.4,-8.0,200.0,NotYet
30.0,4.1,11.9,-0.4,-8.0,210.0,NotYet
30.0,4.1,11.9,-0.4,-8.0,220.0,NotYet
30.0,4.1,11.9,-0.4,-8.0,230.0,NotYet
30.0,4.1,11.9,-0.4,-8.0,240.0,NotYet
30.0,4.1,11.9,-0.4,-8.0,250.0,NotYet
30.0,4.1,11.9,-0.4,-8.0,260.0,NotYet
30.0,4.1,11.9,-0.4,-8.0,270.0,NotYet
30.0,4.1,11.9,-0.4,-8.0,280.0,NotYet
30.0,4.1,11.9,-0.4,-8.0,290.0,NotYet
30.0,4.1,11.9,-0.4,-8.0,300.0,NotYet
30.0,4.1,11.9,-0.4,-8.0,310.0,NotYet
30.0,4.1,11.9,-0.4,-8.0,320.0,NotYet
30.0,4.1,11.9,-0.4,-8.0,330.0,NotYet
30.0,4.1,11.9,-0.4,-8.0,340.0,NotYet
30.0,4.1,11.9,-0.4,-8.0,350.0,NotYet
30.0,4.1,11.9,-0.4,-6.0,0.0,NotYet
30.0,4.1,11.9,-0.4,-6.0,10.0,NotYet
30.0,4.1,11.9,-0.4,-6.0,20.0,NotYet
30.0,4.1,11.9,-0.4,-6.0,30.0,NotYet
30.0,4.1,11.9,-0.4,-6.0,40.0,NotYet
30.0,4.1,11.9,-0.4,-6.0,50.0,NotYet
30.0,4.1,11.9,-0.4,-6.0,60.0,NotYet
30.0,4.1,11.9,-0.4,-6.0,70.0,NotYet
30.0,4.1,11.9,-0.4,-6.0,80.0,NotYet
30.0,4.1,11.9,-0.4,-6.0,90.0,NotYet
30.0,4.1,11.9,-0.4,-6.0,100.0,NotYet
30.0,4.1,11.9,-0.4,-6.0,110.0,NotYet
30.0,4.1,11.9,-0.4,-6.0,120.0,NotYet
30.0,4.1,11.9,-0.4,-6.0,130.0,NotYet
30.0,4.1,11.9,-0.4,-6.0,140.0,NotYet
30.0,4.1,11.9,-0.4,-6.0,150.0,NotYet
30.0,4.1,11.9,-0.4,-6.0,160.0,NotYet
30.0,4.1,11.9,-0.4,-6.0,170.0,NotYet
30.0,4.1,11.9,-0.4,-6.0,180.0,NotYet
30.0,4.1,11.9,-0.4,-6.0,190.0,NotYet
30.0,4.1,11.9,-0.4,-6.0,200.0,NotYet
30.0,4.1,11.9,-0.4,-6.0,210.0,NotYet
30.0,4.1,11.9,-0.4,-6.0,220.0,NotYet
30.0,4.1,11.9,-0.4,-6.0,230.0,NotYet
30.0,4.1,11.9,-0.4,-6.0,240.0,NotYet
30.0,4.1,11.9,-0.4,-6.0,250.0,NotYet
30.0,4.1,11.9,-0.4,-6.0,260.0,NotYet
30.0,4.1,11.9,-0.4,-6.0,270.0,NotYet
30.0,4.1,11.9,-0.4,-6.0,280.0,NotYet
30.0,4.1,11.9,-0.4,-6.0,290.0,NotYet
30.0,4.1,11.9,-0.4,-6.0,300.0,NotYet
30.0,4.1,11.9,-0.4,-6.0,310.0,NotYet
30.0,4.1,11.9,-0.4,-6.0,320.0,NotYet
30.0,4.1,11.9,-0.4,-6.0,330.0,NotYet
30.0,4.1,11.9,-0.4,-6.0,340.0,NotYet
30.0,4.1,11.9,-0.4,-6.0,350.0,NotYet
30.0,4.1,11.9,-0.4,-4.0,0.0,NotYet
30.0,4.1,11.9,-0.4,-4.0,10.0,NotYet
30.0,4.1,11.9,-0.4,-4.0,20.0,NotYet
30.0,4.1,11.9,-0.4,-4.0,30.0,NotYet
30.0,4.1,11.9,-0.4,-4.0,40.0,NotYet
30.0,4.1,11.9,-0.4,-4.0,50.0,NotYet
30.0,4.1,11.9,-0.4,-4.0,60.0,NotYet
30.0,4.1,11.9,-0.4,-4.0,70.0,NotYet
30.0,4.1,11.9,-0.4,-4.0,80.0,NotYet
30.0,4.1,11.9,-0.4,-4.0,90.0,NotYet
30.0,4.1,11.9,-0.4,-4.0,100.0,NotYet
30.0,4.1,11.9,-0.4,-4.0,110.0,NotYet
30.0,4.1,11.9,-0.4,-4.0,120.0,NotYet
30.0,4.1,11.9,-0.4,-4.0,130.0,NotYet
30.0,4.1,11.9,-0.4,-4.0,140.0,NotYet
30.0,4.1,11.9,-0.4,-4.0,150.0,NotYet
30.0,4.1,11.9,-0.4,-4.0,160.0,NotYet
30.0,4.1,11.9,-0.4,-4.0,170.0,NotYet
30.0,4.1,11.9,-0.4,-4.0,180.0,NotYet
30.0,4.1,11.9,-0.4,-4.0,190.0,NotYet
30.0,4.1,11.9,-0.4,-4.0,200.0,NotYet
30.0,4.1,11.9,-0.4,-4.0,210.0,NotYet
30.0,4.1,11.9,-0.4,-4.0,220.0,NotYet
30.0,4.1,11.9,-0.4,-4.0,230.0,NotYet
30.0,4.1,11.9,-0.4,-4.0,240.0,NotYet
30.0,4.1,11.9,-0.4,-4.0,250.0,NotYet
30.0,4.1,11.9,-0.4,-4.0,260.0,NotYet
30.0,4.1,11.9,-0.4,-4.0,270.0,NotYet
30.0,4.1,11.9,-0.4,-4.0,280.0,NotYet
30.0,4.1,11.9,-0.4,-4.0,290.0,NotYet
30.0,4.1,11.9,-0.4,-4.0,300.0,NotYet
30.0,4.1,11.9,-0.4,-4.0,310.0,NotYet
30.0,4.1,11.9,-0.4,-4.0,320.0,NotYet
30.0,4.1,11.9,-0.4,-4.0,330.0,NotYet
30.0,4.1,11.9,-0.4,-4.0,340.0,NotYet
30.0,4.1,11.9,-0.4,-4.0,350.0,NotYet
30.0,4.1,11.9,-0.4,-2.0,0.0,NotYet
30.0,4.1,11.9,-0.4,-2.0,10.0,NotYet
30.0,4.1,11.9,-0.4,-2.0,20.0,NotYet
30.0,4.1,11.9,-0.4,-2.0,30.0,NotYet
30.0,4.1,11.9,-0.4,-2.0,40.0,NotYet
30.0,4.1,11.9,-0.4,-2.0,50.0,NotYet
30.0,4.1,11.9,-0.4,-2.0,60.0,NotYet
30.0,4.1,11.9,-0.4,-2.0,70.0,NotYet
30.0,4.1,11.9,-0.4,-2.0,80.0,NotYet
30.0,4.1,11.9,-0.4,-2.0,90.0,NotYet
30.0,4.1,11.9,-0.4,-2.0,100.0,NotYet
30.0,4.1,11.9,-0.4,-2.0,110.0,NotYet
30.0,4.1,11.9,-0.4,-2.0,120.0,NotYet
30.0,4.1,11.9,-0.4,-2.0,130.0,NotYet
30.0,4.1,11.9,-0.4,-2.0,140.0,NotYet
30.0,4.1,11.9,-0.4,-2.0,150.0,NotYet
30.0,4.1,11.9,-0.4,-2.0,160.0,NotYet
30.0,4.1,11.9,-0.4,-2.0,170.0,NotYet
30.0,4.1,11.9,-0.4,-2.0,180.0,NotYet
30.0,4.1,11.9,-0.4,-2.0,190.0,NotYet
30.0,4.1,11.9,-0.4,-2.0,200.0,NotYet
30.0,4.1,11.9,-0.4,-2.0,210.0,NotYet
30.0,4.1,11.9,-0.4,-2.0,220.0,NotYet
30.0,4.1,11.9,-0.4,-2.0,230.0,NotYet
30.0,4.1,11.9,-0.4,-2.0,240.0,NotYet
30.0,4.1,11.9,-0.4,-2.0,250.0,NotYet
30.0,4.1,11.9,-0.4,-2.0,260.0,NotYet
30.0,4.1,11.9,-0.4,-2.0,270.0,NotYet
30.0,4.1,11.9,-0.4,-2.0,280.0,NotYet
30.0,4.1,11.9,-0.4,-2.0,290.0,NotYet
30.0,4.1,11.9,-0.4,-2.0,300.0,NotYet
30.0,4.1,11.9,-0.4,-2.0,310.0,NotYet
30.0,4.1,11.9,-0.4,-2.0,320.0,NotYet
30.0,4.1,11.9,-0.4,-2.0,330.0,NotYet
30.0,4.1,11.9,-0.4,-2.0,340.0,NotYet
30.0,4.1,11.9,-0.4,-2.0,350.0,NotYet
30.0,4.1,11.9,-0.4,0.0,0.0,NotYet
30.0,4.1,11.9,-0.4,0.0,10.0,NotYet
30.0,4.1,11.9,-0.4,0.0,20.0,NotYet
30.0,4.1,11.9,-0.4,0.0,30.0,NotYet
30.0,4.1,11.9,-0.4,0.0,40.0,NotYet
30.0,4.1,11.9,-0.4,0.0,50.0,NotYet
30.0,4.1,11.9,-0.4,0.0,60.0,NotYet
30.0,4.1,11.9,-0.4,0.0,70.0,NotYet
30.0,4.1,11.9,-0.4,0.0,80.0,NotYet
30.0,4.1,11.9,-0.4,0.0,90.0,NotYet
30.0,4.1,11.9,-0.4,0.0,100.0,NotYet
30.0,4.1,11.9,-0.4,0.0,110.0,NotYet
30.0,4.1,11.9,-0.4,0.0,120.0,NotYet
30.0,4.1,11.9,-0.4,0.0,130.0,NotYet
30.0,4.1,11.9,-0.4,0.0,140.0,NotYet
30.0,4.1,11.9,-0.4,0.0,150.0,NotYet
30.0,4.1,11.9,-0.4,0.0,160.0,NotYet
30.0,4.1,11.9,-0.4,0.0,170.0,NotYet
30.0,4.1,11.9,-0.4,0.0,180.0,NotYet
30.0,4.1,11.9,-0.4,0.0,190.0,NotYet
30.0,4.1,11.9,-0.4,0.0,200.0,NotYet
30.0,4.1,11.9,-0.4,0.0,210.0,NotYet
30.0,4.1,11.9,-0.4,0.0,220.0,NotYet
30.0,4.1,11.9,-0.4,0.0,230.0,NotYet
30.0,4.1,11.9,-0.4,0.0,240.0,NotYet
30.0,4.1,11.9,-0.4,0.0,250.0,NotYet
30.0,4.1,11.9,-0.4,0.0,260.0,NotYet
30.0,4.1,11.9,-0.4,0.0,270.0,NotYet
30.0,4.1,11.9,-0.4,0.0,280.0,NotYet
30.0,4.1,11.9,-0.4,0.0,290.0,NotYet
30.0,4.1,11.9,-0.4,0.0,300.0,NotYet
30.0,4.1,11.9,-0.4,0.0,310.0,NotYet
30.0,4.1,11.9,-0.4,0.0,320.0,NotYet
30.0,4.1,11.9,-0.4,0.0,330.0,NotYet
30.0,4.1,11.9,-0.4,0.0,340.0,NotYet
30.0,4.1,11.9,-0.4,0.0,350.0,NotYet
30.0,4.1,11.9,-0.4,2.0,0.0,NotYet
30.0,4.1,11.9,-0.4,2.0,10.0,NotYet
30.0,4.1,11.9,-0.4,2.0,20.0,NotYet
30.0,4.1,11.9,-0.4,2.0,30.0,NotYet
30.0,4.1,11.9,-0.4,2.0,40.0,NotYet
30.0,4.1,11.9,-0.4,2.0,50.0,NotYet
30.0,4.1,11.9,-0.4,2.0,60.0,NotYet
30.0,4.1,11.9,-0.4,2.0,70.0,NotYet
30.0,4.1,11.9,-0.4,2.0,80.0,NotYet
30.0,4.1,11.9,-0.4,2.0,90.0,NotYet
30.0,4.1,11.9,-0.4,2.0,100.0,NotYet
30.0,4.1,11.9,-0.4,2.0,110.0,NotYet
30.0,4.1,11.9,-0.4,2.0,120.0,NotYet
30.0,4.1,11.9,-0.4,2.0,130.0,NotYet
30.0,4.1,11.9,-0.4,2.0,140.0,NotYet
30.0,4.1,11.9,-0.4,2.0,150.0,NotYet
30.0,4.1,11.9,-0.4,2.0,160.0,NotYet
30.0,4.1,11.9,-0.4,2.0,170.0,NotYet
30.0,4.1,11.9,-0.4,2.0,180.0,NotYet
30.0,4.1,11.9,-0.4,2.0,190.0,NotYet
30.0,4.1,11.9,-0.4,2.0,200.0,NotYet
30.0,4.1,11.9,-0.4,2.0,210.0,NotYet
30.0,4.1,11.9,-0.4,2.0,220.0,NotYet
30.0,4.1,11.9,-0.4,2.0,230.0,NotYet
30.0,4.1,11.9,-0.4,2.0,240.0,NotYet
30.0,4.1,11.9,-0.4,2.0,250.0,NotYet
30.0,4.1,11.9,-0.4,2.0,260.0,NotYet
30.0,4.1,11.9,-0.4,2.0,270.0,NotYet
30.0,4.1,11.9,-0.4,2.0,280.0,NotYet
30.0,4.1,11.9,-0.4,2.0,290.0,NotYet
30.0,4.1,11.9,-0.4,2.0,300.0,NotYet
30.0,4.1,11.9,-0.4,2.0,310.0,NotYet
30.0,4.1,11.9,-0.4,2.0,320.0,NotYet
30.0,4.1,11.9,-0.4,2.0,330.0,NotYet
30.0,4.1,11.9,-0.4,2.0,340.0,NotYet
30.0,4.1,11.9,-0.4,2.0,350.0,NotYet
30.0,4.1,11.9,-0.4,4.0,0.0,NotYet
30.0,4.1,11.9,-0.4,4.0,10.0,NotYet
30.0,4.1,11.9,-0.4,4.0,20.0,NotYet
30.0,4.1,11.9,-0.4,4.0,30.0,NotYet
30.0,4.1,11.9,-0.4,4.0,40.0,NotYet
30.0,4.1,11.9,-0.4,4.0,50.0,NotYet
30.0,4.1,11.9,-0.4,4.0,60.0,NotYet
30.0,4.1,11.9,-0.4,4.0,70.0,NotYet
30.0,4.1,11.9,-0.4,4.0,80.0,NotYet
30.0,4.1,11.9,-0.4,4.0,90.0,NotYet
30.0,4.1,11.9,-0.4,4.0,100.0,NotYet
30.0,4.1,11.9,-0.4,4.0,110.0,NotYet
30.0,4.1,11.9,-0.4,4.0,120.0,NotYet
30.0,4.1,11.9,-0.4,4.0,130.0,NotYet
30.0,4.1,11.9,-0.4,4.0,140.0,NotYet
30.0,4.1,11.9,-0.4,4.0,150.0,NotYet
30.0,4.1,11.9,-0.4,4.0,160.0,NotYet
30.0,4.1,11.9,-0.4,4.0,170.0,NotYet
30.0,4.1,11.9,-0.4,4.0,180.0,NotYet
30.0,4.1,11.9,-0.4,4.0,190.0,NotYet
30.0,4.1,11.9,-0.4,4.0,200.0,NotYet
30.0,4.1,11.9,-0.4,4.0,210.0,NotYet
30.0,4.1,11.9,-0.4,4.0,220.0,NotYet
30.0,4.1,11.9,-0.4,4.0,230.0,NotYet
30.0,4.1,11.9,-0.4,4.0,240.0,NotYet
30.0,4.1,11.9,-0.4,4.0,250.0,NotYet
30.0,4.1,11.9,-0.4,4.0,260.0,NotYet
30.0,4.1,11.9,-0.4,4.0,270.0,NotYet
30.0,4.1,11.9,-0.4,4.0,280.0,NotYet
30.0,4.1,11.9,-0.4,4.0,290.0,NotYet
30.0,4.1,11.9,-0.4,4.0,300.0,NotYet
30.0,4.1,11.9,-0.4,4.0,310.0,NotYet
30.0,4.1,11.9,-0.4,4.0,320.0,NotYet
30.0,4.1,11.9,-0.4,4.0,330.0,NotYet
30.0,4.1,11.9,-0.4,4.0,340.0,NotYet
30.0,4.1,11.9,-0.4,4.0,350.0,NotYet
30.0,4.1,11.9,-0.4,6.0,0.0,NotYet
30.0,4.1,11.9,-0.4,6.0,10.0,NotYet
30.0,4.1,11.9,-0.4,6.0,20.0,NotYet
30.0,4.1,11.9,-0.4,6.0,30.0,NotYet
30.0,4.1,11.9,-0.4,6.0,40.0,NotYet
30.0,4.1,11.9,-0.4,6.0,50.0,NotYet
30.0,4.1,11.9,-0.4,6.0,60.0,NotYet
30.0,4.1,11.9,-0.4,6.0,70.0,NotYet
30.0,4.1,11.9,-0.4,6.0,80.0,NotYet
30.0,4.1,11.9,-0.4,6.0,90.0,NotYet
30.0,4.1,11.9,-0.4,6.0,100.0,NotYet
30.0,4.1,11.9,-0.4,6.0,110.0,NotYet
30.0,4.1,11.9,-0.4,6.0,120.0,NotYet
30.0,4.1,11.9,-0.4,6.0,130.0,NotYet
30.0,4.1,11.9,-0.4,6.0,140.0,NotYet
30.0,4.1,11.9,-0.4,6.0,150.0,NotYet
30.0,4.1,11.9,-0.4,6.0,160.0,NotYet
30.0,4.1,11.9,-0.4,6.0,170.0,NotYet
30.0,4.1,11.9,-0.4,6.0,180.0,NotYet
30.0,4.1,11.9,-0.4,6.0,190.0,NotYet
30.0,4.1,11.9,-0.4,6.0,200.0,NotYet
30.0,4.1,11.9,-0.4,6.0,210.0,NotYet
30.0,4.1,11.9,-0.4,6.0,220.0,NotYet
30.0,4.1,11.9,-0.4,6.0,230.0,NotYet
30.0,4.1,11.9,-0.4,6.0,240.0,NotYet
30.0,4.1,11.9,-0.4,6.0,250.0,NotYet
30.0,4.1,11.9,-0.4,6.0,260.0,NotYet
30.0,4.1,11.9,-0.4,6.0,270.0,NotYet
30.0,4.1,11.9,-0.4,6.0,280.0,NotYet
30.0,4.1,11.9,-0.4,6.0,290.0,NotYet
30.0,4.1,11.9,-0.4,6.0,300.0,NotYet
30.0,4.1,11.9,-0.4,6.0,310.0,NotYet
30.0,4.1,11.9,-0.4,6.0,320.0,NotYet
30.0,4.1,11.9,-0.4,6.0,330.0,NotYet
30.0,4.1,11.9,-0.4,6.0,340.0,NotYet
30.0,4.1,11.9,-0.4,6.0,350.0,NotYet
30.0,4.1,11.9,-0.4,8.0,0.0,NotYet
30.0,4.1,11.9,-0.4,8.0,10.0,NotYet
30.0,4.1,11.9,-0.4,8.0,20.0,NotYet
30.0,4.1,11.9,-0.4,8.0,30.0,NotYet
30.0,4.1,11.9,-0.4,8.0,40.0,NotYet
30.0,4.1,11.9,-0.4,8.0,50.0,NotYet
30.0,4.1,11.9,-0.4,8.0,60.0,NotYet
30.0,4.1,11.9,-0.4,8.0,70.0,NotYet
30.0,4.1,11.9,-0.4,8.0,80.0,NotYet
30.0,4.1,11.9,-0.4,8.0,90.0,NotYet
30.0,4.1,11.9,-0.4,8.0,100.0,NotYet
30.0,4.1,11.9,-0.4,8.0,110.0,NotYet
30.0,4.1,11.9,-0.4,8.0,120.0,NotYet
30.0,4.1,11.9,-0.4,8.0,130.0,NotYet
30.0,4.1,11.9,-0.4,8.0,140.0,NotYet
30.0,4.1,11.9,-0.4,8.0,150.0,NotYet
30.0,4.1,11.9,-0.4,8.0,160.0,NotYet
30.0,4.1,11.9,-0.4,8.0,170.0,NotYet
30.0,4.1,11.9,-0.4,8.0,180.0,NotYet
30.0,4.1,11.9,-0.4,8.0,190.0,NotYet
30.0,4.1,11.9,-0.4,8.0,200.0,NotYet
30.0,4.1,11.9,-0.4,8.0,210.0,NotYet
30.0,4.1,11.9,-0.4,8.0,220.0,NotYet
30.0,4.1,11.9,-0.4,8.0,230.0,NotYet
30.0,4.1,11.9,-0.4,8.0,240.0,NotYet
30.0,4.1,11.9,-0.4,8.0,250.0,NotYet
30.0,4.1,11.9,-0.4,8.0,260.0,NotYet
30.0,4.1,11.9,-0.4,8.0,270.0,NotYet
30.0,4.1,11.9,-0.4,8.0,280.0,NotYet
30.0,4.1,11.9,-0.4,8.0,290.0,NotYet
30.0,4.1,11.9,-0.4,8.0,300.0,NotYet
30.0,4.1,11.9,-0.4,8.0,310.0,NotYet
30.0,4.1,11.9,-0.4,8.0,320.0,NotYet
30.0,4.1,11.9,-0.4,8.0,330.0,NotYet
30.0,4.1,11.9,-0.4,8.0,340.0,NotYet
30.0,4.1,11.9,-0.4,8.0,350.0,NotYet
30.0,4.1,11.9,-0.4,10.0,0.0,NotYet
30.0,4.1,11.9,-0.4,10.0,10.0,NotYet
30.0,4.1,11.9,-0.4,10.0,20.0,NotYet
30.0,4.1,11.9,-0.4,10.0,30.0,NotYet
30.0,4.1,11.9,-0.4,10.0,40.0,NotYet
30.0,4.1,11.9,-0.4,10.0,50.0,NotYet
30.0,4.1,11.9,-0.4,10.0,60.0,NotYet
30.0,4.1,11.9,-0.4,10.0,70.0,NotYet
30.0,4.1,11.9,-0.4,10.0,80.0,NotYet
30.0,4.1,11.9,-0.4,10.0,90.0,NotYet
30.0,4.1,11.9,-0.4,10.0,100.0,NotYet
30.0,4.1,11.9,-0.4,10.0,110.0,NotYet
30.0,4.1,11.9,-0.4,10.0,120.0,NotYet
30.0,4.1,11.9,-0.4,10.0,130.0,NotYet
30.0,4.1,11.9,-0.4,10.0,140.0,NotYet
30.0,4.1,11.9,-0.4,10.0,150.0,NotYet
30.0,4.1,11.9,-0.4,10.0,160.0,NotYet
30.0,4.1,11.9,-0.4,10.0,170.0,NotYet
30.0,4.1,11.9,-0.4,10.0,180.0,NotYet
30.0,4.1,11.9,-0.4,10.0,190.0,NotYet
30.0,4.1,11.9,-0.4,10.0,200.0,NotYet
30.0,4.1,11.9,-0.4,10.0,210.0,NotYet
30.0,4.1,11.9,-0.4,10.0,220.0,NotYet
30.0,4.1,11.9,-0.4,10.0,230.0,NotYet
30.0,4.1,11.9,-0.4,10.0,240.0,NotYet
30.0,4.1,11.9,-0.4,10.0,250.0,NotYet
30.0,4.1,11.9,-0.4,10.0,260.0,NotYet
30.0,4.1,11.9,-0.4,10.0,270.0,NotYet
30.0,4.1,11.9,-0.4,10.0,280.0,NotYet
30.0,4.1,11.9,-0.4,10.0,290.0,NotYet
30.0,4.1,11.9,-0.4,10.0,300.0,NotYet
30.0,4.1,11.9,-0.4,10.0,310.0,NotYet
30.0,4.1,11.9,-0.4,10.0,320.0,NotYet
30.0,4.1,11.9,-0.4,10.0,330.0,NotYet
30.0,4.1,11.9,-0.4,10.0,340.0,NotYet
30.0,4.1,11.9,-0.4,10.0,350.0,NotYet
30.0,4.1,11.9,-0.4,12.0,0.0,NotYet
30.0,4.1,11.9,-0.4,12.0,10.0,NotYet
30.0,4.1,11.9,-0.4,12.0,20.0,NotYet
30.0,4.1,11.9,-0.4,12.0,30.0,NotYet
30.0,4.1,11.9,-0.4,12.0,40.0,NotYet
30.0,4.1,11.9,-0.4,12.0,50.0,NotYet
30.0,4.1,11.9,-0.4,12.0,60.0,NotYet
30.0,4.1,11.9,-0.4,12.0,70.0,NotYet
30.0,4.1,11.9,-0.4,12.0,80.0,NotYet
30.0,4.1,11.9,-0.4,12.0,90.0,NotYet
30.0,4.1,11.9,-0.4,12.0,100.0,NotYet
30.0,4.1,11.9,-0.4,12.0,110.0,NotYet
30.0,4.1,11.9,-0.4,12.0,120.0,NotYet
30.0,4.1,11.9,-0.4,12.0,130.0,NotYet
30.0,4.1,11.9,-0.4,12.0,140.0,NotYet
30.0,4.1,11.9,-0.4,12.0,150.0,NotYet
30.0,4.1,11.9,-0.4,12.0,160.0,NotYet
30.0,4.1,11.9,-0.4,12.0,170.0,NotYet
30.0,4.1,11.9,-0.4,12.0,180.0,NotYet
30.0,4.1,11.9,-0.4,12.0,190.0,NotYet
30.0,4.1,11.9,-0.4,12.0,200.0,NotYet
30.0,4.1,11.9,-0.4,12.0,210.0,NotYet
30.0,4.1,11.9,-0.4,12.0,220.0,NotYet
30.0,4.1,11.9,-0.4,12.0,230.0,NotYet
30.0,4.1,11.9,-0.4,12.0,240.0,NotYet
30.0,4.1,11.9,-0.4,12.0,250.0,NotYet
30.0,4.1,11.9,-0.4,12.0,260.0,NotYet
30.0,4.1,11.9,-0.4,12.0,270.0,NotYet
30.0,4.1,11.9,-0.4,12.0,280.0,NotYet
30.0,4.1,11.9,-0.4,12.0,290.0,NotYet
30.0,4.1,11.9,-0.4,12.0,300.0,NotYet
30.0,4.1,11.9,-0.4,12.0,310.0,NotYet
30.0,4.1,11.9,-0.4,12.0,320.0,NotYet
30.0,4.1,11.9,-0.4,12.0,330.0,NotYet
30.0,4.1,11.9,-0.4,12.0,340.0,NotYet
30.0,4.1,11.9,-0.4,12.0,350.0,NotYet
30.0,4.1,11.9,-0.4,14.0,0.0,NotYet
30.0,4.1,11.9,-0.4,14.0,10.0,NotYet
30.0,4.1,11.9,-0.4,14.0,20.0,NotYet
30.0,4.1,11.9,-0.4,14.0,30.0,NotYet
30.0,4.1,11.9,-0.4,14.0,40.0,NotYet
30.0,4.1,11.9,-0.4,14.0,50.0,NotYet
30.0,4.1,11.9,-0.4,14.0,60.0,NotYet
30.0,4.1,11.9,-0.4,14.0,70.0,NotYet
30.0,4.1,11.9,-0.4,14.0,80.0,NotYet
30.0,4.1,11.9,-0.4,14.0,90.0,NotYet
30.0,4.1,11.9,-0.4,14.0,100.0,NotYet
30.0,4.1,11.9,-0.4,14.0,110.0,NotYet
30.0,4.1,11.9,-0.4,14.0,120.0,NotYet
30.0,4.1,11.9,-0.4,14.0,130.0,NotYet
30.0,4.1,11.9,-0.4,14.0,140.0,NotYet
30.0,4.1,11.9,-0.4,14.0,150.0,NotYet
30.0,4.1,11.9,-0.4,14.0,160.0,NotYet
30.0,4.1,11.9,-0.4,14.0,170.0,NotYet
30.0,4.1,11.9,-0.4,14.0,180.0,NotYet
30.0,4.1,11.9,-0.4,14.0,190.0,NotYet
30.0,4.1,11.9,-0.4,14.0,200.0,NotYet
30.0,4.1,11.9,-0.4,14.0,210.0,NotYet
30.0,4.1,11.9,-0.4,14.0,220.0,NotYet
30.0,4.1,11.9,-0.4,14.0,230.0,NotYet
30.0,4.1,11.9,-0.4,14.0,240.0,NotYet
30.0,4.1,11.9,-0.4,14.0,250.0,NotYet
30.0,4.1,11.9,-0.4,14.0,260.0,NotYet
30.0,4.1,11.9,-0.4,14.0,270.0,NotYet
30.0,4.1,11.9,-0.4,14.0,280.0,NotYet
30.0,4.1,11.9,-0.4,14.0,290.0,NotYet
30.0,4.1,11.9,-0.4,14.0,300.0,NotYet
30.0,4.1,11.9,-0.4,14.0,310.0,NotYet
30.0,4.1,11.9,-0.4,14.0,320.0,NotYet
30.0,4.1,11.9,-0.4,14.0,330.0,NotYet
30.0,4.1,11.9,-0.4,14.0,340.0,NotYet
30.0,4.1,11.9,-0.4,14.0,350.0,NotYet
30.0,4.1,11.9,-0.2,-14.0,0.0,NotYet
30.0,4.1,11.9,-0.2,-14.0,10.0,NotYet
30.0,4.1,11.9,-0.2,-14.0,20.0,NotYet
30.0,4.1,11.9,-0.2,-14.0,30.0,NotYet
30.0,4.1,11.9,-0.2,-14.0,40.0,NotYet
30.0,4.1,11.9,-0.2,-14.0,50.0,NotYet
30.0,4.1,11.9,-0.2,-14.0,60.0,NotYet
30.0,4.1,11.9,-0.2,-14.0,70.0,NotYet
30.0,4.1,11.9,-0.2,-14.0,80.0,NotYet
30.0,4.1,11.9,-0.2,-14.0,90.0,NotYet
30.0,4.1,11.9,-0.2,-14.0,100.0,NotYet
30.0,4.1,11.9,-0.2,-14.0,110.0,NotYet
30.0,4.1,11.9,-0.2,-14.0,120.0,NotYet
30.0,4.1,11.9,-0.2,-14.0,130.0,NotYet
30.0,4.1,11.9,-0.2,-14.0,140.0,NotYet
30.0,4.1,11.9,-0.2,-14.0,150.0,NotYet
30.0,4.1,11.9,-0.2,-14.0,160.0,NotYet
30.0,4.1,11.9,-0.2,-14.0,170.0,NotYet
30.0,4.1,11.9,-0.2,-14.0,180.0,NotYet
30.0,4.1,11.9,-0.2,-14.0,190.0,NotYet
30.0,4.1,11.9,-0.2,-14.0,200.0,NotYet
30.0,4.1,11.9,-0.2,-14.0,210.0,NotYet
30.0,4.1,11.9,-0.2,-14.0,220.0,NotYet
30.0,4.1,11.9,-0.2,-14.0,230.0,NotYet
30.0,4.1,11.9,-0.2,-14.0,240.0,NotYet
30.0,4.1,11.9,-0.2,-14.0,250.0,NotYet
30.0,4.1,11.9,-0.2,-14.0,260.0,NotYet
30.0,4.1,11.9,-0.2,-14.0,270.0,NotYet
30.0,4.1,11.9,-0.2,-14.0,280.0,NotYet
30.0,4.1,11.9,-0.2,-14.0,290.0,NotYet
30.0,4.1,11.9,-0.2,-14.0,300.0,NotYet
30.0,4.1,11.9,-0.2,-14.0,310.0,NotYet
30.0,4.1,11.9,-0.2,-14.0,320.0,NotYet
30.0,4.1,11.9,-0.2,-14.0,330.0,NotYet
30.0,4.1,11.9,-0.2,-14.0,340.0,NotYet
30.0,4.1,11.9,-0.2,-14.0,350.0,NotYet
30.0,4.1,11.9,-0.2,-12.0,0.0,NotYet
30.0,4.1,11.9,-0.2,-12.0,10.0,NotYet
30.0,4.1,11.9,-0.2,-12.0,20.0,NotYet
30.0,4.1,11.9,-0.2,-12.0,30.0,NotYet
30.0,4.1,11.9,-0.2,-12.0,40.0,NotYet
30.0,4.1,11.9,-0.2,-12.0,50.0,NotYet
30.0,4.1,11.9,-0.2,-12.0,60.0,NotYet
30.0,4.1,11.9,-0.2,-12.0,70.0,NotYet
30.0,4.1,11.9,-0.2,-12.0,80.0,NotYet
30.0,4.1,11.9,-0.2,-12.0,90.0,NotYet
30.0,4.1,11.9,-0.2,-12.0,100.0,NotYet
30.0,4.1,11.9,-0.2,-12.0,110.0,NotYet
30.0,4.1,11.9,-0.2,-12.0,120.0,NotYet
30.0,4.1,11.9,-0.2,-12.0,130.0,NotYet
30.0,4.1,11.9,-0.2,-12.0,140.0,NotYet
30.0,4.1,11.9,-0.2,-12.0,150.0,NotYet
30.0,4.1,11.9,-0.2,-12.0,160.0,NotYet
30.0,4.1,11.9,-0.2,-12.0,170.0,NotYet
30.0,4.1,11.9,-0.2,-12.0,180.0,NotYet
30.0,4.1,11.9,-0.2,-12.0,190.0,NotYet
30.0,4.1,11.9,-0.2,-12.0,200.0,NotYet
30.0,4.1,11.9,-0.2,-12.0,210.0,NotYet
30.0,4.1,11.9,-0.2,-12.0,220.0,NotYet
30.0,4.1,11.9,-0.2,-12.0,230.0,NotYet
30.0,4.1,11.9,-0.2,-12.0,240.0,NotYet
30.0,4.1,11.9,-0.2,-12.0,250.0,NotYet
30.0,4.1,11.9,-0.2,-12.0,260.0,NotYet
30.0,4.1,11.9,-0.2,-12.0,270.0,NotYet
30.0,4.1,11.9,-0.2,-12.0,280.0,NotYet
30.0,4.1,11.9,-0.2,-12.0,290.0,NotYet
30.0,4.1,11.9,-0.2,-12.0,300.0,NotYet
30.0,4.1,11.9,-0.2,-12.0,310.0,NotYet
30.0,4.1,11.9,-0.2,-12.0,320.0,NotYet
30.0,4.1,11.9,-0.2,-12.0,330.0,NotYet
30.0,4.1,11.9,-0.2,-12.0,340.0,NotYet
30.0,4.1,11.9,-0.2,-12.0,350.0,NotYet
30.0,4.1,11.9,-0.2,-10.0,0.0,NotYet
30.0,4.1,11.9,-0.2,-10.0,10.0,NotYet
30.0,4.1,11.9,-0.2,-10.0,20.0,NotYet
30.0,4.1,11.9,-0.2,-10.0,30.0,NotYet
30.0,4.1,11.9,-0.2,-10.0,40.0,NotYet
30.0,4.1,11.9,-0.2,-10.0,50.0,NotYet
30.0,4.1,11.9,-0.2,-10.0,60.0,NotYet
30.0,4.1,11.9,-0.2,-10.0,70.0,NotYet
30.0,4.1,11.9,-0.2,-10.0,80.0,NotYet
30.0,4.1,11.9,-0.2,-10.0,90.0,NotYet
30.0,4.1,11.9,-0.2,-10.0,100.0,NotYet
30.0,4.1,11.9,-0.2,-10.0,110.0,NotYet
30.0,4.1,11.9,-0.2,-10.0,120.0,NotYet
30.0,4.1,11.9,-0.2,-10.0,130.0,NotYet
30.0,4.1,11.9,-0.2,-10.0,140.0,NotYet
30.0,4.1,11.9,-0.2,-10.0,150.0,NotYet
30.0,4.1,11.9,-0.2,-10.0,160.0,NotYet
30.0,4.1,11.9,-0.2,-10.0,170.0,NotYet
30.0,4.1,11.9,-0.2,-10.0,180.0,NotYet
30.0,4.1,11.9,-0.2,-10.0,190.0,NotYet
30.0,4.1,11.9,-0.2,-10.0,200.0,NotYet
30.0,4.1,11.9,-0.2,-10.0,210.0,NotYet
30.0,4.1,11.9,-0.2,-10.0,220.0,NotYet
30.0,4.1,11.9,-0.2,-10.0,230.0,NotYet
30.0,4.1,11.9,-0.2,-10.0,240.0,NotYet
30.0,4.1,11.9,-0.2,-10.0,250.0,NotYet
30.0,4.1,11.9,-0.2,-10.0,260.0,NotYet
30.0,4.1,11.9,-0.2,-10.0,270.0,NotYet
30.0,4.1,11.9,-0.2,-10.0,280.0,NotYet
30.0,4.1,11.9,-0.2,-10.0,290.0,NotYet
30.0,4.1,11.9,-0.2,-10.0,300.0,NotYet
30.0,4.1,11.9,-0.2,-10.0,310.0,NotYet
30.0,4.1,11.9,-0.2,-10.0,320.0,NotYet
30.0,4.1,11.9,-0.2,-10.0,330.0,NotYet
30.0,4.1,11.9,-0.2,-10.0,340.0,NotYet
30.0,4.1,11.9,-0.2,-10.0,350.0,NotYet
30.0,4.1,11.9,-0.2,-8.0,0.0,NotYet
30.0,4.1,11.9,-0.2,-8.0,10.0,NotYet
30.0,4.1,11.9,-0.2,-8.0,20.0,NotYet
30.0,4.1,11.9,-0.2,-8.0,30.0,NotYet
30.0,4.1,11.9,-0.2,-8.0,40.0,NotYet
30.0,4.1,11.9,-0.2,-8.0,50.0,NotYet
30.0,4.1,11.9,-0.2,-8.0,60.0,NotYet
30.0,4.1,11.9,-0.2,-8.0,70.0,NotYet
30.0,4.1,11.9,-0.2,-8.0,80.0,NotYet
30.0,4.1,11.9,-0.2,-8.0,90.0,NotYet
30.0,4.1,11.9,-0.2,-8.0,100.0,NotYet
30.0,4.1,11.9,-0.2,-8.0,110.0,NotYet
30.0,4.1,11.9,-0.2,-8.0,120.0,NotYet
30.0,4.1,11.9,-0.2,-8.0,130.0,NotYet
30.0,4.1,11.9,-0.2,-8.0,140.0,NotYet
30.0,4.1,11.9,-0.2,-8.0,150.0,NotYet
30.0,4.1,11.9,-0.2,-8.0,160.0,NotYet
30.0,4.1,11.9,-0.2,-8.0,170.0,NotYet
30.0,4.1,11.9,-0.2,-8.0,180.0,NotYet
30.0,4.1,11.9,-0.2,-8.0,190.0,NotYet
30.0,4.1,11.9,-0.2,-8.0,200.0,NotYet
30.0,4.1,11.9,-0.2,-8.0,210.0,NotYet
30.0,4.1,11.9,-0.2,-8.0,220.0,NotYet
30.0,4.1,11.9,-0.2,-8.0,230.0,NotYet
30.0,4.1,11.9,-0.2,-8.0,240.0,NotYet
30.0,4.1,11.9,-0.2,-8.0,250.0,NotYet
30.0,4.1,11.9,-0.2,-8.0,260.0,NotYet
30.0,4.1,11.9,-0.2,-8.0,270.0,NotYet
30.0,4.1,11.9,-0.2,-8.0,280.0,NotYet
30.0,4.1,11.9,-0.2,-8.0,290.0,NotYet
30.0,4.1,11.9,-0.2,-8.0,300.0,NotYet
30.0,4.1,11.9,-0.2,-8.0,310.0,NotYet
30.0,4.1,11.9,-0.2,-8.0,320.0,NotYet
30.0,4.1,11.9,-0.2,-8.0,330.0,NotYet
30.0,4.1,11.9,-0.2,-8.0,340.0,NotYet
30.0,4.1,11.9,-0.2,-8.0,350.0,NotYet
30.0,4.1,11.9,-0.2,-6.0,0.0,NotYet
30.0,4.1,11.9,-0.2,-6.0,10.0,NotYet
30.0,4.1,11.9,-0.2,-6.0,20.0,NotYet
30.0,4.1,11.9,-0.2,-6.0,30.0,NotYet
30.0,4.1,11.9,-0.2,-6.0,40.0,NotYet
30.0,4.1,11.9,-0.2,-6.0,50.0,NotYet
30.0,4.1,11.9,-0.2,-6.0,60.0,NotYet
30.0,4.1,11.9,-0.2,-6.0,70.0,NotYet
30.0,4.1,11.9,-0.2,-6.0,80.0,NotYet
30.0,4.1,11.9,-0.2,-6.0,90.0,NotYet
30.0,4.1,11.9,-0.2,-6.0,100.0,NotYet
30.0,4.1,11.9,-0.2,-6.0,110.0,NotYet
30.0,4.1,11.9,-0.2,-6.0,120.0,NotYet
30.0,4.1,11.9,-0.2,-6.0,130.0,NotYet
30.0,4.1,11.9,-0.2,-6.0,140.0,NotYet
30.0,4.1,11.9,-0.2,-6.0,150.0,NotYet
30.0,4.1,11.9,-0.2,-6.0,160.0,NotYet
30.0,4.1,11.9,-0.2,-6.0,170.0,NotYet
30.0,4.1,11.9,-0.2,-6.0,180.0,NotYet
30.0,4.1,11.9,-0.2,-6.0,190.0,NotYet
30.0,4.1,11.9,-0.2,-6.0,200.0,NotYet
30.0,4.1,11.9,-0.2,-6.0,210.0,NotYet
30.0,4.1,11.9,-0.2,-6.0,220.0,NotYet
30.0,4.1,11.9,-0.2,-6.0,230.0,NotYet
30.0,4.1,11.9,-0.2,-6.0,240.0,NotYet
30.0,4.1,11.9,-0.2,-6.0,250.0,NotYet
30.0,4.1,11.9,-0.2,-6.0,260.0,NotYet
30.0,4.1,11.9,-0.2,-6.0,270.0,NotYet
30.0,4.1,11.9,-0.2,-6.0,280.0,NotYet
30.0,4.1,11.9,-0.2,-6.0,290.0,NotYet
30.0,4.1,11.9,-0.2,-6.0,300.0,NotYet
30.0,4.1,11.9,-0.2,-6.0,310.0,NotYet
30.0,4.1,11.9,-0.2,-6.0,320.0,NotYet
30.0,4.1,11.9,-0.2,-6.0,330.0,NotYet
30.0,4.1,11.9,-0.2,-6.0,340.0,NotYet
30.0,4.1,11.9,-0.2,-6.0,350.0,NotYet
30.0,4.1,11.9,-0.2,-4.0,0.0,NotYet
30.0,4.1,11.9,-0.2,-4.0,10.0,NotYet
30.0,4.1,11.9,-0.2,-4.0,20.0,NotYet
30.0,4.1,11.9,-0.2,-4.0,30.0,NotYet
30.0,4.1,11.9,-0.2,-4.0,40.0,NotYet
30.0,4.1,11.9,-0.2,-4.0,50.0,NotYet
30.0,4.1,11.9,-0.2,-4.0,60.0,NotYet
30.0,4.1,11.9,-0.2,-4.0,70.0,NotYet
30.0,4.1,11.9,-0.2,-4.0,80.0,NotYet
30.0,4.1,11.9,-0.2,-4.0,90.0,NotYet
30.0,4.1,11.9,-0.2,-4.0,100.0,NotYet
30.0,4.1,11.9,-0.2,-4.0,110.0,NotYet
30.0,4.1,11.9,-0.2,-4.0,120.0,NotYet
30.0,4.1,11.9,-0.2,-4.0,130.0,NotYet
30.0,4.1,11.9,-0.2,-4.0,140.0,NotYet
30.0,4.1,11.9,-0.2,-4.0,150.0,NotYet
30.0,4.1,11.9,-0.2,-4.0,160.0,NotYet
30.0,4.1,11.9,-0.2,-4.0,170.0,NotYet
30.0,4.1,11.9,-0.2,-4.0,180.0,NotYet
30.0,4.1,11.9,-0.2,-4.0,190.0,NotYet
30.0,4.1,11.9,-0.2,-4.0,200.0,NotYet
30.0,4.1,11.9,-0.2,-4.0,210.0,NotYet
30.0,4.1,11.9,-0.2,-4.0,220.0,NotYet
30.0,4.1,11.9,-0.2,-4.0,230.0,NotYet
30.0,4.1,11.9,-0.2,-4.0,240.0,NotYet
30.0,4.1,11.9,-0.2,-4.0,250.0,NotYet
30.0,4.1,11.9,-0.2,-4.0,260.0,NotYet
30.0,4.1,11.9,-0.2,-4.0,270.0,NotYet
30.0,4.1,11.9,-0.2,-4.0,280.0,NotYet
30.0,4.1,11.9,-0.2,-4.0,290.0,NotYet
30.0,4.1,11.9,-0.2,-4.0,300.0,NotYet
30.0,4.1,11.9,-0.2,-4.0,310.0,NotYet
30.0,4.1,11.9,-0.2,-4.0,320.0,NotYet
30.0,4.1,11.9,-0.2,-4.0,330.0,NotYet
30.0,4.1,11.9,-0.2,-4.0,340.0,NotYet
30.0,4.1,11.9,-0.2,-4.0,350.0,NotYet
30.0,4.1,11.9,-0.2,-2.0,0.0,NotYet
30.0,4.1,11.9,-0.2,-2.0,10.0,NotYet
30.0,4.1,11.9,-0.2,-2.0,20.0,NotYet
30.0,4.1,11.9,-0.2,-2.0,30.0,NotYet
30.0,4.1,11.9,-0.2,-2.0,40.0,NotYet
30.0,4.1,11.9,-0.2,-2.0,50.0,NotYet
30.0,4.1,11.9,-0.2,-2.0,60.0,NotYet
30.0,4.1,11.9,-0.2,-2.0,70.0,NotYet
30.0,4.1,11.9,-0.2,-2.0,80.0,NotYet
30.0,4.1,11.9,-0.2,-2.0,90.0,NotYet
30.0,4.1,11.9,-0.2,-2.0,100.0,NotYet
30.0,4.1,11.9,-0.2,-2.0,110.0,NotYet
30.0,4.1,11.9,-0.2,-2.0,120.0,NotYet
30.0,4.1,11.9,-0.2,-2.0,130.0,NotYet
30.0,4.1,11.9,-0.2,-2.0,140.0,NotYet
30.0,4.1,11.9,-0.2,-2.0,150.0,NotYet
30.0,4.1,11.9,-0.2,-2.0,160.0,NotYet
30.0,4.1,11.9,-0.2,-2.0,170.0,NotYet
30.0,4.1,11.9,-0.2,-2.0,180.0,NotYet
30.0,4.1,11.9,-0.2,-2.0,190.0,NotYet
30.0,4.1,11.9,-0.2,-2.0,200.0,NotYet
30.0,4.1,11.9,-0.2,-2.0,210.0,NotYet
30.0,4.1,11.9,-0.2,-2.0,220.0,NotYet
30.0,4.1,11.9,-0.2,-2.0,230.0,NotYet
30.0,4.1,11.9,-0.2,-2.0,240.0,NotYet
30.0,4.1,11.9,-0.2,-2.0,250.0,NotYet
30.0,4.1,11.9,-0.2,-2.0,260.0,NotYet
30.0,4.1,11.9,-0.2,-2.0,270.0,NotYet
30.0,4.1,11.9,-0.2,-2.0,280.0,NotYet
30.0,4.1,11.9,-0.2,-2.0,290.0,NotYet
30.0,4.1,11.9,-0.2,-2.0,300.0,NotYet
30.0,4.1,11.9,-0.2,-2.0,310.0,NotYet
30.0,4.1,11.9,-0.2,-2.0,320.0,NotYet
30.0,4.1,11.9,-0.2,-2.0,330.0,NotYet
30.0,4.1,11.9,-0.2,-2.0,340.0,NotYet
30.0,4.1,11.9,-0.2,-2.0,350.0,NotYet
30.0,4.1,11.9,-0.2,0.0,0.0,NotYet
30.0,4.1,11.9,-0.2,0.0,10.0,NotYet
30.0,4.1,11.9,-0.2,0.0,20.0,NotYet
30.0,4.1,11.9,-0.2,0.0,30.0,NotYet
30.0,4.1,11.9,-0.2,0.0,40.0,NotYet
30.0,4.1,11.9,-0.2,0.0,50.0,NotYet
30.0,4.1,11.9,-0.2,0.0,60.0,NotYet
30.0,4.1,11.9,-0.2,0.0,70.0,NotYet
30.0,4.1,11.9,-0.2,0.0,80.0,NotYet
30.0,4.1,11.9,-0.2,0.0,90.0,NotYet
30.0,4.1,11.9,-0.2,0.0,100.0,NotYet
30.0,4.1,11.9,-0.2,0.0,110.0,NotYet
30.0,4.1,11.9,-0.2,0.0,120.0,NotYet
30.0,4.1,11.9,-0.2,0.0,130.0,NotYet
30.0,4.1,11.9,-0.2,0.0,140.0,NotYet
30.0,4.1,11.9,-0.2,0.0,150.0,NotYet
30.0,4.1,11.9,-0.2,0.0,160.0,NotYet
30.0,4.1,11.9,-0.2,0.0,170.0,NotYet
30.0,4.1,11.9,-0.2,0.0,180.0,NotYet
30.0,4.1,11.9,-0.2,0.0,190.0,NotYet
30.0,4.1,11.9,-0.2,0.0,200.0,NotYet
30.0,4.1,11.9,-0.2,0.0,210.0,NotYet
30.0,4.1,11.9,-0.2,0.0,220.0,NotYet
30.0,4.1,11.9,-0.2,0.0,230.0,NotYet
30.0,4.1,11.9,-0.2,0.0,240.0,NotYet
30.0,4.1,11.9,-0.2,0.0,250.0,NotYet
30.0,4.1,11.9,-0.2,0.0,260.0,NotYet
30.0,4.1,11.9,-0.2,0.0,270.0,NotYet
30.0,4.1,11.9,-0.2,0.0,280.0,NotYet
30.0,4.1,11.9,-0.2,0.0,290.0,NotYet
30.0,4.1,11.9,-0.2,0.0,300.0,NotYet
30.0,4.1,11.9,-0.2,0.0,310.0,NotYet
30.0,4.1,11.9,-0.2,0.0,320.0,NotYet
30.0,4.1,11.9,-0.2,0.0,330.0,NotYet
30.0,4.1,11.9,-0.2,0.0,340.0,NotYet
30.0,4.1,11.9,-0.2,0.0,350.0,NotYet
30.0,4.1,11.9,-0.2,2.0,0.0,NotYet
30.0,4.1,11.9,-0.2,2.0,10.0,NotYet
30.0,4.1,11.9,-0.2,2.0,20.0,NotYet
30.0,4.1,11.9,-0.2,2.0,30.0,NotYet
30.0,4.1,11.9,-0.2,2.0,40.0,NotYet
30.0,4.1,11.9,-0.2,2.0,50.0,NotYet
30.0,4.1,11.9,-0.2,2.0,60.0,NotYet
30.0,4.1,11.9,-0.2,2.0,70.0,NotYet
30.0,4.1,11.9,-0.2,2.0,80.0,NotYet
30.0,4.1,11.9,-0.2,2.0,90.0,NotYet
30.0,4.1,11.9,-0.2,2.0,100.0,NotYet
30.0,4.1,11.9,-0.2,2.0,110.0,NotYet
30.0,4.1,11.9,-0.2,2.0,120.0,NotYet
30.0,4.1,11.9,-0.2,2.0,130.0,NotYet
30.0,4.1,11.9,-0.2,2.0,140.0,NotYet
30.0,4.1,11.9,-0.2,2.0,150.0,NotYet
30.0,4.1,11.9,-0.2,2.0,160.0,NotYet
30.0,4.1,11.9,-0.2,2.0,170.0,NotYet
30.0,4.1,11.9,-0.2,2.0,180.0,NotYet
30.0,4.1,11.9,-0.2,2.0,190.0,NotYet
30.0,4.1,11.9,-0.2,2.0,200.0,NotYet
30.0,4.1,11.9,-0.2,2.0,210.0,NotYet
30.0,4.1,11.9,-0.2,2.0,220.0,NotYet
30.0,4.1,11.9,-0.2,2.0,230.0,NotYet
30.0,4.1,11.9,-0.2,2.0,240.0,NotYet
30.0,4.1,11.9,-0.2,2.0,250.0,NotYet
30.0,4.1,11.9,-0.2,2.0,260.0,NotYet
30.0,4.1,11.9,-0.2,2.0,270.0,NotYet
30.0,4.1,11.9,-0.2,2.0,280.0,NotYet
30.0,4.1,11.9,-0.2,2.0,290.0,NotYet
30.0,4.1,11.9,-0.2,2.0,300.0,NotYet
30.0,4.1,11.9,-0.2,2.0,310.0,NotYet
30.0,4.1,11.9,-0.2,2.0,320.0,NotYet
30.0,4.1,11.9,-0.2,2.0,330.0,NotYet
30.0,4.1,11.9,-0.2,2.0,340.0,NotYet
30.0,4.1,11.9,-0.2,2.0,350.0,NotYet
30.0,4.1,11.9,-0.2,4.0,0.0,NotYet
30.0,4.1,11.9,-0.2,4.0,10.0,NotYet
30.0,4.1,11.9,-0.2,4.0,20.0,NotYet
30.0,4.1,11.9,-0.2,4.0,30.0,NotYet
30.0,4.1,11.9,-0.2,4.0,40.0,NotYet
30.0,4.1,11.9,-0.2,4.0,50.0,NotYet
30.0,4.1,11.9,-0.2,4.0,60.0,NotYet
30.0,4.1,11.9,-0.2,4.0,70.0,NotYet
30.0,4.1,11.9,-0.2,4.0,80.0,NotYet
30.0,4.1,11.9,-0.2,4.0,90.0,NotYet
30.0,4.1,11.9,-0.2,4.0,100.0,NotYet
30.0,4.1,11.9,-0.2,4.0,110.0,NotYet
30.0,4.1,11.9,-0.2,4.0,120.0,NotYet
30.0,4.1,11.9,-0.2,4.0,130.0,NotYet
30.0,4.1,11.9,-0.2,4.0,140.0,NotYet
30.0,4.1,11.9,-0.2,4.0,150.0,NotYet
30.0,4.1,11.9,-0.2,4.0,160.0,NotYet
30.0,4.1,11.9,-0.2,4.0,170.0,NotYet
30.0,4.1,11.9,-0.2,4.0,180.0,NotYet
30.0,4.1,11.9,-0.2,4.0,190.0,NotYet
30.0,4.1,11.9,-0.2,4.0,200.0,NotYet
30.0,4.1,11.9,-0.2,4.0,210.0,NotYet
30.0,4.1,11.9,-0.2,4.0,220.0,NotYet
30.0,4.1,11.9,-0.2,4.0,230.0,NotYet
30.0,4.1,11.9,-0.2,4.0,240.0,NotYet
30.0,4.1,11.9,-0.2,4.0,250.0,NotYet
30.0,4.1,11.9,-0.2,4.0,260.0,NotYet
30.0,4.1,11.9,-0.2,4.0,270.0,NotYet
30.0,4.1,11.9,-0.2,4.0,280.0,NotYet
30.0,4.1,11.9,-0.2,4.0,290.0,NotYet
30.0,4.1,11.9,-0.2,4.0,300.0,NotYet
30.0,4.1,11.9,-0.2,4.0,310.0,NotYet
30.0,4.1,11.9,-0.2,4.0,320.0,NotYet
30.0,4.1,11.9,-0.2,4.0,330.0,NotYet
30.0,4.1,11.9,-0.2,4.0,340.0,NotYet
30.0,4.1,11.9,-0.2,4.0,350.0,NotYet
30.0,4.1,11.9,-0.2,6.0,0.0,NotYet
30.0,4.1,11.9,-0.2,6.0,10.0,NotYet
30.0,4.1,11.9,-0.2,6.0,20.0,NotYet
30.0,4.1,11.9,-0.2,6.0,30.0,NotYet
30.0,4.1,11.9,-0.2,6.0,40.0,NotYet
30.0,4.1,11.9,-0.2,6.0,50.0,NotYet
30.0,4.1,11.9,-0.2,6.0,60.0,NotYet
30.0,4.1,11.9,-0.2,6.0,70.0,NotYet
30.0,4.1,11.9,-0.2,6.0,80.0,NotYet
30.0,4.1,11.9,-0.2,6.0,90.0,NotYet
30.0,4.1,11.9,-0.2,6.0,100.0,NotYet
30.0,4.1,11.9,-0.2,6.0,110.0,NotYet
30.0,4.1,11.9,-0.2,6.0,120.0,NotYet
30.0,4.1,11.9,-0.2,6.0,130.0,NotYet
30.0,4.1,11.9,-0.2,6.0,140.0,NotYet
30.0,4.1,11.9,-0.2,6.0,150.0,NotYet
30.0,4.1,11.9,-0.2,6.0,160.0,NotYet
30.0,4.1,11.9,-0.2,6.0,170.0,NotYet
30.0,4.1,11.9,-0.2,6.0,180.0,NotYet
30.0,4.1,11.9,-0.2,6.0,190.0,NotYet
30.0,4.1,11.9,-0.2,6.0,200.0,NotYet
30.0,4.1,11.9,-0.2,6.0,210.0,NotYet
30.0,4.1,11.9,-0.2,6.0,220.0,NotYet
30.0,4.1,11.9,-0.2,6.0,230.0,NotYet
30.0,4.1,11.9,-0.2,6.0,240.0,NotYet
30.0,4.1,11.9,-0.2,6.0,250.0,NotYet
30.0,4.1,11.9,-0.2,6.0,260.0,NotYet
30.0,4.1,11.9,-0.2,6.0,270.0,NotYet
30.0,4.1,11.9,-0.2,6.0,280.0,NotYet
30.0,4.1,11.9,-0.2,6.0,290.0,NotYet
30.0,4.1,11.9,-0.2,6.0,300.0,NotYet
30.0,4.1,11.9,-0.2,6.0,310.0,NotYet
30.0,4.1,11.9,-0.2,6.0,320.0,NotYet
30.0,4.1,11.9,-0.2,6.0,330.0,NotYet
30.0,4.1,11.9,-0.2,6.0,340.0,NotYet
30.0,4.1,11.9,-0.2,6.0,350.0,NotYet
30.0,4.1,11.9,-0.2,8.0,0.0,NotYet
30.0,4.1,11.9,-0.2,8.0,10.0,NotYet
30.0,4.1,11.9,-0.2,8.0,20.0,NotYet
30.0,4.1,11.9,-0.2,8.0,30.0,NotYet
30.0,4.1,11.9,-0.2,8.0,40.0,NotYet
30.0,4.1,11.9,-0.2,8.0,50.0,NotYet
30.0,4.1,11.9,-0.2,8.0,60.0,NotYet
30.0,4.1,11.9,-0.2,8.0,70.0,NotYet
30.0,4.1,11.9,-0.2,8.0,80.0,NotYet
30.0,4.1,11.9,-0.2,8.0,90.0,NotYet
30.0,4.1,11.9,-0.2,8.0,100.0,NotYet
30.0,4.1,11.9,-0.2,8.0,110.0,NotYet
30.0,4.1,11.9,-0.2,8.0,120.0,NotYet
30.0,4.1,11.9,-0.2,8.0,130.0,NotYet
30.0,4.1,11.9,-0.2,8.0,140.0,NotYet
30.0,4.1,11.9,-0.2,8.0,150.0,NotYet
30.0,4.1,11.9,-0.2,8.0,160.0,NotYet
30.0,4.1,11.9,-0.2,8.0,170.0,NotYet
30.0,4.1,11.9,-0.2,8.0,180.0,NotYet
30.0,4.1,11.9,-0.2,8.0,190.0,NotYet
30.0,4.1,11.9,-0.2,8.0,200.0,NotYet
30.0,4.1,11.9,-0.2,8.0,210.0,NotYet
30.0,4.1,11.9,-0.2,8.0,220.0,NotYet
30.0,4.1,11.9,-0.2,8.0,230.0,NotYet
30.0,4.1,11.9,-0.2,8.0,240.0,NotYet
30.0,4.1,11.9,-0.2,8.0,250.0,NotYet
30.0,4.1,11.9,-0.2,8.0,260.0,NotYet
30.0,4.1,11.9,-0.2,8.0,270.0,NotYet
30.0,4.1,11.9,-0.2,8.0,280.0,NotYet
30.0,4.1,11.9,-0.2,8.0,290.0,NotYet
30.0,4.1,11.9,-0.2,8.0,300.0,NotYet
30.0,4.1,11.9,-0.2,8.0,310.0,NotYet
30.0,4.1,11.9,-0.2,8.0,320.0,NotYet
30.0,4.1,11.9,-0.2,8.0,330.0,NotYet
30.0,4.1,11.9,-0.2,8.0,340.0,NotYet
30.0,4.1,11.9,-0.2,8.0,350.0,NotYet
30.0,4.1,11.9,-0.2,10.0,0.0,NotYet
30.0,4.1,11.9,-0.2,10.0,10.0,NotYet
30.0,4.1,11.9,-0.2,10.0,20.0,NotYet
30.0,4.1,11.9,-0.2,10.0,30.0,NotYet
30.0,4.1,11.9,-0.2,10.0,40.0,NotYet
30.0,4.1,11.9,-0.2,10.0,50.0,NotYet
30.0,4.1,11.9,-0.2,10.0,60.0,NotYet
30.0,4.1,11.9,-0.2,10.0,70.0,NotYet
30.0,4.1,11.9,-0.2,10.0,80.0,NotYet
30.0,4.1,11.9,-0.2,10.0,90.0,NotYet
30.0,4.1,11.9,-0.2,10.0,100.0,NotYet
30.0,4.1,11.9,-0.2,10.0,110.0,NotYet
30.0,4.1,11.9,-0.2,10.0,120.0,NotYet
30.0,4.1,11.9,-0.2,10.0,130.0,NotYet
30.0,4.1,11.9,-0.2,10.0,140.0,NotYet
30.0,4.1,11.9,-0.2,10.0,150.0,NotYet
30.0,4.1,11.9,-0.2,10.0,160.0,NotYet
30.0,4.1,11.9,-0.2,10.0,170.0,NotYet
30.0,4.1,11.9,-0.2,10.0,180.0,NotYet
30.0,4.1,11.9,-0.2,10.0,190.0,NotYet
30.0,4.1,11.9,-0.2,10.0,200.0,NotYet
30.0,4.1,11.9,-0.2,10.0,210.0,NotYet
30.0,4.1,11.9,-0.2,10.0,220.0,NotYet
30.0,4.1,11.9,-0.2,10.0,230.0,NotYet
30.0,4.1,11.9,-0.2,10.0,240.0,NotYet
30.0,4.1,11.9,-0.2,10.0,250.0,NotYet
30.0,4.1,11.9,-0.2,10.0,260.0,NotYet
30.0,4.1,11.9,-0.2,10.0,270.0,NotYet
30.0,4.1,11.9,-0.2,10.0,280.0,NotYet
30.0,4.1,11.9,-0.2,10.0,290.0,NotYet
30.0,4.1,11.9,-0.2,10.0,300.0,NotYet
30.0,4.1,11.9,-0.2,10.0,310.0,NotYet
30.0,4.1,11.9,-0.2,10.0,320.0,NotYet
30.0,4.1,11.9,-0.2,10.0,330.0,NotYet
30.0,4.1,11.9,-0.2,10.0,340.0,NotYet
30.0,4.1,11.9,-0.2,10.0,350.0,NotYet
30.0,4.1,11.9,-0.2,12.0,0.0,NotYet
30.0,4.1,11.9,-0.2,12.0,10.0,NotYet
30.0,4.1,11.9,-0.2,12.0,20.0,NotYet
30.0,4.1,11.9,-0.2,12.0,30.0,NotYet
30.0,4.1,11.9,-0.2,12.0,40.0,NotYet
30.0,4.1,11.9,-0.2,12.0,50.0,NotYet
30.0,4.1,11.9,-0.2,12.0,60.0,NotYet
30.0,4.1,11.9,-0.2,12.0,70.0,NotYet
30.0,4.1,11.9,-0.2,12.0,80.0,NotYet
30.0,4.1,11.9,-0.2,12.0,90.0,NotYet
30.0,4.1,11.9,-0.2,12.0,100.0,NotYet
30.0,4.1,11.9,-0.2,12.0,110.0,NotYet
30.0,4.1,11.9,-0.2,12.0,120.0,NotYet
30.0,4.1,11.9,-0.2,12.0,130.0,NotYet
30.0,4.1,11.9,-0.2,12.0,140.0,NotYet
30.0,4.1,11.9,-0.2,12.0,150.0,NotYet
30.0,4.1,11.9,-0.2,12.0,160.0,NotYet
30.0,4.1,11.9,-0.2,12.0,170.0,NotYet
30.0,4.1,11.9,-0.2,12.0,180.0,NotYet
30.0,4.1,11.9,-0.2,12.0,190.0,NotYet
30.0,4.1,11.9,-0.2,12.0,200.0,NotYet
30.0,4.1,11.9,-0.2,12.0,210.0,NotYet
30.0,4.1,11.9,-0.2,12.0,220.0,NotYet
30.0,4.1,11.9,-0.2,12.0,230.0,NotYet
30.0,4.1,11.9,-0.2,12.0,240.0,NotYet
30.0,4.1,11.9,-0.2,12.0,250.0,NotYet
30.0,4.1,11.9,-0.2,12.0,260.0,NotYet
30.0,4.1,11.9,-0.2,12.0,270.0,NotYet
30.0,4.1,11.9,-0.2,12.0,280.0,NotYet
30.0,4.1,11.9,-0.2,12.0,290.0,NotYet
30.0,4.1,11.9,-0.2,12.0,300.0,NotYet
30.0,4.1,11.9,-0.2,12.0,310.0,NotYet
30.0,4.1,11.9,-0.2,12.0,320.0,NotYet
30.0,4.1,11.9,-0.2,12.0,330.0,NotYet
30.0,4.1,11.9,-0.2,12.0,340.0,NotYet
30.0,4.1,11.9,-0.2,12.0,350.0,NotYet
30.0,4.1,11.9,-0.2,14.0,0.0,NotYet
30.0,4.1,11.9,-0.2,14.0,10.0,NotYet
30.0,4.1,11.9,-0.2,14.0,20.0,NotYet
30.0,4.1,11.9,-0.2,14.0,30.0,NotYet
30.0,4.1,11.9,-0.2,14.0,40.0,NotYet
30.0,4.1,11.9,-0.2,14.0,50.0,NotYet
30.0,4.1,11.9,-0.2,14.0,60.0,NotYet
30.0,4.1,11.9,-0.2,14.0,70.0,NotYet
30.0,4.1,11.9,-0.2,14.0,80.0,NotYet
30.0,4.1,11.9,-0.2,14.0,90.0,NotYet
30.0,4.1,11.9,-0.2,14.0,100.0,NotYet
30.0,4.1,11.9,-0.2,14.0,110.0,NotYet
30.0,4.1,11.9,-0.2,14.0,120.0,NotYet
30.0,4.1,11.9,-0.2,14.0,130.0,NotYet
30.0,4.1,11.9,-0.2,14.0,140.0,NotYet
30.0,4.1,11.9,-0.2,14.0,150.0,NotYet
30.0,4.1,11.9,-0.2,14.0,160.0,NotYet
30.0,4.1,11.9,-0.2,14.0,170.0,NotYet
30.0,4.1,11.9,-0.2,14.0,180.0,NotYet
30.0,4.1,11.9,-0.2,14.0,190.0,NotYet
30.0,4.1,11.9,-0.2,14.0,200.0,NotYet
30.0,4.1,11.9,-0.2,14.0,210.0,NotYet
30.0,4.1,11.9,-0.2,14.0,220.0,NotYet
30.0,4.1,11.9,-0.2,14.0,230.0,NotYet
30.0,4.1,11.9,-0.2,14.0,240.0,NotYet
30.0,4.1,11.9,-0.2,14.0,250.0,NotYet
30.0,4.1,11.9,-0.2,14.0,260.0,NotYet
30.0,4.1,11.9,-0.2,14.0,270.0,NotYet
30.0,4.1,11.9,-0.2,14.0,280.0,NotYet
30.0,4.1,11.9,-0.2,14.0,290.0,NotYet
30.0,4.1,11.9,-0.2,14.0,300.0,NotYet
30.0,4.1,11.9,-0.2,14.0,310.0,NotYet
30.0,4.1,11.9,-0.2,14.0,320.0,NotYet
30.0,4.1,11.9,-0.2,14.0,330.0,NotYet
30.0,4.1,11.9,-0.2,14.0,340.0,NotYet
30.0,4.1,11.9,-0.2,14.0,350.0,NotYet
30.0,4.1,11.9,0.0,-14.0,0.0,NotYet
30.0,4.1,11.9,0.0,-14.0,10.0,NotYet
30.0,4.1,11.9,0.0,-14.0,20.0,NotYet
30.0,4.1,11.9,0.0,-14.0,30.0,NotYet
30.0,4.1,11.9,0.0,-14.0,40.0,NotYet
30.0,4.1,11.9,0.0,-14.0,50.0,NotYet
30.0,4.1,11.9,0.0,-14.0,60.0,NotYet
30.0,4.1,11.9,0.0,-14.0,70.0,NotYet
30.0,4.1,11.9,0.0,-14.0,80.0,NotYet
30.0,4.1,11.9,0.0,-14.0,90.0,NotYet
30.0,4.1,11.9,0.0,-14.0,100.0,NotYet
30.0,4.1,11.9,0.0,-14.0,110.0,NotYet
30.0,4.1,11.9,0.0,-14.0,120.0,NotYet
30.0,4.1,11.9,0.0,-14.0,130.0,NotYet
30.0,4.1,11.9,0.0,-14.0,140.0,NotYet
30.0,4.1,11.9,0.0,-14.0,150.0,NotYet
30.0,4.1,11.9,0.0,-14.0,160.0,NotYet
30.0,4.1,11.9,0.0,-14.0,170.0,NotYet
30.0,4.1,11.9,0.0,-14.0,180.0,NotYet
30.0,4.1,11.9,0.0,-14.0,190.0,NotYet
30.0,4.1,11.9,0.0,-14.0,200.0,NotYet
30.0,4.1,11.9,0.0,-14.0,210.0,NotYet
30.0,4.1,11.9,0.0,-14.0,220.0,NotYet
30.0,4.1,11.9,0.0,-14.0,230.0,NotYet
30.0,4.1,11.9,0.0,-14.0,240.0,NotYet
30.0,4.1,11.9,0.0,-14.0,250.0,NotYet
30.0,4.1,11.9,0.0,-14.0,260.0,NotYet
30.0,4.1,11.9,0.0,-14.0,270.0,NotYet
30.0,4.1,11.9,0.0,-14.0,280.0,NotYet
30.0,4.1,11.9,0.0,-14.0,290.0,NotYet
30.0,4.1,11.9,0.0,-14.0,300.0,NotYet
30.0,4.1,11.9,0.0,-14.0,310.0,NotYet
30.0,4.1,11.9,0.0,-14.0,320.0,NotYet
30.0,4.1,11.9,0.0,-14.0,330.0,NotYet
30.0,4.1,11.9,0.0,-14.0,340.0,NotYet
30.0,4.1,11.9,0.0,-14.0,350.0,NotYet
30.0,4.1,11.9,0.0,-12.0,0.0,NotYet
30.0,4.1,11.9,0.0,-12.0,10.0,NotYet
30.0,4.1,11.9,0.0,-12.0,20.0,NotYet
30.0,4.1,11.9,0.0,-12.0,30.0,NotYet
30.0,4.1,11.9,0.0,-12.0,40.0,NotYet
30.0,4.1,11.9,0.0,-12.0,50.0,NotYet
30.0,4.1,11.9,0.0,-12.0,60.0,NotYet
30.0,4.1,11.9,0.0,-12.0,70.0,NotYet
30.0,4.1,11.9,0.0,-12.0,80.0,NotYet
30.0,4.1,11.9,0.0,-12.0,90.0,NotYet
30.0,4.1,11.9,0.0,-12.0,100.0,NotYet
30.0,4.1,11.9,0.0,-12.0,110.0,NotYet
30.0,4.1,11.9,0.0,-12.0,120.0,NotYet
30.0,4.1,11.9,0.0,-12.0,130.0,NotYet
30.0,4.1,11.9,0.0,-12.0,140.0,NotYet
30.0,4.1,11.9,0.0,-12.0,150.0,NotYet
30.0,4.1,11.9,0.0,-12.0,160.0,NotYet
30.0,4.1,11.9,0.0,-12.0,170.0,NotYet
30.0,4.1,11.9,0.0,-12.0,180.0,NotYet
30.0,4.1,11.9,0.0,-12.0,190.0,NotYet
30.0,4.1,11.9,0.0,-12.0,200.0,NotYet
30.0,4.1,11.9,0.0,-12.0,210.0,NotYet
30.0,4.1,11.9,0.0,-12.0,220.0,NotYet
30.0,4.1,11.9,0.0,-12.0,230.0,NotYet
30.0,4.1,11.9,0.0,-12.0,240.0,NotYet
30.0,4.1,11.9,0.0,-12.0,250.0,NotYet
30.0,4.1,11.9,0.0,-12.0,260.0,NotYet
30.0,4.1,11.9,0.0,-12.0,270.0,NotYet
30.0,4.1,11.9,0.0,-12.0,280.0,NotYet
30.0,4.1,11.9,0.0,-12.0,290.0,NotYet
30.0,4.1,11.9,0.0,-12.0,300.0,NotYet
30.0,4.1,11.9,0.0,-12.0,310.0,NotYet
30.0,4.1,11.9,0.0,-12.0,320.0,NotYet
30.0,4.1,11.9,0.0,-12.0,330.0,NotYet
30.0,4.1,11.9,0.0,-12.0,340.0,NotYet
30.0,4.1,11.9,0.0,-12.0,350.0,NotYet
30.0,4.1,11.9,0.0,-10.0,0.0,NotYet
30.0,4.1,11.9,0.0,-10.0,10.0,NotYet
30.0,4.1,11.9,0.0,-10.0,20.0,NotYet
30.0,4.1,11.9,0.0,-10.0,30.0,NotYet
30.0,4.1,11.9,0.0,-10.0,40.0,NotYet
30.0,4.1,11.9,0.0,-10.0,50.0,NotYet
30.0,4.1,11.9,0.0,-10.0,60.0,NotYet
30.0,4.1,11.9,0.0,-10.0,70.0,NotYet
30.0,4.1,11.9,0.0,-10.0,80.0,NotYet
30.0,4.1,11.9,0.0,-10.0,90.0,NotYet
30.0,4.1,11.9,0.0,-10.0,100.0,NotYet
30.0,4.1,11.9,0.0,-10.0,110.0,NotYet
30.0,4.1,11.9,0.0,-10.0,120.0,NotYet
30.0,4.1,11.9,0.0,-10.0,130.0,NotYet
30.0,4.1,11.9,0.0,-10.0,140.0,NotYet
30.0,4.1,11.9,0.0,-10.0,150.0,NotYet
30.0,4.1,11.9,0.0,-10.0,160.0,NotYet
30.0,4.1,11.9,0.0,-10.0,170.0,NotYet
30.0,4.1,11.9,0.0,-10.0,180.0,NotYet
30.0,4.1,11.9,0.0,-10.0,190.0,NotYet
30.0,4.1,11.9,0.0,-10.0,200.0,NotYet
30.0,4.1,11.9,0.0,-10.0,210.0,NotYet
30.0,4.1,11.9,0.0,-10.0,220.0,NotYet
30.0,4.1,11.9,0.0,-10.0,230.0,NotYet
30.0,4.1,11.9,0.0,-10.0,240.0,NotYet
30.0,4.1,11.9,0.0,-10.0,250.0,NotYet
30.0,4.1,11.9,0.0,-10.0,260.0,NotYet
30.0,4.1,11.9,0.0,-10.0,270.0,NotYet
30.0,4.1,11.9,0.0,-10.0,280.0,NotYet
30.0,4.1,11.9,0.0,-10.0,290.0,NotYet
30.0,4.1,11.9,0.0,-10.0,300.0,NotYet
30.0,4.1,11.9,0.0,-10.0,310.0,NotYet
30.0,4.1,11.9,0.0,-10.0,320.0,NotYet
30.0,4.1,11.9,0.0,-10.0,330.0,NotYet
30.0,4.1,11.9,0.0,-10.0,340.0,NotYet
30.0,4.1,11.9,0.0,-10.0,350.0,NotYet
30.0,4.1,11.9,0.0,-8.0,0.0,NotYet
30.0,4.1,11.9,0.0,-8.0,10.0,NotYet
30.0,4.1,11.9,0.0,-8.0,20.0,NotYet
30.0,4.1,11.9,0.0,-8.0,30.0,NotYet
30.0,4.1,11.9,0.0,-8.0,40.0,NotYet
30.0,4.1,11.9,0.0,-8.0,50.0,NotYet
30.0,4.1,11.9,0.0,-8.0,60.0,NotYet
30.0,4.1,11.9,0.0,-8.0,70.0,NotYet
30.0,4.1,11.9,0.0,-8.0,80.0,NotYet
30.0,4.1,11.9,0.0,-8.0,90.0,NotYet
30.0,4.1,11.9,0.0,-8.0,100.0,NotYet
30.0,4.1,11.9,0.0,-8.0,110.0,NotYet
30.0,4.1,11.9,0.0,-8.0,120.0,NotYet
30.0,4.1,11.9,0.0,-8.0,130.0,NotYet
30.0,4.1,11.9,0.0,-8.0,140.0,NotYet
30.0,4.1,11.9,0.0,-8.0,150.0,NotYet
30.0,4.1,11.9,0.0,-8.0,160.0,NotYet
30.0,4.1,11.9,0.0,-8.0,170.0,NotYet
30.0,4.1,11.9,0.0,-8.0,180.0,NotYet
30.0,4.1,11.9,0.0,-8.0,190.0,NotYet
30.0,4.1,11.9,0.0,-8.0,200.0,NotYet
30.0,4.1,11.9,0.0,-8.0,210.0,NotYet
30.0,4.1,11.9,0.0,-8.0,220.0,NotYet
30.0,4.1,11.9,0.0,-8.0,230.0,NotYet
30.0,4.1,11.9,0.0,-8.0,240.0,NotYet
30.0,4.1,11.9,0.0,-8.0,250.0,NotYet
30.0,4.1,11.9,0.0,-8.0,260.0,NotYet
30.0,4.1,11.9,0.0,-8.0,270.0,NotYet
30.0,4.1,11.9,0.0,-8.0,280.0,NotYet
30.0,4.1,11.9,0.0,-8.0,290.0,NotYet
30.0,4.1,11.9,0.0,-8.0,300.0,NotYet
30.0,4.1,11.9,0.0,-8.0,310.0,NotYet
30.0,4.1,11.9,0.0,-8.0,320.0,NotYet
30.0,4.1,11.9,0.0,-8.0,330.0,NotYet
30.0,4.1,11.9,0.0,-8.0,340.0,NotYet
30.0,4.1,11.9,0.0,-8.0,350.0,NotYet
30.0,4.1,11.9,0.0,-6.0,0.0,NotYet
30.0,4.1,11.9,0.0,-6.0,10.0,NotYet
30.0,4.1,11.9,0.0,-6.0,20.0,NotYet
30.0,4.1,11.9,0.0,-6.0,30.0,NotYet
30.0,4.1,11.9,0.0,-6.0,40.0,NotYet
30.0,4.1,11.9,0.0,-6.0,50.0,NotYet
30.0,4.1,11.9,0.0,-6.0,60.0,NotYet
30.0,4.1,11.9,0.0,-6.0,70.0,NotYet
30.0,4.1,11.9,0.0,-6.0,80.0,NotYet
30.0,4.1,11.9,0.0,-6.0,90.0,NotYet
30.0,4.1,11.9,0.0,-6.0,100.0,NotYet
30.0,4.1,11.9,0.0,-6.0,110.0,NotYet
30.0,4.1,11.9,0.0,-6.0,120.0,NotYet
30.0,4.1,11.9,0.0,-6.0,130.0,NotYet
30.0,4.1,11.9,0.0,-6.0,140.0,NotYet
30.0,4.1,11.9,0.0,-6.0,150.0,NotYet
30.0,4.1,11.9,0.0,-6.0,160.0,NotYet
30.0,4.1,11.9,0.0,-6.0,170.0,NotYet
30.0,4.1,11.9,0.0,-6.0,180.0,NotYet
30.0,4.1,11.9,0.0,-6.0,190.0,NotYet
30.0,4.1,11.9,0.0,-6.0,200.0,NotYet
30.0,4.1,11.9,0.0,-6.0,210.0,NotYet
30.0,4.1,11.9,0.0,-6.0,220.0,NotYet
30.0,4.1,11.9,0.0,-6.0,230.0,NotYet
30.0,4.1,11.9,0.0,-6.0,240.0,NotYet
30.0,4.1,11.9,0.0,-6.0,250.0,NotYet
30.0,4.1,11.9,0.0,-6.0,260.0,NotYet
30.0,4.1,11.9,0.0,-6.0,270.0,NotYet
30.0,4.1,11.9,0.0,-6.0,280.0,NotYet
30.0,4.1,11.9,0.0,-6.0,290.0,NotYet
30.0,4.1,11.9,0.0,-6.0,300.0,NotYet
30.0,4.1,11.9,0.0,-6.0,310.0,NotYet
30.0,4.1,11.9,0.0,-6.0,320.0,NotYet
30.0,4.1,11.9,0.0,-6.0,330.0,NotYet
30.0,4.1,11.9,0.0,-6.0,340.0,NotYet
30.0,4.1,11.9,0.0,-6.0,350.0,NotYet
30.0,4.1,11.9,0.0,-4.0,0.0,NotYet
30.0,4.1,11.9,0.0,-4.0,10.0,NotYet
30.0,4.1,11.9,0.0,-4.0,20.0,NotYet
30.0,4.1,11.9,0.0,-4.0,30.0,NotYet
30.0,4.1,11.9,0.0,-4.0,40.0,NotYet
30.0,4.1,11.9,0.0,-4.0,50.0,NotYet
30.0,4.1,11.9,0.0,-4.0,60.0,NotYet
30.0,4.1,11.9,0.0,-4.0,70.0,NotYet
30.0,4.1,11.9,0.0,-4.0,80.0,NotYet
30.0,4.1,11.9,0.0,-4.0,90.0,NotYet
30.0,4.1,11.9,0.0,-4.0,100.0,NotYet
30.0,4.1,11.9,0.0,-4.0,110.0,NotYet
30.0,4.1,11.9,0.0,-4.0,120.0,NotYet
30.0,4.1,11.9,0.0,-4.0,130.0,NotYet
30.0,4.1,11.9,0.0,-4.0,140.0,NotYet
30.0,4.1,11.9,0.0,-4.0,150.0,NotYet
30.0,4.1,11.9,0.0,-4.0,160.0,NotYet
30.0,4.1,11.9,0.0,-4.0,170.0,NotYet
30.0,4.1,11.9,0.0,-4.0,180.0,NotYet
30.0,4.1,11.9,0.0,-4.0,190.0,NotYet
30.0,4.1,11.9,0.0,-4.0,200.0,NotYet
30.0,4.1,11.9,0.0,-4.0,210.0,NotYet
30.0,4.1,11.9,0.0,-4.0,220.0,NotYet
30.0,4.1,11.9,0.0,-4.0,230.0,NotYet
30.0,4.1,11.9,0.0,-4.0,240.0,NotYet
30.0,4.1,11.9,0.0,-4.0,250.0,NotYet
30.0,4.1,11.9,0.0,-4.0,260.0,NotYet
30.0,4.1,11.9,0.0,-4.0,270.0,NotYet
30.0,4.1,11.9,0.0,-4.0,280.0,NotYet
30.0,4.1,11.9,0.0,-4.0,290.0,NotYet
30.0,4.1,11.9,0.0,-4.0,300.0,NotYet
30.0,4.1,11.9,0.0,-4.0,310.0,NotYet
30.0,4.1,11.9,0.0,-4.0,320.0,NotYet
30.0,4.1,11.9,0.0,-4.0,330.0,NotYet
30.0,4.1,11.9,0.0,-4.0,340.0,NotYet
30.0,4.1,11.9,0.0,-4.0,350.0,NotYet
30.0,4.1,11.9,0.0,-2.0,0.0,NotYet
30.0,4.1,11.9,0.0,-2.0,10.0,NotYet
30.0,4.1,11.9,0.0,-2.0,20.0,NotYet
30.0,4.1,11.9,0.0,-2.0,30.0,NotYet
30.0,4.1,11.9,0.0,-2.0,40.0,NotYet
30.0,4.1,11.9,0.0,-2.0,50.0,NotYet
30.0,4.1,11.9,0.0,-2.0,60.0,NotYet
30.0,4.1,11.9,0.0,-2.0,70.0,NotYet
30.0,4.1,11.9,0.0,-2.0,80.0,NotYet
30.0,4.1,11.9,0.0,-2.0,90.0,NotYet
30.0,4.1,11.9,0.0,-2.0,100.0,NotYet
30.0,4.1,11.9,0.0,-2.0,110.0,NotYet
30.0,4.1,11.9,0.0,-2.0,120.0,NotYet
30.0,4.1,11.9,0.0,-2.0,130.0,NotYet
30.0,4.1,11.9,0.0,-2.0,140.0,NotYet
30.0,4.1,11.9,0.0,-2.0,150.0,NotYet
30.0,4.1,11.9,0.0,-2.0,160.0,NotYet
30.0,4.1,11.9,0.0,-2.0,170.0,NotYet
30.0,4.1,11.9,0.0,-2.0,180.0,NotYet
30.0,4.1,11.9,0.0,-2.0,190.0,NotYet
30.0,4.1,11.9,0.0,-2.0,200.0,NotYet
30.0,4.1,11.9,0.0,-2.0,210.0,NotYet
30.0,4.1,11.9,0.0,-2.0,220.0,NotYet
30.0,4.1,11.9,0.0,-2.0,230.0,NotYet
30.0,4.1,11.9,0.0,-2.0,240.0,NotYet
30.0,4.1,11.9,0.0,-2.0,250.0,NotYet
30.0,4.1,11.9,0.0,-2.0,260.0,NotYet
30.0,4.1,11.9,0.0,-2.0,270.0,NotYet
30.0,4.1,11.9,0.0,-2.0,280.0,NotYet
30.0,4.1,11.9,0.0,-2.0,290.0,NotYet
30.0,4.1,11.9,0.0,-2.0,300.0,NotYet
30.0,4.1,11.9,0.0,-2.0,310.0,NotYet
30.0,4.1,11.9,0.0,-2.0,320.0,NotYet
30.0,4.1,11.9,0.0,-2.0,330.0,NotYet
30.0,4.1,11.9,0.0,-2.0,340.0,NotYet
30.0,4.1,11.9,0.0,-2.0,350.0,NotYet
30.0,4.1,11.9,0.0,0.0,0.0,NotYet
30.0,4.1,11.9,0.0,0.0,10.0,NotYet
30.0,4.1,11.9,0.0,0.0,20.0,NotYet
30.0,4.1,11.9,0.0,0.0,30.0,NotYet
30.0,4.1,11.9,0.0,0.0,40.0,NotYet
30.0,4.1,11.9,0.0,0.0,50.0,NotYet
30.0,4.1,11.9,0.0,0.0,60.0,NotYet
30.0,4.1,11.9,0.0,0.0,70.0,NotYet
30.0,4.1,11.9,0.0,0.0,80.0,NotYet
30.0,4.1,11.9,0.0,0.0,90.0,NotYet
30.0,4.1,11.9,0.0,0.0,100.0,NotYet
30.0,4.1,11.9,0.0,0.0,110.0,NotYet
30.0,4.1,11.9,0.0,0.0,120.0,NotYet
30.0,4.1,11.9,0.0,0.0,130.0,NotYet
30.0,4.1,11.9,0.0,0.0,140.0,NotYet
30.0,4.1,11.9,0.0,0.0,150.0,NotYet
30.0,4.1,11.9,0.0,0.0,160.0,NotYet
30.0,4.1,11.9,0.0,0.0,170.0,NotYet
30.0,4.1,11.9,0.0,0.0,180.0,NotYet
30.0,4.1,11.9,0.0,0.0,190.0,NotYet
30.0,4.1,11.9,0.0,0.0,200.0,NotYet
30.0,4.1,11.9,0.0,0.0,210.0,NotYet
30.0,4.1,11.9,0.0,0.0,220.0,NotYet
30.0,4.1,11.9,0.0,0.0,230.0,NotYet
30.0,4.1,11.9,0.0,0.0,240.0,NotYet
30.0,4.1,11.9,0.0,0.0,250.0,NotYet
30.0,4.1,11.9,0.0,0.0,260.0,NotYet
30.0,4.1,11.9,0.0,0.0,270.0,NotYet
30.0,4.1,11.9,0.0,0.0,280.0,NotYet
30.0,4.1,11.9,0.0,0.0,290.0,NotYet
30.0,4.1,11.9,0.0,0.0,300.0,NotYet
30.0,4.1,11.9,0.0,0.0,310.0,NotYet
30.0,4.1,11.9,0.0,0.0,320.0,NotYet
30.0,4.1,11.9,0.0,0.0,330.0,NotYet
30.0,4.1,11.9,0.0,0.0,340.0,NotYet
30.0,4.1,11.9,0.0,0.0,350.0,NotYet
30.0,4.1,11.9,0.0,2.0,0.0,NotYet
30.0,4.1,11.9,0.0,2.0,10.0,NotYet
30.0,4.1,11.9,0.0,2.0,20.0,NotYet
30.0,4.1,11.9,0.0,2.0,30.0,NotYet
30.0,4.1,11.9,0.0,2.0,40.0,NotYet
30.0,4.1,11.9,0.0,2.0,50.0,NotYet
30.0,4.1,11.9,0.0,2.0,60.0,NotYet
30.0,4.1,11.9,0.0,2.0,70.0,NotYet
30.0,4.1,11.9,0.0,2.0,80.0,NotYet
30.0,4.1,11.9,0.0,2.0,90.0,NotYet
30.0,4.1,11.9,0.0,2.0,100.0,NotYet
30.0,4.1,11.9,0.0,2.0,110.0,NotYet
30.0,4.1,11.9,0.0,2.0,120.0,NotYet
30.0,4.1,11.9,0.0,2.0,130.0,NotYet
30.0,4.1,11.9,0.0,2.0,140.0,NotYet
30.0,4.1,11.9,0.0,2.0,150.0,NotYet
30.0,4.1,11.9,0.0,2.0,160.0,NotYet
30.0,4.1,11.9,0.0,2.0,170.0,NotYet
30.0,4.1,11.9,0.0,2.0,180.0,NotYet
30.0,4.1,11.9,0.0,2.0,190.0,NotYet
30.0,4.1,11.9,0.0,2.0,200.0,NotYet
30.0,4.1,11.9,0.0,2.0,210.0,NotYet
30.0,4.1,11.9,0.0,2.0,220.0,NotYet
30.0,4.1,11.9,0.0,2.0,230.0,NotYet
30.0,4.1,11.9,0.0,2.0,240.0,NotYet
30.0,4.1,11.9,0.0,2.0,250.0,NotYet
30.0,4.1,11.9,0.0,2.0,260.0,NotYet
30.0,4.1,11.9,0.0,2.0,270.0,NotYet
30.0,4.1,11.9,0.0,2.0,280.0,NotYet
30.0,4.1,11.9,0.0,2.0,290.0,NotYet
30.0,4.1,11.9,0.0,2.0,300.0,NotYet
30.0,4.1,11.9,0.0,2.0,310.0,NotYet
30.0,4.1,11.9,0.0,2.0,320.0,NotYet
30.0,4.1,11.9,0.0,2.0,330.0,NotYet
30.0,4.1,11.9,0.0,2.0,340.0,NotYet
30.0,4.1,11.9,0.0,2.0,350.0,NotYet
30.0,4.1,11.9,0.0,4.0,0.0,NotYet
30.0,4.1,11.9,0.0,4.0,10.0,NotYet
30.0,4.1,11.9,0.0,4.0,20.0,NotYet
30.0,4.1,11.9,0.0,4.0,30.0,NotYet
30.0,4.1,11.9,0.0,4.0,40.0,NotYet
30.0,4.1,11.9,0.0,4.0,50.0,NotYet
30.0,4.1,11.9,0.0,4.0,60.0,NotYet
30.0,4.1,11.9,0.0,4.0,70.0,NotYet
30.0,4.1,11.9,0.0,4.0,80.0,NotYet
30.0,4.1,11.9,0.0,4.0,90.0,NotYet
30.0,4.1,11.9,0.0,4.0,100.0,NotYet
30.0,4.1,11.9,0.0,4.0,110.0,NotYet
30.0,4.1,11.9,0.0,4.0,120.0,NotYet
30.0,4.1,11.9,0.0,4.0,130.0,NotYet
30.0,4.1,11.9,0.0,4.0,140.0,NotYet
30.0,4.1,11.9,0.0,4.0,150.0,NotYet
30.0,4.1,11.9,0.0,4.0,160.0,NotYet
30.0,4.1,11.9,0.0,4.0,170.0,NotYet
30.0,4.1,11.9,0.0,4.0,180.0,NotYet
30.0,4.1,11.9,0.0,4.0,190.0,NotYet
30.0,4.1,11.9,0.0,4.0,200.0,NotYet
30.0,4.1,11.9,0.0,4.0,210.0,NotYet
30.0,4.1,11.9,0.0,4.0,220.0,NotYet
30.0,4.1,11.9,0.0,4.0,230.0,NotYet
30.0,4.1,11.9,0.0,4.0,240.0,NotYet
30.0,4.1,11.9,0.0,4.0,250.0,NotYet
30.0,4.1,11.9,0.0,4.0,260.0,NotYet
30.0,4.1,11.9,0.0,4.0,270.0,NotYet
30.0,4.1,11.9,0.0,4.0,280.0,NotYet
30.0,4.1,11.9,0.0,4.0,290.0,NotYet
30.0,4.1,11.9,0.0,4.0,300.0,NotYet
30.0,4.1,11.9,0.0,4.0,310.0,NotYet
30.0,4.1,11.9,0.0,4.0,320.0,NotYet
30.0,4.1,11.9,0.0,4.0,330.0,NotYet
30.0,4.1,11.9,0.0,4.0,340.0,NotYet
30.0,4.1,11.9,0.0,4.0,350.0,NotYet
30.0,4.1,11.9,0.0,6.0,0.0,NotYet
30.0,4.1,11.9,0.0,6.0,10.0,NotYet
30.0,4.1,11.9,0.0,6.0,20.0,NotYet
30.0,4.1,11.9,0.0,6.0,30.0,NotYet
30.0,4.1,11.9,0.0,6.0,40.0,NotYet
30.0,4.1,11.9,0.0,6.0,50.0,NotYet
30.0,4.1,11.9,0.0,6.0,60.0,NotYet
30.0,4.1,11.9,0.0,6.0,70.0,NotYet
30.0,4.1,11.9,0.0,6.0,80.0,NotYet
30.0,4.1,11.9,0.0,6.0,90.0,NotYet
30.0,4.1,11.9,0.0,6.0,100.0,NotYet
30.0,4.1,11.9,0.0,6.0,110.0,NotYet
30.0,4.1,11.9,0.0,6.0,120.0,NotYet
30.0,4.1,11.9,0.0,6.0,130.0,NotYet
30.0,4.1,11.9,0.0,6.0,140.0,NotYet
30.0,4.1,11.9,0.0,6.0,150.0,NotYet
30.0,4.1,11.9,0.0,6.0,160.0,NotYet
30.0,4.1,11.9,0.0,6.0,170.0,NotYet
30.0,4.1,11.9,0.0,6.0,180.0,NotYet
30.0,4.1,11.9,0.0,6.0,190.0,NotYet
30.0,4.1,11.9,0.0,6.0,200.0,NotYet
30.0,4.1,11.9,0.0,6.0,210.0,NotYet
30.0,4.1,11.9,0.0,6.0,220.0,NotYet
30.0,4.1,11.9,0.0,6.0,230.0,NotYet
30.0,4.1,11.9,0.0,6.0,240.0,NotYet
30.0,4.1,11.9,0.0,6.0,250.0,NotYet
30.0,4.1,11.9,0.0,6.0,260.0,NotYet
30.0,4.1,11.9,0.0,6.0,270.0,NotYet
30.0,4.1,11.9,0.0,6.0,280.0,NotYet
30.0,4.1,11.9,0.0,6.0,290.0,NotYet
30.0,4.1,11.9,0.0,6.0,300.0,NotYet
30.0,4.1,11.9,0.0,6.0,310.0,NotYet
30.0,4.1,11.9,0.0,6.0,320.0,NotYet
30.0,4.1,11.9,0.0,6.0,330.0,NotYet
30.0,4.1,11.9,0.0,6.0,340.0,NotYet
30.0,4.1,11.9,0.0,6.0,350.0,NotYet
30.0,4.1,11.9,0.0,8.0,0.0,NotYet
30.0,4.1,11.9,0.0,8.0,10.0,NotYet
30.0,4.1,11.9,0.0,8.0,20.0,NotYet
30.0,4.1,11.9,0.0,8.0,30.0,NotYet
30.0,4.1,11.9,0.0,8.0,40.0,NotYet
30.0,4.1,11.9,0.0,8.0,50.0,NotYet
30.0,4.1,11.9,0.0,8.0,60.0,NotYet
30.0,4.1,11.9,0.0,8.0,70.0,NotYet
30.0,4.1,11.9,0.0,8.0,80.0,NotYet
30.0,4.1,11.9,0.0,8.0,90.0,NotYet
30.0,4.1,11.9,0.0,8.0,100.0,NotYet
30.0,4.1,11.9,0.0,8.0,110.0,NotYet
30.0,4.1,11.9,0.0,8.0,120.0,NotYet
30.0,4.1,11.9,0.0,8.0,130.0,NotYet
30.0,4.1,11.9,0.0,8.0,140.0,NotYet
30.0,4.1,11.9,0.0,8.0,150.0,NotYet
30.0,4.1,11.9,0.0,8.0,160.0,NotYet
30.0,4.1,11.9,0.0,8.0,170.0,NotYet
30.0,4.1,11.9,0.0,8.0,180.0,NotYet
30.0,4.1,11.9,0.0,8.0,190.0,NotYet
30.0,4.1,11.9,0.0,8.0,200.0,NotYet
30.0,4.1,11.9,0.0,8.0,210.0,NotYet
30.0,4.1,11.9,0.0,8.0,220.0,NotYet
30.0,4.1,11.9,0.0,8.0,230.0,NotYet
30.0,4.1,11.9,0.0,8.0,240.0,NotYet
30.0,4.1,11.9,0.0,8.0,250.0,NotYet
30.0,4.1,11.9,0.0,8.0,260.0,NotYet
30.0,4.1,11.9,0.0,8.0,270.0,NotYet
30.0,4.1,11.9,0.0,8.0,280.0,NotYet
30.0,4.1,11.9,0.0,8.0,290.0,NotYet
30.0,4.1,11.9,0.0,8.0,300.0,NotYet
30.0,4.1,11.9,0.0,8.0,310.0,NotYet
30.0,4.1,11.9,0.0,8.0,320.0,NotYet
30.0,4.1,11.9,0.0,8.0,330.0,NotYet
30.0,4.1,11.9,0.0,8.0,340.0,NotYet
30.0,4.1,11.9,0.0,8.0,350.0,NotYet
30.0,4.1,11.9,0.0,10.0,0.0,NotYet
30.0,4.1,11.9,0.0,10.0,10.0,NotYet
30.0,4.1,11.9,0.0,10.0,20.0,NotYet
30.0,4.1,11.9,0.0,10.0,30.0,NotYet
30.0,4.1,11.9,0.0,10.0,40.0,NotYet
30.0,4.1,11.9,0.0,10.0,50.0,NotYet
30.0,4.1,11.9,0.0,10.0,60.0,NotYet
30.0,4.1,11.9,0.0,10.0,70.0,NotYet
30.0,4.1,11.9,0.0,10.0,80.0,NotYet
30.0,4.1,11.9,0.0,10.0,90.0,NotYet
30.0,4.1,11.9,0.0,10.0,100.0,NotYet
30.0,4.1,11.9,0.0,10.0,110.0,NotYet
30.0,4.1,11.9,0.0,10.0,120.0,NotYet
30.0,4.1,11.9,0.0,10.0,130.0,NotYet
30.0,4.1,11.9,0.0,10.0,140.0,NotYet
30.0,4.1,11.9,0.0,10.0,150.0,NotYet
30.0,4.1,11.9,0.0,10.0,160.0,NotYet
30.0,4.1,11.9,0.0,10.0,170.0,NotYet
30.0,4.1,11.9,0.0,10.0,180.0,NotYet
30.0,4.1,11.9,0.0,10.0,190.0,NotYet
30.0,4.1,11.9,0.0,10.0,200.0,NotYet
30.0,4.1,11.9,0.0,10.0,210.0,NotYet
30.0,4.1,11.9,0.0,10.0,220.0,NotYet
30.0,4.1,11.9,0.0,10.0,230.0,NotYet
30.0,4.1,11.9,0.0,10.0,240.0,NotYet
30.0,4.1,11.9,0.0,10.0,250.0,NotYet
30.0,4.1,11.9,0.0,10.0,260.0,NotYet
30.0,4.1,11.9,0.0,10.0,270.0,NotYet
30.0,4.1,11.9,0.0,10.0,280.0,NotYet
30.0,4.1,11.9,0.0,10.0,290.0,NotYet
30.0,4.1,11.9,0.0,10.0,300.0,NotYet
30.0,4.1,11.9,0.0,10.0,310.0,NotYet
30.0,4.1,11.9,0.0,10.0,320.0,NotYet
30.0,4.1,11.9,0.0,10.0,330.0,NotYet
30.0,4.1,11.9,0.0,10.0,340.0,NotYet
30.0,4.1,11.9,0.0,10.0,350.0,NotYet
30.0,4.1,11.9,0.0,12.0,0.0,NotYet
30.0,4.1,11.9,0.0,12.0,10.0,NotYet
30.0,4.1,11.9,0.0,12.0,20.0,NotYet
30.0,4.1,11.9,0.0,12.0,30.0,NotYet
30.0,4.1,11.9,0.0,12.0,40.0,NotYet
30.0,4.1,11.9,0.0,12.0,50.0,NotYet
30.0,4.1,11.9,0.0,12.0,60.0,NotYet
30.0,4.1,11.9,0.0,12.0,70.0,NotYet
30.0,4.1,11.9,0.0,12.0,80.0,NotYet
30.0,4.1,11.9,0.0,12.0,90.0,NotYet
30.0,4.1,11.9,0.0,12.0,100.0,NotYet
30.0,4.1,11.9,0.0,12.0,110.0,NotYet
30.0,4.1,11.9,0.0,12.0,120.0,NotYet
30.0,4.1,11.9,0.0,12.0,130.0,NotYet
30.0,4.1,11.9,0.0,12.0,140.0,NotYet
30.0,4.1,11.9,0.0,12.0,150.0,NotYet
30.0,4.1,11.9,0.0,12.0,160.0,NotYet
30.0,4.1,11.9,0.0,12.0,170.0,NotYet
30.0,4.1,11.9,0.0,12.0,180.0,NotYet
30.0,4.1,11.9,0.0,12.0,190.0,NotYet
30.0,4.1,11.9,0.0,12.0,200.0,NotYet
30.0,4.1,11.9,0.0,12.0,210.0,NotYet
30.0,4.1,11.9,0.0,12.0,220.0,NotYet
30.0,4.1,11.9,0.0,12.0,230.0,NotYet
30.0,4.1,11.9,0.0,12.0,240.0,NotYet
30.0,4.1,11.9,0.0,12.0,250.0,NotYet
30.0,4.1,11.9,0.0,12.0,260.0,NotYet
30.0,4.1,11.9,0.0,12.0,270.0,NotYet
30.0,4.1,11.9,0.0,12.0,280.0,NotYet
30.0,4.1,11.9,0.0,12.0,290.0,NotYet
30.0,4.1,11.9,0.0,12.0,300.0,NotYet
30.0,4.1,11.9,0.0,12.0,310.0,NotYet
30.0,4.1,11.9,0.0,12.0,320.0,NotYet
30.0,4.1,11.9,0.0,12.0,330.0,NotYet
30.0,4.1,11.9,0.0,12.0,340.0,NotYet
30.0,4.1,11.9,0.0,12.0,350.0,NotYet
30.0,4.1,11.9,0.0,14.0,0.0,NotYet
30.0,4.1,11.9,0.0,14.0,10.0,NotYet
30.0,4.1,11.9,0.0,14.0,20.0,NotYet
30.0,4.1,11.9,0.0,14.0,30.0,NotYet
30.0,4.1,11.9,0.0,14.0,40.0,NotYet
30.0,4.1,11.9,0.0,14.0,50.0,NotYet
30.0,4.1,11.9,0.0,14.0,60.0,NotYet
30.0,4.1,11.9,0.0,14.0,70.0,NotYet
30.0,4.1,11.9,0.0,14.0,80.0,NotYet
30.0,4.1,11.9,0.0,14.0,90.0,NotYet
30.0,4.1,11.9,0.0,14.0,100.0,NotYet
30.0,4.1,11.9,0.0,14.0,110.0,NotYet
30.0,4.1,11.9,0.0,14.0,120.0,NotYet
30.0,4.1,11.9,0.0,14.0,130.0,NotYet
30.0,4.1,11.9,0.0,14.0,140.0,NotYet
30.0,4.1,11.9,0.0,14.0,150.0,NotYet
30.0,4.1,11.9,0.0,14.0,160.0,NotYet
30.0,4.1,11.9,0.0,14.0,170.0,NotYet
30.0,4.1,11.9,0.0,14.0,180.0,NotYet
30.0,4.1,11.9,0.0,14.0,190.0,NotYet
30.0,4.1,11.9,0.0,14.0,200.0,NotYet
30.0,4.1,11.9,0.0,14.0,210.0,NotYet
30.0,4.1,11.9,0.0,14.0,220.0,NotYet
30.0,4.1,11.9,0.0,14.0,230.0,NotYet
30.0,4.1,11.9,0.0,14.0,240.0,NotYet
30.0,4.1,11.9,0.0,14.0,250.0,NotYet
30.0,4.1,11.9,0.0,14.0,260.0,NotYet
30.0,4.1,11.9,0.0,14.0,270.0,NotYet
30.0,4.1,11.9,0.0,14.0,280.0,NotYet
30.0,4.1,11.9,0.0,14.0,290.0,NotYet
30.0,4.1,11.9,0.0,14.0,300.0,NotYet
30.0,4.1,11.9,0.0,14.0,310.0,NotYet
30.0,4.1,11.9,0.0,14.0,320.0,NotYet
30.0,4.1,11.9,0.0,14.0,330.0,NotYet
30.0,4.1,11.9,0.0,14.0,340.0,NotYet
30.0,4.1,11.9,0.0,14.0,350.0,NotYet
30.0,4.1,11.9,0.2,-14.0,0.0,NotYet
30.0,4.1,11.9,0.2,-14.0,10.0,NotYet
30.0,4.1,11.9,0.2,-14.0,20.0,NotYet
30.0,4.1,11.9,0.2,-14.0,30.0,NotYet
30.0,4.1,11.9,0.2,-14.0,40.0,NotYet
30.0,4.1,11.9,0.2,-14.0,50.0,NotYet
30.0,4.1,11.9,0.2,-14.0,60.0,NotYet
30.0,4.1,11.9,0.2,-14.0,70.0,NotYet
30.0,4.1,11.9,0.2,-14.0,80.0,NotYet
30.0,4.1,11.9,0.2,-14.0,90.0,NotYet
30.0,4.1,11.9,0.2,-14.0,100.0,NotYet
30.0,4.1,11.9,0.2,-14.0,110.0,NotYet
30.0,4.1,11.9,0.2,-14.0,120.0,NotYet
30.0,4.1,11.9,0.2,-14.0,130.0,NotYet
30.0,4.1,11.9,0.2,-14.0,140.0,NotYet
30.0,4.1,11.9,0.2,-14.0,150.0,NotYet
30.0,4.1,11.9,0.2,-14.0,160.0,NotYet
30.0,4.1,11.9,0.2,-14.0,170.0,NotYet
30.0,4.1,11.9,0.2,-14.0,180.0,NotYet
30.0,4.1,11.9,0.2,-14.0,190.0,NotYet
30.0,4.1,11.9,0.2,-14.0,200.0,NotYet
30.0,4.1,11.9,0.2,-14.0,210.0,NotYet
30.0,4.1,11.9,0.2,-14.0,220.0,NotYet
30.0,4.1,11.9,0.2,-14.0,230.0,NotYet
30.0,4.1,11.9,0.2,-14.0,240.0,NotYet
30.0,4.1,11.9,0.2,-14.0,250.0,NotYet
30.0,4.1,11.9,0.2,-14.0,260.0,NotYet
30.0,4.1,11.9,0.2,-14.0,270.0,NotYet
30.0,4.1,11.9,0.2,-14.0,280.0,NotYet
30.0,4.1,11.9,0.2,-14.0,290.0,NotYet
30.0,4.1,11.9,0.2,-14.0,300.0,NotYet
30.0,4.1,11.9,0.2,-14.0,310.0,NotYet
30.0,4.1,11.9,0.2,-14.0,320.0,NotYet
30.0,4.1,11.9,0.2,-14.0,330.0,NotYet
30.0,4.1,11.9,0.2,-14.0,340.0,NotYet
30.0,4.1,11.9,0.2,-14.0,350.0,NotYet
30.0,4.1,11.9,0.2,-12.0,0.0,NotYet
30.0,4.1,11.9,0.2,-12.0,10.0,NotYet
30.0,4.1,11.9,0.2,-12.0,20.0,NotYet
30.0,4.1,11.9,0.2,-12.0,30.0,NotYet
30.0,4.1,11.9,0.2,-12.0,40.0,NotYet
30.0,4.1,11.9,0.2,-12.0,50.0,NotYet
30.0,4.1,11.9,0.2,-12.0,60.0,NotYet
30.0,4.1,11.9,0.2,-12.0,70.0,NotYet
30.0,4.1,11.9,0.2,-12.0,80.0,NotYet
30.0,4.1,11.9,0.2,-12.0,90.0,NotYet
30.0,4.1,11.9,0.2,-12.0,100.0,NotYet
30.0,4.1,11.9,0.2,-12.0,110.0,NotYet
30.0,4.1,11.9,0.2,-12.0,120.0,NotYet
30.0,4.1,11.9,0.2,-12.0,130.0,NotYet
30.0,4.1,11.9,0.2,-12.0,140.0,NotYet
30.0,4.1,11.9,0.2,-12.0,150.0,NotYet
30.0,4.1,11.9,0.2,-12.0,160.0,NotYet
30.0,4.1,11.9,0.2,-12.0,170.0,NotYet
30.0,4.1,11.9,0.2,-12.0,180.0,NotYet
30.0,4.1,11.9,0.2,-12.0,190.0,NotYet
30.0,4.1,11.9,0.2,-12.0,200.0,NotYet
30.0,4.1,11.9,0.2,-12.0,210.0,NotYet
30.0,4.1,11.9,0.2,-12.0,220.0,NotYet
30.0,4.1,11.9,0.2,-12.0,230.0,NotYet
30.0,4.1,11.9,0.2,-12.0,240.0,NotYet
30.0,4.1,11.9,0.2,-12.0,250.0,NotYet
30.0,4.1,11.9,0.2,-12.0,260.0,NotYet
30.0,4.1,11.9,0.2,-12.0,270.0,NotYet
30.0,4.1,11.9,0.2,-12.0,280.0,NotYet
30.0,4.1,11.9,0.2,-12.0,290.0,NotYet
30.0,4.1,11.9,0.2,-12.0,300.0,NotYet
30.0,4.1,11.9,0.2,-12.0,310.0,NotYet
30.0,4.1,11.9,0.2,-12.0,320.0,NotYet
30.0,4.1,11.9,0.2,-12.0,330.0,NotYet
30.0,4.1,11.9,0.2,-12.0,340.0,NotYet
30.0,4.1,11.9,0.2,-12.0,350.0,NotYet
30.0,4.1,11.9,0.2,-10.0,0.0,NotYet
30.0,4.1,11.9,0.2,-10.0,10.0,NotYet
30.0,4.1,11.9,0.2,-10.0,20.0,NotYet
30.0,4.1,11.9,0.2,-10.0,30.0,NotYet
30.0,4.1,11.9,0.2,-10.0,40.0,NotYet
30.0,4.1,11.9,0.2,-10.0,50.0,NotYet
30.0,4.1,11.9,0.2,-10.0,60.0,NotYet
30.0,4.1,11.9,0.2,-10.0,70.0,NotYet
30.0,4.1,11.9,0.2,-10.0,80.0,NotYet
30.0,4.1,11.9,0.2,-10.0,90.0,NotYet
30.0,4.1,11.9,0.2,-10.0,100.0,NotYet
30.0,4.1,11.9,0.2,-10.0,110.0,NotYet
30.0,4.1,11.9,0.2,-10.0,120.0,NotYet
30.0,4.1,11.9,0.2,-10.0,130.0,NotYet
30.0,4.1,11.9,0.2,-10.0,140.0,NotYet
30.0,4.1,11.9,0.2,-10.0,150.0,NotYet
30.0,4.1,11.9,0.2,-10.0,160.0,NotYet
30.0,4.1,11.9,0.2,-10.0,170.0,NotYet
30.0,4.1,11.9,0.2,-10.0,180.0,NotYet
30.0,4.1,11.9,0.2,-10.0,190.0,NotYet
30.0,4.1,11.9,0.2,-10.0,200.0,NotYet
30.0,4.1,11.9,0.2,-10.0,210.0,NotYet
30.0,4.1,11.9,0.2,-10.0,220.0,NotYet
30.0,4.1,11.9,0.2,-10.0,230.0,NotYet
30.0,4.1,11.9,0.2,-10.0,240.0,NotYet
30.0,4.1,11.9,0.2,-10.0,250.0,NotYet
30.0,4.1,11.9,0.2,-10.0,260.0,NotYet
30.0,4.1,11.9,0.2,-10.0,270.0,NotYet
30.0,4.1,11.9,0.2,-10.0,280.0,NotYet
30.0,4.1,11.9,0.2,-10.0,290.0,NotYet
30.0,4.1,11.9,0.2,-10.0,300.0,NotYet
30.0,4.1,11.9,0.2,-10.0,310.0,NotYet
30.0,4.1,11.9,0.2,-10.0,320.0,NotYet
30.0,4.1,11.9,0.2,-10.0,330.0,NotYet
30.0,4.1,11.9,0.2,-10.0,340.0,NotYet
30.0,4.1,11.9,0.2,-10.0,350.0,NotYet
30.0,4.1,11.9,0.2,-8.0,0.0,NotYet
30.0,4.1,11.9,0.2,-8.0,10.0,NotYet
30.0,4.1,11.9,0.2,-8.0,20.0,NotYet
30.0,4.1,11.9,0.2,-8.0,30.0,NotYet
30.0,4.1,11.9,0.2,-8.0,40.0,NotYet
30.0,4.1,11.9,0.2,-8.0,50.0,NotYet
30.0,4.1,11.9,0.2,-8.0,60.0,NotYet
30.0,4.1,11.9,0.2,-8.0,70.0,NotYet
30.0,4.1,11.9,0.2,-8.0,80.0,NotYet
30.0,4.1,11.9,0.2,-8.0,90.0,NotYet
30.0,4.1,11.9,0.2,-8.0,100.0,NotYet
30.0,4.1,11.9,0.2,-8.0,110.0,NotYet
30.0,4.1,11.9,0.2,-8.0,120.0,NotYet
30.0,4.1,11.9,0.2,-8.0,130.0,NotYet
30.0,4.1,11.9,0.2,-8.0,140.0,NotYet
30.0,4.1,11.9,0.2,-8.0,150.0,NotYet
30.0,4.1,11.9,0.2,-8.0,160.0,NotYet
30.0,4.1,11.9,0.2,-8.0,170.0,NotYet
30.0,4.1,11.9,0.2,-8.0,180.0,NotYet
30.0,4.1,11.9,0.2,-8.0,190.0,NotYet
30.0,4.1,11.9,0.2,-8.0,200.0,NotYet
30.0,4.1,11.9,0.2,-8.0,210.0,NotYet
30.0,4.1,11.9,0.2,-8.0,220.0,NotYet
30.0,4.1,11.9,0.2,-8.0,230.0,NotYet
30.0,4.1,11.9,0.2,-8.0,240.0,NotYet
30.0,4.1,11.9,0.2,-8.0,250.0,NotYet
30.0,4.1,11.9,0.2,-8.0,260.0,NotYet
30.0,4.1,11.9,0.2,-8.0,270.0,NotYet
30.0,4.1,11.9,0.2,-8.0,280.0,NotYet
30.0,4.1,11.9,0.2,-8.0,290.0,NotYet
30.0,4.1,11.9,0.2,-8.0,300.0,NotYet
30.0,4.1,11.9,0.2,-8.0,310.0,NotYet
30.0,4.1,11.9,0.2,-8.0,320.0,NotYet
30.0,4.1,11.9,0.2,-8.0,330.0,NotYet
30.0,4.1,11.9,0.2,-8.0,340.0,NotYet
30.0,4.1,11.9,0.2,-8.0,350.0,NotYet
30.0,4.1,11.9,0.2,-6.0,0.0,NotYet
30.0,4.1,11.9,0.2,-6.0,10.0,NotYet
30.0,4.1,11.9,0.2,-6.0,20.0,NotYet
30.0,4.1,11.9,0.2,-6.0,30.0,NotYet
30.0,4.1,11.9,0.2,-6.0,40.0,NotYet
30.0,4.1,11.9,0.2,-6.0,50.0,NotYet
30.0,4.1,11.9,0.2,-6.0,60.0,NotYet
30.0,4.1,11.9,0.2,-6.0,70.0,NotYet
30.0,4.1,11.9,0.2,-6.0,80.0,NotYet
30.0,4.1,11.9,0.2,-6.0,90.0,NotYet
30.0,4.1,11.9,0.2,-6.0,100.0,NotYet
30.0,4.1,11.9,0.2,-6.0,110.0,NotYet
30.0,4.1,11.9,0.2,-6.0,120.0,NotYet
30.0,4.1,11.9,0.2,-6.0,130.0,NotYet
30.0,4.1,11.9,0.2,-6.0,140.0,NotYet
30.0,4.1,11.9,0.2,-6.0,150.0,NotYet
30.0,4.1,11.9,0.2,-6.0,160.0,NotYet
30.0,4.1,11.9,0.2,-6.0,170.0,NotYet
30.0,4.1,11.9,0.2,-6.0,180.0,NotYet
30.0,4.1,11.9,0.2,-6.0,190.0,NotYet
30.0,4.1,11.9,0.2,-6.0,200.0,NotYet
30.0,4.1,11.9,0.2,-6.0,210.0,NotYet
30.0,4.1,11.9,0.2,-6.0,220.0,NotYet
30.0,4.1,11.9,0.2,-6.0,230.0,NotYet
30.0,4.1,11.9,0.2,-6.0,240.0,NotYet
30.0,4.1,11.9,0.2,-6.0,250.0,NotYet
30.0,4.1,11.9,0.2,-6.0,260.0,NotYet
30.0,4.1,11.9,0.2,-6.0,270.0,NotYet
30.0,4.1,11.9,0.2,-6.0,280.0,NotYet
30.0,4.1,11.9,0.2,-6.0,290.0,NotYet
30.0,4.1,11.9,0.2,-6.0,300.0,NotYet
30.0,4.1,11.9,0.2,-6.0,310.0,NotYet
30.0,4.1,11.9,0.2,-6.0,320.0,NotYet
30.0,4.1,11.9,0.2,-6.0,330.0,NotYet
30.0,4.1,11.9,0.2,-6.0,340.0,NotYet
30.0,4.1,11.9,0.2,-6.0,350.0,NotYet
30.0,4.1,11.9,0.2,-4.0,0.0,NotYet
30.0,4.1,11.9,0.2,-4.0,10.0,NotYet
30.0,4.1,11.9,0.2,-4.0,20.0,NotYet
30.0,4.1,11.9,0.2,-4.0,30.0,NotYet
30.0,4.1,11.9,0.2,-4.0,40.0,NotYet
30.0,4.1,11.9,0.2,-4.0,50.0,NotYet
30.0,4.1,11.9,0.2,-4.0,60.0,NotYet
30.0,4.1,11.9,0.2,-4.0,70.0,NotYet
30.0,4.1,11.9,0.2,-4.0,80.0,NotYet
30.0,4.1,11.9,0.2,-4.0,90.0,NotYet
30.0,4.1,11.9,0.2,-4.0,100.0,NotYet
30.0,4.1,11.9,0.2,-4.0,110.0,NotYet
30.0,4.1,11.9,0.2,-4.0,120.0,NotYet
30.0,4.1,11.9,0.2,-4.0,130.0,NotYet
30.0,4.1,11.9,0.2,-4.0,140.0,NotYet
30.0,4.1,11.9,0.2,-4.0,150.0,NotYet
30.0,4.1,11.9,0.2,-4.0,160.0,NotYet
30.0,4.1,11.9,0.2,-4.0,170.0,NotYet
30.0,4.1,11.9,0.2,-4.0,180.0,NotYet
30.0,4.1,11.9,0.2,-4.0,190.0,NotYet
30.0,4.1,11.9,0.2,-4.0,200.0,NotYet
30.0,4.1,11.9,0.2,-4.0,210.0,NotYet
30.0,4.1,11.9,0.2,-4.0,220.0,NotYet
30.0,4.1,11.9,0.2,-4.0,230.0,NotYet
30.0,4.1,11.9,0.2,-4.0,240.0,NotYet
30.0,4.1,11.9,0.2,-4.0,250.0,NotYet
30.0,4.1,11.9,0.2,-4.0,260.0,NotYet
30.0,4.1,11.9,0.2,-4.0,270.0,NotYet
30.0,4.1,11.9,0.2,-4.0,280.0,NotYet
30.0,4.1,11.9,0.2,-4.0,290.0,NotYet
30.0,4.1,11.9,0.2,-4.0,300.0,NotYet
30.0,4.1,11.9,0.2,-4.0,310.0,NotYet
30.0,4.1,11.9,0.2,-4.0,320.0,NotYet
30.0,4.1,11.9,0.2,-4.0,330.0,NotYet
30.0,4.1,11.9,0.2,-4.0,340.0,NotYet
30.0,4.1,11.9,0.2,-4.0,350.0,NotYet
30.0,4.1,11.9,0.2,-2.0,0.0,NotYet
30.0,4.1,11.9,0.2,-2.0,10.0,NotYet
30.0,4.1,11.9,0.2,-2.0,20.0,NotYet
30.0,4.1,11.9,0.2,-2.0,30.0,NotYet
30.0,4.1,11.9,0.2,-2.0,40.0,NotYet
30.0,4.1,11.9,0.2,-2.0,50.0,NotYet
30.0,4.1,11.9,0.2,-2.0,60.0,NotYet
30.0,4.1,11.9,0.2,-2.0,70.0,NotYet
30.0,4.1,11.9,0.2,-2.0,80.0,NotYet
30.0,4.1,11.9,0.2,-2.0,90.0,NotYet
30.0,4.1,11.9,0.2,-2.0,100.0,NotYet
30.0,4.1,11.9,0.2,-2.0,110.0,NotYet
30.0,4.1,11.9,0.2,-2.0,120.0,NotYet
30.0,4.1,11.9,0.2,-2.0,130.0,NotYet
30.0,4.1,11.9,0.2,-2.0,140.0,NotYet
30.0,4.1,11.9,0.2,-2.0,150.0,NotYet
30.0,4.1,11.9,0.2,-2.0,160.0,NotYet
30.0,4.1,11.9,0.2,-2.0,170.0,NotYet
30.0,4.1,11.9,0.2,-2.0,180.0,NotYet
30.0,4.1,11.9,0.2,-2.0,190.0,NotYet
30.0,4.1,11.9,0.2,-2.0,200.0,NotYet
30.0,4.1,11.9,0.2,-2.0,210.0,NotYet
30.0,4.1,11.9,0.2,-2.0,220.0,NotYet
30.0,4.1,11.9,0.2,-2.0,230.0,NotYet
30.0,4.1,11.9,0.2,-2.0,240.0,NotYet
30.0,4.1,11.9,0.2,-2.0,250.0,NotYet
30.0,4.1,11.9,0.2,-2.0,260.0,NotYet
30.0,4.1,11.9,0.2,-2.0,270.0,NotYet
30.0,4.1,11.9,0.2,-2.0,280.0,NotYet
30.0,4.1,11.9,0.2,-2.0,290.0,NotYet
30.0,4.1,11.9,0.2,-2.0,300.0,NotYet
30.0,4.1,11.9,0.2,-2.0,310.0,NotYet
30.0,4.1,11.9,0.2,-2.0,320.0,NotYet
30.0,4.1,11.9,0.2,-2.0,330.0,NotYet
30.0,4.1,11.9,0.2,-2.0,340.0,NotYet
30.0,4.1,11.9,0.2,-2.0,350.0,NotYet
30.0,4.1,11.9,0.2,0.0,0.0,NotYet
30.0,4.1,11.9,0.2,0.0,10.0,NotYet
30.0,4.1,11.9,0.2,0.0,20.0,NotYet
30.0,4.1,11.9,0.2,0.0,30.0,NotYet
30.0,4.1,11.9,0.2,0.0,40.0,NotYet
30.0,4.1,11.9,0.2,0.0,50.0,NotYet
30.0,4.1,11.9,0.2,0.0,60.0,NotYet
30.0,4.1,11.9,0.2,0.0,70.0,NotYet
30.0,4.1,11.9,0.2,0.0,80.0,NotYet
30.0,4.1,11.9,0.2,0.0,90.0,NotYet
30.0,4.1,11.9,0.2,0.0,100.0,NotYet
30.0,4.1,11.9,0.2,0.0,110.0,NotYet
30.0,4.1,11.9,0.2,0.0,120.0,NotYet
30.0,4.1,11.9,0.2,0.0,130.0,NotYet
30.0,4.1,11.9,0.2,0.0,140.0,NotYet
30.0,4.1,11.9,0.2,0.0,150.0,NotYet
30.0,4.1,11.9,0.2,0.0,160.0,NotYet
30.0,4.1,11.9,0.2,0.0,170.0,NotYet
30.0,4.1,11.9,0.2,0.0,180.0,NotYet
30.0,4.1,11.9,0.2,0.0,190.0,NotYet
30.0,4.1,11.9,0.2,0.0,200.0,NotYet
30.0,4.1,11.9,0.2,0.0,210.0,NotYet
30.0,4.1,11.9,0.2,0.0,220.0,NotYet
30.0,4.1,11.9,0.2,0.0,230.0,NotYet
30.0,4.1,11.9,0.2,0.0,240.0,NotYet
30.0,4.1,11.9,0.2,0.0,250.0,NotYet
30.0,4.1,11.9,0.2,0.0,260.0,NotYet
30.0,4.1,11.9,0.2,0.0,270.0,NotYet
30.0,4.1,11.9,0.2,0.0,280.0,NotYet
30.0,4.1,11.9,0.2,0.0,290.0,NotYet
30.0,4.1,11.9,0.2,0.0,300.0,NotYet
30.0,4.1,11.9,0.2,0.0,310.0,NotYet
30.0,4.1,11.9,0.2,0.0,320.0,NotYet
30.0,4.1,11.9,0.2,0.0,330.0,NotYet
30.0,4.1,11.9,0.2,0.0,340.0,NotYet
30.0,4.1,11.9,0.2,0.0,350.0,NotYet
30.0,4.1,11.9,0.2,2.0,0.0,NotYet
30.0,4.1,11.9,0.2,2.0,10.0,NotYet
30.0,4.1,11.9,0.2,2.0,20.0,NotYet
30.0,4.1,11.9,0.2,2.0,30.0,NotYet
30.0,4.1,11.9,0.2,2.0,40.0,NotYet
30.0,4.1,11.9,0.2,2.0,50.0,NotYet
30.0,4.1,11.9,0.2,2.0,60.0,NotYet
30.0,4.1,11.9,0.2,2.0,70.0,NotYet
30.0,4.1,11.9,0.2,2.0,80.0,NotYet
30.0,4.1,11.9,0.2,2.0,90.0,NotYet
30.0,4.1,11.9,0.2,2.0,100.0,NotYet
30.0,4.1,11.9,0.2,2.0,110.0,NotYet
30.0,4.1,11.9,0.2,2.0,120.0,NotYet
30.0,4.1,11.9,0.2,2.0,130.0,NotYet
30.0,4.1,11.9,0.2,2.0,140.0,NotYet
30.0,4.1,11.9,0.2,2.0,150.0,NotYet
30.0,4.1,11.9,0.2,2.0,160.0,NotYet
30.0,4.1,11.9,0.2,2.0,170.0,NotYet
30.0,4.1,11.9,0.2,2.0,180.0,NotYet
30.0,4.1,11.9,0.2,2.0,190.0,NotYet
30.0,4.1,11.9,0.2,2.0,200.0,NotYet
30.0,4.1,11.9,0.2,2.0,210.0,NotYet
30.0,4.1,11.9,0.2,2.0,220.0,NotYet
30.0,4.1,11.9,0.2,2.0,230.0,NotYet
30.0,4.1,11.9,0.2,2.0,240.0,NotYet
30.0,4.1,11.9,0.2,2.0,250.0,NotYet
30.0,4.1,11.9,0.2,2.0,260.0,NotYet
30.0,4.1,11.9,0.2,2.0,270.0,NotYet
30.0,4.1,11.9,0.2,2.0,280.0,NotYet
30.0,4.1,11.9,0.2,2.0,290.0,NotYet
30.0,4.1,11.9,0.2,2.0,300.0,NotYet
30.0,4.1,11.9,0.2,2.0,310.0,NotYet
30.0,4.1,11.9,0.2,2.0,320.0,NotYet
30.0,4.1,11.9,0.2,2.0,330.0,NotYet
30.0,4.1,11.9,0.2,2.0,340.0,NotYet
30.0,4.1,11.9,0.2,2.0,350.0,NotYet
30.0,4.1,11.9,0.2,4.0,0.0,NotYet
30.0,4.1,11.9,0.2,4.0,10.0,NotYet
30.0,4.1,11.9,0.2,4.0,20.0,NotYet
30.0,4.1,11.9,0.2,4.0,30.0,NotYet
30.0,4.1,11.9,0.2,4.0,40.0,NotYet
30.0,4.1,11.9,0.2,4.0,50.0,NotYet
30.0,4.1,11.9,0.2,4.0,60.0,NotYet
30.0,4.1,11.9,0.2,4.0,70.0,NotYet
30.0,4.1,11.9,0.2,4.0,80.0,NotYet
30.0,4.1,11.9,0.2,4.0,90.0,NotYet
30.0,4.1,11.9,0.2,4.0,100.0,NotYet
30.0,4.1,11.9,0.2,4.0,110.0,NotYet
30.0,4.1,11.9,0.2,4.0,120.0,NotYet
30.0,4.1,11.9,0.2,4.0,130.0,NotYet
30.0,4.1,11.9,0.2,4.0,140.0,NotYet
30.0,4.1,11.9,0.2,4.0,150.0,NotYet
30.0,4.1,11.9,0.2,4.0,160.0,NotYet
30.0,4.1,11.9,0.2,4.0,170.0,NotYet
30.0,4.1,11.9,0.2,4.0,180.0,NotYet
30.0,4.1,11.9,0.2,4.0,190.0,NotYet
30.0,4.1,11.9,0.2,4.0,200.0,NotYet
30.0,4.1,11.9,0.2,4.0,210.0,NotYet
30.0,4.1,11.9,0.2,4.0,220.0,NotYet
30.0,4.1,11.9,0.2,4.0,230.0,NotYet
30.0,4.1,11.9,0.2,4.0,240.0,NotYet
30.0,4.1,11.9,0.2,4.0,250.0,NotYet
30.0,4.1,11.9,0.2,4.0,260.0,NotYet
30.0,4.1,11.9,0.2,4.0,270.0,NotYet
30.0,4.1,11.9,0.2,4.0,280.0,NotYet
30.0,4.1,11.9,0.2,4.0,290.0,NotYet
30.0,4.1,11.9,0.2,4.0,300.0,NotYet
30.0,4.1,11.9,0.2,4.0,310.0,NotYet
30.0,4.1,11.9,0.2,4.0,320.0,NotYet
30.0,4.1,11.9,0.2,4.0,330.0,NotYet
30.0,4.1,11.9,0.2,4.0,340.0,NotYet
30.0,4.1,11.9,0.2,4.0,350.0,NotYet
30.0,4.1,11.9,0.2,6.0,0.0,NotYet
30.0,4.1,11.9,0.2,6.0,10.0,NotYet
30.0,4.1,11.9,0.2,6.0,20.0,NotYet
30.0,4.1,11.9,0.2,6.0,30.0,NotYet
30.0,4.1,11.9,0.2,6.0,40.0,NotYet
30.0,4.1,11.9,0.2,6.0,50.0,NotYet
30.0,4.1,11.9,0.2,6.0,60.0,NotYet
30.0,4.1,11.9,0.2,6.0,70.0,NotYet
30.0,4.1,11.9,0.2,6.0,80.0,NotYet
30.0,4.1,11.9,0.2,6.0,90.0,NotYet
30.0,4.1,11.9,0.2,6.0,100.0,NotYet
30.0,4.1,11.9,0.2,6.0,110.0,NotYet
30.0,4.1,11.9,0.2,6.0,120.0,NotYet
30.0,4.1,11.9,0.2,6.0,130.0,NotYet
30.0,4.1,11.9,0.2,6.0,140.0,NotYet
30.0,4.1,11.9,0.2,6.0,150.0,NotYet
30.0,4.1,11.9,0.2,6.0,160.0,NotYet
30.0,4.1,11.9,0.2,6.0,170.0,NotYet
30.0,4.1,11.9,0.2,6.0,180.0,NotYet
30.0,4.1,11.9,0.2,6.0,190.0,NotYet
30.0,4.1,11.9,0.2,6.0,200.0,NotYet
30.0,4.1,11.9,0.2,6.0,210.0,NotYet
30.0,4.1,11.9,0.2,6.0,220.0,NotYet
30.0,4.1,11.9,0.2,6.0,230.0,NotYet
30.0,4.1,11.9,0.2,6.0,240.0,NotYet
30.0,4.1,11.9,0.2,6.0,250.0,NotYet
30.0,4.1,11.9,0.2,6.0,260.0,NotYet
30.0,4.1,11.9,0.2,6.0,270.0,NotYet
30.0,4.1,11.9,0.2,6.0,280.0,NotYet
30.0,4.1,11.9,0.2,6.0,290.0,NotYet
30.0,4.1,11.9,0.2,6.0,300.0,NotYet
30.0,4.1,11.9,0.2,6.0,310.0,NotYet
30.0,4.1,11.9,0.2,6.0,320.0,NotYet
30.0,4.1,11.9,0.2,6.0,330.0,NotYet
30.0,4.1,11.9,0.2,6.0,340.0,NotYet
30.0,4.1,11.9,0.2,6.0,350.0,NotYet
30.0,4.1,11.9,0.2,8.0,0.0,NotYet
30.0,4.1,11.9,0.2,8.0,10.0,NotYet
30.0,4.1,11.9,0.2,8.0,20.0,NotYet
30.0,4.1,11.9,0.2,8.0,30.0,NotYet
30.0,4.1,11.9,0.2,8.0,40.0,NotYet
30.0,4.1,11.9,0.2,8.0,50.0,NotYet
30.0,4.1,11.9,0.2,8.0,60.0,NotYet
30.0,4.1,11.9,0.2,8.0,70.0,NotYet
30.0,4.1,11.9,0.2,8.0,80.0,NotYet
30.0,4.1,11.9,0.2,8.0,90.0,NotYet
30.0,4.1,11.9,0.2,8.0,100.0,NotYet
30.0,4.1,11.9,0.2,8.0,110.0,NotYet
30.0,4.1,11.9,0.2,8.0,120.0,NotYet
30.0,4.1,11.9,0.2,8.0,130.0,NotYet
30.0,4.1,11.9,0.2,8.0,140.0,NotYet
30.0,4.1,11.9,0.2,8.0,150.0,NotYet
30.0,4.1,11.9,0.2,8.0,160.0,NotYet
30.0,4.1,11.9,0.2,8.0,170.0,NotYet
30.0,4.1,11.9,0.2,8.0,180.0,NotYet
30.0,4.1,11.9,0.2,8.0,190.0,NotYet
30.0,4.1,11.9,0.2,8.0,200.0,NotYet
30.0,4.1,11.9,0.2,8.0,210.0,NotYet
30.0,4.1,11.9,0.2,8.0,220.0,NotYet
30.0,4.1,11.9,0.2,8.0,230.0,NotYet
30.0,4.1,11.9,0.2,8.0,240.0,NotYet
30.0,4.1,11.9,0.2,8.0,250.0,NotYet
30.0,4.1,11.9,0.2,8.0,260.0,NotYet
30.0,4.1,11.9,0.2,8.0,270.0,NotYet
30.0,4.1,11.9,0.2,8.0,280.0,NotYet
30.0,4.1,11.9,0.2,8.0,290.0,NotYet
30.0,4.1,11.9,0.2,8.0,300.0,NotYet
30.0,4.1,11.9,0.2,8.0,310.0,NotYet
30.0,4.1,11.9,0.2,8.0,320.0,NotYet
30.0,4.1,11.9,0.2,8.0,330.0,NotYet
30.0,4.1,11.9,0.2,8.0,340.0,NotYet
30.0,4.1,11.9,0.2,8.0,350.0,NotYet
30.0,4.1,11.9,0.2,10.0,0.0,NotYet
30.0,4.1,11.9,0.2,10.0,10.0,NotYet
30.0,4.1,11.9,0.2,10.0,20.0,NotYet
30.0,4.1,11.9,0.2,10.0,30.0,NotYet
30.0,4.1,11.9,0.2,10.0,40.0,NotYet
30.0,4.1,11.9,0.2,10.0,50.0,NotYet
30.0,4.1,11.9,0.2,10.0,60.0,NotYet
30.0,4.1,11.9,0.2,10.0,70.0,NotYet
30.0,4.1,11.9,0.2,10.0,80.0,NotYet
30.0,4.1,11.9,0.2,10.0,90.0,NotYet
30.0,4.1,11.9,0.2,10.0,100.0,NotYet
30.0,4.1,11.9,0.2,10.0,110.0,NotYet
30.0,4.1,11.9,0.2,10.0,120.0,NotYet
30.0,4.1,11.9,0.2,10.0,130.0,NotYet
30.0,4.1,11.9,0.2,10.0,140.0,NotYet
30.0,4.1,11.9,0.2,10.0,150.0,NotYet
30.0,4.1,11.9,0.2,10.0,160.0,NotYet
30.0,4.1,11.9,0.2,10.0,170.0,NotYet
30.0,4.1,11.9,0.2,10.0,180.0,NotYet
30.0,4.1,11.9,0.2,10.0,190.0,NotYet
30.0,4.1,11.9,0.2,10.0,200.0,NotYet
30.0,4.1,11.9,0.2,10.0,210.0,NotYet
30.0,4.1,11.9,0.2,10.0,220.0,NotYet
30.0,4.1,11.9,0.2,10.0,230.0,NotYet
30.0,4.1,11.9,0.2,10.0,240.0,NotYet
30.0,4.1,11.9,0.2,10.0,250.0,NotYet
30.0,4.1,11.9,0.2,10.0,260.0,NotYet
30.0,4.1,11.9,0.2,10.0,270.0,NotYet
30.0,4.1,11.9,0.2,10.0,280.0,NotYet
30.0,4.1,11.9,0.2,10.0,290.0,NotYet
30.0,4.1,11.9,0.2,10.0,300.0,NotYet
30.0,4.1,11.9,0.2,10.0,310.0,NotYet
30.0,4.1,11.9,0.2,10.0,320.0,NotYet
30.0,4.1,11.9,0.2,10.0,330.0,NotYet
30.0,4.1,11.9,0.2,10.0,340.0,NotYet
30.0,4.1,11.9,0.2,10.0,350.0,NotYet
30.0,4.1,11.9,0.2,12.0,0.0,NotYet
30.0,4.1,11.9,0.2,12.0,10.0,NotYet
30.0,4.1,11.9,0.2,12.0,20.0,NotYet
30.0,4.1,11.9,0.2,12.0,30.0,NotYet
30.0,4.1,11.9,0.2,12.0,40.0,NotYet
30.0,4.1,11.9,0.2,12.0,50.0,NotYet
30.0,4.1,11.9,0.2,12.0,60.0,NotYet
30.0,4.1,11.9,0.2,12.0,70.0,NotYet
30.0,4.1,11.9,0.2,12.0,80.0,NotYet
30.0,4.1,11.9,0.2,12.0,90.0,NotYet
30.0,4.1,11.9,0.2,12.0,100.0,NotYet
30.0,4.1,11.9,0.2,12.0,110.0,NotYet
30.0,4.1,11.9,0.2,12.0,120.0,NotYet
30.0,4.1,11.9,0.2,12.0,130.0,NotYet
30.0,4.1,11.9,0.2,12.0,140.0,NotYet
30.0,4.1,11.9,0.2,12.0,150.0,NotYet
30.0,4.1,11.9,0.2,12.0,160.0,NotYet
30.0,4.1,11.9,0.2,12.0,170.0,NotYet
30.0,4.1,11.9,0.2,12.0,180.0,NotYet
30.0,4.1,11.9,0.2,12.0,190.0,NotYet
30.0,4.1,11.9,0.2,12.0,200.0,NotYet
30.0,4.1,11.9,0.2,12.0,210.0,NotYet
30.0,4.1,11.9,0.2,12.0,220.0,NotYet
30.0,4.1,11.9,0.2,12.0,230.0,NotYet
30.0,4.1,11.9,0.2,12.0,240.0,NotYet
30.0,4.1,11.9,0.2,12.0,250.0,NotYet
30.0,4.1,11.9,0.2,12.0,260.0,NotYet
30.0,4.1,11.9,0.2,12.0,270.0,NotYet
30.0,4.1,11.9,0.2,12.0,280.0,NotYet
30.0,4.1,11.9,0.2,12.0,290.0,NotYet
30.0,4.1,11.9,0.2,12.0,300.0,NotYet
30.0,4.1,11.9,0.2,12.0,310.0,NotYet
30.0,4.1,11.9,0.2,12.0,320.0,NotYet
30.0,4.1,11.9,0.2,12.0,330.0,NotYet
30.0,4.1,11.9,0.2,12.0,340.0,NotYet
30.0,4.1,11.9,0.2,12.0,350.0,NotYet
30.0,4.1,11.9,0.2,14.0,0.0,NotYet
30.0,4.1,11.9,0.2,14.0,10.0,NotYet
30.0,4.1,11.9,0.2,14.0,20.0,NotYet
30.0,4.1,11.9,0.2,14.0,30.0,NotYet
30.0,4.1,11.9,0.2,14.0,40.0,NotYet
30.0,4.1,11.9,0.2,14.0,50.0,NotYet
30.0,4.1,11.9,0.2,14.0,60.0,NotYet
30.0,4.1,11.9,0.2,14.0,70.0,NotYet
30.0,4.1,11.9,0.2,14.0,80.0,NotYet
30.0,4.1,11.9,0.2,14.0,90.0,NotYet
30.0,4.1,11.9,0.2,14.0,100.0,NotYet
30.0,4.1,11.9,0.2,14.0,110.0,NotYet
30.0,4.1,11.9,0.2,14.0,120.0,NotYet
30.0,4.1,11.9,0.2,14.0,130.0,NotYet
30.0,4.1,11.9,0.2,14.0,140.0,NotYet
30.0,4.1,11.9,0.2,14.0,150.0,NotYet
30.0,4.1,11.9,0.2,14.0,160.0,NotYet
30.0,4.1,11.9,0.2,14.0,170.0,NotYet
30.0,4.1,11.9,0.2,14.0,180.0,NotYet
30.0,4.1,11.9,0.2,14.0,190.0,NotYet
30.0,4.1,11.9,0.2,14.0,200.0,NotYet
30.0,4.1,11.9,0.2,14.0,210.0,NotYet
30.0,4.1,11.9,0.2,14.0,220.0,NotYet
30.0,4.1,11.9,0.2,14.0,230.0,NotYet
30.0,4.1,11.9,0.2,14.0,240.0,NotYet
30.0,4.1,11.9,0.2,14.0,250.0,NotYet
30.0,4.1,11.9,0.2,14.0,260.0,NotYet
30.0,4.1,11.9,0.2,14.0,270.0,NotYet
30.0,4.1,11.9,0.2,14.0,280.0,NotYet
30.0,4.1,11.9,0.2,14.0,290.0,NotYet
30.0,4.1,11.9,0.2,14.0,300.0,NotYet
30.0,4.1,11.9,0.2,14.0,310.0,NotYet
30.0,4.1,11.9,0.2,14.0,320.0,NotYet
30.0,4.1,11.9,0.2,14.0,330.0,NotYet
30.0,4.1,11.9,0.2,14.0,340.0,NotYet
30.0,4.1,11.9,0.2,14.0,350.0,NotYet
30.0,4.1,11.9,0.4,-14.0,0.0,NotYet
30.0,4.1,11.9,0.4,-14.0,10.0,NotYet
30.0,4.1,11.9,0.4,-14.0,20.0,NotYet
30.0,4.1,11.9,0.4,-14.0,30.0,NotYet
30.0,4.1,11.9,0.4,-14.0,40.0,NotYet
30.0,4.1,11.9,0.4,-14.0,50.0,NotYet
30.0,4.1,11.9,0.4,-14.0,60.0,NotYet
30.0,4.1,11.9,0.4,-14.0,70.0,NotYet
30.0,4.1,11.9,0.4,-14.0,80.0,NotYet
30.0,4.1,11.9,0.4,-14.0,90.0,NotYet
30.0,4.1,11.9,0.4,-14.0,100.0,NotYet
30.0,4.1,11.9,0.4,-14.0,110.0,NotYet
30.0,4.1,11.9,0.4,-14.0,120.0,NotYet
30.0,4.1,11.9,0.4,-14.0,130.0,NotYet
30.0,4.1,11.9,0.4,-14.0,140.0,NotYet
30.0,4.1,11.9,0.4,-14.0,150.0,NotYet
30.0,4.1,11.9,0.4,-14.0,160.0,NotYet
30.0,4.1,11.9,0.4,-14.0,170.0,NotYet
30.0,4.1,11.9,0.4,-14.0,180.0,NotYet
30.0,4.1,11.9,0.4,-14.0,190.0,NotYet
30.0,4.1,11.9,0.4,-14.0,200.0,NotYet
30.0,4.1,11.9,0.4,-14.0,210.0,NotYet
30.0,4.1,11.9,0.4,-14.0,220.0,NotYet
30.0,4.1,11.9,0.4,-14.0,230.0,NotYet
30.0,4.1,11.9,0.4,-14.0,240.0,NotYet
30.0,4.1,11.9,0.4,-14.0,250.0,NotYet
30.0,4.1,11.9,0.4,-14.0,260.0,NotYet
30.0,4.1,11.9,0.4,-14.0,270.0,NotYet
30.0,4.1,11.9,0.4,-14.0,280.0,NotYet
30.0,4.1,11.9,0.4,-14.0,290.0,NotYet
30.0,4.1,11.9,0.4,-14.0,300.0,NotYet
30.0,4.1,11.9,0.4,-14.0,310.0,NotYet
30.0,4.1,11.9,0.4,-14.0,320.0,NotYet
30.0,4.1,11.9,0.4,-14.0,330.0,NotYet
30.0,4.1,11.9,0.4,-14.0,340.0,NotYet
30.0,4.1,11.9,0.4,-14.0,350.0,NotYet
30.0,4.1,11.9,0.4,-12.0,0.0,NotYet
30.0,4.1,11.9,0.4,-12.0,10.0,NotYet
30.0,4.1,11.9,0.4,-12.0,20.0,NotYet
30.0,4.1,11.9,0.4,-12.0,30.0,NotYet
30.0,4.1,11.9,0.4,-12.0,40.0,NotYet
30.0,4.1,11.9,0.4,-12.0,50.0,NotYet
30.0,4.1,11.9,0.4,-12.0,60.0,NotYet
30.0,4.1,11.9,0.4,-12.0,70.0,NotYet
30.0,4.1,11.9,0.4,-12.0,80.0,NotYet
30.0,4.1,11.9,0.4,-12.0,90.0,NotYet
30.0,4.1,11.9,0.4,-12.0,100.0,NotYet
30.0,4.1,11.9,0.4,-12.0,110.0,NotYet
30.0,4.1,11.9,0.4,-12.0,120.0,NotYet
30.0,4.1,11.9,0.4,-12.0,130.0,NotYet
30.0,4.1,11.9,0.4,-12.0,140.0,NotYet
30.0,4.1,11.9,0.4,-12.0,150.0,NotYet
30.0,4.1,11.9,0.4,-12.0,160.0,NotYet
30.0,4.1,11.9,0.4,-12.0,170.0,NotYet
30.0,4.1,11.9,0.4,-12.0,180.0,NotYet
30.0,4.1,11.9,0.4,-12.0,190.0,NotYet
30.0,4.1,11.9,0.4,-12.0,200.0,NotYet
30.0,4.1,11.9,0.4,-12.0,210.0,NotYet
30.0,4.1,11.9,0.4,-12.0,220.0,NotYet
30.0,4.1,11.9,0.4,-12.0,230.0,NotYet
30.0,4.1,11.9,0.4,-12.0,240.0,NotYet
30.0,4.1,11.9,0.4,-12.0,250.0,NotYet
30.0,4.1,11.9,0.4,-12.0,260.0,NotYet
30.0,4.1,11.9,0.4,-12.0,270.0,NotYet
30.0,4.1,11.9,0.4,-12.0,280.0,NotYet
30.0,4.1,11.9,0.4,-12.0,290.0,NotYet
30.0,4.1,11.9,0.4,-12.0,300.0,NotYet
30.0,4.1,11.9,0.4,-12.0,310.0,NotYet
30.0,4.1,11.9,0.4,-12.0,320.0,NotYet
30.0,4.1,11.9,0.4,-12.0,330.0,NotYet
30.0,4.1,11.9,0.4,-12.0,340.0,NotYet
30.0,4.1,11.9,0.4,-12.0,350.0,NotYet
30.0,4.1,11.9,0.4,-10.0,0.0,NotYet
30.0,4.1,11.9,0.4,-10.0,10.0,NotYet
30.0,4.1,11.9,0.4,-10.0,20.0,NotYet
30.0,4.1,11.9,0.4,-10.0,30.0,NotYet
30.0,4.1,11.9,0.4,-10.0,40.0,NotYet
30.0,4.1,11.9,0.4,-10.0,50.0,NotYet
30.0,4.1,11.9,0.4,-10.0,60.0,NotYet
30.0,4.1,11.9,0.4,-10.0,70.0,NotYet
30.0,4.1,11.9,0.4,-10.0,80.0,NotYet
30.0,4.1,11.9,0.4,-10.0,90.0,NotYet
30.0,4.1,11.9,0.4,-10.0,100.0,NotYet
30.0,4.1,11.9,0.4,-10.0,110.0,NotYet
30.0,4.1,11.9,0.4,-10.0,120.0,NotYet
30.0,4.1,11.9,0.4,-10.0,130.0,NotYet
30.0,4.1,11.9,0.4,-10.0,140.0,NotYet
30.0,4.1,11.9,0.4,-10.0,150.0,NotYet
30.0,4.1,11.9,0.4,-10.0,160.0,NotYet
30.0,4.1,11.9,0.4,-10.0,170.0,NotYet
30.0,4.1,11.9,0.4,-10.0,180.0,NotYet
30.0,4.1,11.9,0.4,-10.0,190.0,NotYet
30.0,4.1,11.9,0.4,-10.0,200.0,NotYet
30.0,4.1,11.9,0.4,-10.0,210.0,NotYet
30.0,4.1,11.9,0.4,-10.0,220.0,NotYet
30.0,4.1,11.9,0.4,-10.0,230.0,NotYet
30.0,4.1,11.9,0.4,-10.0,240.0,NotYet
30.0,4.1,11.9,0.4,-10.0,250.0,NotYet
30.0,4.1,11.9,0.4,-10.0,260.0,NotYet
30.0,4.1,11.9,0.4,-10.0,270.0,NotYet
30.0,4.1,11.9,0.4,-10.0,280.0,NotYet
30.0,4.1,11.9,0.4,-10.0,290.0,NotYet
30.0,4.1,11.9,0.4,-10.0,300.0,NotYet
30.0,4.1,11.9,0.4,-10.0,310.0,NotYet
30.0,4.1,11.9,0.4,-10.0,320.0,NotYet
30.0,4.1,11.9,0.4,-10.0,330.0,NotYet
30.0,4.1,11.9,0.4,-10.0,340.0,NotYet
30.0,4.1,11.9,0.4,-10.0,350.0,NotYet
30.0,4.1,11.9,0.4,-8.0,0.0,NotYet
30.0,4.1,11.9,0.4,-8.0,10.0,NotYet
30.0,4.1,11.9,0.4,-8.0,20.0,NotYet
30.0,4.1,11.9,0.4,-8.0,30.0,NotYet
30.0,4.1,11.9,0.4,-8.0,40.0,NotYet
30.0,4.1,11.9,0.4,-8.0,50.0,NotYet
30.0,4.1,11.9,0.4,-8.0,60.0,NotYet
30.0,4.1,11.9,0.4,-8.0,70.0,NotYet
30.0,4.1,11.9,0.4,-8.0,80.0,NotYet
30.0,4.1,11.9,0.4,-8.0,90.0,NotYet
30.0,4.1,11.9,0.4,-8.0,100.0,NotYet
30.0,4.1,11.9,0.4,-8.0,110.0,NotYet
30.0,4.1,11.9,0.4,-8.0,120.0,NotYet
30.0,4.1,11.9,0.4,-8.0,130.0,NotYet
30.0,4.1,11.9,0.4,-8.0,140.0,NotYet
30.0,4.1,11.9,0.4,-8.0,150.0,NotYet
30.0,4.1,11.9,0.4,-8.0,160.0,NotYet
30.0,4.1,11.9,0.4,-8.0,170.0,NotYet
30.0,4.1,11.9,0.4,-8.0,180.0,NotYet
30.0,4.1,11.9,0.4,-8.0,190.0,NotYet
30.0,4.1,11.9,0.4,-8.0,200.0,NotYet
30.0,4.1,11.9,0.4,-8.0,210.0,NotYet
30.0,4.1,11.9,0.4,-8.0,220.0,NotYet
30.0,4.1,11.9,0.4,-8.0,230.0,NotYet
30.0,4.1,11.9,0.4,-8.0,240.0,NotYet
30.0,4.1,11.9,0.4,-8.0,250.0,NotYet
30.0,4.1,11.9,0.4,-8.0,260.0,NotYet
30.0,4.1,11.9,0.4,-8.0,270.0,NotYet
30.0,4.1,11.9,0.4,-8.0,280.0,NotYet
30.0,4.1,11.9,0.4,-8.0,290.0,NotYet
30.0,4.1,11.9,0.4,-8.0,300.0,NotYet
30.0,4.1,11.9,0.4,-8.0,310.0,NotYet
30.0,4.1,11.9,0.4,-8.0,320.0,NotYet
30.0,4.1,11.9,0.4,-8.0,330.0,NotYet
30.0,4.1,11.9,0.4,-8.0,340.0,NotYet
30.0,4.1,11.9,0.4,-8.0,350.0,NotYet
30.0,4.1,11.9,0.4,-6.0,0.0,NotYet
30.0,4.1,11.9,0.4,-6.0,10.0,NotYet
30.0,4.1,11.9,0.4,-6.0,20.0,NotYet
30.0,4.1,11.9,0.4,-6.0,30.0,NotYet
30.0,4.1,11.9,0.4,-6.0,40.0,NotYet
30.0,4.1,11.9,0.4,-6.0,50.0,NotYet
30.0,4.1,11.9,0.4,-6.0,60.0,NotYet
30.0,4.1,11.9,0.4,-6.0,70.0,NotYet
30.0,4.1,11.9,0.4,-6.0,80.0,NotYet
30.0,4.1,11.9,0.4,-6.0,90.0,NotYet
30.0,4.1,11.9,0.4,-6.0,100.0,NotYet
30.0,4.1,11.9,0.4,-6.0,110.0,NotYet
30.0,4.1,11.9,0.4,-6.0,120.0,NotYet
30.0,4.1,11.9,0.4,-6.0,130.0,NotYet
30.0,4.1,11.9,0.4,-6.0,140.0,NotYet
30.0,4.1,11.9,0.4,-6.0,150.0,NotYet
30.0,4.1,11.9,0.4,-6.0,160.0,NotYet
30.0,4.1,11.9,0.4,-6.0,170.0,NotYet
30.0,4.1,11.9,0.4,-6.0,180.0,NotYet
30.0,4.1,11.9,0.4,-6.0,190.0,NotYet
30.0,4.1,11.9,0.4,-6.0,200.0,NotYet
30.0,4.1,11.9,0.4,-6.0,210.0,NotYet
30.0,4.1,11.9,0.4,-6.0,220.0,NotYet
30.0,4.1,11.9,0.4,-6.0,230.0,NotYet
30.0,4.1,11.9,0.4,-6.0,240.0,NotYet
30.0,4.1,11.9,0.4,-6.0,250.0,NotYet
30.0,4.1,11.9,0.4,-6.0,260.0,NotYet
30.0,4.1,11.9,0.4,-6.0,270.0,NotYet
30.0,4.1,11.9,0.4,-6.0,280.0,NotYet
30.0,4.1,11.9,0.4,-6.0,290.0,NotYet
30.0,4.1,11.9,0.4,-6.0,300.0,NotYet
30.0,4.1,11.9,0.4,-6.0,310.0,NotYet
30.0,4.1,11.9,0.4,-6.0,320.0,NotYet
30.0,4.1,11.9,0.4,-6.0,330.0,NotYet
30.0,4.1,11.9,0.4,-6.0,340.0,NotYet
30.0,4.1,11.9,0.4,-6.0,350.0,NotYet
30.0,4.1,11.9,0.4,-4.0,0.0,NotYet
30.0,4.1,11.9,0.4,-4.0,10.0,NotYet
30.0,4.1,11.9,0.4,-4.0,20.0,NotYet
30.0,4.1,11.9,0.4,-4.0,30.0,NotYet
30.0,4.1,11.9,0.4,-4.0,40.0,NotYet
30.0,4.1,11.9,0.4,-4.0,50.0,NotYet
30.0,4.1,11.9,0.4,-4.0,60.0,NotYet
30.0,4.1,11.9,0.4,-4.0,70.0,NotYet
30.0,4.1,11.9,0.4,-4.0,80.0,NotYet
30.0,4.1,11.9,0.4,-4.0,90.0,NotYet
30.0,4.1,11.9,0.4,-4.0,100.0,NotYet
30.0,4.1,11.9,0.4,-4.0,110.0,NotYet
30.0,4.1,11.9,0.4,-4.0,120.0,NotYet
30.0,4.1,11.9,0.4,-4.0,130.0,NotYet
30.0,4.1,11.9,0.4,-4.0,140.0,NotYet
30.0,4.1,11.9,0.4,-4.0,150.0,NotYet
30.0,4.1,11.9,0.4,-4.0,160.0,NotYet
30.0,4.1,11.9,0.4,-4.0,170.0,NotYet
30.0,4.1,11.9,0.4,-4.0,180.0,NotYet
30.0,4.1,11.9,0.4,-4.0,190.0,NotYet
30.0,4.1,11.9,0.4,-4.0,200.0,NotYet
30.0,4.1,11.9,0.4,-4.0,210.0,NotYet
30.0,4.1,11.9,0.4,-4.0,220.0,NotYet
30.0,4.1,11.9,0.4,-4.0,230.0,NotYet
30.0,4.1,11.9,0.4,-4.0,240.0,NotYet
30.0,4.1,11.9,0.4,-4.0,250.0,NotYet
30.0,4.1,11.9,0.4,-4.0,260.0,NotYet
30.0,4.1,11.9,0.4,-4.0,270.0,NotYet
30.0,4.1,11.9,0.4,-4.0,280.0,NotYet
30.0,4.1,11.9,0.4,-4.0,290.0,NotYet
30.0,4.1,11.9,0.4,-4.0,300.0,NotYet
30.0,4.1,11.9,0.4,-4.0,310.0,NotYet
30.0,4.1,11.9,0.4,-4.0,320.0,NotYet
30.0,4.1,11.9,0.4,-4.0,330.0,NotYet
30.0,4.1,11.9,0.4,-4.0,340.0,NotYet
30.0,4.1,11.9,0.4,-4.0,350.0,NotYet
30.0,4.1,11.9,0.4,-2.0,0.0,NotYet
30.0,4.1,11.9,0.4,-2.0,10.0,NotYet
30.0,4.1,11.9,0.4,-2.0,20.0,NotYet
30.0,4.1,11.9,0.4,-2.0,30.0,NotYet
30.0,4.1,11.9,0.4,-2.0,40.0,NotYet
30.0,4.1,11.9,0.4,-2.0,50.0,NotYet
30.0,4.1,11.9,0.4,-2.0,60.0,NotYet
30.0,4.1,11.9,0.4,-2.0,70.0,NotYet
30.0,4.1,11.9,0.4,-2.0,80.0,NotYet
30.0,4.1,11.9,0.4,-2.0,90.0,NotYet
30.0,4.1,11.9,0.4,-2.0,100.0,NotYet
30.0,4.1,11.9,0.4,-2.0,110.0,NotYet
30.0,4.1,11.9,0.4,-2.0,120.0,NotYet
30.0,4.1,11.9,0.4,-2.0,130.0,NotYet
30.0,4.1,11.9,0.4,-2.0,140.0,NotYet
30.0,4.1,11.9,0.4,-2.0,150.0,NotYet
30.0,4.1,11.9,0.4,-2.0,160.0,NotYet
30.0,4.1,11.9,0.4,-2.0,170.0,NotYet
30.0,4.1,11.9,0.4,-2.0,180.0,NotYet
30.0,4.1,11.9,0.4,-2.0,190.0,NotYet
30.0,4.1,11.9,0.4,-2.0,200.0,NotYet
30.0,4.1,11.9,0.4,-2.0,210.0,NotYet
30.0,4.1,11.9,0.4,-2.0,220.0,NotYet
30.0,4.1,11.9,0.4,-2.0,230.0,NotYet
30.0,4.1,11.9,0.4,-2.0,240.0,NotYet
30.0,4.1,11.9,0.4,-2.0,250.0,NotYet
30.0,4.1,11.9,0.4,-2.0,260.0,NotYet
30.0,4.1,11.9,0.4,-2.0,270.0,NotYet
30.0,4.1,11.9,0.4,-2.0,280.0,NotYet
30.0,4.1,11.9,0.4,-2.0,290.0,NotYet
30.0,4.1,11.9,0.4,-2.0,300.0,NotYet
30.0,4.1,11.9,0.4,-2.0,310.0,NotYet
30.0,4.1,11.9,0.4,-2.0,320.0,NotYet
30.0,4.1,11.9,0.4,-2.0,330.0,NotYet
30.0,4.1,11.9,0.4,-2.0,340.0,NotYet
30.0,4.1,11.9,0.4,-2.0,350.0,NotYet
30.0,4.1,11.9,0.4,0.0,0.0,NotYet
30.0,4.1,11.9,0.4,0.0,10.0,NotYet
30.0,4.1,11.9,0.4,0.0,20.0,NotYet
30.0,4.1,11.9,0.4,0.0,30.0,NotYet
30.0,4.1,11.9,0.4,0.0,40.0,NotYet
30.0,4.1,11.9,0.4,0.0,50.0,NotYet
30.0,4.1,11.9,0.4,0.0,60.0,NotYet
30.0,4.1,11.9,0.4,0.0,70.0,NotYet
30.0,4.1,11.9,0.4,0.0,80.0,NotYet
30.0,4.1,11.9,0.4,0.0,90.0,NotYet
30.0,4.1,11.9,0.4,0.0,100.0,NotYet
30.0,4.1,11.9,0.4,0.0,110.0,NotYet
30.0,4.1,11.9,0.4,0.0,120.0,NotYet
30.0,4.1,11.9,0.4,0.0,130.0,NotYet
30.0,4.1,11.9,0.4,0.0,140.0,NotYet
30.0,4.1,11.9,0.4,0.0,150.0,NotYet
30.0,4.1,11.9,0.4,0.0,160.0,NotYet
30.0,4.1,11.9,0.4,0.0,170.0,NotYet
30.0,4.1,11.9,0.4,0.0,180.0,NotYet
30.0,4.1,11.9,0.4,0.0,190.0,NotYet
30.0,4.1,11.9,0.4,0.0,200.0,NotYet
30.0,4.1,11.9,0.4,0.0,210.0,NotYet
30.0,4.1,11.9,0.4,0.0,220.0,NotYet
30.0,4.1,11.9,0.4,0.0,230.0,NotYet
30.0,4.1,11.9,0.4,0.0,240.0,NotYet
30.0,4.1,11.9,0.4,0.0,250.0,NotYet
30.0,4.1,11.9,0.4,0.0,260.0,NotYet
30.0,4.1,11.9,0.4,0.0,270.0,NotYet
30.0,4.1,11.9,0.4,0.0,280.0,NotYet
30.0,4.1,11.9,0.4,0.0,290.0,NotYet
30.0,4.1,11.9,0.4,0.0,300.0,NotYet
30.0,4.1,11.9,0.4,0.0,310.0,NotYet
30.0,4.1,11.9,0.4,0.0,320.0,NotYet
30.0,4.1,11.9,0.4,0.0,330.0,NotYet
30.0,4.1,11.9,0.4,0.0,340.0,NotYet
30.0,4.1,11.9,0.4,0.0,350.0,NotYet
30.0,4.1,11.9,0.4,2.0,0.0,NotYet
30.0,4.1,11.9,0.4,2.0,10.0,NotYet
30.0,4.1,11.9,0.4,2.0,20.0,NotYet
30.0,4.1,11.9,0.4,2.0,30.0,NotYet
30.0,4.1,11.9,0.4,2.0,40.0,NotYet
30.0,4.1,11.9,0.4,2.0,50.0,NotYet
30.0,4.1,11.9,0.4,2.0,60.0,NotYet
30.0,4.1,11.9,0.4,2.0,70.0,NotYet
30.0,4.1,11.9,0.4,2.0,80.0,NotYet
30.0,4.1,11.9,0.4,2.0,90.0,NotYet
30.0,4.1,11.9,0.4,2.0,100.0,NotYet
30.0,4.1,11.9,0.4,2.0,110.0,NotYet
30.0,4.1,11.9,0.4,2.0,120.0,NotYet
30.0,4.1,11.9,0.4,2.0,130.0,NotYet
30.0,4.1,11.9,0.4,2.0,140.0,NotYet
30.0,4.1,11.9,0.4,2.0,150.0,NotYet
30.0,4.1,11.9,0.4,2.0,160.0,NotYet
30.0,4.1,11.9,0.4,2.0,170.0,NotYet
30.0,4.1,11.9,0.4,2.0,180.0,NotYet
30.0,4.1,11.9,0.4,2.0,190.0,NotYet
30.0,4.1,11.9,0.4,2.0,200.0,NotYet
30.0,4.1,11.9,0.4,2.0,210.0,NotYet
30.0,4.1,11.9,0.4,2.0,220.0,NotYet
30.0,4.1,11.9,0.4,2.0,230.0,NotYet
30.0,4.1,11.9,0.4,2.0,240.0,NotYet
30.0,4.1,11.9,0.4,2.0,250.0,NotYet
30.0,4.1,11.9,0.4,2.0,260.0,NotYet
30.0,4.1,11.9,0.4,2.0,270.0,NotYet
30.0,4.1,11.9,0.4,2.0,280.0,NotYet
30.0,4.1,11.9,0.4,2.0,290.0,NotYet
30.0,4.1,11.9,0.4,2.0,300.0,NotYet
30.0,4.1,11.9,0.4,2.0,310.0,NotYet
30.0,4.1,11.9,0.4,2.0,320.0,NotYet
30.0,4.1,11.9,0.4,2.0,330.0,NotYet
30.0,4.1,11.9,0.4,2.0,340.0,NotYet
30.0,4.1,11.9,0.4,2.0,350.0,NotYet
30.0,4.1,11.9,0.4,4.0,0.0,NotYet
30.0,4.1,11.9,0.4,4.0,10.0,NotYet
30.0,4.1,11.9,0.4,4.0,20.0,NotYet
30.0,4.1,11.9,0.4,4.0,30.0,NotYet
30.0,4.1,11.9,0.4,4.0,40.0,NotYet
30.0,4.1,11.9,0.4,4.0,50.0,NotYet
30.0,4.1,11.9,0.4,4.0,60.0,NotYet
30.0,4.1,11.9,0.4,4.0,70.0,NotYet
30.0,4.1,11.9,0.4,4.0,80.0,NotYet
30.0,4.1,11.9,0.4,4.0,90.0,NotYet
30.0,4.1,11.9,0.4,4.0,100.0,NotYet
30.0,4.1,11.9,0.4,4.0,110.0,NotYet
30.0,4.1,11.9,0.4,4.0,120.0,NotYet
30.0,4.1,11.9,0.4,4.0,130.0,NotYet
30.0,4.1,11.9,0.4,4.0,140.0,NotYet
30.0,4.1,11.9,0.4,4.0,150.0,NotYet
30.0,4.1,11.9,0.4,4.0,160.0,NotYet
30.0,4.1,11.9,0.4,4.0,170.0,NotYet
30.0,4.1,11.9,0.4,4.0,180.0,NotYet
30.0,4.1,11.9,0.4,4.0,190.0,NotYet
30.0,4.1,11.9,0.4,4.0,200.0,NotYet
30.0,4.1,11.9,0.4,4.0,210.0,NotYet
30.0,4.1,11.9,0.4,4.0,220.0,NotYet
30.0,4.1,11.9,0.4,4.0,230.0,NotYet
30.0,4.1,11.9,0.4,4.0,240.0,NotYet
30.0,4.1,11.9,0.4,4.0,250.0,NotYet
30.0,4.1,11.9,0.4,4.0,260.0,NotYet
30.0,4.1,11.9,0.4,4.0,270.0,NotYet
30.0,4.1,11.9,0.4,4.0,280.0,NotYet
30.0,4.1,11.9,0.4,4.0,290.0,NotYet
30.0,4.1,11.9,0.4,4.0,300.0,NotYet
30.0,4.1,11.9,0.4,4.0,310.0,NotYet
30.0,4.1,11.9,0.4,4.0,320.0,NotYet
30.0,4.1,11.9,0.4,4.0,330.0,NotYet
30.0,4.1,11.9,0.4,4.0,340.0,NotYet
30.0,4.1,11.9,0.4,4.0,350.0,NotYet
30.0,4.1,11.9,0.4,6.0,0.0,NotYet
30.0,4.1,11.9,0.4,6.0,10.0,NotYet
30.0,4.1,11.9,0.4,6.0,20.0,NotYet
30.0,4.1,11.9,0.4,6.0,30.0,NotYet
30.0,4.1,11.9,0.4,6.0,40.0,NotYet
30.0,4.1,11.9,0.4,6.0,50.0,NotYet
30.0,4.1,11.9,0.4,6.0,60.0,NotYet
30.0,4.1,11.9,0.4,6.0,70.0,NotYet
30.0,4.1,11.9,0.4,6.0,80.0,NotYet
30.0,4.1,11.9,0.4,6.0,90.0,NotYet
30.0,4.1,11.9,0.4,6.0,100.0,NotYet
30.0,4.1,11.9,0.4,6.0,110.0,NotYet
30.0,4.1,11.9,0.4,6.0,120.0,NotYet
30.0,4.1,11.9,0.4,6.0,130.0,NotYet
30.0,4.1,11.9,0.4,6.0,140.0,NotYet
30.0,4.1,11.9,0.4,6.0,150.0,NotYet
30.0,4.1,11.9,0.4,6.0,160.0,NotYet
30.0,4.1,11.9,0.4,6.0,170.0,NotYet
30.0,4.1,11.9,0.4,6.0,180.0,NotYet
30.0,4.1,11.9,0.4,6.0,190.0,NotYet
30.0,4.1,11.9,0.4,6.0,200.0,NotYet
30.0,4.1,11.9,0.4,6.0,210.0,NotYet
30.0,4.1,11.9,0.4,6.0,220.0,NotYet
30.0,4.1,11.9,0.4,6.0,230.0,NotYet
30.0,4.1,11.9,0.4,6.0,240.0,NotYet
30.0,4.1,11.9,0.4,6.0,250.0,NotYet
30.0,4.1,11.9,0.4,6.0,260.0,NotYet
30.0,4.1,11.9,0.4,6.0,270.0,NotYet
30.0,4.1,11.9,0.4,6.0,280.0,NotYet
30.0,4.1,11.9,0.4,6.0,290.0,NotYet
30.0,4.1,11.9,0.4,6.0,300.0,NotYet
30.0,4.1,11.9,0.4,6.0,310.0,NotYet
30.0,4.1,11.9,0.4,6.0,320.0,NotYet
30.0,4.1,11.9,0.4,6.0,330.0,NotYet
30.0,4.1,11.9,0.4,6.0,340.0,NotYet
30.0,4.1,11.9,0.4,6.0,350.0,NotYet
30.0,4.1,11.9,0.4,8.0,0.0,NotYet
30.0,4.1,11.9,0.4,8.0,10.0,NotYet
30.0,4.1,11.9,0.4,8.0,20.0,NotYet
30.0,4.1,11.9,0.4,8.0,30.0,NotYet
30.0,4.1,11.9,0.4,8.0,40.0,NotYet
30.0,4.1,11.9,0.4,8.0,50.0,NotYet
30.0,4.1,11.9,0.4,8.0,60.0,NotYet
30.0,4.1,11.9,0.4,8.0,70.0,NotYet
30.0,4.1,11.9,0.4,8.0,80.0,NotYet
30.0,4.1,11.9,0.4,8.0,90.0,NotYet
30.0,4.1,11.9,0.4,8.0,100.0,NotYet
30.0,4.1,11.9,0.4,8.0,110.0,NotYet
30.0,4.1,11.9,0.4,8.0,120.0,NotYet
30.0,4.1,11.9,0.4,8.0,130.0,NotYet
30.0,4.1,11.9,0.4,8.0,140.0,NotYet
30.0,4.1,11.9,0.4,8.0,150.0,NotYet
30.0,4.1,11.9,0.4,8.0,160.0,NotYet
30.0,4.1,11.9,0.4,8.0,170.0,NotYet
30.0,4.1,11.9,0.4,8.0,180.0,NotYet
30.0,4.1,11.9,0.4,8.0,190.0,NotYet
30.0,4.1,11.9,0.4,8.0,200.0,NotYet
30.0,4.1,11.9,0.4,8.0,210.0,NotYet
30.0,4.1,11.9,0.4,8.0,220.0,NotYet
30.0,4.1,11.9,0.4,8.0,230.0,NotYet
30.0,4.1,11.9,0.4,8.0,240.0,NotYet
30.0,4.1,11.9,0.4,8.0,250.0,NotYet
30.0,4.1,11.9,0.4,8.0,260.0,NotYet
30.0,4.1,11.9,0.4,8.0,270.0,NotYet
30.0,4.1,11.9,0.4,8.0,280.0,NotYet
30.0,4.1,11.9,0.4,8.0,290.0,NotYet
30.0,4.1,11.9,0.4,8.0,300.0,NotYet
30.0,4.1,11.9,0.4,8.0,310.0,NotYet
30.0,4.1,11.9,0.4,8.0,320.0,NotYet
30.0,4.1,11.9,0.4,8.0,330.0,NotYet
30.0,4.1,11.9,0.4,8.0,340.0,NotYet
30.0,4.1,11.9,0.4,8.0,350.0,NotYet
30.0,4.1,11.9,0.4,10.0,0.0,NotYet
30.0,4.1,11.9,0.4,10.0,10.0,NotYet
30.0,4.1,11.9,0.4,10.0,20.0,NotYet
30.0,4.1,11.9,0.4,10.0,30.0,NotYet
30.0,4.1,11.9,0.4,10.0,40.0,NotYet
30.0,4.1,11.9,0.4,10.0,50.0,NotYet
30.0,4.1,11.9,0.4,10.0,60.0,NotYet
30.0,4.1,11.9,0.4,10.0,70.0,NotYet
30.0,4.1,11.9,0.4,10.0,80.0,NotYet
30.0,4.1,11.9,0.4,10.0,90.0,NotYet
30.0,4.1,11.9,0.4,10.0,100.0,NotYet
30.0,4.1,11.9,0.4,10.0,110.0,NotYet
30.0,4.1,11.9,0.4,10.0,120.0,NotYet
30.0,4.1,11.9,0.4,10.0,130.0,NotYet
30.0,4.1,11.9,0.4,10.0,140.0,NotYet
30.0,4.1,11.9,0.4,10.0,150.0,NotYet
30.0,4.1,11.9,0.4,10.0,160.0,NotYet
30.0,4.1,11.9,0.4,10.0,170.0,NotYet
30.0,4.1,11.9,0.4,10.0,180.0,NotYet
30.0,4.1,11.9,0.4,10.0,190.0,NotYet
30.0,4.1,11.9,0.4,10.0,200.0,NotYet
30.0,4.1,11.9,0.4,10.0,210.0,NotYet
30.0,4.1,11.9,0.4,10.0,220.0,NotYet
30.0,4.1,11.9,0.4,10.0,230.0,NotYet
30.0,4.1,11.9,0.4,10.0,240.0,NotYet
30.0,4.1,11.9,0.4,10.0,250.0,NotYet
30.0,4.1,11.9,0.4,10.0,260.0,NotYet
30.0,4.1,11.9,0.4,10.0,270.0,NotYet
30.0,4.1,11.9,0.4,10.0,280.0,NotYet
30.0,4.1,11.9,0.4,10.0,290.0,NotYet
30.0,4.1,11.9,0.4,10.0,300.0,NotYet
30.0,4.1,11.9,0.4,10.0,310.0,NotYet
30.0,4.1,11.9,0.4,10.0,320.0,NotYet
30.0,4.1,11.9,0.4,10.0,330.0,NotYet
30.0,4.1,11.9,0.4,10.0,340.0,NotYet
30.0,4.1,11.9,0.4,10.0,350.0,NotYet
30.0,4.1,11.9,0.4,12.0,0.0,NotYet
30.0,4.1,11.9,0.4,12.0,10.0,NotYet
30.0,4.1,11.9,0.4,12.0,20.0,NotYet
30.0,4.1,11.9,0.4,12.0,30.0,NotYet
30.0,4.1,11.9,0.4,12.0,40.0,NotYet
30.0,4.1,11.9,0.4,12.0,50.0,NotYet
30.0,4.1,11.9,0.4,12.0,60.0,NotYet
30.0,4.1,11.9,0.4,12.0,70.0,NotYet
30.0,4.1,11.9,0.4,12.0,80.0,NotYet
30.0,4.1,11.9,0.4,12.0,90.0,NotYet
30.0,4.1,11.9,0.4,12.0,100.0,NotYet
30.0,4.1,11.9,0.4,12.0,110.0,NotYet
30.0,4.1,11.9,0.4,12.0,120.0,NotYet
30.0,4.1,11.9,0.4,12.0,130.0,NotYet
30.0,4.1,11.9,0.4,12.0,140.0,NotYet
30.0,4.1,11.9,0.4,12.0,150.0,NotYet
30.0,4.1,11.9,0.4,12.0,160.0,NotYet
30.0,4.1,11.9,0.4,12.0,170.0,NotYet
30.0,4.1,11.9,0.4,12.0,180.0,NotYet
30.0,4.1,11.9,0.4,12.0,190.0,NotYet
30.0,4.1,11.9,0.4,12.0,200.0,NotYet
30.0,4.1,11.9,0.4,12.0,210.0,NotYet
30.0,4.1,11.9,0.4,12.0,220.0,NotYet
30.0,4.1,11.9,0.4,12.0,230.0,NotYet
30.0,4.1,11.9,0.4,12.0,240.0,NotYet
30.0,4.1,11.9,0.4,12.0,250.0,NotYet
30.0,4.1,11.9,0.4,12.0,260.0,NotYet
30.0,4.1,11.9,0.4,12.0,270.0,NotYet
30.0,4.1,11.9,0.4,12.0,280.0,NotYet
30.0,4.1,11.9,0.4,12.0,290.0,NotYet
30.0,4.1,11.9,0.4,12.0,300.0,NotYet
30.0,4.1,11.9,0.4,12.0,310.0,NotYet
30.0,4.1,11.9,0.4,12.0,320.0,NotYet
30.0,4.1,11.9,0.4,12.0,330.0,NotYet
30.0,4.1,11.9,0.4,12.0,340.0,NotYet
30.0,4.1,11.9,0.4,12.0,350.0,NotYet
30.0,4.1,11.9,0.4,14.0,0.0,NotYet
30.0,4.1,11.9,0.4,14.0,10.0,NotYet
30.0,4.1,11.9,0.4,14.0,20.0,NotYet
30.0,4.1,11.9,0.4,14.0,30.0,NotYet
30.0,4.1,11.9,0.4,14.0,40.0,NotYet
30.0,4.1,11.9,0.4,14.0,50.0,NotYet
30.0,4.1,11.9,0.4,14.0,60.0,NotYet
30.0,4.1,11.9,0.4,14.0,70.0,NotYet
30.0,4.1,11.9,0.4,14.0,80.0,NotYet
30.0,4.1,11.9,0.4,14.0,90.0,NotYet
30.0,4.1,11.9,0.4,14.0,100.0,NotYet
30.0,4.1,11.9,0.4,14.0,110.0,NotYet
30.0,4.1,11.9,0.4,14.0,120.0,NotYet
30.0,4.1,11.9,0.4,14.0,130.0,NotYet
30.0,4.1,11.9,0.4,14.0,140.0,NotYet
30.0,4.1,11.9,0.4,14.0,150.0,NotYet
30.0,4.1,11.9,0.4,14.0,160.0,NotYet
30.0,4.1,11.9,0.4,14.0,170.0,NotYet
30.0,4.1,11.9,0.4,14.0,180.0,NotYet
30.0,4.1,11.9,0.4,14.0,190.0,NotYet
30.0,4.1,11.9,0.4,14.0,200.0,NotYet
30.0,4.1,11.9,0.4,14.0,210.0,NotYet
30.0,4.1,11.9,0.4,14.0,220.0,NotYet
30.0,4.1,11.9,0.4,14.0,230.0,NotYet
30.0,4.1,11.9,0.4,14.0,240.0,NotYet
30.0,4.1,11.9,0.4,14.0,250.0,NotYet
30.0,4.1,11.9,0.4,14.0,260.0,NotYet
30.0,4.1,11.9,0.4,14.0,270.0,NotYet
30.0,4.1,11.9,0.4,14.0,280.0,NotYet
30.0,4.1,11.9,0.4,14.0,290.0,NotYet
30.0,4.1,11.9,0.4,14.0,300.0,NotYet
30.0,4.1,11.9,0.4,14.0,310.0,NotYet
30.0,4.1,11.9,0.4,14.0,320.0,NotYet
30.0,4.1,11.9,0.4,14.0,330.0,NotYet
30.0,4.1,11.9,0.4,14.0,340.0,NotYet
30.0,4.1,11.9,0.4,14.0,350.0,NotYet
30.0,4.1,11.9,0.6,-14.0,0.0,NotYet
30.0,4.1,11.9,0.6,-14.0,10.0,NotYet
30.0,4.1,11.9,0.6,-14.0,20.0,NotYet
30.0,4.1,11.9,0.6,-14.0,30.0,NotYet
30.0,4.1,11.9,0.6,-14.0,40.0,NotYet
30.0,4.1,11.9,0.6,-14.0,50.0,NotYet
30.0,4.1,11.9,0.6,-14.0,60.0,NotYet
30.0,4.1,11.9,0.6,-14.0,70.0,NotYet
30.0,4.1,11.9,0.6,-14.0,80.0,NotYet
30.0,4.1,11.9,0.6,-14.0,90.0,NotYet
30.0,4.1,11.9,0.6,-14.0,100.0,NotYet
30.0,4.1,11.9,0.6,-14.0,110.0,NotYet
30.0,4.1,11.9,0.6,-14.0,120.0,NotYet
30.0,4.1,11.9,0.6,-14.0,130.0,NotYet
30.0,4.1,11.9,0.6,-14.0,140.0,NotYet
30.0,4.1,11.9,0.6,-14.0,150.0,NotYet
30.0,4.1,11.9,0.6,-14.0,160.0,NotYet
30.0,4.1,11.9,0.6,-14.0,170.0,NotYet
30.0,4.1,11.9,0.6,-14.0,180.0,NotYet
30.0,4.1,11.9,0.6,-14.0,190.0,NotYet
30.0,4.1,11.9,0.6,-14.0,200.0,NotYet
30.0,4.1,11.9,0.6,-14.0,210.0,NotYet
30.0,4.1,11.9,0.6,-14.0,220.0,NotYet
30.0,4.1,11.9,0.6,-14.0,230.0,NotYet
30.0,4.1,11.9,0.6,-14.0,240.0,NotYet
30.0,4.1,11.9,0.6,-14.0,250.0,NotYet
30.0,4.1,11.9,0.6,-14.0,260.0,NotYet
30.0,4.1,11.9,0.6,-14.0,270.0,NotYet
30.0,4.1,11.9,0.6,-14.0,280.0,NotYet
30.0,4.1,11.9,0.6,-14.0,290.0,NotYet
30.0,4.1,11.9,0.6,-14.0,300.0,NotYet
30.0,4.1,11.9,0.6,-14.0,310.0,NotYet
30.0,4.1,11.9,0.6,-14.0,320.0,NotYet
30.0,4.1,11.9,0.6,-14.0,330.0,NotYet
30.0,4.1,11.9,0.6,-14.0,340.0,NotYet
30.0,4.1,11.9,0.6,-14.0,350.0,NotYet
30.0,4.1,11.9,0.6,-12.0,0.0,NotYet
30.0,4.1,11.9,0.6,-12.0,10.0,NotYet
30.0,4.1,11.9,0.6,-12.0,20.0,NotYet
30.0,4.1,11.9,0.6,-12.0,30.0,NotYet
30.0,4.1,11.9,0.6,-12.0,40.0,NotYet
30.0,4.1,11.9,0.6,-12.0,50.0,NotYet
30.0,4.1,11.9,0.6,-12.0,60.0,NotYet
30.0,4.1,11.9,0.6,-12.0,70.0,NotYet
30.0,4.1,11.9,0.6,-12.0,80.0,NotYet
30.0,4.1,11.9,0.6,-12.0,90.0,NotYet
30.0,4.1,11.9,0.6,-12.0,100.0,NotYet
30.0,4.1,11.9,0.6,-12.0,110.0,NotYet
30.0,4.1,11.9,0.6,-12.0,120.0,NotYet
30.0,4.1,11.9,0.6,-12.0,130.0,NotYet
30.0,4.1,11.9,0.6,-12.0,140.0,NotYet
30.0,4.1,11.9,0.6,-12.0,150.0,NotYet
30.0,4.1,11.9,0.6,-12.0,160.0,NotYet
30.0,4.1,11.9,0.6,-12.0,170.0,NotYet
30.0,4.1,11.9,0.6,-12.0,180.0,NotYet
30.0,4.1,11.9,0.6,-12.0,190.0,NotYet
30.0,4.1,11.9,0.6,-12.0,200.0,NotYet
30.0,4.1,11.9,0.6,-12.0,210.0,NotYet
30.0,4.1,11.9,0.6,-12.0,220.0,NotYet
30.0,4.1,11.9,0.6,-12.0,230.0,NotYet
30.0,4.1,11.9,0.6,-12.0,240.0,NotYet
30.0,4.1,11.9,0.6,-12.0,250.0,NotYet
30.0,4.1,11.9,0.6,-12.0,260.0,NotYet
30.0,4.1,11.9,0.6,-12.0,270.0,NotYet
30.0,4.1,11.9,0.6,-12.0,280.0,NotYet
30.0,4.1,11.9,0.6,-12.0,290.0,NotYet
30.0,4.1,11.9,0.6,-12.0,300.0,NotYet
30.0,4.1,11.9,0.6,-12.0,310.0,NotYet
30.0,4.1,11.9,0.6,-12.0,320.0,NotYet
30.0,4.1,11.9,0.6,-12.0,330.0,NotYet
30.0,4.1,11.9,0.6,-12.0,340.0,NotYet
30.0,4.1,11.9,0.6,-12.0,350.0,NotYet
30.0,4.1,11.9,0.6,-10.0,0.0,NotYet
30.0,4.1,11.9,0.6,-10.0,10.0,NotYet
30.0,4.1,11.9,0.6,-10.0,20.0,NotYet
30.0,4.1,11.9,0.6,-10.0,30.0,NotYet
30.0,4.1,11.9,0.6,-10.0,40.0,NotYet
30.0,4.1,11.9,0.6,-10.0,50.0,NotYet
30.0,4.1,11.9,0.6,-10.0,60.0,NotYet
30.0,4.1,11.9,0.6,-10.0,70.0,NotYet
30.0,4.1,11.9,0.6,-10.0,80.0,NotYet
30.0,4.1,11.9,0.6,-10.0,90.0,NotYet
30.0,4.1,11.9,0.6,-10.0,100.0,NotYet
30.0,4.1,11.9,0.6,-10.0,110.0,NotYet
30.0,4.1,11.9,0.6,-10.0,120.0,NotYet
30.0,4.1,11.9,0.6,-10.0,130.0,NotYet
30.0,4.1,11.9,0.6,-10.0,140.0,NotYet
30.0,4.1,11.9,0.6,-10.0,150.0,NotYet
30.0,4.1,11.9,0.6,-10.0,160.0,NotYet
30.0,4.1,11.9,0.6,-10.0,170.0,NotYet
30.0,4.1,11.9,0.6,-10.0,180.0,NotYet
30.0,4.1,11.9,0.6,-10.0,190.0,NotYet
30.0,4.1,11.9,0.6,-10.0,200.0,NotYet
30.0,4.1,11.9,0.6,-10.0,210.0,NotYet
30.0,4.1,11.9,0.6,-10.0,220.0,NotYet
30.0,4.1,11.9,0.6,-10.0,230.0,NotYet
30.0,4.1,11.9,0.6,-10.0,240.0,NotYet
30.0,4.1,11.9,0.6,-10.0,250.0,NotYet
30.0,4.1,11.9,0.6,-10.0,260.0,NotYet
30.0,4.1,11.9,0.6,-10.0,270.0,NotYet
30.0,4.1,11.9,0.6,-10.0,280.0,NotYet
30.0,4.1,11.9,0.6,-10.0,290.0,NotYet
30.0,4.1,11.9,0.6,-10.0,300.0,NotYet
30.0,4.1,11.9,0.6,-10.0,310.0,NotYet
30.0,4.1,11.9,0.6,-10.0,320.0,NotYet
30.0,4.1,11.9,0.6,-10.0,330.0,NotYet
30.0,4.1,11.9,0.6,-10.0,340.0,NotYet
30.0,4.1,11.9,0.6,-10.0,350.0,NotYet
30.0,4.1,11.9,0.6,-8.0,0.0,NotYet
30.0,4.1,11.9,0.6,-8.0,10.0,NotYet
30.0,4.1,11.9,0.6,-8.0,20.0,NotYet
30.0,4.1,11.9,0.6,-8.0,30.0,NotYet
30.0,4.1,11.9,0.6,-8.0,40.0,NotYet
30.0,4.1,11.9,0.6,-8.0,50.0,NotYet
30.0,4.1,11.9,0.6,-8.0,60.0,NotYet
30.0,4.1,11.9,0.6,-8.0,70.0,NotYet
30.0,4.1,11.9,0.6,-8.0,80.0,NotYet
30.0,4.1,11.9,0.6,-8.0,90.0,NotYet
30.0,4.1,11.9,0.6,-8.0,100.0,NotYet
30.0,4.1,11.9,0.6,-8.0,110.0,NotYet
30.0,4.1,11.9,0.6,-8.0,120.0,NotYet
30.0,4.1,11.9,0.6,-8.0,130.0,NotYet
30.0,4.1,11.9,0.6,-8.0,140.0,NotYet
30.0,4.1,11.9,0.6,-8.0,150.0,NotYet
30.0,4.1,11.9,0.6,-8.0,160.0,NotYet
30.0,4.1,11.9,0.6,-8.0,170.0,NotYet
30.0,4.1,11.9,0.6,-8.0,180.0,NotYet
30.0,4.1,11.9,0.6,-8.0,190.0,NotYet
30.0,4.1,11.9,0.6,-8.0,200.0,NotYet
30.0,4.1,11.9,0.6,-8.0,210.0,NotYet
30.0,4.1,11.9,0.6,-8.0,220.0,NotYet
30.0,4.1,11.9,0.6,-8.0,230.0,NotYet
30.0,4.1,11.9,0.6,-8.0,240.0,NotYet
30.0,4.1,11.9,0.6,-8.0,250.0,NotYet
30.0,4.1,11.9,0.6,-8.0,260.0,NotYet
30.0,4.1,11.9,0.6,-8.0,270.0,NotYet
30.0,4.1,11.9,0.6,-8.0,280.0,NotYet
30.0,4.1,11.9,0.6,-8.0,290.0,NotYet
30.0,4.1,11.9,0.6,-8.0,300.0,NotYet
30.0,4.1,11.9,0.6,-8.0,310.0,NotYet
30.0,4.1,11.9,0.6,-8.0,320.0,NotYet
30.0,4.1,11.9,0.6,-8.0,330.0,NotYet
30.0,4.1,11.9,0.6,-8.0,340.0,NotYet
30.0,4.1,11.9,0.6,-8.0,350.0,NotYet
30.0,4.1,11.9,0.6,-6.0,0.0,NotYet
30.0,4.1,11.9,0.6,-6.0,10.0,NotYet
30.0,4.1,11.9,0.6,-6.0,20.0,NotYet
30.0,4.1,11.9,0.6,-6.0,30.0,NotYet
30.0,4.1,11.9,0.6,-6.0,40.0,NotYet
30.0,4.1,11.9,0.6,-6.0,50.0,NotYet
30.0,4.1,11.9,0.6,-6.0,60.0,NotYet
30.0,4.1,11.9,0.6,-6.0,70.0,NotYet
30.0,4.1,11.9,0.6,-6.0,80.0,NotYet
30.0,4.1,11.9,0.6,-6.0,90.0,NotYet
30.0,4.1,11.9,0.6,-6.0,100.0,NotYet
30.0,4.1,11.9,0.6,-6.0,110.0,NotYet
30.0,4.1,11.9,0.6,-6.0,120.0,NotYet
30.0,4.1,11.9,0.6,-6.0,130.0,NotYet
30.0,4.1,11.9,0.6,-6.0,140.0,NotYet
30.0,4.1,11.9,0.6,-6.0,150.0,NotYet
30.0,4.1,11.9,0.6,-6.0,160.0,NotYet
30.0,4.1,11.9,0.6,-6.0,170.0,NotYet
30.0,4.1,11.9,0.6,-6.0,180.0,NotYet
30.0,4.1,11.9,0.6,-6.0,190.0,NotYet
30.0,4.1,11.9,0.6,-6.0,200.0,NotYet
30.0,4.1,11.9,0.6,-6.0,210.0,NotYet
30.0,4.1,11.9,0.6,-6.0,220.0,NotYet
30.0,4.1,11.9,0.6,-6.0,230.0,NotYet
30.0,4.1,11.9,0.6,-6.0,240.0,NotYet
30.0,4.1,11.9,0.6,-6.0,250.0,NotYet
30.0,4.1,11.9,0.6,-6.0,260.0,NotYet
30.0,4.1,11.9,0.6,-6.0,270.0,NotYet
30.0,4.1,11.9,0.6,-6.0,280.0,NotYet
30.0,4.1,11.9,0.6,-6.0,290.0,NotYet
30.0,4.1,11.9,0.6,-6.0,300.0,NotYet
30.0,4.1,11.9,0.6,-6.0,310.0,NotYet
30.0,4.1,11.9,0.6,-6.0,320.0,NotYet
30.0,4.1,11.9,0.6,-6.0,330.0,NotYet
30.0,4.1,11.9,0.6,-6.0,340.0,NotYet
30.0,4.1,11.9,0.6,-6.0,350.0,NotYet
30.0,4.1,11.9,0.6,-4.0,0.0,NotYet
30.0,4.1,11.9,0.6,-4.0,10.0,NotYet
30.0,4.1,11.9,0.6,-4.0,20.0,NotYet
30.0,4.1,11.9,0.6,-4.0,30.0,NotYet
30.0,4.1,11.9,0.6,-4.0,40.0,NotYet
30.0,4.1,11.9,0.6,-4.0,50.0,NotYet
30.0,4.1,11.9,0.6,-4.0,60.0,NotYet
30.0,4.1,11.9,0.6,-4.0,70.0,NotYet
30.0,4.1,11.9,0.6,-4.0,80.0,NotYet
30.0,4.1,11.9,0.6,-4.0,90.0,NotYet
30.0,4.1,11.9,0.6,-4.0,100.0,NotYet
30.0,4.1,11.9,0.6,-4.0,110.0,NotYet
30.0,4.1,11.9,0.6,-4.0,120.0,NotYet
30.0,4.1,11.9,0.6,-4.0,130.0,NotYet
30.0,4.1,11.9,0.6,-4.0,140.0,NotYet
30.0,4.1,11.9,0.6,-4.0,150.0,NotYet
30.0,4.1,11.9,0.6,-4.0,160.0,NotYet
30.0,4.1,11.9,0.6,-4.0,170.0,NotYet
30.0,4.1,11.9,0.6,-4.0,180.0,NotYet
30.0,4.1,11.9,0.6,-4.0,190.0,NotYet
30.0,4.1,11.9,0.6,-4.0,200.0,NotYet
30.0,4.1,11.9,0.6,-4.0,210.0,NotYet
30.0,4.1,11.9,0.6,-4.0,220.0,NotYet
30.0,4.1,11.9,0.6,-4.0,230.0,NotYet
30.0,4.1,11.9,0.6,-4.0,240.0,NotYet
30.0,4.1,11.9,0.6,-4.0,250.0,NotYet
30.0,4.1,11.9,0.6,-4.0,260.0,NotYet
30.0,4.1,11.9,0.6,-4.0,270.0,NotYet
30.0,4.1,11.9,0.6,-4.0,280.0,NotYet
30.0,4.1,11.9,0.6,-4.0,290.0,NotYet
30.0,4.1,11.9,0.6,-4.0,300.0,NotYet
30.0,4.1,11.9,0.6,-4.0,310.0,NotYet
30.0,4.1,11.9,0.6,-4.0,320.0,NotYet
30.0,4.1,11.9,0.6,-4.0,330.0,NotYet
30.0,4.1,11.9,0.6,-4.0,340.0,NotYet
30.0,4.1,11.9,0.6,-4.0,350.0,NotYet
30.0,4.1,11.9,0.6,-2.0,0.0,NotYet
30.0,4.1,11.9,0.6,-2.0,10.0,NotYet
30.0,4.1,11.9,0.6,-2.0,20.0,NotYet
30.0,4.1,11.9,0.6,-2.0,30.0,NotYet
30.0,4.1,11.9,0.6,-2.0,40.0,NotYet
30.0,4.1,11.9,0.6,-2.0,50.0,NotYet
30.0,4.1,11.9,0.6,-2.0,60.0,NotYet
30.0,4.1,11.9,0.6,-2.0,70.0,NotYet
30.0,4.1,11.9,0.6,-2.0,80.0,NotYet
30.0,4.1,11.9,0.6,-2.0,90.0,NotYet
30.0,4.1,11.9,0.6,-2.0,100.0,NotYet
30.0,4.1,11.9,0.6,-2.0,110.0,NotYet
30.0,4.1,11.9,0.6,-2.0,120.0,NotYet
30.0,4.1,11.9,0.6,-2.0,130.0,NotYet
30.0,4.1,11.9,0.6,-2.0,140.0,NotYet
30.0,4.1,11.9,0.6,-2.0,150.0,NotYet
30.0,4.1,11.9,0.6,-2.0,160.0,NotYet
30.0,4.1,11.9,0.6,-2.0,170.0,NotYet
30.0,4.1,11.9,0.6,-2.0,180.0,NotYet
30.0,4.1,11.9,0.6,-2.0,190.0,NotYet
30.0,4.1,11.9,0.6,-2.0,200.0,NotYet
30.0,4.1,11.9,0.6,-2.0,210.0,NotYet
30.0,4.1,11.9,0.6,-2.0,220.0,NotYet
30.0,4.1,11.9,0.6,-2.0,230.0,NotYet
30.0,4.1,11.9,0.6,-2.0,240.0,NotYet
30.0,4.1,11.9,0.6,-2.0,250.0,NotYet
30.0,4.1,11.9,0.6,-2.0,260.0,NotYet
30.0,4.1,11.9,0.6,-2.0,270.0,NotYet
30.0,4.1,11.9,0.6,-2.0,280.0,NotYet
30.0,4.1,11.9,0.6,-2.0,290.0,NotYet
30.0,4.1,11.9,0.6,-2.0,300.0,NotYet
30.0,4.1,11.9,0.6,-2.0,310.0,NotYet
30.0,4.1,11.9,0.6,-2.0,320.0,NotYet
30.0,4.1,11.9,0.6,-2.0,330.0,NotYet
30.0,4.1,11.9,0.6,-2.0,340.0,NotYet
30.0,4.1,11.9,0.6,-2.0,350.0,NotYet
30.0,4.1,11.9,0.6,0.0,0.0,NotYet
30.0,4.1,11.9,0.6,0.0,10.0,NotYet
30.0,4.1,11.9,0.6,0.0,20.0,NotYet
30.0,4.1,11.9,0.6,0.0,30.0,NotYet
30.0,4.1,11.9,0.6,0.0,40.0,NotYet
30.0,4.1,11.9,0.6,0.0,50.0,NotYet
30.0,4.1,11.9,0.6,0.0,60.0,NotYet
30.0,4.1,11.9,0.6,0.0,70.0,NotYet
30.0,4.1,11.9,0.6,0.0,80.0,NotYet
30.0,4.1,11.9,0.6,0.0,90.0,NotYet
30.0,4.1,11.9,0.6,0.0,100.0,NotYet
30.0,4.1,11.9,0.6,0.0,110.0,NotYet
30.0,4.1,11.9,0.6,0.0,120.0,NotYet
30.0,4.1,11.9,0.6,0.0,130.0,NotYet
30.0,4.1,11.9,0.6,0.0,140.0,NotYet
30.0,4.1,11.9,0.6,0.0,150.0,NotYet
30.0,4.1,11.9,0.6,0.0,160.0,NotYet
30.0,4.1,11.9,0.6,0.0,170.0,NotYet
30.0,4.1,11.9,0.6,0.0,180.0,NotYet
30.0,4.1,11.9,0.6,0.0,190.0,NotYet
30.0,4.1,11.9,0.6,0.0,200.0,NotYet
30.0,4.1,11.9,0.6,0.0,210.0,NotYet
30.0,4.1,11.9,0.6,0.0,220.0,NotYet
30.0,4.1,11.9,0.6,0.0,230.0,NotYet
30.0,4.1,11.9,0.6,0.0,240.0,NotYet
30.0,4.1,11.9,0.6,0.0,250.0,NotYet
30.0,4.1,11.9,0.6,0.0,260.0,NotYet
30.0,4.1,11.9,0.6,0.0,270.0,NotYet
30.0,4.1,11.9,0.6,0.0,280.0,NotYet
30.0,4.1,11.9,0.6,0.0,290.0,NotYet
30.0,4.1,11.9,0.6,0.0,300.0,NotYet
30.0,4.1,11.9,0.6,0.0,310.0,NotYet
30.0,4.1,11.9,0.6,0.0,320.0,NotYet
30.0,4.1,11.9,0.6,0.0,330.0,NotYet
30.0,4.1,11.9,0.6,0.0,340.0,NotYet
30.0,4.1,11.9,0.6,0.0,350.0,NotYet
30.0,4.1,11.9,0.6,2.0,0.0,NotYet
30.0,4.1,11.9,0.6,2.0,10.0,NotYet
30.0,4.1,11.9,0.6,2.0,20.0,NotYet
30.0,4.1,11.9,0.6,2.0,30.0,NotYet
30.0,4.1,11.9,0.6,2.0,40.0,NotYet
30.0,4.1,11.9,0.6,2.0,50.0,NotYet
30.0,4.1,11.9,0.6,2.0,60.0,NotYet
30.0,4.1,11.9,0.6,2.0,70.0,NotYet
30.0,4.1,11.9,0.6,2.0,80.0,NotYet
30.0,4.1,11.9,0.6,2.0,90.0,NotYet
30.0,4.1,11.9,0.6,2.0,100.0,NotYet
30.0,4.1,11.9,0.6,2.0,110.0,NotYet
30.0,4.1,11.9,0.6,2.0,120.0,NotYet
30.0,4.1,11.9,0.6,2.0,130.0,NotYet
30.0,4.1,11.9,0.6,2.0,140.0,NotYet
30.0,4.1,11.9,0.6,2.0,150.0,NotYet
30.0,4.1,11.9,0.6,2.0,160.0,NotYet
30.0,4.1,11.9,0.6,2.0,170.0,NotYet
30.0,4.1,11.9,0.6,2.0,180.0,NotYet
30.0,4.1,11.9,0.6,2.0,190.0,NotYet
30.0,4.1,11.9,0.6,2.0,200.0,NotYet
30.0,4.1,11.9,0.6,2.0,210.0,NotYet
30.0,4.1,11.9,0.6,2.0,220.0,NotYet
30.0,4.1,11.9,0.6,2.0,230.0,NotYet
30.0,4.1,11.9,0.6,2.0,240.0,NotYet
30.0,4.1,11.9,0.6,2.0,250.0,NotYet
30.0,4.1,11.9,0.6,2.0,260.0,NotYet
30.0,4.1,11.9,0.6,2.0,270.0,NotYet
30.0,4.1,11.9,0.6,2.0,280.0,NotYet
30.0,4.1,11.9,0.6,2.0,290.0,NotYet
30.0,4.1,11.9,0.6,2.0,300.0,NotYet
30.0,4.1,11.9,0.6,2.0,310.0,NotYet
30.0,4.1,11.9,0.6,2.0,320.0,NotYet
30.0,4.1,11.9,0.6,2.0,330.0,NotYet
30.0,4.1,11.9,0.6,2.0,340.0,NotYet
30.0,4.1,11.9,0.6,2.0,350.0,NotYet
30.0,4.1,11.9,0.6,4.0,0.0,NotYet
30.0,4.1,11.9,0.6,4.0,10.0,NotYet
30.0,4.1,11.9,0.6,4.0,20.0,NotYet
30.0,4.1,11.9,0.6,4.0,30.0,NotYet
30.0,4.1,11.9,0.6,4.0,40.0,NotYet
30.0,4.1,11.9,0.6,4.0,50.0,NotYet
30.0,4.1,11.9,0.6,4.0,60.0,NotYet
30.0,4.1,11.9,0.6,4.0,70.0,NotYet
30.0,4.1,11.9,0.6,4.0,80.0,NotYet
30.0,4.1,11.9,0.6,4.0,90.0,NotYet
30.0,4.1,11.9,0.6,4.0,100.0,NotYet
30.0,4.1,11.9,0.6,4.0,110.0,NotYet
30.0,4.1,11.9,0.6,4.0,120.0,NotYet
30.0,4.1,11.9,0.6,4.0,130.0,NotYet
30.0,4.1,11.9,0.6,4.0,140.0,NotYet
30.0,4.1,11.9,0.6,4.0,150.0,NotYet
30.0,4.1,11.9,0.6,4.0,160.0,NotYet
30.0,4.1,11.9,0.6,4.0,170.0,NotYet
30.0,4.1,11.9,0.6,4.0,180.0,NotYet
30.0,4.1,11.9,0.6,4.0,190.0,NotYet
30.0,4.1,11.9,0.6,4.0,200.0,NotYet
30.0,4.1,11.9,0.6,4.0,210.0,NotYet
30.0,4.1,11.9,0.6,4.0,220.0,NotYet
30.0,4.1,11.9,0.6,4.0,230.0,NotYet
30.0,4.1,11.9,0.6,4.0,240.0,NotYet
30.0,4.1,11.9,0.6,4.0,250.0,NotYet
30.0,4.1,11.9,0.6,4.0,260.0,NotYet
30.0,4.1,11.9,0.6,4.0,270.0,NotYet
30.0,4.1,11.9,0.6,4.0,280.0,NotYet
30.0,4.1,11.9,0.6,4.0,290.0,NotYet
30.0,4.1,11.9,0.6,4.0,300.0,NotYet
30.0,4.1,11.9,0.6,4.0,310.0,NotYet
30.0,4.1,11.9,0.6,4.0,320.0,NotYet
30.0,4.1,11.9,0.6,4.0,330.0,NotYet
30.0,4.1,11.9,0.6,4.0,340.0,NotYet
30.0,4.1,11.9,0.6,4.0,350.0,NotYet
30.0,4.1,11.9,0.6,6.0,0.0,NotYet
30.0,4.1,11.9,0.6,6.0,10.0,NotYet
30.0,4.1,11.9,0.6,6.0,20.0,NotYet
30.0,4.1,11.9,0.6,6.0,30.0,NotYet
30.0,4.1,11.9,0.6,6.0,40.0,NotYet
30.0,4.1,11.9,0.6,6.0,50.0,NotYet
30.0,4.1,11.9,0.6,6.0,60.0,NotYet
30.0,4.1,11.9,0.6,6.0,70.0,NotYet
30.0,4.1,11.9,0.6,6.0,80.0,NotYet
30.0,4.1,11.9,0.6,6.0,90.0,NotYet
30.0,4.1,11.9,0.6,6.0,100.0,NotYet
30.0,4.1,11.9,0.6,6.0,110.0,NotYet
30.0,4.1,11.9,0.6,6.0,120.0,NotYet
30.0,4.1,11.9,0.6,6.0,130.0,NotYet
30.0,4.1,11.9,0.6,6.0,140.0,NotYet
30.0,4.1,11.9,0.6,6.0,150.0,NotYet
30.0,4.1,11.9,0.6,6.0,160.0,NotYet
30.0,4.1,11.9,0.6,6.0,170.0,NotYet
30.0,4.1,11.9,0.6,6.0,180.0,NotYet
30.0,4.1,11.9,0.6,6.0,190.0,NotYet
30.0,4.1,11.9,0.6,6.0,200.0,NotYet
30.0,4.1,11.9,0.6,6.0,210.0,NotYet
30.0,4.1,11.9,0.6,6.0,220.0,NotYet
30.0,4.1,11.9,0.6,6.0,230.0,NotYet
30.0,4.1,11.9,0.6,6.0,240.0,NotYet
30.0,4.1,11.9,0.6,6.0,250.0,NotYet
30.0,4.1,11.9,0.6,6.0,260.0,NotYet
30.0,4.1,11.9,0.6,6.0,270.0,NotYet
30.0,4.1,11.9,0.6,6.0,280.0,NotYet
30.0,4.1,11.9,0.6,6.0,290.0,NotYet
30.0,4.1,11.9,0.6,6.0,300.0,NotYet
30.0,4.1,11.9,0.6,6.0,310.0,NotYet
30.0,4.1,11.9,0.6,6.0,320.0,NotYet
30.0,4.1,11.9,0.6,6.0,330.0,NotYet
30.0,4.1,11.9,0.6,6.0,340.0,NotYet
30.0,4.1,11.9,0.6,6.0,350.0,NotYet
30.0,4.1,11.9,0.6,8.0,0.0,NotYet
30.0,4.1,11.9,0.6,8.0,10.0,NotYet
30.0,4.1,11.9,0.6,8.0,20.0,NotYet
30.0,4.1,11.9,0.6,8.0,30.0,NotYet
30.0,4.1,11.9,0.6,8.0,40.0,NotYet
30.0,4.1,11.9,0.6,8.0,50.0,NotYet
30.0,4.1,11.9,0.6,8.0,60.0,NotYet
30.0,4.1,11.9,0.6,8.0,70.0,NotYet
30.0,4.1,11.9,0.6,8.0,80.0,NotYet
30.0,4.1,11.9,0.6,8.0,90.0,NotYet
30.0,4.1,11.9,0.6,8.0,100.0,NotYet
30.0,4.1,11.9,0.6,8.0,110.0,NotYet
30.0,4.1,11.9,0.6,8.0,120.0,NotYet
30.0,4.1,11.9,0.6,8.0,130.0,NotYet
30.0,4.1,11.9,0.6,8.0,140.0,NotYet
30.0,4.1,11.9,0.6,8.0,150.0,NotYet
30.0,4.1,11.9,0.6,8.0,160.0,NotYet
30.0,4.1,11.9,0.6,8.0,170.0,NotYet
30.0,4.1,11.9,0.6,8.0,180.0,NotYet
30.0,4.1,11.9,0.6,8.0,190.0,NotYet
30.0,4.1,11.9,0.6,8.0,200.0,NotYet
30.0,4.1,11.9,0.6,8.0,210.0,NotYet
30.0,4.1,11.9,0.6,8.0,220.0,NotYet
30.0,4.1,11.9,0.6,8.0,230.0,NotYet
30.0,4.1,11.9,0.6,8.0,240.0,NotYet
30.0,4.1,11.9,0.6,8.0,250.0,NotYet
30.0,4.1,11.9,0.6,8.0,260.0,NotYet
30.0,4.1,11.9,0.6,8.0,270.0,NotYet
30.0,4.1,11.9,0.6,8.0,280.0,NotYet
30.0,4.1,11.9,0.6,8.0,290.0,NotYet
30.0,4.1,11.9,0.6,8.0,300.0,NotYet
30.0,4.1,11.9,0.6,8.0,310.0,NotYet
30.0,4.1,11.9,0.6,8.0,320.0,NotYet
30.0,4.1,11.9,0.6,8.0,330.0,NotYet
30.0,4.1,11.9,0.6,8.0,340.0,NotYet
30.0,4.1,11.9,0.6,8.0,350.0,NotYet
30.0,4.1,11.9,0.6,10.0,0.0,NotYet
30.0,4.1,11.9,0.6,10.0,10.0,NotYet
30.0,4.1,11.9,0.6,10.0,20.0,NotYet
30.0,4.1,11.9,0.6,10.0,30.0,NotYet
30.0,4.1,11.9,0.6,10.0,40.0,NotYet
30.0,4.1,11.9,0.6,10.0,50.0,NotYet
30.0,4.1,11.9,0.6,10.0,60.0,NotYet
30.0,4.1,11.9,0.6,10.0,70.0,NotYet
30.0,4.1,11.9,0.6,10.0,80.0,NotYet
30.0,4.1,11.9,0.6,10.0,90.0,NotYet
30.0,4.1,11.9,0.6,10.0,100.0,NotYet
30.0,4.1,11.9,0.6,10.0,110.0,NotYet
30.0,4.1,11.9,0.6,10.0,120.0,NotYet
30.0,4.1,11.9,0.6,10.0,130.0,NotYet
30.0,4.1,11.9,0.6,10.0,140.0,NotYet
30.0,4.1,11.9,0.6,10.0,150.0,NotYet
30.0,4.1,11.9,0.6,10.0,160.0,NotYet
30.0,4.1,11.9,0.6,10.0,170.0,NotYet
30.0,4.1,11.9,0.6,10.0,180.0,NotYet
30.0,4.1,11.9,0.6,10.0,190.0,NotYet
30.0,4.1,11.9,0.6,10.0,200.0,NotYet
30.0,4.1,11.9,0.6,10.0,210.0,NotYet
30.0,4.1,11.9,0.6,10.0,220.0,NotYet
30.0,4.1,11.9,0.6,10.0,230.0,NotYet
30.0,4.1,11.9,0.6,10.0,240.0,NotYet
30.0,4.1,11.9,0.6,10.0,250.0,NotYet
30.0,4.1,11.9,0.6,10.0,260.0,NotYet
30.0,4.1,11.9,0.6,10.0,270.0,NotYet
30.0,4.1,11.9,0.6,10.0,280.0,NotYet
30.0,4.1,11.9,0.6,10.0,290.0,NotYet
30.0,4.1,11.9,0.6,10.0,300.0,NotYet
30.0,4.1,11.9,0.6,10.0,310.0,NotYet
30.0,4.1,11.9,0.6,10.0,320.0,NotYet
30.0,4.1,11.9,0.6,10.0,330.0,NotYet
30.0,4.1,11.9,0.6,10.0,340.0,NotYet
30.0,4.1,11.9,0.6,10.0,350.0,NotYet
30.0,4.1,11.9,0.6,12.0,0.0,NotYet
30.0,4.1,11.9,0.6,12.0,10.0,NotYet
30.0,4.1,11.9,0.6,12.0,20.0,NotYet
30.0,4.1,11.9,0.6,12.0,30.0,NotYet
30.0,4.1,11.9,0.6,12.0,40.0,NotYet
30.0,4.1,11.9,0.6,12.0,50.0,NotYet
30.0,4.1,11.9,0.6,12.0,60.0,NotYet
30.0,4.1,11.9,0.6,12.0,70.0,NotYet
30.0,4.1,11.9,0.6,12.0,80.0,NotYet
30.0,4.1,11.9,0.6,12.0,90.0,NotYet
30.0,4.1,11.9,0.6,12.0,100.0,NotYet
30.0,4.1,11.9,0.6,12.0,110.0,NotYet
30.0,4.1,11.9,0.6,12.0,120.0,NotYet
30.0,4.1,11.9,0.6,12.0,130.0,NotYet
30.0,4.1,11.9,0.6,12.0,140.0,NotYet
30.0,4.1,11.9,0.6,12.0,150.0,NotYet
30.0,4.1,11.9,0.6,12.0,160.0,NotYet
30.0,4.1,11.9,0.6,12.0,170.0,NotYet
30.0,4.1,11.9,0.6,12.0,180.0,NotYet
30.0,4.1,11.9,0.6,12.0,190.0,NotYet
30.0,4.1,11.9,0.6,12.0,200.0,NotYet
30.0,4.1,11.9,0.6,12.0,210.0,NotYet
30.0,4.1,11.9,0.6,12.0,220.0,NotYet
30.0,4.1,11.9,0.6,12.0,230.0,NotYet
30.0,4.1,11.9,0.6,12.0,240.0,NotYet
30.0,4.1,11.9,0.6,12.0,250.0,NotYet
30.0,4.1,11.9,0.6,12.0,260.0,NotYet
30.0,4.1,11.9,0.6,12.0,270.0,NotYet
30.0,4.1,11.9,0.6,12.0,280.0,NotYet
30.0,4.1,11.9,0.6,12.0,290.0,NotYet
30.0,4.1,11.9,0.6,12.0,300.0,NotYet
30.0,4.1,11.9,0.6,12.0,310.0,NotYet
30.0,4.1,11.9,0.6,12.0,320.0,NotYet
30.0,4.1,11.9,0.6,12.0,330.0,NotYet
30.0,4.1,11.9,0.6,12.0,340.0,NotYet
30.0,4.1,11.9,0.6,12.0,350.0,NotYet
30.0,4.1,11.9,0.6,14.0,0.0,NotYet
30.0,4.1,11.9,0.6,14.0,10.0,NotYet
30.0,4.1,11.9,0.6,14.0,20.0,NotYet
30.0,4.1,11.9,0.6,14.0,30.0,NotYet
30.0,4.1,11.9,0.6,14.0,40.0,NotYet
30.0,4.1,11.9,0.6,14.0,50.0,NotYet
30.0,4.1,11.9,0.6,14.0,60.0,NotYet
30.0,4.1,11.9,0.6,14.0,70.0,NotYet
30.0,4.1,11.9,0.6,14.0,80.0,NotYet
30.0,4.1,11.9,0.6,14.0,90.0,NotYet
30.0,4.1,11.9,0.6,14.0,100.0,NotYet
30.0,4.1,11.9,0.6,14.0,110.0,NotYet
30.0,4.1,11.9,0.6,14.0,120.0,NotYet
30.0,4.1,11.9,0.6,14.0,130.0,NotYet
30.0,4.1,11.9,0.6,14.0,140.0,NotYet
30.0,4.1,11.9,0.6,14.0,150.0,NotYet
30.0,4.1,11.9,0.6,14.0,160.0,NotYet
30.0,4.1,11.9,0.6,14.0,170.0,NotYet
30.0,4.1,11.9,0.6,14.0,180.0,NotYet
30.0,4.1,11.9,0.6,14.0,190.0,NotYet
30.0,4.1,11.9,0.6,14.0,200.0,NotYet
30.0,4.1,11.9,0.6,14.0,210.0,NotYet
30.0,4.1,11.9,0.6,14.0,220.0,NotYet
30.0,4.1,11.9,0.6,14.0,230.0,NotYet
30.0,4.1,11.9,0.6,14.0,240.0,NotYet
30.0,4.1,11.9,0.6,14.0,250.0,NotYet
30.0,4.1,11.9,0.6,14.0,260.0,NotYet
30.0,4.1,11.9,0.6,14.0,270.0,NotYet
30.0,4.1,11.9,0.6,14.0,280.0,NotYet
30.0,4.1,11.9,0.6,14.0,290.0,NotYet
30.0,4.1,11.9,0.6,14.0,300.0,NotYet
30.0,4.1,11.9,0.6,14.0,310.0,NotYet
30.0,4.1,11.9,0.6,14.0,320.0,NotYet
30.0,4.1,11.9,0.6,14.0,330.0,NotYet
30.0,4.1,11.9,0.6,14.0,340.0,NotYet
30.0,4.1,11.9,0.6,14.0,350.0,NotYet
30.0,4.1,11.9,0.8,-14.0,0.0,NotYet
30.0,4.1,11.9,0.8,-14.0,10.0,NotYet
30.0,4.1,11.9,0.8,-14.0,20.0,NotYet
30.0,4.1,11.9,0.8,-14.0,30.0,NotYet
30.0,4.1,11.9,0.8,-14.0,40.0,NotYet
30.0,4.1,11.9,0.8,-14.0,50.0,NotYet
30.0,4.1,11.9,0.8,-14.0,60.0,NotYet
30.0,4.1,11.9,0.8,-14.0,70.0,NotYet
30.0,4.1,11.9,0.8,-14.0,80.0,NotYet
30.0,4.1,11.9,0.8,-14.0,90.0,NotYet
30.0,4.1,11.9,0.8,-14.0,100.0,NotYet
30.0,4.1,11.9,0.8,-14.0,110.0,NotYet
30.0,4.1,11.9,0.8,-14.0,120.0,NotYet
30.0,4.1,11.9,0.8,-14.0,130.0,NotYet
30.0,4.1,11.9,0.8,-14.0,140.0,NotYet
30.0,4.1,11.9,0.8,-14.0,150.0,NotYet
30.0,4.1,11.9,0.8,-14.0,160.0,NotYet
30.0,4.1,11.9,0.8,-14.0,170.0,NotYet
30.0,4.1,11.9,0.8,-14.0,180.0,NotYet
30.0,4.1,11.9,0.8,-14.0,190.0,NotYet
30.0,4.1,11.9,0.8,-14.0,200.0,NotYet
30.0,4.1,11.9,0.8,-14.0,210.0,NotYet
30.0,4.1,11.9,0.8,-14.0,220.0,NotYet
30.0,4.1,11.9,0.8,-14.0,230.0,NotYet
30.0,4.1,11.9,0.8,-14.0,240.0,NotYet
30.0,4.1,11.9,0.8,-14.0,250.0,NotYet
30.0,4.1,11.9,0.8,-14.0,260.0,NotYet
30.0,4.1,11.9,0.8,-14.0,270.0,NotYet
30.0,4.1,11.9,0.8,-14.0,280.0,NotYet
30.0,4.1,11.9,0.8,-14.0,290.0,NotYet
30.0,4.1,11.9,0.8,-14.0,300.0,NotYet
30.0,4.1,11.9,0.8,-14.0,310.0,NotYet
30.0,4.1,11.9,0.8,-14.0,320.0,NotYet
30.0,4.1,11.9,0.8,-14.0,330.0,NotYet
30.0,4.1,11.9,0.8,-14.0,340.0,NotYet
30.0,4.1,11.9,0.8,-14.0,350.0,NotYet
30.0,4.1,11.9,0.8,-12.0,0.0,NotYet
30.0,4.1,11.9,0.8,-12.0,10.0,NotYet
30.0,4.1,11.9,0.8,-12.0,20.0,NotYet
30.0,4.1,11.9,0.8,-12.0,30.0,NotYet
30.0,4.1,11.9,0.8,-12.0,40.0,NotYet
30.0,4.1,11.9,0.8,-12.0,50.0,NotYet
30.0,4.1,11.9,0.8,-12.0,60.0,NotYet
30.0,4.1,11.9,0.8,-12.0,70.0,NotYet
30.0,4.1,11.9,0.8,-12.0,80.0,NotYet
30.0,4.1,11.9,0.8,-12.0,90.0,NotYet
30.0,4.1,11.9,0.8,-12.0,100.0,NotYet
30.0,4.1,11.9,0.8,-12.0,110.0,NotYet
30.0,4.1,11.9,0.8,-12.0,120.0,NotYet
30.0,4.1,11.9,0.8,-12.0,130.0,NotYet
30.0,4.1,11.9,0.8,-12.0,140.0,NotYet
30.0,4.1,11.9,0.8,-12.0,150.0,NotYet
30.0,4.1,11.9,0.8,-12.0,160.0,NotYet
30.0,4.1,11.9,0.8,-12.0,170.0,NotYet
30.0,4.1,11.9,0.8,-12.0,180.0,NotYet
30.0,4.1,11.9,0.8,-12.0,190.0,NotYet
30.0,4.1,11.9,0.8,-12.0,200.0,NotYet
30.0,4.1,11.9,0.8,-12.0,210.0,NotYet
30.0,4.1,11.9,0.8,-12.0,220.0,NotYet
30.0,4.1,11.9,0.8,-12.0,230.0,NotYet
30.0,4.1,11.9,0.8,-12.0,240.0,NotYet
30.0,4.1,11.9,0.8,-12.0,250.0,NotYet
30.0,4.1,11.9,0.8,-12.0,260.0,NotYet
30.0,4.1,11.9,0.8,-12.0,270.0,NotYet
30.0,4.1,11.9,0.8,-12.0,280.0,NotYet
30.0,4.1,11.9,0.8,-12.0,290.0,NotYet
30.0,4.1,11.9,0.8,-12.0,300.0,NotYet
30.0,4.1,11.9,0.8,-12.0,310.0,NotYet
30.0,4.1,11.9,0.8,-12.0,320.0,NotYet
30.0,4.1,11.9,0.8,-12.0,330.0,NotYet
30.0,4.1,11.9,0.8,-12.0,340.0,NotYet
30.0,4.1,11.9,0.8,-12.0,350.0,NotYet
30.0,4.1,11.9,0.8,-10.0,0.0,NotYet
30.0,4.1,11.9,0.8,-10.0,10.0,NotYet
30.0,4.1,11.9,0.8,-10.0,20.0,NotYet
30.0,4.1,11.9,0.8,-10.0,30.0,NotYet
30.0,4.1,11.9,0.8,-10.0,40.0,NotYet
30.0,4.1,11.9,0.8,-10.0,50.0,NotYet
30.0,4.1,11.9,0.8,-10.0,60.0,NotYet
30.0,4.1,11.9,0.8,-10.0,70.0,NotYet
30.0,4.1,11.9,0.8,-10.0,80.0,NotYet
30.0,4.1,11.9,0.8,-10.0,90.0,NotYet
30.0,4.1,11.9,0.8,-10.0,100.0,NotYet
30.0,4.1,11.9,0.8,-10.0,110.0,NotYet
30.0,4.1,11.9,0.8,-10.0,120.0,NotYet
30.0,4.1,11.9,0.8,-10.0,130.0,NotYet
30.0,4.1,11.9,0.8,-10.0,140.0,NotYet
30.0,4.1,11.9,0.8,-10.0,150.0,NotYet
30.0,4.1,11.9,0.8,-10.0,160.0,NotYet
30.0,4.1,11.9,0.8,-10.0,170.0,NotYet
30.0,4.1,11.9,0.8,-10.0,180.0,NotYet
30.0,4.1,11.9,0.8,-10.0,190.0,NotYet
30.0,4.1,11.9,0.8,-10.0,200.0,NotYet
30.0,4.1,11.9,0.8,-10.0,210.0,NotYet
30.0,4.1,11.9,0.8,-10.0,220.0,NotYet
30.0,4.1,11.9,0.8,-10.0,230.0,NotYet
30.0,4.1,11.9,0.8,-10.0,240.0,NotYet
30.0,4.1,11.9,0.8,-10.0,250.0,NotYet
30.0,4.1,11.9,0.8,-10.0,260.0,NotYet
30.0,4.1,11.9,0.8,-10.0,270.0,NotYet
30.0,4.1,11.9,0.8,-10.0,280.0,NotYet
30.0,4.1,11.9,0.8,-10.0,290.0,NotYet
30.0,4.1,11.9,0.8,-10.0,300.0,NotYet
30.0,4.1,11.9,0.8,-10.0,310.0,NotYet
30.0,4.1,11.9,0.8,-10.0,320.0,NotYet
30.0,4.1,11.9,0.8,-10.0,330.0,NotYet
30.0,4.1,11.9,0.8,-10.0,340.0,NotYet
30.0,4.1,11.9,0.8,-10.0,350.0,NotYet
30.0,4.1,11.9,0.8,-8.0,0.0,NotYet
30.0,4.1,11.9,0.8,-8.0,10.0,NotYet
30.0,4.1,11.9,0.8,-8.0,20.0,NotYet
30.0,4.1,11.9,0.8,-8.0,30.0,NotYet
30.0,4.1,11.9,0.8,-8.0,40.0,NotYet
30.0,4.1,11.9,0.8,-8.0,50.0,NotYet
30.0,4.1,11.9,0.8,-8.0,60.0,NotYet
30.0,4.1,11.9,0.8,-8.0,70.0,NotYet
30.0,4.1,11.9,0.8,-8.0,80.0,NotYet
30.0,4.1,11.9,0.8,-8.0,90.0,NotYet
30.0,4.1,11.9,0.8,-8.0,100.0,NotYet
30.0,4.1,11.9,0.8,-8.0,110.0,NotYet
30.0,4.1,11.9,0.8,-8.0,120.0,NotYet
30.0,4.1,11.9,0.8,-8.0,130.0,NotYet
30.0,4.1,11.9,0.8,-8.0,140.0,NotYet
30.0,4.1,11.9,0.8,-8.0,150.0,NotYet
30.0,4.1,11.9,0.8,-8.0,160.0,NotYet
30.0,4.1,11.9,0.8,-8.0,170.0,NotYet
30.0,4.1,11.9,0.8,-8.0,180.0,NotYet
30.0,4.1,11.9,0.8,-8.0,190.0,NotYet
30.0,4.1,11.9,0.8,-8.0,200.0,NotYet
30.0,4.1,11.9,0.8,-8.0,210.0,NotYet
30.0,4.1,11.9,0.8,-8.0,220.0,NotYet
30.0,4.1,11.9,0.8,-8.0,230.0,NotYet
30.0,4.1,11.9,0.8,-8.0,240.0,NotYet
30.0,4.1,11.9,0.8,-8.0,250.0,NotYet
30.0,4.1,11.9,0.8,-8.0,260.0,NotYet
30.0,4.1,11.9,0.8,-8.0,270.0,NotYet
30.0,4.1,11.9,0.8,-8.0,280.0,NotYet
30.0,4.1,11.9,0.8,-8.0,290.0,NotYet
30.0,4.1,11.9,0.8,-8.0,300.0,NotYet
30.0,4.1,11.9,0.8,-8.0,310.0,NotYet
30.0,4.1,11.9,0.8,-8.0,320.0,NotYet
30.0,4.1,11.9,0.8,-8.0,330.0,NotYet
30.0,4.1,11.9,0.8,-8.0,340.0,NotYet
30.0,4.1,11.9,0.8,-8.0,350.0,NotYet
30.0,4.1,11.9,0.8,-6.0,0.0,NotYet
30.0,4.1,11.9,0.8,-6.0,10.0,NotYet
30.0,4.1,11.9,0.8,-6.0,20.0,NotYet
30.0,4.1,11.9,0.8,-6.0,30.0,NotYet
30.0,4.1,11.9,0.8,-6.0,40.0,NotYet
30.0,4.1,11.9,0.8,-6.0,50.0,NotYet
30.0,4.1,11.9,0.8,-6.0,60.0,NotYet
30.0,4.1,11.9,0.8,-6.0,70.0,NotYet
30.0,4.1,11.9,0.8,-6.0,80.0,NotYet
30.0,4.1,11.9,0.8,-6.0,90.0,NotYet
30.0,4.1,11.9,0.8,-6.0,100.0,NotYet
30.0,4.1,11.9,0.8,-6.0,110.0,NotYet
30.0,4.1,11.9,0.8,-6.0,120.0,NotYet
30.0,4.1,11.9,0.8,-6.0,130.0,NotYet
30.0,4.1,11.9,0.8,-6.0,140.0,NotYet
30.0,4.1,11.9,0.8,-6.0,150.0,NotYet
30.0,4.1,11.9,0.8,-6.0,160.0,NotYet
30.0,4.1,11.9,0.8,-6.0,170.0,NotYet
30.0,4.1,11.9,0.8,-6.0,180.0,NotYet
30.0,4.1,11.9,0.8,-6.0,190.0,NotYet
30.0,4.1,11.9,0.8,-6.0,200.0,NotYet
30.0,4.1,11.9,0.8,-6.0,210.0,NotYet
30.0,4.1,11.9,0.8,-6.0,220.0,NotYet
30.0,4.1,11.9,0.8,-6.0,230.0,NotYet
30.0,4.1,11.9,0.8,-6.0,240.0,NotYet
30.0,4.1,11.9,0.8,-6.0,250.0,NotYet
30.0,4.1,11.9,0.8,-6.0,260.0,NotYet
30.0,4.1,11.9,0.8,-6.0,270.0,NotYet
30.0,4.1,11.9,0.8,-6.0,280.0,NotYet
30.0,4.1,11.9,0.8,-6.0,290.0,NotYet
30.0,4.1,11.9,0.8,-6.0,300.0,NotYet
30.0,4.1,11.9,0.8,-6.0,310.0,NotYet
30.0,4.1,11.9,0.8,-6.0,320.0,NotYet
30.0,4.1,11.9,0.8,-6.0,330.0,NotYet
30.0,4.1,11.9,0.8,-6.0,340.0,NotYet
30.0,4.1,11.9,0.8,-6.0,350.0,NotYet
30.0,4.1,11.9,0.8,-4.0,0.0,NotYet
30.0,4.1,11.9,0.8,-4.0,10.0,NotYet
30.0,4.1,11.9,0.8,-4.0,20.0,NotYet
30.0,4.1,11.9,0.8,-4.0,30.0,NotYet
30.0,4.1,11.9,0.8,-4.0,40.0,NotYet
30.0,4.1,11.9,0.8,-4.0,50.0,NotYet
30.0,4.1,11.9,0.8,-4.0,60.0,NotYet
30.0,4.1,11.9,0.8,-4.0,70.0,NotYet
30.0,4.1,11.9,0.8,-4.0,80.0,NotYet
30.0,4.1,11.9,0.8,-4.0,90.0,NotYet
30.0,4.1,11.9,0.8,-4.0,100.0,NotYet
30.0,4.1,11.9,0.8,-4.0,110.0,NotYet
30.0,4.1,11.9,0.8,-4.0,120.0,NotYet
30.0,4.1,11.9,0.8,-4.0,130.0,NotYet
30.0,4.1,11.9,0.8,-4.0,140.0,NotYet
30.0,4.1,11.9,0.8,-4.0,150.0,NotYet
30.0,4.1,11.9,0.8,-4.0,160.0,NotYet
30.0,4.1,11.9,0.8,-4.0,170.0,NotYet
30.0,4.1,11.9,0.8,-4.0,180.0,NotYet
30.0,4.1,11.9,0.8,-4.0,190.0,NotYet
30.0,4.1,11.9,0.8,-4.0,200.0,NotYet
30.0,4.1,11.9,0.8,-4.0,210.0,NotYet
30.0,4.1,11.9,0.8,-4.0,220.0,NotYet
30.0,4.1,11.9,0.8,-4.0,230.0,NotYet
30.0,4.1,11.9,0.8,-4.0,240.0,NotYet
30.0,4.1,11.9,0.8,-4.0,250.0,NotYet
30.0,4.1,11.9,0.8,-4.0,260.0,NotYet
30.0,4.1,11.9,0.8,-4.0,270.0,NotYet
30.0,4.1,11.9,0.8,-4.0,280.0,NotYet
30.0,4.1,11.9,0.8,-4.0,290.0,NotYet
30.0,4.1,11.9,0.8,-4.0,300.0,NotYet
30.0,4.1,11.9,0.8,-4.0,310.0,NotYet
30.0,4.1,11.9,0.8,-4.0,320.0,NotYet
30.0,4.1,11.9,0.8,-4.0,330.0,NotYet
30.0,4.1,11.9,0.8,-4.0,340.0,NotYet
30.0,4.1,11.9,0.8,-4.0,350.0,NotYet
30.0,4.1,11.9,0.8,-2.0,0.0,NotYet
30.0,4.1,11.9,0.8,-2.0,10.0,NotYet
30.0,4.1,11.9,0.8,-2.0,20.0,NotYet
30.0,4.1,11.9,0.8,-2.0,30.0,NotYet
30.0,4.1,11.9,0.8,-2.0,40.0,NotYet
30.0,4.1,11.9,0.8,-2.0,50.0,NotYet
30.0,4.1,11.9,0.8,-2.0,60.0,NotYet
30.0,4.1,11.9,0.8,-2.0,70.0,NotYet
30.0,4.1,11.9,0.8,-2.0,80.0,NotYet
30.0,4.1,11.9,0.8,-2.0,90.0,NotYet
30.0,4.1,11.9,0.8,-2.0,100.0,NotYet
30.0,4.1,11.9,0.8,-2.0,110.0,NotYet
30.0,4.1,11.9,0.8,-2.0,120.0,NotYet
30.0,4.1,11.9,0.8,-2.0,130.0,NotYet
30.0,4.1,11.9,0.8,-2.0,140.0,NotYet
30.0,4.1,11.9,0.8,-2.0,150.0,NotYet
30.0,4.1,11.9,0.8,-2.0,160.0,NotYet
30.0,4.1,11.9,0.8,-2.0,170.0,NotYet
30.0,4.1,11.9,0.8,-2.0,180.0,NotYet
30.0,4.1,11.9,0.8,-2.0,190.0,NotYet
30.0,4.1,11.9,0.8,-2.0,200.0,NotYet
30.0,4.1,11.9,0.8,-2.0,210.0,NotYet
30.0,4.1,11.9,0.8,-2.0,220.0,NotYet
30.0,4.1,11.9,0.8,-2.0,230.0,NotYet
30.0,4.1,11.9,0.8,-2.0,240.0,NotYet
30.0,4.1,11.9,0.8,-2.0,250.0,NotYet
30.0,4.1,11.9,0.8,-2.0,260.0,NotYet
30.0,4.1,11.9,0.8,-2.0,270.0,NotYet
30.0,4.1,11.9,0.8,-2.0,280.0,NotYet
30.0,4.1,11.9,0.8,-2.0,290.0,NotYet
30.0,4.1,11.9,0.8,-2.0,300.0,NotYet
30.0,4.1,11.9,0.8,-2.0,310.0,NotYet
30.0,4.1,11.9,0.8,-2.0,320.0,NotYet
30.0,4.1,11.9,0.8,-2.0,330.0,NotYet
30.0,4.1,11.9,0.8,-2.0,340.0,NotYet
30.0,4.1,11.9,0.8,-2.0,350.0,NotYet
30.0,4.1,11.9,0.8,0.0,0.0,NotYet
30.0,4.1,11.9,0.8,0.0,10.0,NotYet
30.0,4.1,11.9,0.8,0.0,20.0,NotYet
30.0,4.1,11.9,0.8,0.0,30.0,NotYet
30.0,4.1,11.9,0.8,0.0,40.0,NotYet
30.0,4.1,11.9,0.8,0.0,50.0,NotYet
30.0,4.1,11.9,0.8,0.0,60.0,NotYet
30.0,4.1,11.9,0.8,0.0,70.0,NotYet
30.0,4.1,11.9,0.8,0.0,80.0,NotYet
30.0,4.1,11.9,0.8,0.0,90.0,NotYet
30.0,4.1,11.9,0.8,0.0,100.0,NotYet
30.0,4.1,11.9,0.8,0.0,110.0,NotYet
30.0,4.1,11.9,0.8,0.0,120.0,NotYet
30.0,4.1,11.9,0.8,0.0,130.0,NotYet
30.0,4.1,11.9,0.8,0.0,140.0,NotYet
30.0,4.1,11.9,0.8,0.0,150.0,NotYet
30.0,4.1,11.9,0.8,0.0,160.0,NotYet
30.0,4.1,11.9,0.8,0.0,170.0,NotYet
30.0,4.1,11.9,0.8,0.0,180.0,NotYet
30.0,4.1,11.9,0.8,0.0,190.0,NotYet
30.0,4.1,11.9,0.8,0.0,200.0,NotYet
30.0,4.1,11.9,0.8,0.0,210.0,NotYet
30.0,4.1,11.9,0.8,0.0,220.0,NotYet
30.0,4.1,11.9,0.8,0.0,230.0,NotYet
30.0,4.1,11.9,0.8,0.0,240.0,NotYet
30.0,4.1,11.9,0.8,0.0,250.0,NotYet
30.0,4.1,11.9,0.8,0.0,260.0,NotYet
30.0,4.1,11.9,0.8,0.0,270.0,NotYet
30.0,4.1,11.9,0.8,0.0,280.0,NotYet
30.0,4.1,11.9,0.8,0.0,290.0,NotYet
30.0,4.1,11.9,0.8,0.0,300.0,NotYet
30.0,4.1,11.9,0.8,0.0,310.0,NotYet
30.0,4.1,11.9,0.8,0.0,320.0,NotYet
30.0,4.1,11.9,0.8,0.0,330.0,NotYet
30.0,4.1,11.9,0.8,0.0,340.0,NotYet
30.0,4.1,11.9,0.8,0.0,350.0,NotYet
30.0,4.1,11.9,0.8,2.0,0.0,NotYet
30.0,4.1,11.9,0.8,2.0,10.0,NotYet
30.0,4.1,11.9,0.8,2.0,20.0,NotYet
30.0,4.1,11.9,0.8,2.0,30.0,NotYet
30.0,4.1,11.9,0.8,2.0,40.0,NotYet
30.0,4.1,11.9,0.8,2.0,50.0,NotYet
30.0,4.1,11.9,0.8,2.0,60.0,NotYet
30.0,4.1,11.9,0.8,2.0,70.0,NotYet
30.0,4.1,11.9,0.8,2.0,80.0,NotYet
30.0,4.1,11.9,0.8,2.0,90.0,NotYet
30.0,4.1,11.9,0.8,2.0,100.0,NotYet
30.0,4.1,11.9,0.8,2.0,110.0,NotYet
30.0,4.1,11.9,0.8,2.0,120.0,NotYet
30.0,4.1,11.9,0.8,2.0,130.0,NotYet
30.0,4.1,11.9,0.8,2.0,140.0,NotYet
30.0,4.1,11.9,0.8,2.0,150.0,NotYet
30.0,4.1,11.9,0.8,2.0,160.0,NotYet
30.0,4.1,11.9,0.8,2.0,170.0,NotYet
30.0,4.1,11.9,0.8,2.0,180.0,NotYet
30.0,4.1,11.9,0.8,2.0,190.0,NotYet
30.0,4.1,11.9,0.8,2.0,200.0,NotYet
30.0,4.1,11.9,0.8,2.0,210.0,NotYet
30.0,4.1,11.9,0.8,2.0,220.0,NotYet
30.0,4.1,11.9,0.8,2.0,230.0,NotYet
30.0,4.1,11.9,0.8,2.0,240.0,NotYet
30.0,4.1,11.9,0.8,2.0,250.0,NotYet
30.0,4.1,11.9,0.8,2.0,260.0,NotYet
30.0,4.1,11.9,0.8,2.0,270.0,NotYet
30.0,4.1,11.9,0.8,2.0,280.0,NotYet
30.0,4.1,11.9,0.8,2.0,290.0,NotYet
30.0,4.1,11.9,0.8,2.0,300.0,NotYet
30.0,4.1,11.9,0.8,2.0,310.0,NotYet
30.0,4.1,11.9,0.8,2.0,320.0,NotYet
30.0,4.1,11.9,0.8,2.0,330.0,NotYet
30.0,4.1,11.9,0.8,2.0,340.0,NotYet
30.0,4.1,11.9,0.8,2.0,350.0,NotYet
30.0,4.1,11.9,0.8,4.0,0.0,NotYet
30.0,4.1,11.9,0.8,4.0,10.0,NotYet
30.0,4.1,11.9,0.8,4.0,20.0,NotYet
30.0,4.1,11.9,0.8,4.0,30.0,NotYet
30.0,4.1,11.9,0.8,4.0,40.0,NotYet
30.0,4.1,11.9,0.8,4.0,50.0,NotYet
30.0,4.1,11.9,0.8,4.0,60.0,NotYet
30.0,4.1,11.9,0.8,4.0,70.0,NotYet
30.0,4.1,11.9,0.8,4.0,80.0,NotYet
30.0,4.1,11.9,0.8,4.0,90.0,NotYet
30.0,4.1,11.9,0.8,4.0,100.0,NotYet
30.0,4.1,11.9,0.8,4.0,110.0,NotYet
30.0,4.1,11.9,0.8,4.0,120.0,NotYet
30.0,4.1,11.9,0.8,4.0,130.0,NotYet
30.0,4.1,11.9,0.8,4.0,140.0,NotYet
30.0,4.1,11.9,0.8,4.0,150.0,NotYet
30.0,4.1,11.9,0.8,4.0,160.0,NotYet
30.0,4.1,11.9,0.8,4.0,170.0,NotYet
30.0,4.1,11.9,0.8,4.0,180.0,NotYet
30.0,4.1,11.9,0.8,4.0,190.0,NotYet
30.0,4.1,11.9,0.8,4.0,200.0,NotYet
30.0,4.1,11.9,0.8,4.0,210.0,NotYet
30.0,4.1,11.9,0.8,4.0,220.0,NotYet
30.0,4.1,11.9,0.8,4.0,230.0,NotYet
30.0,4.1,11.9,0.8,4.0,240.0,NotYet
30.0,4.1,11.9,0.8,4.0,250.0,NotYet
30.0,4.1,11.9,0.8,4.0,260.0,NotYet
30.0,4.1,11.9,0.8,4.0,270.0,NotYet
30.0,4.1,11.9,0.8,4.0,280.0,NotYet
30.0,4.1,11.9,0.8,4.0,290.0,NotYet
30.0,4.1,11.9,0.8,4.0,300.0,NotYet
30.0,4.1,11.9,0.8,4.0,310.0,NotYet
30.0,4.1,11.9,0.8,4.0,320.0,NotYet
30.0,4.1,11.9,0.8,4.0,330.0,NotYet
30.0,4.1,11.9,0.8,4.0,340.0,NotYet
30.0,4.1,11.9,0.8,4.0,350.0,NotYet
30.0,4.1,11.9,0.8,6.0,0.0,NotYet
30.0,4.1,11.9,0.8,6.0,10.0,NotYet
30.0,4.1,11.9,0.8,6.0,20.0,NotYet
30.0,4.1,11.9,0.8,6.0,30.0,NotYet
30.0,4.1,11.9,0.8,6.0,40.0,NotYet
30.0,4.1,11.9,0.8,6.0,50.0,NotYet
30.0,4.1,11.9,0.8,6.0,60.0,NotYet
30.0,4.1,11.9,0.8,6.0,70.0,NotYet
30.0,4.1,11.9,0.8,6.0,80.0,NotYet
30.0,4.1,11.9,0.8,6.0,90.0,NotYet
30.0,4.1,11.9,0.8,6.0,100.0,NotYet
30.0,4.1,11.9,0.8,6.0,110.0,NotYet
30.0,4.1,11.9,0.8,6.0,120.0,NotYet
30.0,4.1,11.9,0.8,6.0,130.0,NotYet
30.0,4.1,11.9,0.8,6.0,140.0,NotYet
30.0,4.1,11.9,0.8,6.0,150.0,NotYet
30.0,4.1,11.9,0.8,6.0,160.0,NotYet
30.0,4.1,11.9,0.8,6.0,170.0,NotYet
30.0,4.1,11.9,0.8,6.0,180.0,NotYet
30.0,4.1,11.9,0.8,6.0,190.0,NotYet
30.0,4.1,11.9,0.8,6.0,200.0,NotYet
30.0,4.1,11.9,0.8,6.0,210.0,NotYet
30.0,4.1,11.9,0.8,6.0,220.0,NotYet
30.0,4.1,11.9,0.8,6.0,230.0,NotYet
30.0,4.1,11.9,0.8,6.0,240.0,NotYet
30.0,4.1,11.9,0.8,6.0,250.0,NotYet
30.0,4.1,11.9,0.8,6.0,260.0,NotYet
30.0,4.1,11.9,0.8,6.0,270.0,NotYet
30.0,4.1,11.9,0.8,6.0,280.0,NotYet
30.0,4.1,11.9,0.8,6.0,290.0,NotYet
30.0,4.1,11.9,0.8,6.0,300.0,NotYet
30.0,4.1,11.9,0.8,6.0,310.0,NotYet
30.0,4.1,11.9,0.8,6.0,320.0,NotYet
30.0,4.1,11.9,0.8,6.0,330.0,NotYet
30.0,4.1,11.9,0.8,6.0,340.0,NotYet
30.0,4.1,11.9,0.8,6.0,350.0,NotYet
30.0,4.1,11.9,0.8,8.0,0.0,NotYet
30.0,4.1,11.9,0.8,8.0,10.0,NotYet
30.0,4.1,11.9,0.8,8.0,20.0,NotYet
30.0,4.1,11.9,0.8,8.0,30.0,NotYet
30.0,4.1,11.9,0.8,8.0,40.0,NotYet
30.0,4.1,11.9,0.8,8.0,50.0,NotYet
30.0,4.1,11.9,0.8,8.0,60.0,NotYet
30.0,4.1,11.9,0.8,8.0,70.0,NotYet
30.0,4.1,11.9,0.8,8.0,80.0,NotYet
30.0,4.1,11.9,0.8,8.0,90.0,NotYet
30.0,4.1,11.9,0.8,8.0,100.0,NotYet
30.0,4.1,11.9,0.8,8.0,110.0,NotYet
30.0,4.1,11.9,0.8,8.0,120.0,NotYet
30.0,4.1,11.9,0.8,8.0,130.0,NotYet
30.0,4.1,11.9,0.8,8.0,140.0,NotYet
30.0,4.1,11.9,0.8,8.0,150.0,NotYet
30.0,4.1,11.9,0.8,8.0,160.0,NotYet
30.0,4.1,11.9,0.8,8.0,170.0,NotYet
30.0,4.1,11.9,0.8,8.0,180.0,NotYet
30.0,4.1,11.9,0.8,8.0,190.0,NotYet
30.0,4.1,11.9,0.8,8.0,200.0,NotYet
30.0,4.1,11.9,0.8,8.0,210.0,NotYet
30.0,4.1,11.9,0.8,8.0,220.0,NotYet
30.0,4.1,11.9,0.8,8.0,230.0,NotYet
30.0,4.1,11.9,0.8,8.0,240.0,NotYet
30.0,4.1,11.9,0.8,8.0,250.0,NotYet
30.0,4.1,11.9,0.8,8.0,260.0,NotYet
30.0,4.1,11.9,0.8,8.0,270.0,NotYet
30.0,4.1,11.9,0.8,8.0,280.0,NotYet
30.0,4.1,11.9,0.8,8.0,290.0,NotYet
30.0,4.1,11.9,0.8,8.0,300.0,NotYet
30.0,4.1,11.9,0.8,8.0,310.0,NotYet
30.0,4.1,11.9,0.8,8.0,320.0,NotYet
30.0,4.1,11.9,0.8,8.0,330.0,NotYet
30.0,4.1,11.9,0.8,8.0,340.0,NotYet
30.0,4.1,11.9,0.8,8.0,350.0,NotYet
30.0,4.1,11.9,0.8,10.0,0.0,NotYet
30.0,4.1,11.9,0.8,10.0,10.0,NotYet
30.0,4.1,11.9,0.8,10.0,20.0,NotYet
30.0,4.1,11.9,0.8,10.0,30.0,NotYet
30.0,4.1,11.9,0.8,10.0,40.0,NotYet
30.0,4.1,11.9,0.8,10.0,50.0,NotYet
30.0,4.1,11.9,0.8,10.0,60.0,NotYet
30.0,4.1,11.9,0.8,10.0,70.0,NotYet
30.0,4.1,11.9,0.8,10.0,80.0,NotYet
30.0,4.1,11.9,0.8,10.0,90.0,NotYet
30.0,4.1,11.9,0.8,10.0,100.0,NotYet
30.0,4.1,11.9,0.8,10.0,110.0,NotYet
30.0,4.1,11.9,0.8,10.0,120.0,NotYet
30.0,4.1,11.9,0.8,10.0,130.0,NotYet
30.0,4.1,11.9,0.8,10.0,140.0,NotYet
30.0,4.1,11.9,0.8,10.0,150.0,NotYet
30.0,4.1,11.9,0.8,10.0,160.0,NotYet
30.0,4.1,11.9,0.8,10.0,170.0,NotYet
30.0,4.1,11.9,0.8,10.0,180.0,NotYet
30.0,4.1,11.9,0.8,10.0,190.0,NotYet
30.0,4.1,11.9,0.8,10.0,200.0,NotYet
30.0,4.1,11.9,0.8,10.0,210.0,NotYet
30.0,4.1,11.9,0.8,10.0,220.0,NotYet
30.0,4.1,11.9,0.8,10.0,230.0,NotYet
30.0,4.1,11.9,0.8,10.0,240.0,NotYet
30.0,4.1,11.9,0.8,10.0,250.0,NotYet
30.0,4.1,11.9,0.8,10.0,260.0,NotYet
30.0,4.1,11.9,0.8,10.0,270.0,NotYet
30.0,4.1,11.9,0.8,10.0,280.0,NotYet
30.0,4.1,11.9,0.8,10.0,290.0,NotYet
30.0,4.1,11.9,0.8,10.0,300.0,NotYet
30.0,4.1,11.9,0.8,10.0,310.0,NotYet
30.0,4.1,11.9,0.8,10.0,320.0,NotYet
30.0,4.1,11.9,0.8,10.0,330.0,NotYet
30.0,4.1,11.9,0.8,10.0,340.0,NotYet
30.0,4.1,11.9,0.8,10.0,350.0,NotYet
30.0,4.1,11.9,0.8,12.0,0.0,NotYet
30.0,4.1,11.9,0.8,12.0,10.0,NotYet
30.0,4.1,11.9,0.8,12.0,20.0,NotYet
30.0,4.1,11.9,0.8,12.0,30.0,NotYet
30.0,4.1,11.9,0.8,12.0,40.0,NotYet
30.0,4.1,11.9,0.8,12.0,50.0,NotYet
30.0,4.1,11.9,0.8,12.0,60.0,NotYet
30.0,4.1,11.9,0.8,12.0,70.0,NotYet
30.0,4.1,11.9,0.8,12.0,80.0,NotYet
30.0,4.1,11.9,0.8,12.0,90.0,NotYet
30.0,4.1,11.9,0.8,12.0,100.0,NotYet
30.0,4.1,11.9,0.8,12.0,110.0,NotYet
30.0,4.1,11.9,0.8,12.0,120.0,NotYet
30.0,4.1,11.9,0.8,12.0,130.0,NotYet
30.0,4.1,11.9,0.8,12.0,140.0,NotYet
30.0,4.1,11.9,0.8,12.0,150.0,NotYet
30.0,4.1,11.9,0.8,12.0,160.0,NotYet
30.0,4.1,11.9,0.8,12.0,170.0,NotYet
30.0,4.1,11.9,0.8,12.0,180.0,NotYet
30.0,4.1,11.9,0.8,12.0,190.0,NotYet
30.0,4.1,11.9,0.8,12.0,200.0,NotYet
30.0,4.1,11.9,0.8,12.0,210.0,NotYet
30.0,4.1,11.9,0.8,12.0,220.0,NotYet
30.0,4.1,11.9,0.8,12.0,230.0,NotYet
30.0,4.1,11.9,0.8,12.0,240.0,NotYet
30.0,4.1,11.9,0.8,12.0,250.0,NotYet
30.0,4.1,11.9,0.8,12.0,260.0,NotYet
30.0,4.1,11.9,0.8,12.0,270.0,NotYet
30.0,4.1,11.9,0.8,12.0,280.0,NotYet
30.0,4.1,11.9,0.8,12.0,290.0,NotYet
30.0,4.1,11.9,0.8,12.0,300.0,NotYet
30.0,4.1,11.9,0.8,12.0,310.0,NotYet
30.0,4.1,11.9,0.8,12.0,320.0,NotYet
30.0,4.1,11.9,0.8,12.0,330.0,NotYet
30.0,4.1,11.9,0.8,12.0,340.0,NotYet
30.0,4.1,11.9,0.8,12.0,350.0,NotYet
30.0,4.1,11.9,0.8,14.0,0.0,NotYet
30.0,4.1,11.9,0.8,14.0,10.0,NotYet
30.0,4.1,11.9,0.8,14.0,20.0,NotYet
30.0,4.1,11.9,0.8,14.0,30.0,NotYet
30.0,4.1,11.9,0.8,14.0,40.0,NotYet
30.0,4.1,11.9,0.8,14.0,50.0,NotYet
30.0,4.1,11.9,0.8,14.0,60.0,NotYet
30.0,4.1,11.9,0.8,14.0,70.0,NotYet
30.0,4.1,11.9,0.8,14.0,80.0,NotYet
30.0,4.1,11.9,0.8,14.0,90.0,NotYet
30.0,4.1,11.9,0.8,14.0,100.0,NotYet
30.0,4.1,11.9,0.8,14.0,110.0,NotYet
30.0,4.1,11.9,0.8,14.0,120.0,NotYet
30.0,4.1,11.9,0.8,14.0,130.0,NotYet
30.0,4.1,11.9,0.8,14.0,140.0,NotYet
30.0,4.1,11.9,0.8,14.0,150.0,NotYet
30.0,4.1,11.9,0.8,14.0,160.0,NotYet
30.0,4.1,11.9,0.8,14.0,170.0,NotYet
30.0,4.1,11.9,0.8,14.0,180.0,NotYet
30.0,4.1,11.9,0.8,14.0,190.0,NotYet
30.0,4.1,11.9,0.8,14.0,200.0,NotYet
30.0,4.1,11.9,0.8,14.0,210.0,NotYet
30.0,4.1,11.9,0.8,14.0,220.0,NotYet
30.0,4.1,11.9,0.8,14.0,230.0,NotYet
30.0,4.1,11.9,0.8,14.0,240.0,NotYet
30.0,4.1,11.9,0.8,14.0,250.0,NotYet
30.0,4.1,11.9,0.8,14.0,260.0,NotYet
30.0,4.1,11.9,0.8,14.0,270.0,NotYet
30.0,4.1,11.9,0.8,14.0,280.0,NotYet
30.0,4.1,11.9,0.8,14.0,290.0,NotYet
30.0,4.1,11.9,0.8,14.0,300.0,NotYet
30.0,4.1,11.9,0.8,14.0,310.0,NotYet
30.0,4.1,11.9,0.8,14.0,320.0,NotYet
30.0,4.1,11.9,0.8,14.0,330.0,NotYet
30.0,4.1,11.9,0.8,14.0,340.0,NotYet
30.0,4.1,11.9,0.8,14.0,350.0,NotYet
30.0,4.1,11.9,1.0,-14.0,0.0,NotYet
30.0,4.1,11.9,1.0,-14.0,10.0,NotYet
30.0,4.1,11.9,1.0,-14.0,20.0,NotYet
30.0,4.1,11.9,1.0,-14.0,30.0,NotYet
30.0,4.1,11.9,1.0,-14.0,40.0,NotYet
30.0,4.1,11.9,1.0,-14.0,50.0,NotYet
30.0,4.1,11.9,1.0,-14.0,60.0,NotYet
30.0,4.1,11.9,1.0,-14.0,70.0,NotYet
30.0,4.1,11.9,1.0,-14.0,80.0,NotYet
30.0,4.1,11.9,1.0,-14.0,90.0,NotYet
30.0,4.1,11.9,1.0,-14.0,100.0,NotYet
30.0,4.1,11.9,1.0,-14.0,110.0,NotYet
30.0,4.1,11.9,1.0,-14.0,120.0,NotYet
30.0,4.1,11.9,1.0,-14.0,130.0,NotYet
30.0,4.1,11.9,1.0,-14.0,140.0,NotYet
30.0,4.1,11.9,1.0,-14.0,150.0,NotYet
30.0,4.1,11.9,1.0,-14.0,160.0,NotYet
30.0,4.1,11.9,1.0,-14.0,170.0,NotYet
30.0,4.1,11.9,1.0,-14.0,180.0,NotYet
30.0,4.1,11.9,1.0,-14.0,190.0,NotYet
30.0,4.1,11.9,1.0,-14.0,200.0,NotYet
30.0,4.1,11.9,1.0,-14.0,210.0,NotYet
30.0,4.1,11.9,1.0,-14.0,220.0,NotYet
30.0,4.1,11.9,1.0,-14.0,230.0,NotYet
30.0,4.1,11.9,1.0,-14.0,240.0,NotYet
30.0,4.1,11.9,1.0,-14.0,250.0,NotYet
30.0,4.1,11.9,1.0,-14.0,260.0,NotYet
30.0,4.1,11.9,1.0,-14.0,270.0,NotYet
30.0,4.1,11.9,1.0,-14.0,280.0,NotYet
30.0,4.1,11.9,1.0,-14.0,290.0,NotYet
30.0,4.1,11.9,1.0,-14.0,300.0,NotYet
30.0,4.1,11.9,1.0,-14.0,310.0,NotYet
30.0,4.1,11.9,1.0,-14.0,320.0,NotYet
30.0,4.1,11.9,1.0,-14.0,330.0,NotYet
30.0,4.1,11.9,1.0,-14.0,340.0,NotYet
30.0,4.1,11.9,1.0,-14.0,350.0,NotYet
30.0,4.1,11.9,1.0,-12.0,0.0,NotYet
30.0,4.1,11.9,1.0,-12.0,10.0,NotYet
30.0,4.1,11.9,1.0,-12.0,20.0,NotYet
30.0,4.1,11.9,1.0,-12.0,30.0,NotYet
30.0,4.1,11.9,1.0,-12.0,40.0,NotYet
30.0,4.1,11.9,1.0,-12.0,50.0,NotYet
30.0,4.1,11.9,1.0,-12.0,60.0,NotYet
30.0,4.1,11.9,1.0,-12.0,70.0,NotYet
30.0,4.1,11.9,1.0,-12.0,80.0,NotYet
30.0,4.1,11.9,1.0,-12.0,90.0,NotYet
30.0,4.1,11.9,1.0,-12.0,100.0,NotYet
30.0,4.1,11.9,1.0,-12.0,110.0,NotYet
30.0,4.1,11.9,1.0,-12.0,120.0,NotYet
30.0,4.1,11.9,1.0,-12.0,130.0,NotYet
30.0,4.1,11.9,1.0,-12.0,140.0,NotYet
30.0,4.1,11.9,1.0,-12.0,150.0,NotYet
30.0,4.1,11.9,1.0,-12.0,160.0,NotYet
30.0,4.1,11.9,1.0,-12.0,170.0,NotYet
30.0,4.1,11.9,1.0,-12.0,180.0,NotYet
30.0,4.1,11.9,1.0,-12.0,190.0,NotYet
30.0,4.1,11.9,1.0,-12.0,200.0,NotYet
30.0,4.1,11.9,1.0,-12.0,210.0,NotYet
30.0,4.1,11.9,1.0,-12.0,220.0,NotYet
30.0,4.1,11.9,1.0,-12.0,230.0,NotYet
30.0,4.1,11.9,1.0,-12.0,240.0,NotYet
30.0,4.1,11.9,1.0,-12.0,250.0,NotYet
30.0,4.1,11.9,1.0,-12.0,260.0,NotYet
30.0,4.1,11.9,1.0,-12.0,270.0,NotYet
30.0,4.1,11.9,1.0,-12.0,280.0,NotYet
30.0,4.1,11.9,1.0,-12.0,290.0,NotYet
30.0,4.1,11.9,1.0,-12.0,300.0,NotYet
30.0,4.1,11.9,1.0,-12.0,310.0,NotYet
30.0,4.1,11.9,1.0,-12.0,320.0,NotYet
30.0,4.1,11.9,1.0,-12.0,330.0,NotYet
30.0,4.1,11.9,1.0,-12.0,340.0,NotYet
30.0,4.1,11.9,1.0,-12.0,350.0,NotYet
30.0,4.1,11.9,1.0,-10.0,0.0,NotYet
30.0,4.1,11.9,1.0,-10.0,10.0,NotYet
30.0,4.1,11.9,1.0,-10.0,20.0,NotYet
30.0,4.1,11.9,1.0,-10.0,30.0,NotYet
30.0,4.1,11.9,1.0,-10.0,40.0,NotYet
30.0,4.1,11.9,1.0,-10.0,50.0,NotYet
30.0,4.1,11.9,1.0,-10.0,60.0,NotYet
30.0,4.1,11.9,1.0,-10.0,70.0,NotYet
30.0,4.1,11.9,1.0,-10.0,80.0,NotYet
30.0,4.1,11.9,1.0,-10.0,90.0,NotYet
30.0,4.1,11.9,1.0,-10.0,100.0,NotYet
30.0,4.1,11.9,1.0,-10.0,110.0,NotYet
30.0,4.1,11.9,1.0,-10.0,120.0,NotYet
30.0,4.1,11.9,1.0,-10.0,130.0,NotYet
30.0,4.1,11.9,1.0,-10.0,140.0,NotYet
30.0,4.1,11.9,1.0,-10.0,150.0,NotYet
30.0,4.1,11.9,1.0,-10.0,160.0,NotYet
30.0,4.1,11.9,1.0,-10.0,170.0,NotYet
30.0,4.1,11.9,1.0,-10.0,180.0,NotYet
30.0,4.1,11.9,1.0,-10.0,190.0,NotYet
30.0,4.1,11.9,1.0,-10.0,200.0,NotYet
30.0,4.1,11.9,1.0,-10.0,210.0,NotYet
30.0,4.1,11.9,1.0,-10.0,220.0,NotYet
30.0,4.1,11.9,1.0,-10.0,230.0,NotYet
30.0,4.1,11.9,1.0,-10.0,240.0,NotYet
30.0,4.1,11.9,1.0,-10.0,250.0,NotYet
30.0,4.1,11.9,1.0,-10.0,260.0,NotYet
30.0,4.1,11.9,1.0,-10.0,270.0,NotYet
30.0,4.1,11.9,1.0,-10.0,280.0,NotYet
30.0,4.1,11.9,1.0,-10.0,290.0,NotYet
30.0,4.1,11.9,1.0,-10.0,300.0,NotYet
30.0,4.1,11.9,1.0,-10.0,310.0,NotYet
30.0,4.1,11.9,1.0,-10.0,320.0,NotYet
30.0,4.1,11.9,1.0,-10.0,330.0,NotYet
30.0,4.1,11.9,1.0,-10.0,340.0,NotYet
30.0,4.1,11.9,1.0,-10.0,350.0,NotYet
30.0,4.1,11.9,1.0,-8.0,0.0,NotYet
30.0,4.1,11.9,1.0,-8.0,10.0,NotYet
30.0,4.1,11.9,1.0,-8.0,20.0,NotYet
30.0,4.1,11.9,1.0,-8.0,30.0,NotYet
30.0,4.1,11.9,1.0,-8.0,40.0,NotYet
30.0,4.1,11.9,1.0,-8.0,50.0,NotYet
30.0,4.1,11.9,1.0,-8.0,60.0,NotYet
30.0,4.1,11.9,1.0,-8.0,70.0,NotYet
30.0,4.1,11.9,1.0,-8.0,80.0,NotYet
30.0,4.1,11.9,1.0,-8.0,90.0,NotYet
30.0,4.1,11.9,1.0,-8.0,100.0,NotYet
30.0,4.1,11.9,1.0,-8.0,110.0,NotYet
30.0,4.1,11.9,1.0,-8.0,120.0,NotYet
30.0,4.1,11.9,1.0,-8.0,130.0,NotYet
30.0,4.1,11.9,1.0,-8.0,140.0,NotYet
30.0,4.1,11.9,1.0,-8.0,150.0,NotYet
30.0,4.1,11.9,1.0,-8.0,160.0,NotYet
30.0,4.1,11.9,1.0,-8.0,170.0,NotYet
30.0,4.1,11.9,1.0,-8.0,180.0,NotYet
30.0,4.1,11.9,1.0,-8.0,190.0,NotYet
30.0,4.1,11.9,1.0,-8.0,200.0,NotYet
30.0,4.1,11.9,1.0,-8.0,210.0,NotYet
30.0,4.1,11.9,1.0,-8.0,220.0,NotYet
30.0,4.1,11.9,1.0,-8.0,230.0,NotYet
30.0,4.1,11.9,1.0,-8.0,240.0,NotYet
30.0,4.1,11.9,1.0,-8.0,250.0,NotYet
30.0,4.1,11.9,1.0,-8.0,260.0,NotYet
30.0,4.1,11.9,1.0,-8.0,270.0,NotYet
30.0,4.1,11.9,1.0,-8.0,280.0,NotYet
30.0,4.1,11.9,1.0,-8.0,290.0,NotYet
30.0,4.1,11.9,1.0,-8.0,300.0,NotYet
30.0,4.1,11.9,1.0,-8.0,310.0,NotYet
30.0,4.1,11.9,1.0,-8.0,320.0,NotYet
30.0,4.1,11.9,1.0,-8.0,330.0,NotYet
30.0,4.1,11.9,1.0,-8.0,340.0,NotYet
30.0,4.1,11.9,1.0,-8.0,350.0,NotYet
30.0,4.1,11.9,1.0,-6.0,0.0,NotYet
30.0,4.1,11.9,1.0,-6.0,10.0,NotYet
30.0,4.1,11.9,1.0,-6.0,20.0,NotYet
30.0,4.1,11.9,1.0,-6.0,30.0,NotYet
30.0,4.1,11.9,1.0,-6.0,40.0,NotYet
30.0,4.1,11.9,1.0,-6.0,50.0,NotYet
30.0,4.1,11.9,1.0,-6.0,60.0,NotYet
30.0,4.1,11.9,1.0,-6.0,70.0,NotYet
30.0,4.1,11.9,1.0,-6.0,80.0,NotYet
30.0,4.1,11.9,1.0,-6.0,90.0,NotYet
30.0,4.1,11.9,1.0,-6.0,100.0,NotYet
30.0,4.1,11.9,1.0,-6.0,110.0,NotYet
30.0,4.1,11.9,1.0,-6.0,120.0,NotYet
30.0,4.1,11.9,1.0,-6.0,130.0,NotYet
30.0,4.1,11.9,1.0,-6.0,140.0,NotYet
30.0,4.1,11.9,1.0,-6.0,150.0,NotYet
30.0,4.1,11.9,1.0,-6.0,160.0,NotYet
30.0,4.1,11.9,1.0,-6.0,170.0,NotYet
30.0,4.1,11.9,1.0,-6.0,180.0,NotYet
30.0,4.1,11.9,1.0,-6.0,190.0,NotYet
30.0,4.1,11.9,1.0,-6.0,200.0,NotYet
30.0,4.1,11.9,1.0,-6.0,210.0,NotYet
30.0,4.1,11.9,1.0,-6.0,220.0,NotYet
30.0,4.1,11.9,1.0,-6.0,230.0,NotYet
30.0,4.1,11.9,1.0,-6.0,240.0,NotYet
30.0,4.1,11.9,1.0,-6.0,250.0,NotYet
30.0,4.1,11.9,1.0,-6.0,260.0,NotYet
30.0,4.1,11.9,1.0,-6.0,270.0,NotYet
30.0,4.1,11.9,1.0,-6.0,280.0,NotYet
30.0,4.1,11.9,1.0,-6.0,290.0,NotYet
30.0,4.1,11.9,1.0,-6.0,300.0,NotYet
30.0,4.1,11.9,1.0,-6.0,310.0,NotYet
30.0,4.1,11.9,1.0,-6.0,320.0,NotYet
30.0,4.1,11.9,1.0,-6.0,330.0,NotYet
30.0,4.1,11.9,1.0,-6.0,340.0,NotYet
30.0,4.1,11.9,1.0,-6.0,350.0,NotYet
30.0,4.1,11.9,1.0,-4.0,0.0,NotYet
30.0,4.1,11.9,1.0,-4.0,10.0,NotYet
30.0,4.1,11.9,1.0,-4.0,20.0,NotYet
30.0,4.1,11.9,1.0,-4.0,30.0,NotYet
30.0,4.1,11.9,1.0,-4.0,40.0,NotYet
30.0,4.1,11.9,1.0,-4.0,50.0,NotYet
30.0,4.1,11.9,1.0,-4.0,60.0,NotYet
30.0,4.1,11.9,1.0,-4.0,70.0,NotYet
30.0,4.1,11.9,1.0,-4.0,80.0,NotYet
30.0,4.1,11.9,1.0,-4.0,90.0,NotYet
30.0,4.1,11.9,1.0,-4.0,100.0,NotYet
30.0,4.1,11.9,1.0,-4.0,110.0,NotYet
30.0,4.1,11.9,1.0,-4.0,120.0,NotYet
30.0,4.1,11.9,1.0,-4.0,130.0,NotYet
30.0,4.1,11.9,1.0,-4.0,140.0,NotYet
30.0,4.1,11.9,1.0,-4.0,150.0,NotYet
30.0,4.1,11.9,1.0,-4.0,160.0,NotYet
30.0,4.1,11.9,1.0,-4.0,170.0,NotYet
30.0,4.1,11.9,1.0,-4.0,180.0,NotYet
30.0,4.1,11.9,1.0,-4.0,190.0,NotYet
30.0,4.1,11.9,1.0,-4.0,200.0,NotYet
30.0,4.1,11.9,1.0,-4.0,210.0,NotYet
30.0,4.1,11.9,1.0,-4.0,220.0,NotYet
30.0,4.1,11.9,1.0,-4.0,230.0,NotYet
30.0,4.1,11.9,1.0,-4.0,240.0,NotYet
30.0,4.1,11.9,1.0,-4.0,250.0,NotYet
30.0,4.1,11.9,1.0,-4.0,260.0,NotYet
30.0,4.1,11.9,1.0,-4.0,270.0,NotYet
30.0,4.1,11.9,1.0,-4.0,280.0,NotYet
30.0,4.1,11.9,1.0,-4.0,290.0,NotYet
30.0,4.1,11.9,1.0,-4.0,300.0,NotYet
30.0,4.1,11.9,1.0,-4.0,310.0,NotYet
30.0,4.1,11.9,1.0,-4.0,320.0,NotYet
30.0,4.1,11.9,1.0,-4.0,330.0,NotYet
30.0,4.1,11.9,1.0,-4.0,340.0,NotYet
30.0,4.1,11.9,1.0,-4.0,350.0,NotYet
30.0,4.1,11.9,1.0,-2.0,0.0,NotYet
30.0,4.1,11.9,1.0,-2.0,10.0,NotYet
30.0,4.1,11.9,1.0,-2.0,20.0,NotYet
30.0,4.1,11.9,1.0,-2.0,30.0,NotYet
30.0,4.1,11.9,1.0,-2.0,40.0,NotYet
30.0,4.1,11.9,1.0,-2.0,50.0,NotYet
30.0,4.1,11.9,1.0,-2.0,60.0,NotYet
30.0,4.1,11.9,1.0,-2.0,70.0,NotYet
30.0,4.1,11.9,1.0,-2.0,80.0,NotYet
30.0,4.1,11.9,1.0,-2.0,90.0,NotYet
30.0,4.1,11.9,1.0,-2.0,100.0,NotYet
30.0,4.1,11.9,1.0,-2.0,110.0,NotYet
30.0,4.1,11.9,1.0,-2.0,120.0,NotYet
30.0,4.1,11.9,1.0,-2.0,130.0,NotYet
30.0,4.1,11.9,1.0,-2.0,140.0,NotYet
30.0,4.1,11.9,1.0,-2.0,150.0,NotYet
30.0,4.1,11.9,1.0,-2.0,160.0,NotYet
30.0,4.1,11.9,1.0,-2.0,170.0,NotYet
30.0,4.1,11.9,1.0,-2.0,180.0,NotYet
30.0,4.1,11.9,1.0,-2.0,190.0,NotYet
30.0,4.1,11.9,1.0,-2.0,200.0,NotYet
30.0,4.1,11.9,1.0,-2.0,210.0,NotYet
30.0,4.1,11.9,1.0,-2.0,220.0,NotYet
30.0,4.1,11.9,1.0,-2.0,230.0,NotYet
30.0,4.1,11.9,1.0,-2.0,240.0,NotYet
30.0,4.1,11.9,1.0,-2.0,250.0,NotYet
30.0,4.1,11.9,1.0,-2.0,260.0,NotYet
30.0,4.1,11.9,1.0,-2.0,270.0,NotYet
30.0,4.1,11.9,1.0,-2.0,280.0,NotYet
30.0,4.1,11.9,1.0,-2.0,290.0,NotYet
30.0,4.1,11.9,1.0,-2.0,300.0,NotYet
30.0,4.1,11.9,1.0,-2.0,310.0,NotYet
30.0,4.1,11.9,1.0,-2.0,320.0,NotYet
30.0,4.1,11.9,1.0,-2.0,330.0,NotYet
30.0,4.1,11.9,1.0,-2.0,340.0,NotYet
30.0,4.1,11.9,1.0,-2.0,350.0,NotYet
30.0,4.1,11.9,1.0,0.0,0.0,NotYet
30.0,4.1,11.9,1.0,0.0,10.0,NotYet
30.0,4.1,11.9,1.0,0.0,20.0,NotYet
30.0,4.1,11.9,1.0,0.0,30.0,NotYet
30.0,4.1,11.9,1.0,0.0,40.0,NotYet
30.0,4.1,11.9,1.0,0.0,50.0,NotYet
30.0,4.1,11.9,1.0,0.0,60.0,NotYet
30.0,4.1,11.9,1.0,0.0,70.0,NotYet
30.0,4.1,11.9,1.0,0.0,80.0,NotYet
30.0,4.1,11.9,1.0,0.0,90.0,NotYet
30.0,4.1,11.9,1.0,0.0,100.0,NotYet
30.0,4.1,11.9,1.0,0.0,110.0,NotYet
30.0,4.1,11.9,1.0,0.0,120.0,NotYet
30.0,4.1,11.9,1.0,0.0,130.0,NotYet
30.0,4.1,11.9,1.0,0.0,140.0,NotYet
30.0,4.1,11.9,1.0,0.0,150.0,NotYet
30.0,4.1,11.9,1.0,0.0,160.0,NotYet
30.0,4.1,11.9,1.0,0.0,170.0,NotYet
30.0,4.1,11.9,1.0,0.0,180.0,NotYet
30.0,4.1,11.9,1.0,0.0,190.0,NotYet
30.0,4.1,11.9,1.0,0.0,200.0,NotYet
30.0,4.1,11.9,1.0,0.0,210.0,NotYet
30.0,4.1,11.9,1.0,0.0,220.0,NotYet
30.0,4.1,11.9,1.0,0.0,230.0,NotYet
30.0,4.1,11.9,1.0,0.0,240.0,NotYet
30.0,4.1,11.9,1.0,0.0,250.0,NotYet
30.0,4.1,11.9,1.0,0.0,260.0,NotYet
30.0,4.1,11.9,1.0,0.0,270.0,NotYet
30.0,4.1,11.9,1.0,0.0,280.0,NotYet
30.0,4.1,11.9,1.0,0.0,290.0,NotYet
30.0,4.1,11.9,1.0,0.0,300.0,NotYet
30.0,4.1,11.9,1.0,0.0,310.0,NotYet
30.0,4.1,11.9,1.0,0.0,320.0,NotYet
30.0,4.1,11.9,1.0,0.0,330.0,NotYet
30.0,4.1,11.9,1.0,0.0,340.0,NotYet
30.0,4.1,11.9,1.0,0.0,350.0,NotYet
30.0,4.1,11.9,1.0,2.0,0.0,NotYet
30.0,4.1,11.9,1.0,2.0,10.0,NotYet
30.0,4.1,11.9,1.0,2.0,20.0,NotYet
30.0,4.1,11.9,1.0,2.0,30.0,NotYet
30.0,4.1,11.9,1.0,2.0,40.0,NotYet
30.0,4.1,11.9,1.0,2.0,50.0,NotYet
30.0,4.1,11.9,1.0,2.0,60.0,NotYet
30.0,4.1,11.9,1.0,2.0,70.0,NotYet
30.0,4.1,11.9,1.0,2.0,80.0,NotYet
30.0,4.1,11.9,1.0,2.0,90.0,NotYet
30.0,4.1,11.9,1.0,2.0,100.0,NotYet
30.0,4.1,11.9,1.0,2.0,110.0,NotYet
30.0,4.1,11.9,1.0,2.0,120.0,NotYet
30.0,4.1,11.9,1.0,2.0,130.0,NotYet
30.0,4.1,11.9,1.0,2.0,140.0,NotYet
30.0,4.1,11.9,1.0,2.0,150.0,NotYet
30.0,4.1,11.9,1.0,2.0,160.0,NotYet
30.0,4.1,11.9,1.0,2.0,170.0,NotYet
30.0,4.1,11.9,1.0,2.0,180.0,NotYet
30.0,4.1,11.9,1.0,2.0,190.0,NotYet
30.0,4.1,11.9,1.0,2.0,200.0,NotYet
30.0,4.1,11.9,1.0,2.0,210.0,NotYet
30.0,4.1,11.9,1.0,2.0,220.0,NotYet
30.0,4.1,11.9,1.0,2.0,230.0,NotYet
30.0,4.1,11.9,1.0,2.0,240.0,NotYet
30.0,4.1,11.9,1.0,2.0,250.0,NotYet
30.0,4.1,11.9,1.0,2.0,260.0,NotYet
30.0,4.1,11.9,1.0,2.0,270.0,NotYet
30.0,4.1,11.9,1.0,2.0,280.0,NotYet
30.0,4.1,11.9,1.0,2.0,290.0,NotYet
30.0,4.1,11.9,1.0,2.0,300.0,NotYet
30.0,4.1,11.9,1.0,2.0,310.0,NotYet
30.0,4.1,11.9,1.0,2.0,320.0,NotYet
30.0,4.1,11.9,1.0,2.0,330.0,NotYet
30.0,4.1,11.9,1.0,2.0,340.0,NotYet
30.0,4.1,11.9,1.0,2.0,350.0,NotYet
30.0,4.1,11.9,1.0,4.0,0.0,NotYet
30.0,4.1,11.9,1.0,4.0,10.0,NotYet
30.0,4.1,11.9,1.0,4.0,20.0,NotYet
30.0,4.1,11.9,1.0,4.0,30.0,NotYet
30.0,4.1,11.9,1.0,4.0,40.0,NotYet
30.0,4.1,11.9,1.0,4.0,50.0,NotYet
30.0,4.1,11.9,1.0,4.0,60.0,NotYet
30.0,4.1,11.9,1.0,4.0,70.0,NotYet
30.0,4.1,11.9,1.0,4.0,80.0,NotYet
30.0,4.1,11.9,1.0,4.0,90.0,NotYet
30.0,4.1,11.9,1.0,4.0,100.0,NotYet
30.0,4.1,11.9,1.0,4.0,110.0,NotYet
30.0,4.1,11.9,1.0,4.0,120.0,NotYet
30.0,4.1,11.9,1.0,4.0,130.0,NotYet
30.0,4.1,11.9,1.0,4.0,140.0,NotYet
30.0,4.1,11.9,1.0,4.0,150.0,NotYet
30.0,4.1,11.9,1.0,4.0,160.0,NotYet
30.0,4.1,11.9,1.0,4.0,170.0,NotYet
30.0,4.1,11.9,1.0,4.0,180.0,NotYet
30.0,4.1,11.9,1.0,4.0,190.0,NotYet
30.0,4.1,11.9,1.0,4.0,200.0,NotYet
30.0,4.1,11.9,1.0,4.0,210.0,NotYet
30.0,4.1,11.9,1.0,4.0,220.0,NotYet
30.0,4.1,11.9,1.0,4.0,230.0,NotYet
30.0,4.1,11.9,1.0,4.0,240.0,NotYet
30.0,4.1,11.9,1.0,4.0,250.0,NotYet
30.0,4.1,11.9,1.0,4.0,260.0,NotYet
30.0,4.1,11.9,1.0,4.0,270.0,NotYet
30.0,4.1,11.9,1.0,4.0,280.0,NotYet
30.0,4.1,11.9,1.0,4.0,290.0,NotYet
30.0,4.1,11.9,1.0,4.0,300.0,NotYet
30.0,4.1,11.9,1.0,4.0,310.0,NotYet
30.0,4.1,11.9,1.0,4.0,320.0,NotYet
30.0,4.1,11.9,1.0,4.0,330.0,NotYet
30.0,4.1,11.9,1.0,4.0,340.0,NotYet
30.0,4.1,11.9,1.0,4.0,350.0,NotYet
30.0,4.1,11.9,1.0,6.0,0.0,NotYet
30.0,4.1,11.9,1.0,6.0,10.0,NotYet
30.0,4.1,11.9,1.0,6.0,20.0,NotYet
30.0,4.1,11.9,1.0,6.0,30.0,NotYet
30.0,4.1,11.9,1.0,6.0,40.0,NotYet
30.0,4.1,11.9,1.0,6.0,50.0,NotYet
30.0,4.1,11.9,1.0,6.0,60.0,NotYet
30.0,4.1,11.9,1.0,6.0,70.0,NotYet
30.0,4.1,11.9,1.0,6.0,80.0,NotYet
30.0,4.1,11.9,1.0,6.0,90.0,NotYet
30.0,4.1,11.9,1.0,6.0,100.0,NotYet
30.0,4.1,11.9,1.0,6.0,110.0,NotYet
30.0,4.1,11.9,1.0,6.0,120.0,NotYet
30.0,4.1,11.9,1.0,6.0,130.0,NotYet
30.0,4.1,11.9,1.0,6.0,140.0,NotYet
30.0,4.1,11.9,1.0,6.0,150.0,NotYet
30.0,4.1,11.9,1.0,6.0,160.0,NotYet
30.0,4.1,11.9,1.0,6.0,170.0,NotYet
30.0,4.1,11.9,1.0,6.0,180.0,NotYet
30.0,4.1,11.9,1.0,6.0,190.0,NotYet
30.0,4.1,11.9,1.0,6.0,200.0,NotYet
30.0,4.1,11.9,1.0,6.0,210.0,NotYet
30.0,4.1,11.9,1.0,6.0,220.0,NotYet
30.0,4.1,11.9,1.0,6.0,230.0,NotYet
30.0,4.1,11.9,1.0,6.0,240.0,NotYet
30.0,4.1,11.9,1.0,6.0,250.0,NotYet
30.0,4.1,11.9,1.0,6.0,260.0,NotYet
30.0,4.1,11.9,1.0,6.0,270.0,NotYet
30.0,4.1,11.9,1.0,6.0,280.0,NotYet
30.0,4.1,11.9,1.0,6.0,290.0,NotYet
30.0,4.1,11.9,1.0,6.0,300.0,NotYet
30.0,4.1,11.9,1.0,6.0,310.0,NotYet
30.0,4.1,11.9,1.0,6.0,320.0,NotYet
30.0,4.1,11.9,1.0,6.0,330.0,NotYet
30.0,4.1,11.9,1.0,6.0,340.0,NotYet
30.0,4.1,11.9,1.0,6.0,350.0,NotYet
30.0,4.1,11.9,1.0,8.0,0.0,NotYet
30.0,4.1,11.9,1.0,8.0,10.0,NotYet
30.0,4.1,11.9,1.0,8.0,20.0,NotYet
30.0,4.1,11.9,1.0,8.0,30.0,NotYet
30.0,4.1,11.9,1.0,8.0,40.0,NotYet
30.0,4.1,11.9,1.0,8.0,50.0,NotYet
30.0,4.1,11.9,1.0,8.0,60.0,NotYet
30.0,4.1,11.9,1.0,8.0,70.0,NotYet
30.0,4.1,11.9,1.0,8.0,80.0,NotYet
30.0,4.1,11.9,1.0,8.0,90.0,NotYet
30.0,4.1,11.9,1.0,8.0,100.0,NotYet
30.0,4.1,11.9,1.0,8.0,110.0,NotYet
30.0,4.1,11.9,1.0,8.0,120.0,NotYet
30.0,4.1,11.9,1.0,8.0,130.0,NotYet
30.0,4.1,11.9,1.0,8.0,140.0,NotYet
30.0,4.1,11.9,1.0,8.0,150.0,NotYet
30.0,4.1,11.9,1.0,8.0,160.0,NotYet
30.0,4.1,11.9,1.0,8.0,170.0,NotYet
30.0,4.1,11.9,1.0,8.0,180.0,NotYet
30.0,4.1,11.9,1.0,8.0,190.0,NotYet
30.0,4.1,11.9,1.0,8.0,200.0,NotYet
30.0,4.1,11.9,1.0,8.0,210.0,NotYet
30.0,4.1,11.9,1.0,8.0,220.0,NotYet
30.0,4.1,11.9,1.0,8.0,230.0,NotYet
30.0,4.1,11.9,1.0,8.0,240.0,NotYet
30.0,4.1,11.9,1.0,8.0,250.0,NotYet
30.0,4.1,11.9,1.0,8.0,260.0,NotYet
30.0,4.1,11.9,1.0,8.0,270.0,NotYet
30.0,4.1,11.9,1.0,8.0,280.0,NotYet
30.0,4.1,11.9,1.0,8.0,290.0,NotYet
30.0,4.1,11.9,1.0,8.0,300.0,NotYet
30.0,4.1,11.9,1.0,8.0,310.0,NotYet
30.0,4.1,11.9,1.0,8.0,320.0,NotYet
30.0,4.1,11.9,1.0,8.0,330.0,NotYet
30.0,4.1,11.9,1.0,8.0,340.0,NotYet
30.0,4.1,11.9,1.0,8.0,350.0,NotYet
30.0,4.1,11.9,1.0,10.0,0.0,NotYet
30.0,4.1,11.9,1.0,10.0,10.0,NotYet
30.0,4.1,11.9,1.0,10.0,20.0,NotYet
30.0,4.1,11.9,1.0,10.0,30.0,NotYet
30.0,4.1,11.9,1.0,10.0,40.0,NotYet
30.0,4.1,11.9,1.0,10.0,50.0,NotYet
30.0,4.1,11.9,1.0,10.0,60.0,NotYet
30.0,4.1,11.9,1.0,10.0,70.0,NotYet
30.0,4.1,11.9,1.0,10.0,80.0,NotYet
30.0,4.1,11.9,1.0,10.0,90.0,NotYet
30.0,4.1,11.9,1.0,10.0,100.0,NotYet
30.0,4.1,11.9,1.0,10.0,110.0,NotYet
30.0,4.1,11.9,1.0,10.0,120.0,NotYet
30.0,4.1,11.9,1.0,10.0,130.0,NotYet
30.0,4.1,11.9,1.0,10.0,140.0,NotYet
30.0,4.1,11.9,1.0,10.0,150.0,NotYet
30.0,4.1,11.9,1.0,10.0,160.0,NotYet
30.0,4.1,11.9,1.0,10.0,170.0,NotYet
30.0,4.1,11.9,1.0,10.0,180.0,NotYet
30.0,4.1,11.9,1.0,10.0,190.0,NotYet
30.0,4.1,11.9,1.0,10.0,200.0,NotYet
30.0,4.1,11.9,1.0,10.0,210.0,NotYet
30.0,4.1,11.9,1.0,10.0,220.0,NotYet
30.0,4.1,11.9,1.0,10.0,230.0,NotYet
30.0,4.1,11.9,1.0,10.0,240.0,NotYet
30.0,4.1,11.9,1.0,10.0,250.0,NotYet
30.0,4.1,11.9,1.0,10.0,260.0,NotYet
30.0,4.1,11.9,1.0,10.0,270.0,NotYet
30.0,4.1,11.9,1.0,10.0,280.0,NotYet
30.0,4.1,11.9,1.0,10.0,290.0,NotYet
30.0,4.1,11.9,1.0,10.0,300.0,NotYet
30.0,4.1,11.9,1.0,10.0,310.0,NotYet
30.0,4.1,11.9,1.0,10.0,320.0,NotYet
30.0,4.1,11.9,1.0,10.0,330.0,NotYet
30.0,4.1,11.9,1.0,10.0,340.0,NotYet
30.0,4.1,11.9,1.0,10.0,350.0,NotYet
30.0,4.1,11.9,1.0,12.0,0.0,NotYet
30.0,4.1,11.9,1.0,12.0,10.0,NotYet
30.0,4.1,11.9,1.0,12.0,20.0,NotYet
30.0,4.1,11.9,1.0,12.0,30.0,NotYet
30.0,4.1,11.9,1.0,12.0,40.0,NotYet
30.0,4.1,11.9,1.0,12.0,50.0,NotYet
30.0,4.1,11.9,1.0,12.0,60.0,NotYet
30.0,4.1,11.9,1.0,12.0,70.0,NotYet
30.0,4.1,11.9,1.0,12.0,80.0,NotYet
30.0,4.1,11.9,1.0,12.0,90.0,NotYet
30.0,4.1,11.9,1.0,12.0,100.0,NotYet
30.0,4.1,11.9,1.0,12.0,110.0,NotYet
30.0,4.1,11.9,1.0,12.0,120.0,NotYet
30.0,4.1,11.9,1.0,12.0,130.0,NotYet
30.0,4.1,11.9,1.0,12.0,140.0,NotYet
30.0,4.1,11.9,1.0,12.0,150.0,NotYet
30.0,4.1,11.9,1.0,12.0,160.0,NotYet
30.0,4.1,11.9,1.0,12.0,170.0,NotYet
30.0,4.1,11.9,1.0,12.0,180.0,NotYet
30.0,4.1,11.9,1.0,12.0,190.0,NotYet
30.0,4.1,11.9,1.0,12.0,200.0,NotYet
30.0,4.1,11.9,1.0,12.0,210.0,NotYet
30.0,4.1,11.9,1.0,12.0,220.0,NotYet
30.0,4.1,11.9,1.0,12.0,230.0,NotYet
30.0,4.1,11.9,1.0,12.0,240.0,NotYet
30.0,4.1,11.9,1.0,12.0,250.0,NotYet
30.0,4.1,11.9,1.0,12.0,260.0,NotYet
30.0,4.1,11.9,1.0,12.0,270.0,NotYet
30.0,4.1,11.9,1.0,12.0,280.0,NotYet
30.0,4.1,11.9,1.0,12.0,290.0,NotYet
30.0,4.1,11.9,1.0,12.0,300.0,NotYet
30.0,4.1,11.9,1.0,12.0,310.0,NotYet
30.0,4.1,11.9,1.0,12.0,320.0,NotYet
30.0,4.1,11.9,1.0,12.0,330.0,NotYet
30.0,4.1,11.9,1.0,12.0,340.0,NotYet
30.0,4.1,11.9,1.0,12.0,350.0,NotYet
30.0,4.1,11.9,1.0,14.0,0.0,NotYet
30.0,4.1,11.9,1.0,14.0,10.0,NotYet
30.0,4.1,11.9,1.0,14.0,20.0,NotYet
30.0,4.1,11.9,1.0,14.0,30.0,NotYet
30.0,4.1,11.9,1.0,14.0,40.0,NotYet
30.0,4.1,11.9,1.0,14.0,50.0,NotYet
30.0,4.1,11.9,1.0,14.0,60.0,NotYet
30.0,4.1,11.9,1.0,14.0,70.0,NotYet
30.0,4.1,11.9,1.0,14.0,80.0,NotYet
30.0,4.1,11.9,1.0,14.0,90.0,NotYet
30.0,4.1,11.9,1.0,14.0,100.0,NotYet
30.0,4.1,11.9,1.0,14.0,110.0,NotYet
30.0,4.1,11.9,1.0,14.0,120.0,NotYet
30.0,4.1,11.9,1.0,14.0,130.0,NotYet
30.0,4.1,11.9,1.0,14.0,140.0,NotYet
30.0,4.1,11.9,1.0,14.0,150.0,NotYet
30.0,4.1,11.9,1.0,14.0,160.0,NotYet
30.0,4.1,11.9,1.0,14.0,170.0,NotYet
30.0,4.1,11.9,1.0,14.0,180.0,NotYet
30.0,4.1,11.9,1.0,14.0,190.0,NotYet
30.0,4.1,11.9,1.0,14.0,200.0,NotYet
30.0,4.1,11.9,1.0,14.0,210.0,NotYet
30.0,4.1,11.9,1.0,14.0,220.0,NotYet
30.0,4.1,11.9,1.0,14.0,230.0,NotYet
30.0,4.1,11.9,1.0,14.0,240.0,NotYet
30.0,4.1,11.9,1.0,14.0,250.0,NotYet
30.0,4.1,11.9,1.0,14.0,260.0,NotYet
30.0,4.1,11.9,1.0,14.0,270.0,NotYet
30.0,4.1,11.9,1.0,14.0,280.0,NotYet
30.0,4.1,11.9,1.0,14.0,290.0,NotYet
30.0,4.1,11.9,1.0,14.0,300.0,NotYet
30.0,4.1,11.9,1.0,14.0,310.0,NotYet
30.0,4.1,11.9,1.0,14.0,320.0,NotYet
30.0,4.1,11.9,1.0,14.0,330.0,NotYet
30.0,4.1,11.9,1.0,14.0,340.0,NotYet
30.0,4.1,11.9,1.0,14.0,350.0,NotYet
30.0,4.1,11.9,1.2,-14.0,0.0,NotYet
30.0,4.1,11.9,1.2,-14.0,10.0,NotYet
30.0,4.1,11.9,1.2,-14.0,20.0,NotYet
30.0,4.1,11.9,1.2,-14.0,30.0,NotYet
30.0,4.1,11.9,1.2,-14.0,40.0,NotYet
30.0,4.1,11.9,1.2,-14.0,50.0,NotYet
30.0,4.1,11.9,1.2,-14.0,60.0,NotYet
30.0,4.1,11.9,1.2,-14.0,70.0,NotYet
30.0,4.1,11.9,1.2,-14.0,80.0,NotYet
30.0,4.1,11.9,1.2,-14.0,90.0,NotYet
30.0,4.1,11.9,1.2,-14.0,100.0,NotYet
30.0,4.1,11.9,1.2,-14.0,110.0,NotYet
30.0,4.1,11.9,1.2,-14.0,120.0,NotYet
30.0,4.1,11.9,1.2,-14.0,130.0,NotYet
30.0,4.1,11.9,1.2,-14.0,140.0,NotYet
30.0,4.1,11.9,1.2,-14.0,150.0,NotYet
30.0,4.1,11.9,1.2,-14.0,160.0,NotYet
30.0,4.1,11.9,1.2,-14.0,170.0,NotYet
30.0,4.1,11.9,1.2,-14.0,180.0,NotYet
30.0,4.1,11.9,1.2,-14.0,190.0,NotYet
30.0,4.1,11.9,1.2,-14.0,200.0,NotYet
30.0,4.1,11.9,1.2,-14.0,210.0,NotYet
30.0,4.1,11.9,1.2,-14.0,220.0,NotYet
30.0,4.1,11.9,1.2,-14.0,230.0,NotYet
30.0,4.1,11.9,1.2,-14.0,240.0,NotYet
30.0,4.1,11.9,1.2,-14.0,250.0,NotYet
30.0,4.1,11.9,1.2,-14.0,260.0,NotYet
30.0,4.1,11.9,1.2,-14.0,270.0,NotYet
30.0,4.1,11.9,1.2,-14.0,280.0,NotYet
30.0,4.1,11.9,1.2,-14.0,290.0,NotYet
30.0,4.1,11.9,1.2,-14.0,300.0,NotYet
30.0,4.1,11.9,1.2,-14.0,310.0,NotYet
30.0,4.1,11.9,1.2,-14.0,320.0,NotYet
30.0,4.1,11.9,1.2,-14.0,330.0,NotYet
30.0,4.1,11.9,1.2,-14.0,340.0,NotYet
30.0,4.1,11.9,1.2,-14.0,350.0,NotYet
30.0,4.1,11.9,1.2,-12.0,0.0,NotYet
30.0,4.1,11.9,1.2,-12.0,10.0,NotYet
30.0,4.1,11.9,1.2,-12.0,20.0,NotYet
30.0,4.1,11.9,1.2,-12.0,30.0,NotYet
30.0,4.1,11.9,1.2,-12.0,40.0,NotYet
30.0,4.1,11.9,1.2,-12.0,50.0,NotYet
30.0,4.1,11.9,1.2,-12.0,60.0,NotYet
30.0,4.1,11.9,1.2,-12.0,70.0,NotYet
30.0,4.1,11.9,1.2,-12.0,80.0,NotYet
30.0,4.1,11.9,1.2,-12.0,90.0,NotYet
30.0,4.1,11.9,1.2,-12.0,100.0,NotYet
30.0,4.1,11.9,1.2,-12.0,110.0,NotYet
30.0,4.1,11.9,1.2,-12.0,120.0,NotYet
30.0,4.1,11.9,1.2,-12.0,130.0,NotYet
30.0,4.1,11.9,1.2,-12.0,140.0,NotYet
30.0,4.1,11.9,1.2,-12.0,150.0,NotYet
30.0,4.1,11.9,1.2,-12.0,160.0,NotYet
30.0,4.1,11.9,1.2,-12.0,170.0,NotYet
30.0,4.1,11.9,1.2,-12.0,180.0,NotYet
30.0,4.1,11.9,1.2,-12.0,190.0,NotYet
30.0,4.1,11.9,1.2,-12.0,200.0,NotYet
30.0,4.1,11.9,1.2,-12.0,210.0,NotYet
30.0,4.1,11.9,1.2,-12.0,220.0,NotYet
30.0,4.1,11.9,1.2,-12.0,230.0,NotYet
30.0,4.1,11.9,1.2,-12.0,240.0,NotYet
30.0,4.1,11.9,1.2,-12.0,250.0,NotYet
30.0,4.1,11.9,1.2,-12.0,260.0,NotYet
30.0,4.1,11.9,1.2,-12.0,270.0,NotYet
30.0,4.1,11.9,1.2,-12.0,280.0,NotYet
30.0,4.1,11.9,1.2,-12.0,290.0,NotYet
30.0,4.1,11.9,1.2,-12.0,300.0,NotYet
30.0,4.1,11.9,1.2,-12.0,310.0,NotYet
30.0,4.1,11.9,1.2,-12.0,320.0,NotYet
30.0,4.1,11.9,1.2,-12.0,330.0,NotYet
30.0,4.1,11.9,1.2,-12.0,340.0,NotYet
30.0,4.1,11.9,1.2,-12.0,350.0,NotYet
30.0,4.1,11.9,1.2,-10.0,0.0,NotYet
30.0,4.1,11.9,1.2,-10.0,10.0,NotYet
30.0,4.1,11.9,1.2,-10.0,20.0,NotYet
30.0,4.1,11.9,1.2,-10.0,30.0,NotYet
30.0,4.1,11.9,1.2,-10.0,40.0,NotYet
30.0,4.1,11.9,1.2,-10.0,50.0,NotYet
30.0,4.1,11.9,1.2,-10.0,60.0,NotYet
30.0,4.1,11.9,1.2,-10.0,70.0,NotYet
30.0,4.1,11.9,1.2,-10.0,80.0,NotYet
30.0,4.1,11.9,1.2,-10.0,90.0,NotYet
30.0,4.1,11.9,1.2,-10.0,100.0,NotYet
30.0,4.1,11.9,1.2,-10.0,110.0,NotYet
30.0,4.1,11.9,1.2,-10.0,120.0,NotYet
30.0,4.1,11.9,1.2,-10.0,130.0,NotYet
30.0,4.1,11.9,1.2,-10.0,140.0,NotYet
30.0,4.1,11.9,1.2,-10.0,150.0,NotYet
30.0,4.1,11.9,1.2,-10.0,160.0,NotYet
30.0,4.1,11.9,1.2,-10.0,170.0,NotYet
30.0,4.1,11.9,1.2,-10.0,180.0,NotYet
30.0,4.1,11.9,1.2,-10.0,190.0,NotYet
30.0,4.1,11.9,1.2,-10.0,200.0,NotYet
30.0,4.1,11.9,1.2,-10.0,210.0,NotYet
30.0,4.1,11.9,1.2,-10.0,220.0,NotYet
30.0,4.1,11.9,1.2,-10.0,230.0,NotYet
30.0,4.1,11.9,1.2,-10.0,240.0,NotYet
30.0,4.1,11.9,1.2,-10.0,250.0,NotYet
30.0,4.1,11.9,1.2,-10.0,260.0,NotYet
30.0,4.1,11.9,1.2,-10.0,270.0,NotYet
30.0,4.1,11.9,1.2,-10.0,280.0,NotYet
30.0,4.1,11.9,1.2,-10.0,290.0,NotYet
30.0,4.1,11.9,1.2,-10.0,300.0,NotYet
30.0,4.1,11.9,1.2,-10.0,310.0,NotYet
30.0,4.1,11.9,1.2,-10.0,320.0,NotYet
30.0,4.1,11.9,1.2,-10.0,330.0,NotYet
30.0,4.1,11.9,1.2,-10.0,340.0,NotYet
30.0,4.1,11.9,1.2,-10.0,350.0,NotYet
30.0,4.1,11.9,1.2,-8.0,0.0,NotYet
30.0,4.1,11.9,1.2,-8.0,10.0,NotYet
30.0,4.1,11.9,1.2,-8.0,20.0,NotYet
30.0,4.1,11.9,1.2,-8.0,30.0,NotYet
30.0,4.1,11.9,1.2,-8.0,40.0,NotYet
30.0,4.1,11.9,1.2,-8.0,50.0,NotYet
30.0,4.1,11.9,1.2,-8.0,60.0,NotYet
30.0,4.1,11.9,1.2,-8.0,70.0,NotYet
30.0,4.1,11.9,1.2,-8.0,80.0,NotYet
30.0,4.1,11.9,1.2,-8.0,90.0,NotYet
30.0,4.1,11.9,1.2,-8.0,100.0,NotYet
30.0,4.1,11.9,1.2,-8.0,110.0,NotYet
30.0,4.1,11.9,1.2,-8.0,120.0,NotYet
30.0,4.1,11.9,1.2,-8.0,130.0,NotYet
30.0,4.1,11.9,1.2,-8.0,140.0,NotYet
30.0,4.1,11.9,1.2,-8.0,150.0,NotYet
30.0,4.1,11.9,1.2,-8.0,160.0,NotYet
30.0,4.1,11.9,1.2,-8.0,170.0,NotYet
30.0,4.1,11.9,1.2,-8.0,180.0,NotYet
30.0,4.1,11.9,1.2,-8.0,190.0,NotYet
30.0,4.1,11.9,1.2,-8.0,200.0,NotYet
30.0,4.1,11.9,1.2,-8.0,210.0,NotYet
30.0,4.1,11.9,1.2,-8.0,220.0,NotYet
30.0,4.1,11.9,1.2,-8.0,230.0,NotYet
30.0,4.1,11.9,1.2,-8.0,240.0,NotYet
30.0,4.1,11.9,1.2,-8.0,250.0,NotYet
30.0,4.1,11.9,1.2,-8.0,260.0,NotYet
30.0,4.1,11.9,1.2,-8.0,270.0,NotYet
30.0,4.1,11.9,1.2,-8.0,280.0,NotYet
30.0,4.1,11.9,1.2,-8.0,290.0,NotYet
30.0,4.1,11.9,1.2,-8.0,300.0,NotYet
30.0,4.1,11.9,1.2,-8.0,310.0,NotYet
30.0,4.1,11.9,1.2,-8.0,320.0,NotYet
30.0,4.1,11.9,1.2,-8.0,330.0,NotYet
30.0,4.1,11.9,1.2,-8.0,340.0,NotYet
30.0,4.1,11.9,1.2,-8.0,350.0,NotYet
30.0,4.1,11.9,1.2,-6.0,0.0,NotYet
30.0,4.1,11.9,1.2,-6.0,10.0,NotYet
30.0,4.1,11.9,1.2,-6.0,20.0,NotYet
30.0,4.1,11.9,1.2,-6.0,30.0,NotYet
30.0,4.1,11.9,1.2,-6.0,40.0,NotYet
30.0,4.1,11.9,1.2,-6.0,50.0,NotYet
30.0,4.1,11.9,1.2,-6.0,60.0,NotYet
30.0,4.1,11.9,1.2,-6.0,70.0,NotYet
30.0,4.1,11.9,1.2,-6.0,80.0,NotYet
30.0,4.1,11.9,1.2,-6.0,90.0,NotYet
30.0,4.1,11.9,1.2,-6.0,100.0,NotYet
30.0,4.1,11.9,1.2,-6.0,110.0,NotYet
30.0,4.1,11.9,1.2,-6.0,120.0,NotYet
30.0,4.1,11.9,1.2,-6.0,130.0,NotYet
30.0,4.1,11.9,1.2,-6.0,140.0,NotYet
30.0,4.1,11.9,1.2,-6.0,150.0,NotYet
30.0,4.1,11.9,1.2,-6.0,160.0,NotYet
30.0,4.1,11.9,1.2,-6.0,170.0,NotYet
30.0,4.1,11.9,1.2,-6.0,180.0,NotYet
30.0,4.1,11.9,1.2,-6.0,190.0,NotYet
30.0,4.1,11.9,1.2,-6.0,200.0,NotYet
30.0,4.1,11.9,1.2,-6.0,210.0,NotYet
30.0,4.1,11.9,1.2,-6.0,220.0,NotYet
30.0,4.1,11.9,1.2,-6.0,230.0,NotYet
30.0,4.1,11.9,1.2,-6.0,240.0,NotYet
30.0,4.1,11.9,1.2,-6.0,250.0,NotYet
30.0,4.1,11.9,1.2,-6.0,260.0,NotYet
30.0,4.1,11.9,1.2,-6.0,270.0,NotYet
30.0,4.1,11.9,1.2,-6.0,280.0,NotYet
30.0,4.1,11.9,1.2,-6.0,290.0,NotYet
30.0,4.1,11.9,1.2,-6.0,300.0,NotYet
30.0,4.1,11.9,1.2,-6.0,310.0,NotYet
30.0,4.1,11.9,1.2,-6.0,320.0,NotYet
30.0,4.1,11.9,1.2,-6.0,330.0,NotYet
30.0,4.1,11.9,1.2,-6.0,340.0,NotYet
30.0,4.1,11.9,1.2,-6.0,350.0,NotYet
30.0,4.1,11.9,1.2,-4.0,0.0,NotYet
30.0,4.1,11.9,1.2,-4.0,10.0,NotYet
30.0,4.1,11.9,1.2,-4.0,20.0,NotYet
30.0,4.1,11.9,1.2,-4.0,30.0,NotYet
30.0,4.1,11.9,1.2,-4.0,40.0,NotYet
30.0,4.1,11.9,1.2,-4.0,50.0,NotYet
30.0,4.1,11.9,1.2,-4.0,60.0,NotYet
30.0,4.1,11.9,1.2,-4.0,70.0,NotYet
30.0,4.1,11.9,1.2,-4.0,80.0,NotYet
30.0,4.1,11.9,1.2,-4.0,90.0,NotYet
30.0,4.1,11.9,1.2,-4.0,100.0,NotYet
30.0,4.1,11.9,1.2,-4.0,110.0,NotYet
30.0,4.1,11.9,1.2,-4.0,120.0,NotYet
30.0,4.1,11.9,1.2,-4.0,130.0,NotYet
30.0,4.1,11.9,1.2,-4.0,140.0,NotYet
30.0,4.1,11.9,1.2,-4.0,150.0,NotYet
30.0,4.1,11.9,1.2,-4.0,160.0,NotYet
30.0,4.1,11.9,1.2,-4.0,170.0,NotYet
30.0,4.1,11.9,1.2,-4.0,180.0,NotYet
30.0,4.1,11.9,1.2,-4.0,190.0,NotYet
30.0,4.1,11.9,1.2,-4.0,200.0,NotYet
30.0,4.1,11.9,1.2,-4.0,210.0,NotYet
30.0,4.1,11.9,1.2,-4.0,220.0,NotYet
30.0,4.1,11.9,1.2,-4.0,230.0,NotYet
30.0,4.1,11.9,1.2,-4.0,240.0,NotYet
30.0,4.1,11.9,1.2,-4.0,250.0,NotYet
30.0,4.1,11.9,1.2,-4.0,260.0,NotYet
30.0,4.1,11.9,1.2,-4.0,270.0,NotYet
30.0,4.1,11.9,1.2,-4.0,280.0,NotYet
30.0,4.1,11.9,1.2,-4.0,290.0,NotYet
30.0,4.1,11.9,1.2,-4.0,300.0,NotYet
30.0,4.1,11.9,1.2,-4.0,310.0,NotYet
30.0,4.1,11.9,1.2,-4.0,320.0,NotYet
30.0,4.1,11.9,1.2,-4.0,330.0,NotYet
30.0,4.1,11.9,1.2,-4.0,340.0,NotYet
30.0,4.1,11.9,1.2,-4.0,350.0,NotYet
30.0,4.1,11.9,1.2,-2.0,0.0,NotYet
30.0,4.1,11.9,1.2,-2.0,10.0,NotYet
30.0,4.1,11.9,1.2,-2.0,20.0,NotYet
30.0,4.1,11.9,1.2,-2.0,30.0,NotYet
30.0,4.1,11.9,1.2,-2.0,40.0,NotYet
30.0,4.1,11.9,1.2,-2.0,50.0,NotYet
30.0,4.1,11.9,1.2,-2.0,60.0,NotYet
30.0,4.1,11.9,1.2,-2.0,70.0,NotYet
30.0,4.1,11.9,1.2,-2.0,80.0,NotYet
30.0,4.1,11.9,1.2,-2.0,90.0,NotYet
30.0,4.1,11.9,1.2,-2.0,100.0,NotYet
30.0,4.1,11.9,1.2,-2.0,110.0,NotYet
30.0,4.1,11.9,1.2,-2.0,120.0,NotYet
30.0,4.1,11.9,1.2,-2.0,130.0,NotYet
30.0,4.1,11.9,1.2,-2.0,140.0,NotYet
30.0,4.1,11.9,1.2,-2.0,150.0,NotYet
30.0,4.1,11.9,1.2,-2.0,160.0,NotYet
30.0,4.1,11.9,1.2,-2.0,170.0,NotYet
30.0,4.1,11.9,1.2,-2.0,180.0,NotYet
30.0,4.1,11.9,1.2,-2.0,190.0,NotYet
30.0,4.1,11.9,1.2,-2.0,200.0,NotYet
30.0,4.1,11.9,1.2,-2.0,210.0,NotYet
30.0,4.1,11.9,1.2,-2.0,220.0,NotYet
30.0,4.1,11.9,1.2,-2.0,230.0,NotYet
30.0,4.1,11.9,1.2,-2.0,240.0,NotYet
30.0,4.1,11.9,1.2,-2.0,250.0,NotYet
30.0,4.1,11.9,1.2,-2.0,260.0,NotYet
30.0,4.1,11.9,1.2,-2.0,270.0,NotYet
30.0,4.1,11.9,1.2,-2.0,280.0,NotYet
30.0,4.1,11.9,1.2,-2.0,290.0,NotYet
30.0,4.1,11.9,1.2,-2.0,300.0,NotYet
30.0,4.1,11.9,1.2,-2.0,310.0,NotYet
30.0,4.1,11.9,1.2,-2.0,320.0,NotYet
30.0,4.1,11.9,1.2,-2.0,330.0,NotYet
30.0,4.1,11.9,1.2,-2.0,340.0,NotYet
30.0,4.1,11.9,1.2,-2.0,350.0,NotYet
30.0,4.1,11.9,1.2,0.0,0.0,NotYet
30.0,4.1,11.9,1.2,0.0,10.0,NotYet
30.0,4.1,11.9,1.2,0.0,20.0,NotYet
30.0,4.1,11.9,1.2,0.0,30.0,NotYet
30.0,4.1,11.9,1.2,0.0,40.0,NotYet
30.0,4.1,11.9,1.2,0.0,50.0,NotYet
30.0,4.1,11.9,1.2,0.0,60.0,NotYet
30.0,4.1,11.9,1.2,0.0,70.0,NotYet
30.0,4.1,11.9,1.2,0.0,80.0,NotYet
30.0,4.1,11.9,1.2,0.0,90.0,NotYet
30.0,4.1,11.9,1.2,0.0,100.0,NotYet
30.0,4.1,11.9,1.2,0.0,110.0,NotYet
30.0,4.1,11.9,1.2,0.0,120.0,NotYet
30.0,4.1,11.9,1.2,0.0,130.0,NotYet
30.0,4.1,11.9,1.2,0.0,140.0,NotYet
30.0,4.1,11.9,1.2,0.0,150.0,NotYet
30.0,4.1,11.9,1.2,0.0,160.0,NotYet
30.0,4.1,11.9,1.2,0.0,170.0,NotYet
30.0,4.1,11.9,1.2,0.0,180.0,NotYet
30.0,4.1,11.9,1.2,0.0,190.0,NotYet
30.0,4.1,11.9,1.2,0.0,200.0,NotYet
30.0,4.1,11.9,1.2,0.0,210.0,NotYet
30.0,4.1,11.9,1.2,0.0,220.0,NotYet
30.0,4.1,11.9,1.2,0.0,230.0,NotYet
30.0,4.1,11.9,1.2,0.0,240.0,NotYet
30.0,4.1,11.9,1.2,0.0,250.0,NotYet
30.0,4.1,11.9,1.2,0.0,260.0,NotYet
30.0,4.1,11.9,1.2,0.0,270.0,NotYet
30.0,4.1,11.9,1.2,0.0,280.0,NotYet
30.0,4.1,11.9,1.2,0.0,290.0,NotYet
30.0,4.1,11.9,1.2,0.0,300.0,NotYet
30.0,4.1,11.9,1.2,0.0,310.0,NotYet
30.0,4.1,11.9,1.2,0.0,320.0,NotYet
30.0,4.1,11.9,1.2,0.0,330.0,NotYet
30.0,4.1,11.9,1.2,0.0,340.0,NotYet
30.0,4.1,11.9,1.2,0.0,350.0,NotYet
30.0,4.1,11.9,1.2,2.0,0.0,NotYet
30.0,4.1,11.9,1.2,2.0,10.0,NotYet
30.0,4.1,11.9,1.2,2.0,20.0,NotYet
30.0,4.1,11.9,1.2,2.0,30.0,NotYet
30.0,4.1,11.9,1.2,2.0,40.0,NotYet
30.0,4.1,11.9,1.2,2.0,50.0,NotYet
30.0,4.1,11.9,1.2,2.0,60.0,NotYet
30.0,4.1,11.9,1.2,2.0,70.0,NotYet
30.0,4.1,11.9,1.2,2.0,80.0,NotYet
30.0,4.1,11.9,1.2,2.0,90.0,NotYet
30.0,4.1,11.9,1.2,2.0,100.0,NotYet
30.0,4.1,11.9,1.2,2.0,110.0,NotYet
30.0,4.1,11.9,1.2,2.0,120.0,NotYet
30.0,4.1,11.9,1.2,2.0,130.0,NotYet
30.0,4.1,11.9,1.2,2.0,140.0,NotYet
30.0,4.1,11.9,1.2,2.0,150.0,NotYet
30.0,4.1,11.9,1.2,2.0,160.0,NotYet
30.0,4.1,11.9,1.2,2.0,170.0,NotYet
30.0,4.1,11.9,1.2,2.0,180.0,NotYet
30.0,4.1,11.9,1.2,2.0,190.0,NotYet
30.0,4.1,11.9,1.2,2.0,200.0,NotYet
30.0,4.1,11.9,1.2,2.0,210.0,NotYet
30.0,4.1,11.9,1.2,2.0,220.0,NotYet
30.0,4.1,11.9,1.2,2.0,230.0,NotYet
30.0,4.1,11.9,1.2,2.0,240.0,NotYet
30.0,4.1,11.9,1.2,2.0,250.0,NotYet
30.0,4.1,11.9,1.2,2.0,260.0,NotYet
30.0,4.1,11.9,1.2,2.0,270.0,NotYet
30.0,4.1,11.9,1.2,2.0,280.0,NotYet
30.0,4.1,11.9,1.2,2.0,290.0,NotYet
30.0,4.1,11.9,1.2,2.0,300.0,NotYet
30.0,4.1,11.9,1.2,2.0,310.0,NotYet
30.0,4.1,11.9,1.2,2.0,320.0,NotYet
30.0,4.1,11.9,1.2,2.0,330.0,NotYet
30.0,4.1,11.9,1.2,2.0,340.0,NotYet
30.0,4.1,11.9,1.2,2.0,350.0,NotYet
30.0,4.1,11.9,1.2,4.0,0.0,NotYet
30.0,4.1,11.9,1.2,4.0,10.0,NotYet
30.0,4.1,11.9,1.2,4.0,20.0,NotYet
30.0,4.1,11.9,1.2,4.0,30.0,NotYet
30.0,4.1,11.9,1.2,4.0,40.0,NotYet
30.0,4.1,11.9,1.2,4.0,50.0,NotYet
30.0,4.1,11.9,1.2,4.0,60.0,NotYet
30.0,4.1,11.9,1.2,4.0,70.0,NotYet
30.0,4.1,11.9,1.2,4.0,80.0,NotYet
30.0,4.1,11.9,1.2,4.0,90.0,NotYet
30.0,4.1,11.9,1.2,4.0,100.0,NotYet
30.0,4.1,11.9,1.2,4.0,110.0,NotYet
30.0,4.1,11.9,1.2,4.0,120.0,NotYet
30.0,4.1,11.9,1.2,4.0,130.0,NotYet
30.0,4.1,11.9,1.2,4.0,140.0,NotYet
30.0,4.1,11.9,1.2,4.0,150.0,NotYet
30.0,4.1,11.9,1.2,4.0,160.0,NotYet
30.0,4.1,11.9,1.2,4.0,170.0,NotYet
30.0,4.1,11.9,1.2,4.0,180.0,NotYet
30.0,4.1,11.9,1.2,4.0,190.0,NotYet
30.0,4.1,11.9,1.2,4.0,200.0,NotYet
30.0,4.1,11.9,1.2,4.0,210.0,NotYet
30.0,4.1,11.9,1.2,4.0,220.0,NotYet
30.0,4.1,11.9,1.2,4.0,230.0,NotYet
30.0,4.1,11.9,1.2,4.0,240.0,NotYet
30.0,4.1,11.9,1.2,4.0,250.0,NotYet
30.0,4.1,11.9,1.2,4.0,260.0,NotYet
30.0,4.1,11.9,1.2,4.0,270.0,NotYet
30.0,4.1,11.9,1.2,4.0,280.0,NotYet
30.0,4.1,11.9,1.2,4.0,290.0,NotYet
30.0,4.1,11.9,1.2,4.0,300.0,NotYet
30.0,4.1,11.9,1.2,4.0,310.0,NotYet
30.0,4.1,11.9,1.2,4.0,320.0,NotYet
30.0,4.1,11.9,1.2,4.0,330.0,NotYet
30.0,4.1,11.9,1.2,4.0,340.0,NotYet
30.0,4.1,11.9,1.2,4.0,350.0,NotYet
30.0,4.1,11.9,1.2,6.0,0.0,NotYet
30.0,4.1,11.9,1.2,6.0,10.0,NotYet
30.0,4.1,11.9,1.2,6.0,20.0,NotYet
30.0,4.1,11.9,1.2,6.0,30.0,NotYet
30.0,4.1,11.9,1.2,6.0,40.0,NotYet
30.0,4.1,11.9,1.2,6.0,50.0,NotYet
30.0,4.1,11.9,1.2,6.0,60.0,NotYet
30.0,4.1,11.9,1.2,6.0,70.0,NotYet
30.0,4.1,11.9,1.2,6.0,80.0,NotYet
30.0,4.1,11.9,1.2,6.0,90.0,NotYet
30.0,4.1,11.9,1.2,6.0,100.0,NotYet
30.0,4.1,11.9,1.2,6.0,110.0,NotYet
30.0,4.1,11.9,1.2,6.0,120.0,NotYet
30.0,4.1,11.9,1.2,6.0,130.0,NotYet
30.0,4.1,11.9,1.2,6.0,140.0,NotYet
30.0,4.1,11.9,1.2,6.0,150.0,NotYet
30.0,4.1,11.9,1.2,6.0,160.0,NotYet
30.0,4.1,11.9,1.2,6.0,170.0,NotYet
30.0,4.1,11.9,1.2,6.0,180.0,NotYet
30.0,4.1,11.9,1.2,6.0,190.0,NotYet
30.0,4.1,11.9,1.2,6.0,200.0,NotYet
30.0,4.1,11.9,1.2,6.0,210.0,NotYet
30.0,4.1,11.9,1.2,6.0,220.0,NotYet
30.0,4.1,11.9,1.2,6.0,230.0,NotYet
30.0,4.1,11.9,1.2,6.0,240.0,NotYet
30.0,4.1,11.9,1.2,6.0,250.0,NotYet
30.0,4.1,11.9,1.2,6.0,260.0,NotYet
30.0,4.1,11.9,1.2,6.0,270.0,NotYet
30.0,4.1,11.9,1.2,6.0,280.0,NotYet
30.0,4.1,11.9,1.2,6.0,290.0,NotYet
30.0,4.1,11.9,1.2,6.0,300.0,NotYet
30.0,4.1,11.9,1.2,6.0,310.0,NotYet
30.0,4.1,11.9,1.2,6.0,320.0,NotYet
30.0,4.1,11.9,1.2,6.0,330.0,NotYet
30.0,4.1,11.9,1.2,6.0,340.0,NotYet
30.0,4.1,11.9,1.2,6.0,350.0,NotYet
30.0,4.1,11.9,1.2,8.0,0.0,NotYet
30.0,4.1,11.9,1.2,8.0,10.0,NotYet
30.0,4.1,11.9,1.2,8.0,20.0,NotYet
30.0,4.1,11.9,1.2,8.0,30.0,NotYet
30.0,4.1,11.9,1.2,8.0,40.0,NotYet
30.0,4.1,11.9,1.2,8.0,50.0,NotYet
30.0,4.1,11.9,1.2,8.0,60.0,NotYet
30.0,4.1,11.9,1.2,8.0,70.0,NotYet
30.0,4.1,11.9,1.2,8.0,80.0,NotYet
30.0,4.1,11.9,1.2,8.0,90.0,NotYet
30.0,4.1,11.9,1.2,8.0,100.0,NotYet
30.0,4.1,11.9,1.2,8.0,110.0,NotYet
30.0,4.1,11.9,1.2,8.0,120.0,NotYet
30.0,4.1,11.9,1.2,8.0,130.0,NotYet
30.0,4.1,11.9,1.2,8.0,140.0,NotYet
30.0,4.1,11.9,1.2,8.0,150.0,NotYet
30.0,4.1,11.9,1.2,8.0,160.0,NotYet
30.0,4.1,11.9,1.2,8.0,170.0,NotYet
30.0,4.1,11.9,1.2,8.0,180.0,NotYet
30.0,4.1,11.9,1.2,8.0,190.0,NotYet
30.0,4.1,11.9,1.2,8.0,200.0,NotYet
30.0,4.1,11.9,1.2,8.0,210.0,NotYet
30.0,4.1,11.9,1.2,8.0,220.0,NotYet
30.0,4.1,11.9,1.2,8.0,230.0,NotYet
30.0,4.1,11.9,1.2,8.0,240.0,NotYet
30.0,4.1,11.9,1.2,8.0,250.0,NotYet
30.0,4.1,11.9,1.2,8.0,260.0,NotYet
30.0,4.1,11.9,1.2,8.0,270.0,NotYet
30.0,4.1,11.9,1.2,8.0,280.0,NotYet
30.0,4.1,11.9,1.2,8.0,290.0,NotYet
30.0,4.1,11.9,1.2,8.0,300.0,NotYet
30.0,4.1,11.9,1.2,8.0,310.0,NotYet
30.0,4.1,11.9,1.2,8.0,320.0,NotYet
30.0,4.1,11.9,1.2,8.0,330.0,NotYet
30.0,4.1,11.9,1.2,8.0,340.0,NotYet
30.0,4.1,11.9,1.2,8.0,350.0,NotYet
30.0,4.1,11.9,1.2,10.0,0.0,NotYet
30.0,4.1,11.9,1.2,10.0,10.0,NotYet
30.0,4.1,11.9,1.2,10.0,20.0,NotYet
30.0,4.1,11.9,1.2,10.0,30.0,NotYet
30.0,4.1,11.9,1.2,10.0,40.0,NotYet
30.0,4.1,11.9,1.2,10.0,50.0,NotYet
30.0,4.1,11.9,1.2,10.0,60.0,NotYet
30.0,4.1,11.9,1.2,10.0,70.0,NotYet
30.0,4.1,11.9,1.2,10.0,80.0,NotYet
30.0,4.1,11.9,1.2,10.0,90.0,NotYet
30.0,4.1,11.9,1.2,10.0,100.0,NotYet
30.0,4.1,11.9,1.2,10.0,110.0,NotYet
30.0,4.1,11.9,1.2,10.0,120.0,NotYet
30.0,4.1,11.9,1.2,10.0,130.0,NotYet
30.0,4.1,11.9,1.2,10.0,140.0,NotYet
30.0,4.1,11.9,1.2,10.0,150.0,NotYet
30.0,4.1,11.9,1.2,10.0,160.0,NotYet
30.0,4.1,11.9,1.2,10.0,170.0,NotYet
30.0,4.1,11.9,1.2,10.0,180.0,NotYet
30.0,4.1,11.9,1.2,10.0,190.0,NotYet
30.0,4.1,11.9,1.2,10.0,200.0,NotYet
30.0,4.1,11.9,1.2,10.0,210.0,NotYet
30.0,4.1,11.9,1.2,10.0,220.0,NotYet
30.0,4.1,11.9,1.2,10.0,230.0,NotYet
30.0,4.1,11.9,1.2,10.0,240.0,NotYet
30.0,4.1,11.9,1.2,10.0,250.0,NotYet
30.0,4.1,11.9,1.2,10.0,260.0,NotYet
30.0,4.1,11.9,1.2,10.0,270.0,NotYet
30.0,4.1,11.9,1.2,10.0,280.0,NotYet
30.0,4.1,11.9,1.2,10.0,290.0,NotYet
30.0,4.1,11.9,1.2,10.0,300.0,NotYet
30.0,4.1,11.9,1.2,10.0,310.0,NotYet
30.0,4.1,11.9,1.2,10.0,320.0,NotYet
30.0,4.1,11.9,1.2,10.0,330.0,NotYet
30.0,4.1,11.9,1.2,10.0,340.0,NotYet
30.0,4.1,11.9,1.2,10.0,350.0,NotYet
30.0,4.1,11.9,1.2,12.0,0.0,NotYet
30.0,4.1,11.9,1.2,12.0,10.0,NotYet
30.0,4.1,11.9,1.2,12.0,20.0,NotYet
30.0,4.1,11.9,1.2,12.0,30.0,NotYet
30.0,4.1,11.9,1.2,12.0,40.0,NotYet
30.0,4.1,11.9,1.2,12.0,50.0,NotYet
30.0,4.1,11.9,1.2,12.0,60.0,NotYet
30.0,4.1,11.9,1.2,12.0,70.0,NotYet
30.0,4.1,11.9,1.2,12.0,80.0,NotYet
30.0,4.1,11.9,1.2,12.0,90.0,NotYet
30.0,4.1,11.9,1.2,12.0,100.0,NotYet
30.0,4.1,11.9,1.2,12.0,110.0,NotYet
30.0,4.1,11.9,1.2,12.0,120.0,NotYet
30.0,4.1,11.9,1.2,12.0,130.0,NotYet
30.0,4.1,11.9,1.2,12.0,140.0,NotYet
30.0,4.1,11.9,1.2,12.0,150.0,NotYet
30.0,4.1,11.9,1.2,12.0,160.0,NotYet
30.0,4.1,11.9,1.2,12.0,170.0,NotYet
30.0,4.1,11.9,1.2,12.0,180.0,NotYet
30.0,4.1,11.9,1.2,12.0,190.0,NotYet
30.0,4.1,11.9,1.2,12.0,200.0,NotYet
30.0,4.1,11.9,1.2,12.0,210.0,NotYet
30.0,4.1,11.9,1.2,12.0,220.0,NotYet
30.0,4.1,11.9,1.2,12.0,230.0,NotYet
30.0,4.1,11.9,1.2,12.0,240.0,NotYet
30.0,4.1,11.9,1.2,12.0,250.0,NotYet
30.0,4.1,11.9,1.2,12.0,260.0,NotYet
30.0,4.1,11.9,1.2,12.0,270.0,NotYet
30.0,4.1,11.9,1.2,12.0,280.0,NotYet
30.0,4.1,11.9,1.2,12.0,290.0,NotYet
30.0,4.1,11.9,1.2,12.0,300.0,NotYet
30.0,4.1,11.9,1.2,12.0,310.0,NotYet
30.0,4.1,11.9,1.2,12.0,320.0,NotYet
30.0,4.1,11.9,1.2,12.0,330.0,NotYet
30.0,4.1,11.9,1.2,12.0,340.0,NotYet
30.0,4.1,11.9,1.2,12.0,350.0,NotYet
30.0,4.1,11.9,1.2,14.0,0.0,NotYet
30.0,4.1,11.9,1.2,14.0,10.0,NotYet
30.0,4.1,11.9,1.2,14.0,20.0,NotYet
30.0,4.1,11.9,1.2,14.0,30.0,NotYet
30.0,4.1,11.9,1.2,14.0,40.0,NotYet
30.0,4.1,11.9,1.2,14.0,50.0,NotYet
30.0,4.1,11.9,1.2,14.0,60.0,NotYet
30.0,4.1,11.9,1.2,14.0,70.0,NotYet
30.0,4.1,11.9,1.2,14.0,80.0,NotYet
30.0,4.1,11.9,1.2,14.0,90.0,NotYet
30.0,4.1,11.9,1.2,14.0,100.0,NotYet
30.0,4.1,11.9,1.2,14.0,110.0,NotYet
30.0,4.1,11.9,1.2,14.0,120.0,NotYet
30.0,4.1,11.9,1.2,14.0,130.0,NotYet
30.0,4.1,11.9,1.2,14.0,140.0,NotYet
30.0,4.1,11.9,1.2,14.0,150.0,NotYet
30.0,4.1,11.9,1.2,14.0,160.0,NotYet
30.0,4.1,11.9,1.2,14.0,170.0,NotYet
30.0,4.1,11.9,1.2,14.0,180.0,NotYet
30.0,4.1,11.9,1.2,14.0,190.0,NotYet
30.0,4.1,11.9,1.2,14.0,200.0,NotYet
30.0,4.1,11.9,1.2,14.0,210.0,NotYet
30.0,4.1,11.9,1.2,14.0,220.0,NotYet
30.0,4.1,11.9,1.2,14.0,230.0,NotYet
30.0,4.1,11.9,1.2,14.0,240.0,NotYet
30.0,4.1,11.9,1.2,14.0,250.0,NotYet
30.0,4.1,11.9,1.2,14.0,260.0,NotYet
30.0,4.1,11.9,1.2,14.0,270.0,NotYet
30.0,4.1,11.9,1.2,14.0,280.0,NotYet
30.0,4.1,11.9,1.2,14.0,290.0,NotYet
30.0,4.1,11.9,1.2,14.0,300.0,NotYet
30.0,4.1,11.9,1.2,14.0,310.0,NotYet
30.0,4.1,11.9,1.2,14.0,320.0,NotYet
30.0,4.1,11.9,1.2,14.0,330.0,NotYet
30.0,4.1,11.9,1.2,14.0,340.0,NotYet
30.0,4.1,11.9,1.2,14.0,350.0,NotYet
30.0,4.1,11.9,1.4,-14.0,0.0,NotYet
30.0,4.1,11.9,1.4,-14.0,10.0,NotYet
30.0,4.1,11.9,1.4,-14.0,20.0,NotYet
30.0,4.1,11.9,1.4,-14.0,30.0,NotYet
30.0,4.1,11.9,1.4,-14.0,40.0,NotYet
30.0,4.1,11.9,1.4,-14.0,50.0,NotYet
30.0,4.1,11.9,1.4,-14.0,60.0,NotYet
30.0,4.1,11.9,1.4,-14.0,70.0,NotYet
30.0,4.1,11.9,1.4,-14.0,80.0,NotYet
30.0,4.1,11.9,1.4,-14.0,90.0,NotYet
30.0,4.1,11.9,1.4,-14.0,100.0,NotYet
30.0,4.1,11.9,1.4,-14.0,110.0,NotYet
30.0,4.1,11.9,1.4,-14.0,120.0,NotYet
30.0,4.1,11.9,1.4,-14.0,130.0,NotYet
30.0,4.1,11.9,1.4,-14.0,140.0,NotYet
30.0,4.1,11.9,1.4,-14.0,150.0,NotYet
30.0,4.1,11.9,1.4,-14.0,160.0,NotYet
30.0,4.1,11.9,1.4,-14.0,170.0,NotYet
30.0,4.1,11.9,1.4,-14.0,180.0,NotYet
30.0,4.1,11.9,1.4,-14.0,190.0,NotYet
30.0,4.1,11.9,1.4,-14.0,200.0,NotYet
30.0,4.1,11.9,1.4,-14.0,210.0,NotYet
30.0,4.1,11.9,1.4,-14.0,220.0,NotYet
30.0,4.1,11.9,1.4,-14.0,230.0,NotYet
30.0,4.1,11.9,1.4,-14.0,240.0,NotYet
30.0,4.1,11.9,1.4,-14.0,250.0,NotYet
30.0,4.1,11.9,1.4,-14.0,260.0,NotYet
30.0,4.1,11.9,1.4,-14.0,270.0,NotYet
30.0,4.1,11.9,1.4,-14.0,280.0,NotYet
30.0,4.1,11.9,1.4,-14.0,290.0,NotYet
30.0,4.1,11.9,1.4,-14.0,300.0,NotYet
30.0,4.1,11.9,1.4,-14.0,310.0,NotYet
30.0,4.1,11.9,1.4,-14.0,320.0,NotYet
30.0,4.1,11.9,1.4,-14.0,330.0,NotYet
30.0,4.1,11.9,1.4,-14.0,340.0,NotYet
30.0,4.1,11.9,1.4,-14.0,350.0,NotYet
30.0,4.1,11.9,1.4,-12.0,0.0,NotYet
30.0,4.1,11.9,1.4,-12.0,10.0,NotYet
30.0,4.1,11.9,1.4,-12.0,20.0,NotYet
30.0,4.1,11.9,1.4,-12.0,30.0,NotYet
30.0,4.1,11.9,1.4,-12.0,40.0,NotYet
30.0,4.1,11.9,1.4,-12.0,50.0,NotYet
30.0,4.1,11.9,1.4,-12.0,60.0,NotYet
30.0,4.1,11.9,1.4,-12.0,70.0,NotYet
30.0,4.1,11.9,1.4,-12.0,80.0,NotYet
30.0,4.1,11.9,1.4,-12.0,90.0,NotYet
30.0,4.1,11.9,1.4,-12.0,100.0,NotYet
30.0,4.1,11.9,1.4,-12.0,110.0,NotYet
30.0,4.1,11.9,1.4,-12.0,120.0,NotYet
30.0,4.1,11.9,1.4,-12.0,130.0,NotYet
30.0,4.1,11.9,1.4,-12.0,140.0,NotYet
30.0,4.1,11.9,1.4,-12.0,150.0,NotYet
30.0,4.1,11.9,1.4,-12.0,160.0,NotYet
30.0,4.1,11.9,1.4,-12.0,170.0,NotYet
30.0,4.1,11.9,1.4,-12.0,180.0,NotYet
30.0,4.1,11.9,1.4,-12.0,190.0,NotYet
30.0,4.1,11.9,1.4,-12.0,200.0,NotYet
30.0,4.1,11.9,1.4,-12.0,210.0,NotYet
30.0,4.1,11.9,1.4,-12.0,220.0,NotYet
30.0,4.1,11.9,1.4,-12.0,230.0,NotYet
30.0,4.1,11.9,1.4,-12.0,240.0,NotYet
30.0,4.1,11.9,1.4,-12.0,250.0,NotYet
30.0,4.1,11.9,1.4,-12.0,260.0,NotYet
30.0,4.1,11.9,1.4,-12.0,270.0,NotYet
30.0,4.1,11.9,1.4,-12.0,280.0,NotYet
30.0,4.1,11.9,1.4,-12.0,290.0,NotYet
30.0,4.1,11.9,1.4,-12.0,300.0,NotYet
30.0,4.1,11.9,1.4,-12.0,310.0,NotYet
30.0,4.1,11.9,1.4,-12.0,320.0,NotYet
30.0,4.1,11.9,1.4,-12.0,330.0,NotYet
30.0,4.1,11.9,1.4,-12.0,340.0,NotYet
30.0,4.1,11.9,1.4,-12.0,350.0,NotYet
30.0,4.1,11.9,1.4,-10.0,0.0,NotYet
30.0,4.1,11.9,1.4,-10.0,10.0,NotYet
30.0,4.1,11.9,1.4,-10.0,20.0,NotYet
30.0,4.1,11.9,1.4,-10.0,30.0,NotYet
30.0,4.1,11.9,1.4,-10.0,40.0,NotYet
30.0,4.1,11.9,1.4,-10.0,50.0,NotYet
30.0,4.1,11.9,1.4,-10.0,60.0,NotYet
30.0,4.1,11.9,1.4,-10.0,70.0,NotYet
30.0,4.1,11.9,1.4,-10.0,80.0,NotYet
30.0,4.1,11.9,1.4,-10.0,90.0,NotYet
30.0,4.1,11.9,1.4,-10.0,100.0,NotYet
30.0,4.1,11.9,1.4,-10.0,110.0,NotYet
30.0,4.1,11.9,1.4,-10.0,120.0,NotYet
30.0,4.1,11.9,1.4,-10.0,130.0,NotYet
30.0,4.1,11.9,1.4,-10.0,140.0,NotYet
30.0,4.1,11.9,1.4,-10.0,150.0,NotYet
30.0,4.1,11.9,1.4,-10.0,160.0,NotYet
30.0,4.1,11.9,1.4,-10.0,170.0,NotYet
30.0,4.1,11.9,1.4,-10.0,180.0,NotYet
30.0,4.1,11.9,1.4,-10.0,190.0,NotYet
30.0,4.1,11.9,1.4,-10.0,200.0,NotYet
30.0,4.1,11.9,1.4,-10.0,210.0,NotYet
30.0,4.1,11.9,1.4,-10.0,220.0,NotYet
30.0,4.1,11.9,1.4,-10.0,230.0,NotYet
30.0,4.1,11.9,1.4,-10.0,240.0,NotYet
30.0,4.1,11.9,1.4,-10.0,250.0,NotYet
30.0,4.1,11.9,1.4,-10.0,260.0,NotYet
30.0,4.1,11.9,1.4,-10.0,270.0,NotYet
30.0,4.1,11.9,1.4,-10.0,280.0,NotYet
30.0,4.1,11.9,1.4,-10.0,290.0,NotYet
30.0,4.1,11.9,1.4,-10.0,300.0,NotYet
30.0,4.1,11.9,1.4,-10.0,310.0,NotYet
30.0,4.1,11.9,1.4,-10.0,320.0,NotYet
30.0,4.1,11.9,1.4,-10.0,330.0,NotYet
30.0,4.1,11.9,1.4,-10.0,340.0,NotYet
30.0,4.1,11.9,1.4,-10.0,350.0,NotYet
30.0,4.1,11.9,1.4,-8.0,0.0,NotYet
30.0,4.1,11.9,1.4,-8.0,10.0,NotYet
30.0,4.1,11.9,1.4,-8.0,20.0,NotYet
30.0,4.1,11.9,1.4,-8.0,30.0,NotYet
30.0,4.1,11.9,1.4,-8.0,40.0,NotYet
30.0,4.1,11.9,1.4,-8.0,50.0,NotYet
30.0,4.1,11.9,1.4,-8.0,60.0,NotYet
30.0,4.1,11.9,1.4,-8.0,70.0,NotYet
30.0,4.1,11.9,1.4,-8.0,80.0,NotYet
30.0,4.1,11.9,1.4,-8.0,90.0,NotYet
30.0,4.1,11.9,1.4,-8.0,100.0,NotYet
30.0,4.1,11.9,1.4,-8.0,110.0,NotYet
30.0,4.1,11.9,1.4,-8.0,120.0,NotYet
30.0,4.1,11.9,1.4,-8.0,130.0,NotYet
30.0,4.1,11.9,1.4,-8.0,140.0,NotYet
30.0,4.1,11.9,1.4,-8.0,150.0,NotYet
30.0,4.1,11.9,1.4,-8.0,160.0,NotYet
30.0,4.1,11.9,1.4,-8.0,170.0,NotYet
30.0,4.1,11.9,1.4,-8.0,180.0,NotYet
30.0,4.1,11.9,1.4,-8.0,190.0,NotYet
30.0,4.1,11.9,1.4,-8.0,200.0,NotYet
30.0,4.1,11.9,1.4,-8.0,210.0,NotYet
30.0,4.1,11.9,1.4,-8.0,220.0,NotYet
30.0,4.1,11.9,1.4,-8.0,230.0,NotYet
30.0,4.1,11.9,1.4,-8.0,240.0,NotYet
30.0,4.1,11.9,1.4,-8.0,250.0,NotYet
30.0,4.1,11.9,1.4,-8.0,260.0,NotYet
30.0,4.1,11.9,1.4,-8.0,270.0,NotYet
30.0,4.1,11.9,1.4,-8.0,280.0,NotYet
30.0,4.1,11.9,1.4,-8.0,290.0,NotYet
30.0,4.1,11.9,1.4,-8.0,300.0,NotYet
30.0,4.1,11.9,1.4,-8.0,310.0,NotYet
30.0,4.1,11.9,1.4,-8.0,320.0,NotYet
30.0,4.1,11.9,1.4,-8.0,330.0,NotYet
30.0,4.1,11.9,1.4,-8.0,340.0,NotYet
30.0,4.1,11.9,1.4,-8.0,350.0,NotYet
30.0,4.1,11.9,1.4,-6.0,0.0,NotYet
30.0,4.1,11.9,1.4,-6.0,10.0,NotYet
30.0,4.1,11.9,1.4,-6.0,20.0,NotYet
30.0,4.1,11.9,1.4,-6.0,30.0,NotYet
30.0,4.1,11.9,1.4,-6.0,40.0,NotYet
30.0,4.1,11.9,1.4,-6.0,50.0,NotYet
30.0,4.1,11.9,1.4,-6.0,60.0,NotYet
30.0,4.1,11.9,1.4,-6.0,70.0,NotYet
30.0,4.1,11.9,1.4,-6.0,80.0,NotYet
30.0,4.1,11.9,1.4,-6.0,90.0,NotYet
30.0,4.1,11.9,1.4,-6.0,100.0,NotYet
30.0,4.1,11.9,1.4,-6.0,110.0,NotYet
30.0,4.1,11.9,1.4,-6.0,120.0,NotYet
30.0,4.1,11.9,1.4,-6.0,130.0,NotYet
30.0,4.1,11.9,1.4,-6.0,140.0,NotYet
30.0,4.1,11.9,1.4,-6.0,150.0,NotYet
30.0,4.1,11.9,1.4,-6.0,160.0,NotYet
30.0,4.1,11.9,1.4,-6.0,170.0,NotYet
30.0,4.1,11.9,1.4,-6.0,180.0,NotYet
30.0,4.1,11.9,1.4,-6.0,190.0,NotYet
30.0,4.1,11.9,1.4,-6.0,200.0,NotYet
30.0,4.1,11.9,1.4,-6.0,210.0,NotYet
30.0,4.1,11.9,1.4,-6.0,220.0,NotYet
30.0,4.1,11.9,1.4,-6.0,230.0,NotYet
30.0,4.1,11.9,1.4,-6.0,240.0,NotYet
30.0,4.1,11.9,1.4,-6.0,250.0,NotYet
30.0,4.1,11.9,1.4,-6.0,260.0,NotYet
30.0,4.1,11.9,1.4,-6.0,270.0,NotYet
30.0,4.1,11.9,1.4,-6.0,280.0,NotYet
30.0,4.1,11.9,1.4,-6.0,290.0,NotYet
30.0,4.1,11.9,1.4,-6.0,300.0,NotYet
30.0,4.1,11.9,1.4,-6.0,310.0,NotYet
30.0,4.1,11.9,1.4,-6.0,320.0,NotYet
30.0,4.1,11.9,1.4,-6.0,330.0,NotYet
30.0,4.1,11.9,1.4,-6.0,340.0,NotYet
30.0,4.1,11.9,1.4,-6.0,350.0,NotYet
30.0,4.1,11.9,1.4,-4.0,0.0,NotYet
30.0,4.1,11.9,1.4,-4.0,10.0,NotYet
30.0,4.1,11.9,1.4,-4.0,20.0,NotYet
30.0,4.1,11.9,1.4,-4.0,30.0,NotYet
30.0,4.1,11.9,1.4,-4.0,40.0,NotYet
30.0,4.1,11.9,1.4,-4.0,50.0,NotYet
30.0,4.1,11.9,1.4,-4.0,60.0,NotYet
30.0,4.1,11.9,1.4,-4.0,70.0,NotYet
30.0,4.1,11.9,1.4,-4.0,80.0,NotYet
30.0,4.1,11.9,1.4,-4.0,90.0,NotYet
30.0,4.1,11.9,1.4,-4.0,100.0,NotYet
30.0,4.1,11.9,1.4,-4.0,110.0,NotYet
30.0,4.1,11.9,1.4,-4.0,120.0,NotYet
30.0,4.1,11.9,1.4,-4.0,130.0,NotYet
30.0,4.1,11.9,1.4,-4.0,140.0,NotYet
30.0,4.1,11.9,1.4,-4.0,150.0,NotYet
30.0,4.1,11.9,1.4,-4.0,160.0,NotYet
30.0,4.1,11.9,1.4,-4.0,170.0,NotYet
30.0,4.1,11.9,1.4,-4.0,180.0,NotYet
30.0,4.1,11.9,1.4,-4.0,190.0,NotYet
30.0,4.1,11.9,1.4,-4.0,200.0,NotYet
30.0,4.1,11.9,1.4,-4.0,210.0,NotYet
30.0,4.1,11.9,1.4,-4.0,220.0,NotYet
30.0,4.1,11.9,1.4,-4.0,230.0,NotYet
30.0,4.1,11.9,1.4,-4.0,240.0,NotYet
30.0,4.1,11.9,1.4,-4.0,250.0,NotYet
30.0,4.1,11.9,1.4,-4.0,260.0,NotYet
30.0,4.1,11.9,1.4,-4.0,270.0,NotYet
30.0,4.1,11.9,1.4,-4.0,280.0,NotYet
30.0,4.1,11.9,1.4,-4.0,290.0,NotYet
30.0,4.1,11.9,1.4,-4.0,300.0,NotYet
30.0,4.1,11.9,1.4,-4.0,310.0,NotYet
30.0,4.1,11.9,1.4,-4.0,320.0,NotYet
30.0,4.1,11.9,1.4,-4.0,330.0,NotYet
30.0,4.1,11.9,1.4,-4.0,340.0,NotYet
30.0,4.1,11.9,1.4,-4.0,350.0,NotYet
30.0,4.1,11.9,1.4,-2.0,0.0,NotYet
30.0,4.1,11.9,1.4,-2.0,10.0,NotYet
30.0,4.1,11.9,1.4,-2.0,20.0,NotYet
30.0,4.1,11.9,1.4,-2.0,30.0,NotYet
30.0,4.1,11.9,1.4,-2.0,40.0,NotYet
30.0,4.1,11.9,1.4,-2.0,50.0,NotYet
30.0,4.1,11.9,1.4,-2.0,60.0,NotYet
30.0,4.1,11.9,1.4,-2.0,70.0,NotYet
30.0,4.1,11.9,1.4,-2.0,80.0,NotYet
30.0,4.1,11.9,1.4,-2.0,90.0,NotYet
30.0,4.1,11.9,1.4,-2.0,100.0,NotYet
30.0,4.1,11.9,1.4,-2.0,110.0,NotYet
30.0,4.1,11.9,1.4,-2.0,120.0,NotYet
30.0,4.1,11.9,1.4,-2.0,130.0,NotYet
30.0,4.1,11.9,1.4,-2.0,140.0,NotYet
30.0,4.1,11.9,1.4,-2.0,150.0,NotYet
30.0,4.1,11.9,1.4,-2.0,160.0,NotYet
30.0,4.1,11.9,1.4,-2.0,170.0,NotYet
30.0,4.1,11.9,1.4,-2.0,180.0,NotYet
30.0,4.1,11.9,1.4,-2.0,190.0,NotYet
30.0,4.1,11.9,1.4,-2.0,200.0,NotYet
30.0,4.1,11.9,1.4,-2.0,210.0,NotYet
30.0,4.1,11.9,1.4,-2.0,220.0,NotYet
30.0,4.1,11.9,1.4,-2.0,230.0,NotYet
30.0,4.1,11.9,1.4,-2.0,240.0,NotYet
30.0,4.1,11.9,1.4,-2.0,250.0,NotYet
30.0,4.1,11.9,1.4,-2.0,260.0,NotYet
30.0,4.1,11.9,1.4,-2.0,270.0,NotYet
30.0,4.1,11.9,1.4,-2.0,280.0,NotYet
30.0,4.1,11.9,1.4,-2.0,290.0,NotYet
30.0,4.1,11.9,1.4,-2.0,300.0,NotYet
30.0,4.1,11.9,1.4,-2.0,310.0,NotYet
30.0,4.1,11.9,1.4,-2.0,320.0,NotYet
30.0,4.1,11.9,1.4,-2.0,330.0,NotYet
30.0,4.1,11.9,1.4,-2.0,340.0,NotYet
30.0,4.1,11.9,1.4,-2.0,350.0,NotYet
30.0,4.1,11.9,1.4,0.0,0.0,NotYet
30.0,4.1,11.9,1.4,0.0,10.0,NotYet
30.0,4.1,11.9,1.4,0.0,20.0,NotYet
30.0,4.1,11.9,1.4,0.0,30.0,NotYet
30.0,4.1,11.9,1.4,0.0,40.0,NotYet
30.0,4.1,11.9,1.4,0.0,50.0,NotYet
30.0,4.1,11.9,1.4,0.0,60.0,NotYet
30.0,4.1,11.9,1.4,0.0,70.0,NotYet
30.0,4.1,11.9,1.4,0.0,80.0,NotYet
30.0,4.1,11.9,1.4,0.0,90.0,NotYet
30.0,4.1,11.9,1.4,0.0,100.0,NotYet
30.0,4.1,11.9,1.4,0.0,110.0,NotYet
30.0,4.1,11.9,1.4,0.0,120.0,NotYet
30.0,4.1,11.9,1.4,0.0,130.0,NotYet
30.0,4.1,11.9,1.4,0.0,140.0,NotYet
30.0,4.1,11.9,1.4,0.0,150.0,NotYet
30.0,4.1,11.9,1.4,0.0,160.0,NotYet
30.0,4.1,11.9,1.4,0.0,170.0,NotYet
30.0,4.1,11.9,1.4,0.0,180.0,NotYet
30.0,4.1,11.9,1.4,0.0,190.0,NotYet
30.0,4.1,11.9,1.4,0.0,200.0,NotYet
30.0,4.1,11.9,1.4,0.0,210.0,NotYet
30.0,4.1,11.9,1.4,0.0,220.0,NotYet
30.0,4.1,11.9,1.4,0.0,230.0,NotYet
30.0,4.1,11.9,1.4,0.0,240.0,NotYet
30.0,4.1,11.9,1.4,0.0,250.0,NotYet
30.0,4.1,11.9,1.4,0.0,260.0,NotYet
30.0,4.1,11.9,1.4,0.0,270.0,NotYet
30.0,4.1,11.9,1.4,0.0,280.0,NotYet
30.0,4.1,11.9,1.4,0.0,290.0,NotYet
30.0,4.1,11.9,1.4,0.0,300.0,NotYet
30.0,4.1,11.9,1.4,0.0,310.0,NotYet
30.0,4.1,11.9,1.4,0.0,320.0,NotYet
30.0,4.1,11.9,1.4,0.0,330.0,NotYet
30.0,4.1,11.9,1.4,0.0,340.0,NotYet
30.0,4.1,11.9,1.4,0.0,350.0,NotYet
30.0,4.1,11.9,1.4,2.0,0.0,NotYet
30.0,4.1,11.9,1.4,2.0,10.0,NotYet
30.0,4.1,11.9,1.4,2.0,20.0,NotYet
30.0,4.1,11.9,1.4,2.0,30.0,NotYet
30.0,4.1,11.9,1.4,2.0,40.0,NotYet
30.0,4.1,11.9,1.4,2.0,50.0,NotYet
30.0,4.1,11.9,1.4,2.0,60.0,NotYet
30.0,4.1,11.9,1.4,2.0,70.0,NotYet
30.0,4.1,11.9,1.4,2.0,80.0,NotYet
30.0,4.1,11.9,1.4,2.0,90.0,NotYet
30.0,4.1,11.9,1.4,2.0,100.0,NotYet
30.0,4.1,11.9,1.4,2.0,110.0,NotYet
30.0,4.1,11.9,1.4,2.0,120.0,NotYet
30.0,4.1,11.9,1.4,2.0,130.0,NotYet
30.0,4.1,11.9,1.4,2.0,140.0,NotYet
30.0,4.1,11.9,1.4,2.0,150.0,NotYet
30.0,4.1,11.9,1.4,2.0,160.0,NotYet
30.0,4.1,11.9,1.4,2.0,170.0,NotYet
30.0,4.1,11.9,1.4,2.0,180.0,NotYet
30.0,4.1,11.9,1.4,2.0,190.0,NotYet
30.0,4.1,11.9,1.4,2.0,200.0,NotYet
30.0,4.1,11.9,1.4,2.0,210.0,NotYet
30.0,4.1,11.9,1.4,2.0,220.0,NotYet
30.0,4.1,11.9,1.4,2.0,230.0,NotYet
30.0,4.1,11.9,1.4,2.0,240.0,NotYet
30.0,4.1,11.9,1.4,2.0,250.0,NotYet
30.0,4.1,11.9,1.4,2.0,260.0,NotYet
30.0,4.1,11.9,1.4,2.0,270.0,NotYet
30.0,4.1,11.9,1.4,2.0,280.0,NotYet
30.0,4.1,11.9,1.4,2.0,290.0,NotYet
30.0,4.1,11.9,1.4,2.0,300.0,NotYet
30.0,4.1,11.9,1.4,2.0,310.0,NotYet
30.0,4.1,11.9,1.4,2.0,320.0,NotYet
30.0,4.1,11.9,1.4,2.0,330.0,NotYet
30.0,4.1,11.9,1.4,2.0,340.0,NotYet
30.0,4.1,11.9,1.4,2.0,350.0,NotYet
30.0,4.1,11.9,1.4,4.0,0.0,NotYet
30.0,4.1,11.9,1.4,4.0,10.0,NotYet
30.0,4.1,11.9,1.4,4.0,20.0,NotYet
30.0,4.1,11.9,1.4,4.0,30.0,NotYet
30.0,4.1,11.9,1.4,4.0,40.0,NotYet
30.0,4.1,11.9,1.4,4.0,50.0,NotYet
30.0,4.1,11.9,1.4,4.0,60.0,NotYet
30.0,4.1,11.9,1.4,4.0,70.0,NotYet
30.0,4.1,11.9,1.4,4.0,80.0,NotYet
30.0,4.1,11.9,1.4,4.0,90.0,NotYet
30.0,4.1,11.9,1.4,4.0,100.0,NotYet
30.0,4.1,11.9,1.4,4.0,110.0,NotYet
30.0,4.1,11.9,1.4,4.0,120.0,NotYet
30.0,4.1,11.9,1.4,4.0,130.0,NotYet
30.0,4.1,11.9,1.4,4.0,140.0,NotYet
30.0,4.1,11.9,1.4,4.0,150.0,NotYet
30.0,4.1,11.9,1.4,4.0,160.0,NotYet
30.0,4.1,11.9,1.4,4.0,170.0,NotYet
30.0,4.1,11.9,1.4,4.0,180.0,NotYet
30.0,4.1,11.9,1.4,4.0,190.0,NotYet
30.0,4.1,11.9,1.4,4.0,200.0,NotYet
30.0,4.1,11.9,1.4,4.0,210.0,NotYet
30.0,4.1,11.9,1.4,4.0,220.0,NotYet
30.0,4.1,11.9,1.4,4.0,230.0,NotYet
30.0,4.1,11.9,1.4,4.0,240.0,NotYet
30.0,4.1,11.9,1.4,4.0,250.0,NotYet
30.0,4.1,11.9,1.4,4.0,260.0,NotYet
30.0,4.1,11.9,1.4,4.0,270.0,NotYet
30.0,4.1,11.9,1.4,4.0,280.0,NotYet
30.0,4.1,11.9,1.4,4.0,290.0,NotYet
30.0,4.1,11.9,1.4,4.0,300.0,NotYet
30.0,4.1,11.9,1.4,4.0,310.0,NotYet
30.0,4.1,11.9,1.4,4.0,320.0,NotYet
30.0,4.1,11.9,1.4,4.0,330.0,NotYet
30.0,4.1,11.9,1.4,4.0,340.0,NotYet
30.0,4.1,11.9,1.4,4.0,350.0,NotYet
30.0,4.1,11.9,1.4,6.0,0.0,NotYet
30.0,4.1,11.9,1.4,6.0,10.0,NotYet
30.0,4.1,11.9,1.4,6.0,20.0,NotYet
30.0,4.1,11.9,1.4,6.0,30.0,NotYet
30.0,4.1,11.9,1.4,6.0,40.0,NotYet
30.0,4.1,11.9,1.4,6.0,50.0,NotYet
30.0,4.1,11.9,1.4,6.0,60.0,NotYet
30.0,4.1,11.9,1.4,6.0,70.0,NotYet
30.0,4.1,11.9,1.4,6.0,80.0,NotYet
30.0,4.1,11.9,1.4,6.0,90.0,NotYet
30.0,4.1,11.9,1.4,6.0,100.0,NotYet
30.0,4.1,11.9,1.4,6.0,110.0,NotYet
30.0,4.1,11.9,1.4,6.0,120.0,NotYet
30.0,4.1,11.9,1.4,6.0,130.0,NotYet
30.0,4.1,11.9,1.4,6.0,140.0,NotYet
30.0,4.1,11.9,1.4,6.0,150.0,NotYet
30.0,4.1,11.9,1.4,6.0,160.0,NotYet
30.0,4.1,11.9,1.4,6.0,170.0,NotYet
30.0,4.1,11.9,1.4,6.0,180.0,NotYet
30.0,4.1,11.9,1.4,6.0,190.0,NotYet
30.0,4.1,11.9,1.4,6.0,200.0,NotYet
30.0,4.1,11.9,1.4,6.0,210.0,NotYet
30.0,4.1,11.9,1.4,6.0,220.0,NotYet
30.0,4.1,11.9,1.4,6.0,230.0,NotYet
30.0,4.1,11.9,1.4,6.0,240.0,NotYet
30.0,4.1,11.9,1.4,6.0,250.0,NotYet
30.0,4.1,11.9,1.4,6.0,260.0,NotYet
30.0,4.1,11.9,1.4,6.0,270.0,NotYet
30.0,4.1,11.9,1.4,6.0,280.0,NotYet
30.0,4.1,11.9,1.4,6.0,290.0,NotYet
30.0,4.1,11.9,1.4,6.0,300.0,NotYet
30.0,4.1,11.9,1.4,6.0,310.0,NotYet
30.0,4.1,11.9,1.4,6.0,320.0,NotYet
30.0,4.1,11.9,1.4,6.0,330.0,NotYet
30.0,4.1,11.9,1.4,6.0,340.0,NotYet
30.0,4.1,11.9,1.4,6.0,350.0,NotYet
30.0,4.1,11.9,1.4,8.0,0.0,NotYet
30.0,4.1,11.9,1.4,8.0,10.0,NotYet
30.0,4.1,11.9,1.4,8.0,20.0,NotYet
30.0,4.1,11.9,1.4,8.0,30.0,NotYet
30.0,4.1,11.9,1.4,8.0,40.0,NotYet
30.0,4.1,11.9,1.4,8.0,50.0,NotYet
30.0,4.1,11.9,1.4,8.0,60.0,NotYet
30.0,4.1,11.9,1.4,8.0,70.0,NotYet
30.0,4.1,11.9,1.4,8.0,80.0,NotYet
30.0,4.1,11.9,1.4,8.0,90.0,NotYet
30.0,4.1,11.9,1.4,8.0,100.0,NotYet
30.0,4.1,11.9,1.4,8.0,110.0,NotYet
30.0,4.1,11.9,1.4,8.0,120.0,NotYet
30.0,4.1,11.9,1.4,8.0,130.0,NotYet
30.0,4.1,11.9,1.4,8.0,140.0,NotYet
30.0,4.1,11.9,1.4,8.0,150.0,NotYet
30.0,4.1,11.9,1.4,8.0,160.0,NotYet
30.0,4.1,11.9,1.4,8.0,170.0,NotYet
30.0,4.1,11.9,1.4,8.0,180.0,NotYet
30.0,4.1,11.9,1.4,8.0,190.0,NotYet
30.0,4.1,11.9,1.4,8.0,200.0,NotYet
30.0,4.1,11.9,1.4,8.0,210.0,NotYet
30.0,4.1,11.9,1.4,8.0,220.0,NotYet
30.0,4.1,11.9,1.4,8.0,230.0,NotYet
30.0,4.1,11.9,1.4,8.0,240.0,NotYet
30.0,4.1,11.9,1.4,8.0,250.0,NotYet
30.0,4.1,11.9,1.4,8.0,260.0,NotYet
30.0,4.1,11.9,1.4,8.0,270.0,NotYet
30.0,4.1,11.9,1.4,8.0,280.0,NotYet
30.0,4.1,11.9,1.4,8.0,290.0,NotYet
30.0,4.1,11.9,1.4,8.0,300.0,NotYet
30.0,4.1,11.9,1.4,8.0,310.0,NotYet
30.0,4.1,11.9,1.4,8.0,320.0,NotYet
30.0,4.1,11.9,1.4,8.0,330.0,NotYet
30.0,4.1,11.9,1.4,8.0,340.0,NotYet
30.0,4.1,11.9,1.4,8.0,350.0,NotYet
30.0,4.1,11.9,1.4,10.0,0.0,NotYet
30.0,4.1,11.9,1.4,10.0,10.0,NotYet
30.0,4.1,11.9,1.4,10.0,20.0,NotYet
30.0,4.1,11.9,1.4,10.0,30.0,NotYet
30.0,4.1,11.9,1.4,10.0,40.0,NotYet
30.0,4.1,11.9,1.4,10.0,50.0,NotYet
30.0,4.1,11.9,1.4,10.0,60.0,NotYet
30.0,4.1,11.9,1.4,10.0,70.0,NotYet
30.0,4.1,11.9,1.4,10.0,80.0,NotYet
30.0,4.1,11.9,1.4,10.0,90.0,NotYet
30.0,4.1,11.9,1.4,10.0,100.0,NotYet
30.0,4.1,11.9,1.4,10.0,110.0,NotYet
30.0,4.1,11.9,1.4,10.0,120.0,NotYet
30.0,4.1,11.9,1.4,10.0,130.0,NotYet
30.0,4.1,11.9,1.4,10.0,140.0,NotYet
30.0,4.1,11.9,1.4,10.0,150.0,NotYet
30.0,4.1,11.9,1.4,10.0,160.0,NotYet
30.0,4.1,11.9,1.4,10.0,170.0,NotYet
30.0,4.1,11.9,1.4,10.0,180.0,NotYet
30.0,4.1,11.9,1.4,10.0,190.0,NotYet
30.0,4.1,11.9,1.4,10.0,200.0,NotYet
30.0,4.1,11.9,1.4,10.0,210.0,NotYet
30.0,4.1,11.9,1.4,10.0,220.0,NotYet
30.0,4.1,11.9,1.4,10.0,230.0,NotYet
30.0,4.1,11.9,1.4,10.0,240.0,NotYet
30.0,4.1,11.9,1.4,10.0,250.0,NotYet
30.0,4.1,11.9,1.4,10.0,260.0,NotYet
30.0,4.1,11.9,1.4,10.0,270.0,NotYet
30.0,4.1,11.9,1.4,10.0,280.0,NotYet
30.0,4.1,11.9,1.4,10.0,290.0,NotYet
30.0,4.1,11.9,1.4,10.0,300.0,NotYet
30.0,4.1,11.9,1.4,10.0,310.0,NotYet
30.0,4.1,11.9,1.4,10.0,320.0,NotYet
30.0,4.1,11.9,1.4,10.0,330.0,NotYet
30.0,4.1,11.9,1.4,10.0,340.0,NotYet
30.0,4.1,11.9,1.4,10.0,350.0,NotYet
30.0,4.1,11.9,1.4,12.0,0.0,NotYet
30.0,4.1,11.9,1.4,12.0,10.0,NotYet
30.0,4.1,11.9,1.4,12.0,20.0,NotYet
30.0,4.1,11.9,1.4,12.0,30.0,NotYet
30.0,4.1,11.9,1.4,12.0,40.0,NotYet
30.0,4.1,11.9,1.4,12.0,50.0,NotYet
30.0,4.1,11.9,1.4,12.0,60.0,NotYet
30.0,4.1,11.9,1.4,12.0,70.0,NotYet
30.0,4.1,11.9,1.4,12.0,80.0,NotYet
30.0,4.1,11.9,1.4,12.0,90.0,NotYet
30.0,4.1,11.9,1.4,12.0,100.0,NotYet
30.0,4.1,11.9,1.4,12.0,110.0,NotYet
30.0,4.1,11.9,1.4,12.0,120.0,NotYet
30.0,4.1,11.9,1.4,12.0,130.0,NotYet
30.0,4.1,11.9,1.4,12.0,140.0,NotYet
30.0,4.1,11.9,1.4,12.0,150.0,NotYet
30.0,4.1,11.9,1.4,12.0,160.0,NotYet
30.0,4.1,11.9,1.4,12.0,170.0,NotYet
30.0,4.1,11.9,1.4,12.0,180.0,NotYet
30.0,4.1,11.9,1.4,12.0,190.0,NotYet
30.0,4.1,11.9,1.4,12.0,200.0,NotYet
30.0,4.1,11.9,1.4,12.0,210.0,NotYet
30.0,4.1,11.9,1.4,12.0,220.0,NotYet
30.0,4.1,11.9,1.4,12.0,230.0,NotYet
30.0,4.1,11.9,1.4,12.0,240.0,NotYet
30.0,4.1,11.9,1.4,12.0,250.0,NotYet
30.0,4.1,11.9,1.4,12.0,260.0,NotYet
30.0,4.1,11.9,1.4,12.0,270.0,NotYet
30.0,4.1,11.9,1.4,12.0,280.0,NotYet
30.0,4.1,11.9,1.4,12.0,290.0,NotYet
30.0,4.1,11.9,1.4,12.0,300.0,NotYet
30.0,4.1,11.9,1.4,12.0,310.0,NotYet
30.0,4.1,11.9,1.4,12.0,320.0,NotYet
30.0,4.1,11.9,1.4,12.0,330.0,NotYet
30.0,4.1,11.9,1.4,12.0,340.0,NotYet
30.0,4.1,11.9,1.4,12.0,350.0,NotYet
30.0,4.1,11.9,1.4,14.0,0.0,NotYet
30.0,4.1,11.9,1.4,14.0,10.0,NotYet
30.0,4.1,11.9,1.4,14.0,20.0,NotYet
30.0,4.1,11.9,1.4,14.0,30.0,NotYet
30.0,4.1,11.9,1.4,14.0,40.0,NotYet
30.0,4.1,11.9,1.4,14.0,50.0,NotYet
30.0,4.1,11.9,1.4,14.0,60.0,NotYet
30.0,4.1,11.9,1.4,14.0,70.0,NotYet
30.0,4.1,11.9,1.4,14.0,80.0,NotYet
30.0,4.1,11.9,1.4,14.0,90.0,NotYet
30.0,4.1,11.9,1.4,14.0,100.0,NotYet
30.0,4.1,11.9,1.4,14.0,110.0,NotYet
30.0,4.1,11.9,1.4,14.0,120.0,NotYet
30.0,4.1,11.9,1.4,14.0,130.0,NotYet
30.0,4.1,11.9,1.4,14.0,140.0,NotYet
30.0,4.1,11.9,1.4,14.0,150.0,NotYet
30.0,4.1,11.9,1.4,14.0,160.0,NotYet
30.0,4.1,11.9,1.4,14.0,170.0,NotYet
30.0,4.1,11.9,1.4,14.0,180.0,NotYet
30.0,4.1,11.9,1.4,14.0,190.0,NotYet
30.0,4.1,11.9,1.4,14.0,200.0,NotYet
30.0,4.1,11.9,1.4,14.0,210.0,NotYet
30.0,4.1,11.9,1.4,14.0,220.0,NotYet
30.0,4.1,11.9,1.4,14.0,230.0,NotYet
30.0,4.1,11.9,1.4,14.0,240.0,NotYet
30.0,4.1,11.9,1.4,14.0,250.0,NotYet
30.0,4.1,11.9,1.4,14.0,260.0,NotYet
30.0,4.1,11.9,1.4,14.0,270.0,NotYet
30.0,4.1,11.9,1.4,14.0,280.0,NotYet
30.0,4.1,11.9,1.4,14.0,290.0,NotYet
30.0,4.1,11.9,1.4,14.0,300.0,NotYet
30.0,4.1,11.9,1.4,14.0,310.0,NotYet
30.0,4.1,11.9,1.4,14.0,320.0,NotYet
30.0,4.1,11.9,1.4,14.0,330.0,NotYet
30.0,4.1,11.9,1.4,14.0,340.0,NotYet
30.0,4.1,11.9,1.4,14.0,350.0,NotYet
30.0,4.1,11.9,1.6,-14.0,0.0,NotYet
30.0,4.1,11.9,1.6,-14.0,10.0,NotYet
30.0,4.1,11.9,1.6,-14.0,20.0,NotYet
30.0,4.1,11.9,1.6,-14.0,30.0,NotYet
30.0,4.1,11.9,1.6,-14.0,40.0,NotYet
30.0,4.1,11.9,1.6,-14.0,50.0,NotYet
30.0,4.1,11.9,1.6,-14.0,60.0,NotYet
30.0,4.1,11.9,1.6,-14.0,70.0,NotYet
30.0,4.1,11.9,1.6,-14.0,80.0,NotYet
30.0,4.1,11.9,1.6,-14.0,90.0,NotYet
30.0,4.1,11.9,1.6,-14.0,100.0,NotYet
30.0,4.1,11.9,1.6,-14.0,110.0,NotYet
30.0,4.1,11.9,1.6,-14.0,120.0,NotYet
30.0,4.1,11.9,1.6,-14.0,130.0,NotYet
30.0,4.1,11.9,1.6,-14.0,140.0,NotYet
30.0,4.1,11.9,1.6,-14.0,150.0,NotYet
30.0,4.1,11.9,1.6,-14.0,160.0,NotYet
30.0,4.1,11.9,1.6,-14.0,170.0,NotYet
30.0,4.1,11.9,1.6,-14.0,180.0,NotYet
30.0,4.1,11.9,1.6,-14.0,190.0,NotYet
30.0,4.1,11.9,1.6,-14.0,200.0,NotYet
30.0,4.1,11.9,1.6,-14.0,210.0,NotYet
30.0,4.1,11.9,1.6,-14.0,220.0,NotYet
30.0,4.1,11.9,1.6,-14.0,230.0,NotYet
30.0,4.1,11.9,1.6,-14.0,240.0,NotYet
30.0,4.1,11.9,1.6,-14.0,250.0,NotYet
30.0,4.1,11.9,1.6,-14.0,260.0,NotYet
30.0,4.1,11.9,1.6,-14.0,270.0,NotYet
30.0,4.1,11.9,1.6,-14.0,280.0,NotYet
30.0,4.1,11.9,1.6,-14.0,290.0,NotYet
30.0,4.1,11.9,1.6,-14.0,300.0,NotYet
30.0,4.1,11.9,1.6,-14.0,310.0,NotYet
30.0,4.1,11.9,1.6,-14.0,320.0,NotYet
30.0,4.1,11.9,1.6,-14.0,330.0,NotYet
30.0,4.1,11.9,1.6,-14.0,340.0,NotYet
30.0,4.1,11.9,1.6,-14.0,350.0,NotYet
30.0,4.1,11.9,1.6,-12.0,0.0,NotYet
30.0,4.1,11.9,1.6,-12.0,10.0,NotYet
30.0,4.1,11.9,1.6,-12.0,20.0,NotYet
30.0,4.1,11.9,1.6,-12.0,30.0,NotYet
30.0,4.1,11.9,1.6,-12.0,40.0,NotYet
30.0,4.1,11.9,1.6,-12.0,50.0,NotYet
30.0,4.1,11.9,1.6,-12.0,60.0,NotYet
30.0,4.1,11.9,1.6,-12.0,70.0,NotYet
30.0,4.1,11.9,1.6,-12.0,80.0,NotYet
30.0,4.1,11.9,1.6,-12.0,90.0,NotYet
30.0,4.1,11.9,1.6,-12.0,100.0,NotYet
30.0,4.1,11.9,1.6,-12.0,110.0,NotYet
30.0,4.1,11.9,1.6,-12.0,120.0,NotYet
30.0,4.1,11.9,1.6,-12.0,130.0,NotYet
30.0,4.1,11.9,1.6,-12.0,140.0,NotYet
30.0,4.1,11.9,1.6,-12.0,150.0,NotYet
30.0,4.1,11.9,1.6,-12.0,160.0,NotYet
30.0,4.1,11.9,1.6,-12.0,170.0,NotYet
30.0,4.1,11.9,1.6,-12.0,180.0,NotYet
30.0,4.1,11.9,1.6,-12.0,190.0,NotYet
30.0,4.1,11.9,1.6,-12.0,200.0,NotYet
30.0,4.1,11.9,1.6,-12.0,210.0,NotYet
30.0,4.1,11.9,1.6,-12.0,220.0,NotYet
30.0,4.1,11.9,1.6,-12.0,230.0,NotYet
30.0,4.1,11.9,1.6,-12.0,240.0,NotYet
30.0,4.1,11.9,1.6,-12.0,250.0,NotYet
30.0,4.1,11.9,1.6,-12.0,260.0,NotYet
30.0,4.1,11.9,1.6,-12.0,270.0,NotYet
30.0,4.1,11.9,1.6,-12.0,280.0,NotYet
30.0,4.1,11.9,1.6,-12.0,290.0,NotYet
30.0,4.1,11.9,1.6,-12.0,300.0,NotYet
30.0,4.1,11.9,1.6,-12.0,310.0,NotYet
30.0,4.1,11.9,1.6,-12.0,320.0,NotYet
30.0,4.1,11.9,1.6,-12.0,330.0,NotYet
30.0,4.1,11.9,1.6,-12.0,340.0,NotYet
30.0,4.1,11.9,1.6,-12.0,350.0,NotYet
30.0,4.1,11.9,1.6,-10.0,0.0,NotYet
30.0,4.1,11.9,1.6,-10.0,10.0,NotYet
30.0,4.1,11.9,1.6,-10.0,20.0,NotYet
30.0,4.1,11.9,1.6,-10.0,30.0,NotYet
30.0,4.1,11.9,1.6,-10.0,40.0,NotYet
30.0,4.1,11.9,1.6,-10.0,50.0,NotYet
30.0,4.1,11.9,1.6,-10.0,60.0,NotYet
30.0,4.1,11.9,1.6,-10.0,70.0,NotYet
30.0,4.1,11.9,1.6,-10.0,80.0,NotYet
30.0,4.1,11.9,1.6,-10.0,90.0,NotYet
30.0,4.1,11.9,1.6,-10.0,100.0,NotYet
30.0,4.1,11.9,1.6,-10.0,110.0,NotYet
30.0,4.1,11.9,1.6,-10.0,120.0,NotYet
30.0,4.1,11.9,1.6,-10.0,130.0,NotYet
30.0,4.1,11.9,1.6,-10.0,140.0,NotYet
30.0,4.1,11.9,1.6,-10.0,150.0,NotYet
30.0,4.1,11.9,1.6,-10.0,160.0,NotYet
30.0,4.1,11.9,1.6,-10.0,170.0,NotYet
30.0,4.1,11.9,1.6,-10.0,180.0,NotYet
30.0,4.1,11.9,1.6,-10.0,190.0,NotYet
30.0,4.1,11.9,1.6,-10.0,200.0,NotYet
30.0,4.1,11.9,1.6,-10.0,210.0,NotYet
30.0,4.1,11.9,1.6,-10.0,220.0,NotYet
30.0,4.1,11.9,1.6,-10.0,230.0,NotYet
30.0,4.1,11.9,1.6,-10.0,240.0,NotYet
30.0,4.1,11.9,1.6,-10.0,250.0,NotYet
30.0,4.1,11.9,1.6,-10.0,260.0,NotYet
30.0,4.1,11.9,1.6,-10.0,270.0,NotYet
30.0,4.1,11.9,1.6,-10.0,280.0,NotYet
30.0,4.1,11.9,1.6,-10.0,290.0,NotYet
30.0,4.1,11.9,1.6,-10.0,300.0,NotYet
30.0,4.1,11.9,1.6,-10.0,310.0,NotYet
30.0,4.1,11.9,1.6,-10.0,320.0,NotYet
30.0,4.1,11.9,1.6,-10.0,330.0,NotYet
30.0,4.1,11.9,1.6,-10.0,340.0,NotYet
30.0,4.1,11.9,1.6,-10.0,350.0,NotYet
30.0,4.1,11.9,1.6,-8.0,0.0,NotYet
30.0,4.1,11.9,1.6,-8.0,10.0,NotYet
30.0,4.1,11.9,1.6,-8.0,20.0,NotYet
30.0,4.1,11.9,1.6,-8.0,30.0,NotYet
30.0,4.1,11.9,1.6,-8.0,40.0,NotYet
30.0,4.1,11.9,1.6,-8.0,50.0,NotYet
30.0,4.1,11.9,1.6,-8.0,60.0,NotYet
30.0,4.1,11.9,1.6,-8.0,70.0,NotYet
30.0,4.1,11.9,1.6,-8.0,80.0,NotYet
30.0,4.1,11.9,1.6,-8.0,90.0,NotYet
30.0,4.1,11.9,1.6,-8.0,100.0,NotYet
30.0,4.1,11.9,1.6,-8.0,110.0,NotYet
30.0,4.1,11.9,1.6,-8.0,120.0,NotYet
30.0,4.1,11.9,1.6,-8.0,130.0,NotYet
30.0,4.1,11.9,1.6,-8.0,140.0,NotYet
30.0,4.1,11.9,1.6,-8.0,150.0,NotYet
30.0,4.1,11.9,1.6,-8.0,160.0,NotYet
30.0,4.1,11.9,1.6,-8.0,170.0,NotYet
30.0,4.1,11.9,1.6,-8.0,180.0,NotYet
30.0,4.1,11.9,1.6,-8.0,190.0,NotYet
30.0,4.1,11.9,1.6,-8.0,200.0,NotYet
30.0,4.1,11.9,1.6,-8.0,210.0,NotYet
30.0,4.1,11.9,1.6,-8.0,220.0,NotYet
30.0,4.1,11.9,1.6,-8.0,230.0,NotYet
30.0,4.1,11.9,1.6,-8.0,240.0,NotYet
30.0,4.1,11.9,1.6,-8.0,250.0,NotYet
30.0,4.1,11.9,1.6,-8.0,260.0,NotYet
30.0,4.1,11.9,1.6,-8.0,270.0,NotYet
30.0,4.1,11.9,1.6,-8.0,280.0,NotYet
30.0,4.1,11.9,1.6,-8.0,290.0,NotYet
30.0,4.1,11.9,1.6,-8.0,300.0,NotYet
30.0,4.1,11.9,1.6,-8.0,310.0,NotYet
30.0,4.1,11.9,1.6,-8.0,320.0,NotYet
30.0,4.1,11.9,1.6,-8.0,330.0,NotYet
30.0,4.1,11.9,1.6,-8.0,340.0,NotYet
30.0,4.1,11.9,1.6,-8.0,350.0,NotYet
30.0,4.1,11.9,1.6,-6.0,0.0,NotYet
30.0,4.1,11.9,1.6,-6.0,10.0,NotYet
30.0,4.1,11.9,1.6,-6.0,20.0,NotYet
30.0,4.1,11.9,1.6,-6.0,30.0,NotYet
30.0,4.1,11.9,1.6,-6.0,40.0,NotYet
30.0,4.1,11.9,1.6,-6.0,50.0,NotYet
30.0,4.1,11.9,1.6,-6.0,60.0,NotYet
30.0,4.1,11.9,1.6,-6.0,70.0,NotYet
30.0,4.1,11.9,1.6,-6.0,80.0,NotYet
30.0,4.1,11.9,1.6,-6.0,90.0,NotYet
30.0,4.1,11.9,1.6,-6.0,100.0,NotYet
30.0,4.1,11.9,1.6,-6.0,110.0,NotYet
30.0,4.1,11.9,1.6,-6.0,120.0,NotYet
30.0,4.1,11.9,1.6,-6.0,130.0,NotYet
30.0,4.1,11.9,1.6,-6.0,140.0,NotYet
30.0,4.1,11.9,1.6,-6.0,150.0,NotYet
30.0,4.1,11.9,1.6,-6.0,160.0,NotYet
30.0,4.1,11.9,1.6,-6.0,170.0,NotYet
30.0,4.1,11.9,1.6,-6.0,180.0,NotYet
30.0,4.1,11.9,1.6,-6.0,190.0,NotYet
30.0,4.1,11.9,1.6,-6.0,200.0,NotYet
30.0,4.1,11.9,1.6,-6.0,210.0,NotYet
30.0,4.1,11.9,1.6,-6.0,220.0,NotYet
30.0,4.1,11.9,1.6,-6.0,230.0,NotYet
30.0,4.1,11.9,1.6,-6.0,240.0,NotYet
30.0,4.1,11.9,1.6,-6.0,250.0,NotYet
30.0,4.1,11.9,1.6,-6.0,260.0,NotYet
30.0,4.1,11.9,1.6,-6.0,270.0,NotYet
30.0,4.1,11.9,1.6,-6.0,280.0,NotYet
30.0,4.1,11.9,1.6,-6.0,290.0,NotYet
30.0,4.1,11.9,1.6,-6.0,300.0,NotYet
30.0,4.1,11.9,1.6,-6.0,310.0,NotYet
30.0,4.1,11.9,1.6,-6.0,320.0,NotYet
30.0,4.1,11.9,1.6,-6.0,330.0,NotYet
30.0,4.1,11.9,1.6,-6.0,340.0,NotYet
30.0,4.1,11.9,1.6,-6.0,350.0,NotYet
30.0,4.1,11.9,1.6,-4.0,0.0,NotYet
30.0,4.1,11.9,1.6,-4.0,10.0,NotYet
30.0,4.1,11.9,1.6,-4.0,20.0,NotYet
30.0,4.1,11.9,1.6,-4.0,30.0,NotYet
30.0,4.1,11.9,1.6,-4.0,40.0,NotYet
30.0,4.1,11.9,1.6,-4.0,50.0,NotYet
30.0,4.1,11.9,1.6,-4.0,60.0,NotYet
30.0,4.1,11.9,1.6,-4.0,70.0,NotYet
30.0,4.1,11.9,1.6,-4.0,80.0,NotYet
30.0,4.1,11.9,1.6,-4.0,90.0,NotYet
30.0,4.1,11.9,1.6,-4.0,100.0,NotYet
30.0,4.1,11.9,1.6,-4.0,110.0,NotYet
30.0,4.1,11.9,1.6,-4.0,120.0,NotYet
30.0,4.1,11.9,1.6,-4.0,130.0,NotYet
30.0,4.1,11.9,1.6,-4.0,140.0,NotYet
30.0,4.1,11.9,1.6,-4.0,150.0,NotYet
30.0,4.1,11.9,1.6,-4.0,160.0,NotYet
30.0,4.1,11.9,1.6,-4.0,170.0,NotYet
30.0,4.1,11.9,1.6,-4.0,180.0,NotYet
30.0,4.1,11.9,1.6,-4.0,190.0,NotYet
30.0,4.1,11.9,1.6,-4.0,200.0,NotYet
30.0,4.1,11.9,1.6,-4.0,210.0,NotYet
30.0,4.1,11.9,1.6,-4.0,220.0,NotYet
30.0,4.1,11.9,1.6,-4.0,230.0,NotYet
30.0,4.1,11.9,1.6,-4.0,240.0,NotYet
30.0,4.1,11.9,1.6,-4.0,250.0,NotYet
30.0,4.1,11.9,1.6,-4.0,260.0,NotYet
30.0,4.1,11.9,1.6,-4.0,270.0,NotYet
30.0,4.1,11.9,1.6,-4.0,280.0,NotYet
30.0,4.1,11.9,1.6,-4.0,290.0,NotYet
30.0,4.1,11.9,1.6,-4.0,300.0,NotYet
30.0,4.1,11.9,1.6,-4.0,310.0,NotYet
30.0,4.1,11.9,1.6,-4.0,320.0,NotYet
30.0,4.1,11.9,1.6,-4.0,330.0,NotYet
30.0,4.1,11.9,1.6,-4.0,340.0,NotYet
30.0,4.1,11.9,1.6,-4.0,350.0,NotYet
30.0,4.1,11.9,1.6,-2.0,0.0,NotYet
30.0,4.1,11.9,1.6,-2.0,10.0,NotYet
30.0,4.1,11.9,1.6,-2.0,20.0,NotYet
30.0,4.1,11.9,1.6,-2.0,30.0,NotYet
30.0,4.1,11.9,1.6,-2.0,40.0,NotYet
30.0,4.1,11.9,1.6,-2.0,50.0,NotYet
30.0,4.1,11.9,1.6,-2.0,60.0,NotYet
30.0,4.1,11.9,1.6,-2.0,70.0,NotYet
30.0,4.1,11.9,1.6,-2.0,80.0,NotYet
30.0,4.1,11.9,1.6,-2.0,90.0,NotYet
30.0,4.1,11.9,1.6,-2.0,100.0,NotYet
30.0,4.1,11.9,1.6,-2.0,110.0,NotYet
30.0,4.1,11.9,1.6,-2.0,120.0,NotYet
30.0,4.1,11.9,1.6,-2.0,130.0,NotYet
30.0,4.1,11.9,1.6,-2.0,140.0,NotYet
30.0,4.1,11.9,1.6,-2.0,150.0,NotYet
30.0,4.1,11.9,1.6,-2.0,160.0,NotYet
30.0,4.1,11.9,1.6,-2.0,170.0,NotYet
30.0,4.1,11.9,1.6,-2.0,180.0,NotYet
30.0,4.1,11.9,1.6,-2.0,190.0,NotYet
30.0,4.1,11.9,1.6,-2.0,200.0,NotYet
30.0,4.1,11.9,1.6,-2.0,210.0,NotYet
30.0,4.1,11.9,1.6,-2.0,220.0,NotYet
30.0,4.1,11.9,1.6,-2.0,230.0,NotYet
30.0,4.1,11.9,1.6,-2.0,240.0,NotYet
30.0,4.1,11.9,1.6,-2.0,250.0,NotYet
30.0,4.1,11.9,1.6,-2.0,260.0,NotYet
30.0,4.1,11.9,1.6,-2.0,270.0,NotYet
30.0,4.1,11.9,1.6,-2.0,280.0,NotYet
30.0,4.1,11.9,1.6,-2.0,290.0,NotYet
30.0,4.1,11.9,1.6,-2.0,300.0,NotYet
30.0,4.1,11.9,1.6,-2.0,310.0,NotYet
30.0,4.1,11.9,1.6,-2.0,320.0,NotYet
30.0,4.1,11.9,1.6,-2.0,330.0,NotYet
30.0,4.1,11.9,1.6,-2.0,340.0,NotYet
30.0,4.1,11.9,1.6,-2.0,350.0,NotYet
30.0,4.1,11.9,1.6,0.0,0.0,NotYet
30.0,4.1,11.9,1.6,0.0,10.0,NotYet
30.0,4.1,11.9,1.6,0.0,20.0,NotYet
30.0,4.1,11.9,1.6,0.0,30.0,NotYet
30.0,4.1,11.9,1.6,0.0,40.0,NotYet
30.0,4.1,11.9,1.6,0.0,50.0,NotYet
30.0,4.1,11.9,1.6,0.0,60.0,NotYet
30.0,4.1,11.9,1.6,0.0,70.0,NotYet
30.0,4.1,11.9,1.6,0.0,80.0,NotYet
30.0,4.1,11.9,1.6,0.0,90.0,NotYet
30.0,4.1,11.9,1.6,0.0,100.0,NotYet
30.0,4.1,11.9,1.6,0.0,110.0,NotYet
30.0,4.1,11.9,1.6,0.0,120.0,NotYet
30.0,4.1,11.9,1.6,0.0,130.0,NotYet
30.0,4.1,11.9,1.6,0.0,140.0,NotYet
30.0,4.1,11.9,1.6,0.0,150.0,NotYet
30.0,4.1,11.9,1.6,0.0,160.0,NotYet
30.0,4.1,11.9,1.6,0.0,170.0,NotYet
30.0,4.1,11.9,1.6,0.0,180.0,NotYet
30.0,4.1,11.9,1.6,0.0,190.0,NotYet
30.0,4.1,11.9,1.6,0.0,200.0,NotYet
30.0,4.1,11.9,1.6,0.0,210.0,NotYet
30.0,4.1,11.9,1.6,0.0,220.0,NotYet
30.0,4.1,11.9,1.6,0.0,230.0,NotYet
30.0,4.1,11.9,1.6,0.0,240.0,NotYet
30.0,4.1,11.9,1.6,0.0,250.0,NotYet
30.0,4.1,11.9,1.6,0.0,260.0,NotYet
30.0,4.1,11.9,1.6,0.0,270.0,NotYet
30.0,4.1,11.9,1.6,0.0,280.0,NotYet
30.0,4.1,11.9,1.6,0.0,290.0,NotYet
30.0,4.1,11.9,1.6,0.0,300.0,NotYet
30.0,4.1,11.9,1.6,0.0,310.0,NotYet
30.0,4.1,11.9,1.6,0.0,320.0,NotYet
30.0,4.1,11.9,1.6,0.0,330.0,NotYet
30.0,4.1,11.9,1.6,0.0,340.0,NotYet
30.0,4.1,11.9,1.6,0.0,350.0,NotYet
30.0,4.1,11.9,1.6,2.0,0.0,NotYet
30.0,4.1,11.9,1.6,2.0,10.0,NotYet
30.0,4.1,11.9,1.6,2.0,20.0,NotYet
30.0,4.1,11.9,1.6,2.0,30.0,NotYet
30.0,4.1,11.9,1.6,2.0,40.0,NotYet
30.0,4.1,11.9,1.6,2.0,50.0,NotYet
30.0,4.1,11.9,1.6,2.0,60.0,NotYet
30.0,4.1,11.9,1.6,2.0,70.0,NotYet
30.0,4.1,11.9,1.6,2.0,80.0,NotYet
30.0,4.1,11.9,1.6,2.0,90.0,NotYet
30.0,4.1,11.9,1.6,2.0,100.0,NotYet
30.0,4.1,11.9,1.6,2.0,110.0,NotYet
30.0,4.1,11.9,1.6,2.0,120.0,NotYet
30.0,4.1,11.9,1.6,2.0,130.0,NotYet
30.0,4.1,11.9,1.6,2.0,140.0,NotYet
30.0,4.1,11.9,1.6,2.0,150.0,NotYet
30.0,4.1,11.9,1.6,2.0,160.0,NotYet
30.0,4.1,11.9,1.6,2.0,170.0,NotYet
30.0,4.1,11.9,1.6,2.0,180.0,NotYet
30.0,4.1,11.9,1.6,2.0,190.0,NotYet
30.0,4.1,11.9,1.6,2.0,200.0,NotYet
30.0,4.1,11.9,1.6,2.0,210.0,NotYet
30.0,4.1,11.9,1.6,2.0,220.0,NotYet
30.0,4.1,11.9,1.6,2.0,230.0,NotYet
30.0,4.1,11.9,1.6,2.0,240.0,NotYet
30.0,4.1,11.9,1.6,2.0,250.0,NotYet
30.0,4.1,11.9,1.6,2.0,260.0,NotYet
30.0,4.1,11.9,1.6,2.0,270.0,NotYet
30.0,4.1,11.9,1.6,2.0,280.0,NotYet
30.0,4.1,11.9,1.6,2.0,290.0,NotYet
30.0,4.1,11.9,1.6,2.0,300.0,NotYet
30.0,4.1,11.9,1.6,2.0,310.0,NotYet
30.0,4.1,11.9,1.6,2.0,320.0,NotYet
30.0,4.1,11.9,1.6,2.0,330.0,NotYet
30.0,4.1,11.9,1.6,2.0,340.0,NotYet
30.0,4.1,11.9,1.6,2.0,350.0,NotYet
30.0,4.1,11.9,1.6,4.0,0.0,NotYet
30.0,4.1,11.9,1.6,4.0,10.0,NotYet
30.0,4.1,11.9,1.6,4.0,20.0,NotYet
30.0,4.1,11.9,1.6,4.0,30.0,NotYet
30.0,4.1,11.9,1.6,4.0,40.0,NotYet
30.0,4.1,11.9,1.6,4.0,50.0,NotYet
30.0,4.1,11.9,1.6,4.0,60.0,NotYet
30.0,4.1,11.9,1.6,4.0,70.0,NotYet
30.0,4.1,11.9,1.6,4.0,80.0,NotYet
30.0,4.1,11.9,1.6,4.0,90.0,NotYet
30.0,4.1,11.9,1.6,4.0,100.0,NotYet
30.0,4.1,11.9,1.6,4.0,110.0,NotYet
30.0,4.1,11.9,1.6,4.0,120.0,NotYet
30.0,4.1,11.9,1.6,4.0,130.0,NotYet
30.0,4.1,11.9,1.6,4.0,140.0,NotYet
30.0,4.1,11.9,1.6,4.0,150.0,NotYet
30.0,4.1,11.9,1.6,4.0,160.0,NotYet
30.0,4.1,11.9,1.6,4.0,170.0,NotYet
30.0,4.1,11.9,1.6,4.0,180.0,NotYet
30.0,4.1,11.9,1.6,4.0,190.0,NotYet
30.0,4.1,11.9,1.6,4.0,200.0,NotYet
30.0,4.1,11.9,1.6,4.0,210.0,NotYet
30.0,4.1,11.9,1.6,4.0,220.0,NotYet
30.0,4.1,11.9,1.6,4.0,230.0,NotYet
30.0,4.1,11.9,1.6,4.0,240.0,NotYet
30.0,4.1,11.9,1.6,4.0,250.0,NotYet
30.0,4.1,11.9,1.6,4.0,260.0,NotYet
30.0,4.1,11.9,1.6,4.0,270.0,NotYet
30.0,4.1,11.9,1.6,4.0,280.0,NotYet
30.0,4.1,11.9,1.6,4.0,290.0,NotYet
30.0,4.1,11.9,1.6,4.0,300.0,NotYet
30.0,4.1,11.9,1.6,4.0,310.0,NotYet
30.0,4.1,11.9,1.6,4.0,320.0,NotYet
30.0,4.1,11.9,1.6,4.0,330.0,NotYet
30.0,4.1,11.9,1.6,4.0,340.0,NotYet
30.0,4.1,11.9,1.6,4.0,350.0,NotYet
30.0,4.1,11.9,1.6,6.0,0.0,NotYet
30.0,4.1,11.9,1.6,6.0,10.0,NotYet
30.0,4.1,11.9,1.6,6.0,20.0,NotYet
30.0,4.1,11.9,1.6,6.0,30.0,NotYet
30.0,4.1,11.9,1.6,6.0,40.0,NotYet
30.0,4.1,11.9,1.6,6.0,50.0,NotYet
30.0,4.1,11.9,1.6,6.0,60.0,NotYet
30.0,4.1,11.9,1.6,6.0,70.0,NotYet
30.0,4.1,11.9,1.6,6.0,80.0,NotYet
30.0,4.1,11.9,1.6,6.0,90.0,NotYet
30.0,4.1,11.9,1.6,6.0,100.0,NotYet
30.0,4.1,11.9,1.6,6.0,110.0,NotYet
30.0,4.1,11.9,1.6,6.0,120.0,NotYet
30.0,4.1,11.9,1.6,6.0,130.0,NotYet
30.0,4.1,11.9,1.6,6.0,140.0,NotYet
30.0,4.1,11.9,1.6,6.0,150.0,NotYet
30.0,4.1,11.9,1.6,6.0,160.0,NotYet
30.0,4.1,11.9,1.6,6.0,170.0,NotYet
30.0,4.1,11.9,1.6,6.0,180.0,NotYet
30.0,4.1,11.9,1.6,6.0,190.0,NotYet
30.0,4.1,11.9,1.6,6.0,200.0,NotYet
30.0,4.1,11.9,1.6,6.0,210.0,NotYet
30.0,4.1,11.9,1.6,6.0,220.0,NotYet
30.0,4.1,11.9,1.6,6.0,230.0,NotYet
30.0,4.1,11.9,1.6,6.0,240.0,NotYet
30.0,4.1,11.9,1.6,6.0,250.0,NotYet
30.0,4.1,11.9,1.6,6.0,260.0,NotYet
30.0,4.1,11.9,1.6,6.0,270.0,NotYet
30.0,4.1,11.9,1.6,6.0,280.0,NotYet
30.0,4.1,11.9,1.6,6.0,290.0,NotYet
30.0,4.1,11.9,1.6,6.0,300.0,NotYet
30.0,4.1,11.9,1.6,6.0,310.0,NotYet
30.0,4.1,11.9,1.6,6.0,320.0,NotYet
30.0,4.1,11.9,1.6,6.0,330.0,NotYet
30.0,4.1,11.9,1.6,6.0,340.0,NotYet
30.0,4.1,11.9,1.6,6.0,350.0,NotYet
30.0,4.1,11.9,1.6,8.0,0.0,NotYet
30.0,4.1,11.9,1.6,8.0,10.0,NotYet
30.0,4.1,11.9,1.6,8.0,20.0,NotYet
30.0,4.1,11.9,1.6,8.0,30.0,NotYet
30.0,4.1,11.9,1.6,8.0,40.0,NotYet
30.0,4.1,11.9,1.6,8.0,50.0,NotYet
30.0,4.1,11.9,1.6,8.0,60.0,NotYet
30.0,4.1,11.9,1.6,8.0,70.0,NotYet
30.0,4.1,11.9,1.6,8.0,80.0,NotYet
30.0,4.1,11.9,1.6,8.0,90.0,NotYet
30.0,4.1,11.9,1.6,8.0,100.0,NotYet
30.0,4.1,11.9,1.6,8.0,110.0,NotYet
30.0,4.1,11.9,1.6,8.0,120.0,NotYet
30.0,4.1,11.9,1.6,8.0,130.0,NotYet
30.0,4.1,11.9,1.6,8.0,140.0,NotYet
30.0,4.1,11.9,1.6,8.0,150.0,NotYet
30.0,4.1,11.9,1.6,8.0,160.0,NotYet
30.0,4.1,11.9,1.6,8.0,170.0,NotYet
30.0,4.1,11.9,1.6,8.0,180.0,NotYet
30.0,4.1,11.9,1.6,8.0,190.0,NotYet
30.0,4.1,11.9,1.6,8.0,200.0,NotYet
30.0,4.1,11.9,1.6,8.0,210.0,NotYet
30.0,4.1,11.9,1.6,8.0,220.0,NotYet
30.0,4.1,11.9,1.6,8.0,230.0,NotYet
30.0,4.1,11.9,1.6,8.0,240.0,NotYet
30.0,4.1,11.9,1.6,8.0,250.0,NotYet
30.0,4.1,11.9,1.6,8.0,260.0,NotYet
30.0,4.1,11.9,1.6,8.0,270.0,NotYet
30.0,4.1,11.9,1.6,8.0,280.0,NotYet
30.0,4.1,11.9,1.6,8.0,290.0,NotYet
30.0,4.1,11.9,1.6,8.0,300.0,NotYet
30.0,4.1,11.9,1.6,8.0,310.0,NotYet
30.0,4.1,11.9,1.6,8.0,320.0,NotYet
30.0,4.1,11.9,1.6,8.0,330.0,NotYet
30.0,4.1,11.9,1.6,8.0,340.0,NotYet
30.0,4.1,11.9,1.6,8.0,350.0,NotYet
30.0,4.1,11.9,1.6,10.0,0.0,NotYet
30.0,4.1,11.9,1.6,10.0,10.0,NotYet
30.0,4.1,11.9,1.6,10.0,20.0,NotYet
30.0,4.1,11.9,1.6,10.0,30.0,NotYet
30.0,4.1,11.9,1.6,10.0,40.0,NotYet
30.0,4.1,11.9,1.6,10.0,50.0,NotYet
30.0,4.1,11.9,1.6,10.0,60.0,NotYet
30.0,4.1,11.9,1.6,10.0,70.0,NotYet
30.0,4.1,11.9,1.6,10.0,80.0,NotYet
30.0,4.1,11.9,1.6,10.0,90.0,NotYet
30.0,4.1,11.9,1.6,10.0,100.0,NotYet
30.0,4.1,11.9,1.6,10.0,110.0,NotYet
30.0,4.1,11.9,1.6,10.0,120.0,NotYet
30.0,4.1,11.9,1.6,10.0,130.0,NotYet
30.0,4.1,11.9,1.6,10.0,140.0,NotYet
30.0,4.1,11.9,1.6,10.0,150.0,NotYet
30.0,4.1,11.9,1.6,10.0,160.0,NotYet
30.0,4.1,11.9,1.6,10.0,170.0,NotYet
30.0,4.1,11.9,1.6,10.0,180.0,NotYet
30.0,4.1,11.9,1.6,10.0,190.0,NotYet
30.0,4.1,11.9,1.6,10.0,200.0,NotYet
30.0,4.1,11.9,1.6,10.0,210.0,NotYet
30.0,4.1,11.9,1.6,10.0,220.0,NotYet
30.0,4.1,11.9,1.6,10.0,230.0,NotYet
30.0,4.1,11.9,1.6,10.0,240.0,NotYet
30.0,4.1,11.9,1.6,10.0,250.0,NotYet
30.0,4.1,11.9,1.6,10.0,260.0,NotYet
30.0,4.1,11.9,1.6,10.0,270.0,NotYet
30.0,4.1,11.9,1.6,10.0,280.0,NotYet
30.0,4.1,11.9,1.6,10.0,290.0,NotYet
30.0,4.1,11.9,1.6,10.0,300.0,NotYet
30.0,4.1,11.9,1.6,10.0,310.0,NotYet
30.0,4.1,11.9,1.6,10.0,320.0,NotYet
30.0,4.1,11.9,1.6,10.0,330.0,NotYet
30.0,4.1,11.9,1.6,10.0,340.0,NotYet
30.0,4.1,11.9,1.6,10.0,350.0,NotYet
30.0,4.1,11.9,1.6,12.0,0.0,NotYet
30.0,4.1,11.9,1.6,12.0,10.0,NotYet
30.0,4.1,11.9,1.6,12.0,20.0,NotYet
30.0,4.1,11.9,1.6,12.0,30.0,NotYet
30.0,4.1,11.9,1.6,12.0,40.0,NotYet
30.0,4.1,11.9,1.6,12.0,50.0,NotYet
30.0,4.1,11.9,1.6,12.0,60.0,NotYet
30.0,4.1,11.9,1.6,12.0,70.0,NotYet
30.0,4.1,11.9,1.6,12.0,80.0,NotYet
30.0,4.1,11.9,1.6,12.0,90.0,NotYet
30.0,4.1,11.9,1.6,12.0,100.0,NotYet
30.0,4.1,11.9,1.6,12.0,110.0,NotYet
30.0,4.1,11.9,1.6,12.0,120.0,NotYet
30.0,4.1,11.9,1.6,12.0,130.0,NotYet
30.0,4.1,11.9,1.6,12.0,140.0,NotYet
30.0,4.1,11.9,1.6,12.0,150.0,NotYet
30.0,4.1,11.9,1.6,12.0,160.0,NotYet
30.0,4.1,11.9,1.6,12.0,170.0,NotYet
30.0,4.1,11.9,1.6,12.0,180.0,NotYet
30.0,4.1,11.9,1.6,12.0,190.0,NotYet
30.0,4.1,11.9,1.6,12.0,200.0,NotYet
30.0,4.1,11.9,1.6,12.0,210.0,NotYet
30.0,4.1,11.9,1.6,12.0,220.0,NotYet
30.0,4.1,11.9,1.6,12.0,230.0,NotYet
30.0,4.1,11.9,1.6,12.0,240.0,NotYet
30.0,4.1,11.9,1.6,12.0,250.0,NotYet
30.0,4.1,11.9,1.6,12.0,260.0,NotYet
30.0,4.1,11.9,1.6,12.0,270.0,NotYet
30.0,4.1,11.9,1.6,12.0,280.0,NotYet
30.0,4.1,11.9,1.6,12.0,290.0,NotYet
30.0,4.1,11.9,1.6,12.0,300.0,NotYet
30.0,4.1,11.9,1.6,12.0,310.0,NotYet
30.0,4.1,11.9,1.6,12.0,320.0,NotYet
30.0,4.1,11.9,1.6,12.0,330.0,NotYet
30.0,4.1,11.9,1.6,12.0,340.0,NotYet
30.0,4.1,11.9,1.6,12.0,350.0,NotYet
30.0,4.1,11.9,1.6,14.0,0.0,NotYet
30.0,4.1,11.9,1.6,14.0,10.0,NotYet
30.0,4.1,11.9,1.6,14.0,20.0,NotYet
30.0,4.1,11.9,1.6,14.0,30.0,NotYet
30.0,4.1,11.9,1.6,14.0,40.0,NotYet
30.0,4.1,11.9,1.6,14.0,50.0,NotYet
30.0,4.1,11.9,1.6,14.0,60.0,NotYet
30.0,4.1,11.9,1.6,14.0,70.0,NotYet
30.0,4.1,11.9,1.6,14.0,80.0,NotYet
30.0,4.1,11.9,1.6,14.0,90.0,NotYet
30.0,4.1,11.9,1.6,14.0,100.0,NotYet
30.0,4.1,11.9,1.6,14.0,110.0,NotYet
30.0,4.1,11.9,1.6,14.0,120.0,NotYet
30.0,4.1,11.9,1.6,14.0,130.0,NotYet
30.0,4.1,11.9,1.6,14.0,140.0,NotYet
30.0,4.1,11.9,1.6,14.0,150.0,NotYet
30.0,4.1,11.9,1.6,14.0,160.0,NotYet
30.0,4.1,11.9,1.6,14.0,170.0,NotYet
30.0,4.1,11.9,1.6,14.0,180.0,NotYet
30.0,4.1,11.9,1.6,14.0,190.0,NotYet
30.0,4.1,11.9,1.6,14.0,200.0,NotYet
30.0,4.1,11.9,1.6,14.0,210.0,NotYet
30.0,4.1,11.9,1.6,14.0,220.0,NotYet
30.0,4.1,11.9,1.6,14.0,230.0,NotYet
30.0,4.1,11.9,1.6,14.0,240.0,NotYet
30.0,4.1,11.9,1.6,14.0,250.0,NotYet
30.0,4.1,11.9,1.6,14.0,260.0,NotYet
30.0,4.1,11.9,1.6,14.0,270.0,NotYet
30.0,4.1,11.9,1.6,14.0,280.0,NotYet
30.0,4.1,11.9,1.6,14.0,290.0,NotYet
30.0,4.1,11.9,1.6,14.0,300.0,NotYet
30.0,4.1,11.9,1.6,14.0,310.0,NotYet
30.0,4.1,11.9,1.6,14.0,320.0,NotYet
30.0,4.1,11.9,1.6,14.0,330.0,NotYet
30.0,4.1,11.9,1.6,14.0,340.0,NotYet
30.0,4.1,11.9,1.6,14.0,350.0,NotYet
30.0,4.1,11.9,1.8,-14.0,0.0,NotYet
30.0,4.1,11.9,1.8,-14.0,10.0,NotYet
30.0,4.1,11.9,1.8,-14.0,20.0,NotYet
30.0,4.1,11.9,1.8,-14.0,30.0,NotYet
30.0,4.1,11.9,1.8,-14.0,40.0,NotYet
30.0,4.1,11.9,1.8,-14.0,50.0,NotYet
30.0,4.1,11.9,1.8,-14.0,60.0,NotYet
30.0,4.1,11.9,1.8,-14.0,70.0,NotYet
30.0,4.1,11.9,1.8,-14.0,80.0,NotYet
30.0,4.1,11.9,1.8,-14.0,90.0,NotYet
30.0,4.1,11.9,1.8,-14.0,100.0,NotYet
30.0,4.1,11.9,1.8,-14.0,110.0,NotYet
30.0,4.1,11.9,1.8,-14.0,120.0,NotYet
30.0,4.1,11.9,1.8,-14.0,130.0,NotYet
30.0,4.1,11.9,1.8,-14.0,140.0,NotYet
30.0,4.1,11.9,1.8,-14.0,150.0,NotYet
30.0,4.1,11.9,1.8,-14.0,160.0,NotYet
30.0,4.1,11.9,1.8,-14.0,170.0,NotYet
30.0,4.1,11.9,1.8,-14.0,180.0,NotYet
30.0,4.1,11.9,1.8,-14.0,190.0,NotYet
30.0,4.1,11.9,1.8,-14.0,200.0,NotYet
30.0,4.1,11.9,1.8,-14.0,210.0,NotYet
30.0,4.1,11.9,1.8,-14.0,220.0,NotYet
30.0,4.1,11.9,1.8,-14.0,230.0,NotYet
30.0,4.1,11.9,1.8,-14.0,240.0,NotYet
30.0,4.1,11.9,1.8,-14.0,250.0,NotYet
30.0,4.1,11.9,1.8,-14.0,260.0,NotYet
30.0,4.1,11.9,1.8,-14.0,270.0,NotYet
30.0,4.1,11.9,1.8,-14.0,280.0,NotYet
30.0,4.1,11.9,1.8,-14.0,290.0,NotYet
30.0,4.1,11.9,1.8,-14.0,300.0,NotYet
30.0,4.1,11.9,1.8,-14.0,310.0,NotYet
30.0,4.1,11.9,1.8,-14.0,320.0,NotYet
30.0,4.1,11.9,1.8,-14.0,330.0,NotYet
30.0,4.1,11.9,1.8,-14.0,340.0,NotYet
30.0,4.1,11.9,1.8,-14.0,350.0,NotYet
30.0,4.1,11.9,1.8,-12.0,0.0,NotYet
30.0,4.1,11.9,1.8,-12.0,10.0,NotYet
30.0,4.1,11.9,1.8,-12.0,20.0,NotYet
30.0,4.1,11.9,1.8,-12.0,30.0,NotYet
30.0,4.1,11.9,1.8,-12.0,40.0,NotYet
30.0,4.1,11.9,1.8,-12.0,50.0,NotYet
30.0,4.1,11.9,1.8,-12.0,60.0,NotYet
30.0,4.1,11.9,1.8,-12.0,70.0,NotYet
30.0,4.1,11.9,1.8,-12.0,80.0,NotYet
30.0,4.1,11.9,1.8,-12.0,90.0,NotYet
30.0,4.1,11.9,1.8,-12.0,100.0,NotYet
30.0,4.1,11.9,1.8,-12.0,110.0,NotYet
30.0,4.1,11.9,1.8,-12.0,120.0,NotYet
30.0,4.1,11.9,1.8,-12.0,130.0,NotYet
30.0,4.1,11.9,1.8,-12.0,140.0,NotYet
30.0,4.1,11.9,1.8,-12.0,150.0,NotYet
30.0,4.1,11.9,1.8,-12.0,160.0,NotYet
30.0,4.1,11.9,1.8,-12.0,170.0,NotYet
30.0,4.1,11.9,1.8,-12.0,180.0,NotYet
30.0,4.1,11.9,1.8,-12.0,190.0,NotYet
30.0,4.1,11.9,1.8,-12.0,200.0,NotYet
30.0,4.1,11.9,1.8,-12.0,210.0,NotYet
30.0,4.1,11.9,1.8,-12.0,220.0,NotYet
30.0,4.1,11.9,1.8,-12.0,230.0,NotYet
30.0,4.1,11.9,1.8,-12.0,240.0,NotYet
30.0,4.1,11.9,1.8,-12.0,250.0,NotYet
30.0,4.1,11.9,1.8,-12.0,260.0,NotYet
30.0,4.1,11.9,1.8,-12.0,270.0,NotYet
30.0,4.1,11.9,1.8,-12.0,280.0,NotYet
30.0,4.1,11.9,1.8,-12.0,290.0,NotYet
30.0,4.1,11.9,1.8,-12.0,300.0,NotYet
30.0,4.1,11.9,1.8,-12.0,310.0,NotYet
30.0,4.1,11.9,1.8,-12.0,320.0,NotYet
30.0,4.1,11.9,1.8,-12.0,330.0,NotYet
30.0,4.1,11.9,1.8,-12.0,340.0,NotYet
30.0,4.1,11.9,1.8,-12.0,350.0,NotYet
30.0,4.1,11.9,1.8,-10.0,0.0,NotYet
30.0,4.1,11.9,1.8,-10.0,10.0,NotYet
30.0,4.1,11.9,1.8,-10.0,20.0,NotYet
30.0,4.1,11.9,1.8,-10.0,30.0,NotYet
30.0,4.1,11.9,1.8,-10.0,40.0,NotYet
30.0,4.1,11.9,1.8,-10.0,50.0,NotYet
30.0,4.1,11.9,1.8,-10.0,60.0,NotYet
30.0,4.1,11.9,1.8,-10.0,70.0,NotYet
30.0,4.1,11.9,1.8,-10.0,80.0,NotYet
30.0,4.1,11.9,1.8,-10.0,90.0,NotYet
30.0,4.1,11.9,1.8,-10.0,100.0,NotYet
30.0,4.1,11.9,1.8,-10.0,110.0,NotYet
30.0,4.1,11.9,1.8,-10.0,120.0,NotYet
30.0,4.1,11.9,1.8,-10.0,130.0,NotYet
30.0,4.1,11.9,1.8,-10.0,140.0,NotYet
30.0,4.1,11.9,1.8,-10.0,150.0,NotYet
30.0,4.1,11.9,1.8,-10.0,160.0,NotYet
30.0,4.1,11.9,1.8,-10.0,170.0,NotYet
30.0,4.1,11.9,1.8,-10.0,180.0,NotYet
30.0,4.1,11.9,1.8,-10.0,190.0,NotYet
30.0,4.1,11.9,1.8,-10.0,200.0,NotYet
30.0,4.1,11.9,1.8,-10.0,210.0,NotYet
30.0,4.1,11.9,1.8,-10.0,220.0,NotYet
30.0,4.1,11.9,1.8,-10.0,230.0,NotYet
30.0,4.1,11.9,1.8,-10.0,240.0,NotYet
30.0,4.1,11.9,1.8,-10.0,250.0,NotYet
30.0,4.1,11.9,1.8,-10.0,260.0,NotYet
30.0,4.1,11.9,1.8,-10.0,270.0,NotYet
30.0,4.1,11.9,1.8,-10.0,280.0,NotYet
30.0,4.1,11.9,1.8,-10.0,290.0,NotYet
30.0,4.1,11.9,1.8,-10.0,300.0,NotYet
30.0,4.1,11.9,1.8,-10.0,310.0,NotYet
30.0,4.1,11.9,1.8,-10.0,320.0,NotYet
30.0,4.1,11.9,1.8,-10.0,330.0,NotYet
30.0,4.1,11.9,1.8,-10.0,340.0,NotYet
30.0,4.1,11.9,1.8,-10.0,350.0,NotYet
30.0,4.1,11.9,1.8,-8.0,0.0,NotYet
30.0,4.1,11.9,1.8,-8.0,10.0,NotYet
30.0,4.1,11.9,1.8,-8.0,20.0,NotYet
30.0,4.1,11.9,1.8,-8.0,30.0,NotYet
30.0,4.1,11.9,1.8,-8.0,40.0,NotYet
30.0,4.1,11.9,1.8,-8.0,50.0,NotYet
30.0,4.1,11.9,1.8,-8.0,60.0,NotYet
30.0,4.1,11.9,1.8,-8.0,70.0,NotYet
30.0,4.1,11.9,1.8,-8.0,80.0,NotYet
30.0,4.1,11.9,1.8,-8.0,90.0,NotYet
30.0,4.1,11.9,1.8,-8.0,100.0,NotYet
30.0,4.1,11.9,1.8,-8.0,110.0,NotYet
30.0,4.1,11.9,1.8,-8.0,120.0,NotYet
30.0,4.1,11.9,1.8,-8.0,130.0,NotYet
30.0,4.1,11.9,1.8,-8.0,140.0,NotYet
30.0,4.1,11.9,1.8,-8.0,150.0,NotYet
30.0,4.1,11.9,1.8,-8.0,160.0,NotYet
30.0,4.1,11.9,1.8,-8.0,170.0,NotYet
30.0,4.1,11.9,1.8,-8.0,180.0,NotYet
30.0,4.1,11.9,1.8,-8.0,190.0,NotYet
30.0,4.1,11.9,1.8,-8.0,200.0,NotYet
30.0,4.1,11.9,1.8,-8.0,210.0,NotYet
30.0,4.1,11.9,1.8,-8.0,220.0,NotYet
30.0,4.1,11.9,1.8,-8.0,230.0,NotYet
30.0,4.1,11.9,1.8,-8.0,240.0,NotYet
30.0,4.1,11.9,1.8,-8.0,250.0,NotYet
30.0,4.1,11.9,1.8,-8.0,260.0,NotYet
30.0,4.1,11.9,1.8,-8.0,270.0,NotYet
30.0,4.1,11.9,1.8,-8.0,280.0,NotYet
30.0,4.1,11.9,1.8,-8.0,290.0,NotYet
30.0,4.1,11.9,1.8,-8.0,300.0,NotYet
30.0,4.1,11.9,1.8,-8.0,310.0,NotYet
30.0,4.1,11.9,1.8,-8.0,320.0,NotYet
30.0,4.1,11.9,1.8,-8.0,330.0,NotYet
30.0,4.1,11.9,1.8,-8.0,340.0,NotYet
30.0,4.1,11.9,1.8,-8.0,350.0,NotYet
30.0,4.1,11.9,1.8,-6.0,0.0,NotYet
30.0,4.1,11.9,1.8,-6.0,10.0,NotYet
30.0,4.1,11.9,1.8,-6.0,20.0,NotYet
30.0,4.1,11.9,1.8,-6.0,30.0,NotYet
30.0,4.1,11.9,1.8,-6.0,40.0,NotYet
30.0,4.1,11.9,1.8,-6.0,50.0,NotYet
30.0,4.1,11.9,1.8,-6.0,60.0,NotYet
30.0,4.1,11.9,1.8,-6.0,70.0,NotYet
30.0,4.1,11.9,1.8,-6.0,80.0,NotYet
30.0,4.1,11.9,1.8,-6.0,90.0,NotYet
30.0,4.1,11.9,1.8,-6.0,100.0,NotYet
30.0,4.1,11.9,1.8,-6.0,110.0,NotYet
30.0,4.1,11.9,1.8,-6.0,120.0,NotYet
30.0,4.1,11.9,1.8,-6.0,130.0,NotYet
30.0,4.1,11.9,1.8,-6.0,140.0,NotYet
30.0,4.1,11.9,1.8,-6.0,150.0,NotYet
30.0,4.1,11.9,1.8,-6.0,160.0,NotYet
30.0,4.1,11.9,1.8,-6.0,170.0,NotYet
30.0,4.1,11.9,1.8,-6.0,180.0,NotYet
30.0,4.1,11.9,1.8,-6.0,190.0,NotYet
30.0,4.1,11.9,1.8,-6.0,200.0,NotYet
30.0,4.1,11.9,1.8,-6.0,210.0,NotYet
30.0,4.1,11.9,1.8,-6.0,220.0,NotYet
30.0,4.1,11.9,1.8,-6.0,230.0,NotYet
30.0,4.1,11.9,1.8,-6.0,240.0,NotYet
30.0,4.1,11.9,1.8,-6.0,250.0,NotYet
30.0,4.1,11.9,1.8,-6.0,260.0,NotYet
30.0,4.1,11.9,1.8,-6.0,270.0,NotYet
30.0,4.1,11.9,1.8,-6.0,280.0,NotYet
30.0,4.1,11.9,1.8,-6.0,290.0,NotYet
30.0,4.1,11.9,1.8,-6.0,300.0,NotYet
30.0,4.1,11.9,1.8,-6.0,310.0,NotYet
30.0,4.1,11.9,1.8,-6.0,320.0,NotYet
30.0,4.1,11.9,1.8,-6.0,330.0,NotYet
30.0,4.1,11.9,1.8,-6.0,340.0,NotYet
30.0,4.1,11.9,1.8,-6.0,350.0,NotYet
30.0,4.1,11.9,1.8,-4.0,0.0,NotYet
30.0,4.1,11.9,1.8,-4.0,10.0,NotYet
30.0,4.1,11.9,1.8,-4.0,20.0,NotYet
30.0,4.1,11.9,1.8,-4.0,30.0,NotYet
30.0,4.1,11.9,1.8,-4.0,40.0,NotYet
30.0,4.1,11.9,1.8,-4.0,50.0,NotYet
30.0,4.1,11.9,1.8,-4.0,60.0,NotYet
30.0,4.1,11.9,1.8,-4.0,70.0,NotYet
30.0,4.1,11.9,1.8,-4.0,80.0,NotYet
30.0,4.1,11.9,1.8,-4.0,90.0,NotYet
30.0,4.1,11.9,1.8,-4.0,100.0,NotYet
30.0,4.1,11.9,1.8,-4.0,110.0,NotYet
30.0,4.1,11.9,1.8,-4.0,120.0,NotYet
30.0,4.1,11.9,1.8,-4.0,130.0,NotYet
30.0,4.1,11.9,1.8,-4.0,140.0,NotYet
30.0,4.1,11.9,1.8,-4.0,150.0,NotYet
30.0,4.1,11.9,1.8,-4.0,160.0,NotYet
30.0,4.1,11.9,1.8,-4.0,170.0,NotYet
30.0,4.1,11.9,1.8,-4.0,180.0,NotYet
30.0,4.1,11.9,1.8,-4.0,190.0,NotYet
30.0,4.1,11.9,1.8,-4.0,200.0,NotYet
30.0,4.1,11.9,1.8,-4.0,210.0,NotYet
30.0,4.1,11.9,1.8,-4.0,220.0,NotYet
30.0,4.1,11.9,1.8,-4.0,230.0,NotYet
30.0,4.1,11.9,1.8,-4.0,240.0,NotYet
30.0,4.1,11.9,1.8,-4.0,250.0,NotYet
30.0,4.1,11.9,1.8,-4.0,260.0,NotYet
30.0,4.1,11.9,1.8,-4.0,270.0,NotYet
30.0,4.1,11.9,1.8,-4.0,280.0,NotYet
30.0,4.1,11.9,1.8,-4.0,290.0,NotYet
30.0,4.1,11.9,1.8,-4.0,300.0,NotYet
30.0,4.1,11.9,1.8,-4.0,310.0,NotYet
30.0,4.1,11.9,1.8,-4.0,320.0,NotYet
30.0,4.1,11.9,1.8,-4.0,330.0,NotYet
30.0,4.1,11.9,1.8,-4.0,340.0,NotYet
30.0,4.1,11.9,1.8,-4.0,350.0,NotYet
30.0,4.1,11.9,1.8,-2.0,0.0,NotYet
30.0,4.1,11.9,1.8,-2.0,10.0,NotYet
30.0,4.1,11.9,1.8,-2.0,20.0,NotYet
30.0,4.1,11.9,1.8,-2.0,30.0,NotYet
30.0,4.1,11.9,1.8,-2.0,40.0,NotYet
30.0,4.1,11.9,1.8,-2.0,50.0,NotYet
30.0,4.1,11.9,1.8,-2.0,60.0,NotYet
30.0,4.1,11.9,1.8,-2.0,70.0,NotYet
30.0,4.1,11.9,1.8,-2.0,80.0,NotYet
30.0,4.1,11.9,1.8,-2.0,90.0,NotYet
30.0,4.1,11.9,1.8,-2.0,100.0,NotYet
30.0,4.1,11.9,1.8,-2.0,110.0,NotYet
30.0,4.1,11.9,1.8,-2.0,120.0,NotYet
30.0,4.1,11.9,1.8,-2.0,130.0,NotYet
30.0,4.1,11.9,1.8,-2.0,140.0,NotYet
30.0,4.1,11.9,1.8,-2.0,150.0,NotYet
30.0,4.1,11.9,1.8,-2.0,160.0,NotYet
30.0,4.1,11.9,1.8,-2.0,170.0,NotYet
30.0,4.1,11.9,1.8,-2.0,180.0,NotYet
30.0,4.1,11.9,1.8,-2.0,190.0,NotYet
30.0,4.1,11.9,1.8,-2.0,200.0,NotYet
30.0,4.1,11.9,1.8,-2.0,210.0,NotYet
30.0,4.1,11.9,1.8,-2.0,220.0,NotYet
30.0,4.1,11.9,1.8,-2.0,230.0,NotYet
30.0,4.1,11.9,1.8,-2.0,240.0,NotYet
30.0,4.1,11.9,1.8,-2.0,250.0,NotYet
30.0,4.1,11.9,1.8,-2.0,260.0,NotYet
30.0,4.1,11.9,1.8,-2.0,270.0,NotYet
30.0,4.1,11.9,1.8,-2.0,280.0,NotYet
30.0,4.1,11.9,1.8,-2.0,290.0,NotYet
30.0,4.1,11.9,1.8,-2.0,300.0,NotYet
30.0,4.1,11.9,1.8,-2.0,310.0,NotYet
30.0,4.1,11.9,1.8,-2.0,320.0,NotYet
30.0,4.1,11.9,1.8,-2.0,330.0,NotYet
30.0,4.1,11.9,1.8,-2.0,340.0,NotYet
30.0,4.1,11.9,1.8,-2.0,350.0,NotYet
30.0,4.1,11.9,1.8,0.0,0.0,NotYet
30.0,4.1,11.9,1.8,0.0,10.0,NotYet
30.0,4.1,11.9,1.8,0.0,20.0,NotYet
30.0,4.1,11.9,1.8,0.0,30.0,NotYet
30.0,4.1,11.9,1.8,0.0,40.0,NotYet
30.0,4.1,11.9,1.8,0.0,50.0,NotYet
30.0,4.1,11.9,1.8,0.0,60.0,NotYet
30.0,4.1,11.9,1.8,0.0,70.0,NotYet
30.0,4.1,11.9,1.8,0.0,80.0,NotYet
30.0,4.1,11.9,1.8,0.0,90.0,NotYet
30.0,4.1,11.9,1.8,0.0,100.0,NotYet
30.0,4.1,11.9,1.8,0.0,110.0,NotYet
30.0,4.1,11.9,1.8,0.0,120.0,NotYet
30.0,4.1,11.9,1.8,0.0,130.0,NotYet
30.0,4.1,11.9,1.8,0.0,140.0,NotYet
30.0,4.1,11.9,1.8,0.0,150.0,NotYet
30.0,4.1,11.9,1.8,0.0,160.0,NotYet
30.0,4.1,11.9,1.8,0.0,170.0,NotYet
30.0,4.1,11.9,1.8,0.0,180.0,NotYet
30.0,4.1,11.9,1.8,0.0,190.0,NotYet
30.0,4.1,11.9,1.8,0.0,200.0,NotYet
30.0,4.1,11.9,1.8,0.0,210.0,NotYet
30.0,4.1,11.9,1.8,0.0,220.0,NotYet
30.0,4.1,11.9,1.8,0.0,230.0,NotYet
30.0,4.1,11.9,1.8,0.0,240.0,NotYet
30.0,4.1,11.9,1.8,0.0,250.0,NotYet
30.0,4.1,11.9,1.8,0.0,260.0,NotYet
30.0,4.1,11.9,1.8,0.0,270.0,NotYet
30.0,4.1,11.9,1.8,0.0,280.0,NotYet
30.0,4.1,11.9,1.8,0.0,290.0,NotYet
30.0,4.1,11.9,1.8,0.0,300.0,NotYet
30.0,4.1,11.9,1.8,0.0,310.0,NotYet
30.0,4.1,11.9,1.8,0.0,320.0,NotYet
30.0,4.1,11.9,1.8,0.0,330.0,NotYet
30.0,4.1,11.9,1.8,0.0,340.0,NotYet
30.0,4.1,11.9,1.8,0.0,350.0,NotYet
30.0,4.1,11.9,1.8,2.0,0.0,NotYet
30.0,4.1,11.9,1.8,2.0,10.0,NotYet
30.0,4.1,11.9,1.8,2.0,20.0,NotYet
30.0,4.1,11.9,1.8,2.0,30.0,NotYet
30.0,4.1,11.9,1.8,2.0,40.0,NotYet
30.0,4.1,11.9,1.8,2.0,50.0,NotYet
30.0,4.1,11.9,1.8,2.0,60.0,NotYet
30.0,4.1,11.9,1.8,2.0,70.0,NotYet
30.0,4.1,11.9,1.8,2.0,80.0,NotYet
30.0,4.1,11.9,1.8,2.0,90.0,NotYet
30.0,4.1,11.9,1.8,2.0,100.0,NotYet
30.0,4.1,11.9,1.8,2.0,110.0,NotYet
30.0,4.1,11.9,1.8,2.0,120.0,NotYet
30.0,4.1,11.9,1.8,2.0,130.0,NotYet
30.0,4.1,11.9,1.8,2.0,140.0,NotYet
30.0,4.1,11.9,1.8,2.0,150.0,NotYet
30.0,4.1,11.9,1.8,2.0,160.0,NotYet
30.0,4.1,11.9,1.8,2.0,170.0,NotYet
30.0,4.1,11.9,1.8,2.0,180.0,NotYet
30.0,4.1,11.9,1.8,2.0,190.0,NotYet
30.0,4.1,11.9,1.8,2.0,200.0,NotYet
30.0,4.1,11.9,1.8,2.0,210.0,NotYet
30.0,4.1,11.9,1.8,2.0,220.0,NotYet
30.0,4.1,11.9,1.8,2.0,230.0,NotYet
30.0,4.1,11.9,1.8,2.0,240.0,NotYet
30.0,4.1,11.9,1.8,2.0,250.0,NotYet
30.0,4.1,11.9,1.8,2.0,260.0,NotYet
30.0,4.1,11.9,1.8,2.0,270.0,NotYet
30.0,4.1,11.9,1.8,2.0,280.0,NotYet
30.0,4.1,11.9,1.8,2.0,290.0,NotYet
30.0,4.1,11.9,1.8,2.0,300.0,NotYet
30.0,4.1,11.9,1.8,2.0,310.0,NotYet
30.0,4.1,11.9,1.8,2.0,320.0,NotYet
30.0,4.1,11.9,1.8,2.0,330.0,NotYet
30.0,4.1,11.9,1.8,2.0,340.0,NotYet
30.0,4.1,11.9,1.8,2.0,350.0,NotYet
30.0,4.1,11.9,1.8,4.0,0.0,NotYet
30.0,4.1,11.9,1.8,4.0,10.0,NotYet
30.0,4.1,11.9,1.8,4.0,20.0,NotYet
30.0,4.1,11.9,1.8,4.0,30.0,NotYet
30.0,4.1,11.9,1.8,4.0,40.0,NotYet
30.0,4.1,11.9,1.8,4.0,50.0,NotYet
30.0,4.1,11.9,1.8,4.0,60.0,NotYet
30.0,4.1,11.9,1.8,4.0,70.0,NotYet
30.0,4.1,11.9,1.8,4.0,80.0,NotYet
30.0,4.1,11.9,1.8,4.0,90.0,NotYet
30.0,4.1,11.9,1.8,4.0,100.0,NotYet
30.0,4.1,11.9,1.8,4.0,110.0,NotYet
30.0,4.1,11.9,1.8,4.0,120.0,NotYet
30.0,4.1,11.9,1.8,4.0,130.0,NotYet
30.0,4.1,11.9,1.8,4.0,140.0,NotYet
30.0,4.1,11.9,1.8,4.0,150.0,NotYet
30.0,4.1,11.9,1.8,4.0,160.0,NotYet
30.0,4.1,11.9,1.8,4.0,170.0,NotYet
30.0,4.1,11.9,1.8,4.0,180.0,NotYet
30.0,4.1,11.9,1.8,4.0,190.0,NotYet
30.0,4.1,11.9,1.8,4.0,200.0,NotYet
30.0,4.1,11.9,1.8,4.0,210.0,NotYet
30.0,4.1,11.9,1.8,4.0,220.0,NotYet
30.0,4.1,11.9,1.8,4.0,230.0,NotYet
30.0,4.1,11.9,1.8,4.0,240.0,NotYet
30.0,4.1,11.9,1.8,4.0,250.0,NotYet
30.0,4.1,11.9,1.8,4.0,260.0,NotYet
30.0,4.1,11.9,1.8,4.0,270.0,NotYet
30.0,4.1,11.9,1.8,4.0,280.0,NotYet
30.0,4.1,11.9,1.8,4.0,290.0,NotYet
30.0,4.1,11.9,1.8,4.0,300.0,NotYet
30.0,4.1,11.9,1.8,4.0,310.0,NotYet
30.0,4.1,11.9,1.8,4.0,320.0,NotYet
30.0,4.1,11.9,1.8,4.0,330.0,NotYet
30.0,4.1,11.9,1.8,4.0,340.0,NotYet
30.0,4.1,11.9,1.8,4.0,350.0,NotYet
30.0,4.1,11.9,1.8,6.0,0.0,NotYet
30.0,4.1,11.9,1.8,6.0,10.0,NotYet
30.0,4.1,11.9,1.8,6.0,20.0,NotYet
30.0,4.1,11.9,1.8,6.0,30.0,NotYet
30.0,4.1,11.9,1.8,6.0,40.0,NotYet
30.0,4.1,11.9,1.8,6.0,50.0,NotYet
30.0,4.1,11.9,1.8,6.0,60.0,NotYet
30.0,4.1,11.9,1.8,6.0,70.0,NotYet
30.0,4.1,11.9,1.8,6.0,80.0,NotYet
30.0,4.1,11.9,1.8,6.0,90.0,NotYet
30.0,4.1,11.9,1.8,6.0,100.0,NotYet
30.0,4.1,11.9,1.8,6.0,110.0,NotYet
30.0,4.1,11.9,1.8,6.0,120.0,NotYet
30.0,4.1,11.9,1.8,6.0,130.0,NotYet
30.0,4.1,11.9,1.8,6.0,140.0,NotYet
30.0,4.1,11.9,1.8,6.0,150.0,NotYet
30.0,4.1,11.9,1.8,6.0,160.0,NotYet
30.0,4.1,11.9,1.8,6.0,170.0,NotYet
30.0,4.1,11.9,1.8,6.0,180.0,NotYet
30.0,4.1,11.9,1.8,6.0,190.0,NotYet
30.0,4.1,11.9,1.8,6.0,200.0,NotYet
30.0,4.1,11.9,1.8,6.0,210.0,NotYet
30.0,4.1,11.9,1.8,6.0,220.0,NotYet
30.0,4.1,11.9,1.8,6.0,230.0,NotYet
30.0,4.1,11.9,1.8,6.0,240.0,NotYet
30.0,4.1,11.9,1.8,6.0,250.0,NotYet
30.0,4.1,11.9,1.8,6.0,260.0,NotYet
30.0,4.1,11.9,1.8,6.0,270.0,NotYet
30.0,4.1,11.9,1.8,6.0,280.0,NotYet
30.0,4.1,11.9,1.8,6.0,290.0,NotYet
30.0,4.1,11.9,1.8,6.0,300.0,NotYet
30.0,4.1,11.9,1.8,6.0,310.0,NotYet
30.0,4.1,11.9,1.8,6.0,320.0,NotYet
30.0,4.1,11.9,1.8,6.0,330.0,NotYet
30.0,4.1,11.9,1.8,6.0,340.0,NotYet
30.0,4.1,11.9,1.8,6.0,350.0,NotYet
30.0,4.1,11.9,1.8,8.0,0.0,NotYet
30.0,4.1,11.9,1.8,8.0,10.0,NotYet
30.0,4.1,11.9,1.8,8.0,20.0,NotYet
30.0,4.1,11.9,1.8,8.0,30.0,NotYet
30.0,4.1,11.9,1.8,8.0,40.0,NotYet
30.0,4.1,11.9,1.8,8.0,50.0,NotYet
30.0,4.1,11.9,1.8,8.0,60.0,NotYet
30.0,4.1,11.9,1.8,8.0,70.0,NotYet
30.0,4.1,11.9,1.8,8.0,80.0,NotYet
30.0,4.1,11.9,1.8,8.0,90.0,NotYet
30.0,4.1,11.9,1.8,8.0,100.0,NotYet
30.0,4.1,11.9,1.8,8.0,110.0,NotYet
30.0,4.1,11.9,1.8,8.0,120.0,NotYet
30.0,4.1,11.9,1.8,8.0,130.0,NotYet
30.0,4.1,11.9,1.8,8.0,140.0,NotYet
30.0,4.1,11.9,1.8,8.0,150.0,NotYet
30.0,4.1,11.9,1.8,8.0,160.0,NotYet
30.0,4.1,11.9,1.8,8.0,170.0,NotYet
30.0,4.1,11.9,1.8,8.0,180.0,NotYet
30.0,4.1,11.9,1.8,8.0,190.0,NotYet
30.0,4.1,11.9,1.8,8.0,200.0,NotYet
30.0,4.1,11.9,1.8,8.0,210.0,NotYet
30.0,4.1,11.9,1.8,8.0,220.0,NotYet
30.0,4.1,11.9,1.8,8.0,230.0,NotYet
30.0,4.1,11.9,1.8,8.0,240.0,NotYet
30.0,4.1,11.9,1.8,8.0,250.0,NotYet
30.0,4.1,11.9,1.8,8.0,260.0,NotYet
30.0,4.1,11.9,1.8,8.0,270.0,NotYet
30.0,4.1,11.9,1.8,8.0,280.0,NotYet
30.0,4.1,11.9,1.8,8.0,290.0,NotYet
30.0,4.1,11.9,1.8,8.0,300.0,NotYet
30.0,4.1,11.9,1.8,8.0,310.0,NotYet
30.0,4.1,11.9,1.8,8.0,320.0,NotYet
30.0,4.1,11.9,1.8,8.0,330.0,NotYet
30.0,4.1,11.9,1.8,8.0,340.0,NotYet
30.0,4.1,11.9,1.8,8.0,350.0,NotYet
30.0,4.1,11.9,1.8,10.0,0.0,NotYet
30.0,4.1,11.9,1.8,10.0,10.0,NotYet
30.0,4.1,11.9,1.8,10.0,20.0,NotYet
30.0,4.1,11.9,1.8,10.0,30.0,NotYet
30.0,4.1,11.9,1.8,10.0,40.0,NotYet
30.0,4.1,11.9,1.8,10.0,50.0,NotYet
30.0,4.1,11.9,1.8,10.0,60.0,NotYet
30.0,4.1,11.9,1.8,10.0,70.0,NotYet
30.0,4.1,11.9,1.8,10.0,80.0,NotYet
30.0,4.1,11.9,1.8,10.0,90.0,NotYet
30.0,4.1,11.9,1.8,10.0,100.0,NotYet
30.0,4.1,11.9,1.8,10.0,110.0,NotYet
30.0,4.1,11.9,1.8,10.0,120.0,NotYet
30.0,4.1,11.9,1.8,10.0,130.0,NotYet
30.0,4.1,11.9,1.8,10.0,140.0,NotYet
30.0,4.1,11.9,1.8,10.0,150.0,NotYet
30.0,4.1,11.9,1.8,10.0,160.0,NotYet
30.0,4.1,11.9,1.8,10.0,170.0,NotYet
30.0,4.1,11.9,1.8,10.0,180.0,NotYet
30.0,4.1,11.9,1.8,10.0,190.0,NotYet
30.0,4.1,11.9,1.8,10.0,200.0,NotYet
30.0,4.1,11.9,1.8,10.0,210.0,NotYet
30.0,4.1,11.9,1.8,10.0,220.0,NotYet
30.0,4.1,11.9,1.8,10.0,230.0,NotYet
30.0,4.1,11.9,1.8,10.0,240.0,NotYet
30.0,4.1,11.9,1.8,10.0,250.0,NotYet
30.0,4.1,11.9,1.8,10.0,260.0,NotYet
30.0,4.1,11.9,1.8,10.0,270.0,NotYet
30.0,4.1,11.9,1.8,10.0,280.0,NotYet
30.0,4.1,11.9,1.8,10.0,290.0,NotYet
30.0,4.1,11.9,1.8,10.0,300.0,NotYet
30.0,4.1,11.9,1.8,10.0,310.0,NotYet
30.0,4.1,11.9,1.8,10.0,320.0,NotYet
30.0,4.1,11.9,1.8,10.0,330.0,NotYet
30.0,4.1,11.9,1.8,10.0,340.0,NotYet
30.0,4.1,11.9,1.8,10.0,350.0,NotYet
30.0,4.1,11.9,1.8,12.0,0.0,NotYet
30.0,4.1,11.9,1.8,12.0,10.0,NotYet
30.0,4.1,11.9,1.8,12.0,20.0,NotYet
30.0,4.1,11.9,1.8,12.0,30.0,NotYet
30.0,4.1,11.9,1.8,12.0,40.0,NotYet
30.0,4.1,11.9,1.8,12.0,50.0,NotYet
30.0,4.1,11.9,1.8,12.0,60.0,NotYet
30.0,4.1,11.9,1.8,12.0,70.0,NotYet
30.0,4.1,11.9,1.8,12.0,80.0,NotYet
30.0,4.1,11.9,1.8,12.0,90.0,NotYet
30.0,4.1,11.9,1.8,12.0,100.0,NotYet
30.0,4.1,11.9,1.8,12.0,110.0,NotYet
30.0,4.1,11.9,1.8,12.0,120.0,NotYet
30.0,4.1,11.9,1.8,12.0,130.0,NotYet
30.0,4.1,11.9,1.8,12.0,140.0,NotYet
30.0,4.1,11.9,1.8,12.0,150.0,NotYet
30.0,4.1,11.9,1.8,12.0,160.0,NotYet
30.0,4.1,11.9,1.8,12.0,170.0,NotYet
30.0,4.1,11.9,1.8,12.0,180.0,NotYet
30.0,4.1,11.9,1.8,12.0,190.0,NotYet
30.0,4.1,11.9,1.8,12.0,200.0,NotYet
30.0,4.1,11.9,1.8,12.0,210.0,NotYet
30.0,4.1,11.9,1.8,12.0,220.0,NotYet
30.0,4.1,11.9,1.8,12.0,230.0,NotYet
30.0,4.1,11.9,1.8,12.0,240.0,NotYet
30.0,4.1,11.9,1.8,12.0,250.0,NotYet
30.0,4.1,11.9,1.8,12.0,260.0,NotYet
30.0,4.1,11.9,1.8,12.0,270.0,NotYet
30.0,4.1,11.9,1.8,12.0,280.0,NotYet
30.0,4.1,11.9,1.8,12.0,290.0,NotYet
30.0,4.1,11.9,1.8,12.0,300.0,NotYet
30.0,4.1,11.9,1.8,12.0,310.0,NotYet
30.0,4.1,11.9,1.8,12.0,320.0,NotYet
30.0,4.1,11.9,1.8,12.0,330.0,NotYet
30.0,4.1,11.9,1.8,12.0,340.0,NotYet
30.0,4.1,11.9,1.8,12.0,350.0,NotYet
30.0,4.1,11.9,1.8,14.0,0.0,NotYet
30.0,4.1,11.9,1.8,14.0,10.0,NotYet
30.0,4.1,11.9,1.8,14.0,20.0,NotYet
30.0,4.1,11.9,1.8,14.0,30.0,NotYet
30.0,4.1,11.9,1.8,14.0,40.0,NotYet
30.0,4.1,11.9,1.8,14.0,50.0,NotYet
30.0,4.1,11.9,1.8,14.0,60.0,NotYet
30.0,4.1,11.9,1.8,14.0,70.0,NotYet
30.0,4.1,11.9,1.8,14.0,80.0,NotYet
30.0,4.1,11.9,1.8,14.0,90.0,NotYet
30.0,4.1,11.9,1.8,14.0,100.0,NotYet
30.0,4.1,11.9,1.8,14.0,110.0,NotYet
30.0,4.1,11.9,1.8,14.0,120.0,NotYet
30.0,4.1,11.9,1.8,14.0,130.0,NotYet
30.0,4.1,11.9,1.8,14.0,140.0,NotYet
30.0,4.1,11.9,1.8,14.0,150.0,NotYet
30.0,4.1,11.9,1.8,14.0,160.0,NotYet
30.0,4.1,11.9,1.8,14.0,170.0,NotYet
30.0,4.1,11.9,1.8,14.0,180.0,NotYet
30.0,4.1,11.9,1.8,14.0,190.0,NotYet
30.0,4.1,11.9,1.8,14.0,200.0,NotYet
30.0,4.1,11.9,1.8,14.0,210.0,NotYet
30.0,4.1,11.9,1.8,14.0,220.0,NotYet
30.0,4.1,11.9,1.8,14.0,230.0,NotYet
30.0,4.1,11.9,1.8,14.0,240.0,NotYet
30.0,4.1,11.9,1.8,14.0,250.0,NotYet
30.0,4.1,11.9,1.8,14.0,260.0,NotYet
30.0,4.1,11.9,1.8,14.0,270.0,NotYet
30.0,4.1,11.9,1.8,14.0,280.0,NotYet
30.0,4.1,11.9,1.8,14.0,290.0,NotYet
30.0,4.1,11.9,1.8,14.0,300.0,NotYet
30.0,4.1,11.9,1.8,14.0,310.0,NotYet
30.0,4.1,11.9,1.8,14.0,320.0,NotYet
30.0,4.1,11.9,1.8,14.0,330.0,NotYet
30.0,4.1,11.9,1.8,14.0,340.0,NotYet
30.0,4.1,11.9,1.8,14.0,350.0,NotYet
30.0,4.1,11.9,2.0,-14.0,0.0,NotYet
30.0,4.1,11.9,2.0,-14.0,10.0,NotYet
30.0,4.1,11.9,2.0,-14.0,20.0,NotYet
30.0,4.1,11.9,2.0,-14.0,30.0,NotYet
30.0,4.1,11.9,2.0,-14.0,40.0,NotYet
30.0,4.1,11.9,2.0,-14.0,50.0,NotYet
30.0,4.1,11.9,2.0,-14.0,60.0,NotYet
30.0,4.1,11.9,2.0,-14.0,70.0,NotYet
30.0,4.1,11.9,2.0,-14.0,80.0,NotYet
30.0,4.1,11.9,2.0,-14.0,90.0,NotYet
30.0,4.1,11.9,2.0,-14.0,100.0,NotYet
30.0,4.1,11.9,2.0,-14.0,110.0,NotYet
30.0,4.1,11.9,2.0,-14.0,120.0,NotYet
30.0,4.1,11.9,2.0,-14.0,130.0,NotYet
30.0,4.1,11.9,2.0,-14.0,140.0,NotYet
30.0,4.1,11.9,2.0,-14.0,150.0,NotYet
30.0,4.1,11.9,2.0,-14.0,160.0,NotYet
30.0,4.1,11.9,2.0,-14.0,170.0,NotYet
30.0,4.1,11.9,2.0,-14.0,180.0,NotYet
30.0,4.1,11.9,2.0,-14.0,190.0,NotYet
30.0,4.1,11.9,2.0,-14.0,200.0,NotYet
30.0,4.1,11.9,2.0,-14.0,210.0,NotYet
30.0,4.1,11.9,2.0,-14.0,220.0,NotYet
30.0,4.1,11.9,2.0,-14.0,230.0,NotYet
30.0,4.1,11.9,2.0,-14.0,240.0,NotYet
30.0,4.1,11.9,2.0,-14.0,250.0,NotYet
30.0,4.1,11.9,2.0,-14.0,260.0,NotYet
30.0,4.1,11.9,2.0,-14.0,270.0,NotYet
30.0,4.1,11.9,2.0,-14.0,280.0,NotYet
30.0,4.1,11.9,2.0,-14.0,290.0,NotYet
30.0,4.1,11.9,2.0,-14.0,300.0,NotYet
30.0,4.1,11.9,2.0,-14.0,310.0,NotYet
30.0,4.1,11.9,2.0,-14.0,320.0,NotYet
30.0,4.1,11.9,2.0,-14.0,330.0,NotYet
30.0,4.1,11.9,2.0,-14.0,340.0,NotYet
30.0,4.1,11.9,2.0,-14.0,350.0,NotYet
30.0,4.1,11.9,2.0,-12.0,0.0,NotYet
30.0,4.1,11.9,2.0,-12.0,10.0,NotYet
30.0,4.1,11.9,2.0,-12.0,20.0,NotYet
30.0,4.1,11.9,2.0,-12.0,30.0,NotYet
30.0,4.1,11.9,2.0,-12.0,40.0,NotYet
30.0,4.1,11.9,2.0,-12.0,50.0,NotYet
30.0,4.1,11.9,2.0,-12.0,60.0,NotYet
30.0,4.1,11.9,2.0,-12.0,70.0,NotYet
30.0,4.1,11.9,2.0,-12.0,80.0,NotYet
30.0,4.1,11.9,2.0,-12.0,90.0,NotYet
30.0,4.1,11.9,2.0,-12.0,100.0,NotYet
30.0,4.1,11.9,2.0,-12.0,110.0,NotYet
30.0,4.1,11.9,2.0,-12.0,120.0,NotYet
30.0,4.1,11.9,2.0,-12.0,130.0,NotYet
30.0,4.1,11.9,2.0,-12.0,140.0,NotYet
30.0,4.1,11.9,2.0,-12.0,150.0,NotYet
30.0,4.1,11.9,2.0,-12.0,160.0,NotYet
30.0,4.1,11.9,2.0,-12.0,170.0,NotYet
30.0,4.1,11.9,2.0,-12.0,180.0,NotYet
30.0,4.1,11.9,2.0,-12.0,190.0,NotYet
30.0,4.1,11.9,2.0,-12.0,200.0,NotYet
30.0,4.1,11.9,2.0,-12.0,210.0,NotYet
30.0,4.1,11.9,2.0,-12.0,220.0,NotYet
30.0,4.1,11.9,2.0,-12.0,230.0,NotYet
30.0,4.1,11.9,2.0,-12.0,240.0,NotYet
30.0,4.1,11.9,2.0,-12.0,250.0,NotYet
30.0,4.1,11.9,2.0,-12.0,260.0,NotYet
30.0,4.1,11.9,2.0,-12.0,270.0,NotYet
30.0,4.1,11.9,2.0,-12.0,280.0,NotYet
30.0,4.1,11.9,2.0,-12.0,290.0,NotYet
30.0,4.1,11.9,2.0,-12.0,300.0,NotYet
30.0,4.1,11.9,2.0,-12.0,310.0,NotYet
30.0,4.1,11.9,2.0,-12.0,320.0,NotYet
30.0,4.1,11.9,2.0,-12.0,330.0,NotYet
30.0,4.1,11.9,2.0,-12.0,340.0,NotYet
30.0,4.1,11.9,2.0,-12.0,350.0,NotYet
30.0,4.1,11.9,2.0,-10.0,0.0,NotYet
30.0,4.1,11.9,2.0,-10.0,10.0,NotYet
30.0,4.1,11.9,2.0,-10.0,20.0,NotYet
30.0,4.1,11.9,2.0,-10.0,30.0,NotYet
30.0,4.1,11.9,2.0,-10.0,40.0,NotYet
30.0,4.1,11.9,2.0,-10.0,50.0,NotYet
30.0,4.1,11.9,2.0,-10.0,60.0,NotYet
30.0,4.1,11.9,2.0,-10.0,70.0,NotYet
30.0,4.1,11.9,2.0,-10.0,80.0,NotYet
30.0,4.1,11.9,2.0,-10.0,90.0,NotYet
30.0,4.1,11.9,2.0,-10.0,100.0,NotYet
30.0,4.1,11.9,2.0,-10.0,110.0,NotYet
30.0,4.1,11.9,2.0,-10.0,120.0,NotYet
30.0,4.1,11.9,2.0,-10.0,130.0,NotYet
30.0,4.1,11.9,2.0,-10.0,140.0,NotYet
30.0,4.1,11.9,2.0,-10.0,150.0,NotYet
30.0,4.1,11.9,2.0,-10.0,160.0,NotYet
30.0,4.1,11.9,2.0,-10.0,170.0,NotYet
30.0,4.1,11.9,2.0,-10.0,180.0,NotYet
30.0,4.1,11.9,2.0,-10.0,190.0,NotYet
30.0,4.1,11.9,2.0,-10.0,200.0,NotYet
30.0,4.1,11.9,2.0,-10.0,210.0,NotYet
30.0,4.1,11.9,2.0,-10.0,220.0,NotYet
30.0,4.1,11.9,2.0,-10.0,230.0,NotYet
30.0,4.1,11.9,2.0,-10.0,240.0,NotYet
30.0,4.1,11.9,2.0,-10.0,250.0,NotYet
30.0,4.1,11.9,2.0,-10.0,260.0,NotYet
30.0,4.1,11.9,2.0,-10.0,270.0,NotYet
30.0,4.1,11.9,2.0,-10.0,280.0,NotYet
30.0,4.1,11.9,2.0,-10.0,290.0,NotYet
30.0,4.1,11.9,2.0,-10.0,300.0,NotYet
30.0,4.1,11.9,2.0,-10.0,310.0,NotYet
30.0,4.1,11.9,2.0,-10.0,320.0,NotYet
30.0,4.1,11.9,2.0,-10.0,330.0,NotYet
30.0,4.1,11.9,2.0,-10.0,340.0,NotYet
30.0,4.1,11.9,2.0,-10.0,350.0,NotYet
30.0,4.1,11.9,2.0,-8.0,0.0,NotYet
30.0,4.1,11.9,2.0,-8.0,10.0,NotYet
30.0,4.1,11.9,2.0,-8.0,20.0,NotYet
30.0,4.1,11.9,2.0,-8.0,30.0,NotYet
30.0,4.1,11.9,2.0,-8.0,40.0,NotYet
30.0,4.1,11.9,2.0,-8.0,50.0,NotYet
30.0,4.1,11.9,2.0,-8.0,60.0,NotYet
30.0,4.1,11.9,2.0,-8.0,70.0,NotYet
30.0,4.1,11.9,2.0,-8.0,80.0,NotYet
30.0,4.1,11.9,2.0,-8.0,90.0,NotYet
30.0,4.1,11.9,2.0,-8.0,100.0,NotYet
30.0,4.1,11.9,2.0,-8.0,110.0,NotYet
30.0,4.1,11.9,2.0,-8.0,120.0,NotYet
30.0,4.1,11.9,2.0,-8.0,130.0,NotYet
30.0,4.1,11.9,2.0,-8.0,140.0,NotYet
30.0,4.1,11.9,2.0,-8.0,150.0,NotYet
30.0,4.1,11.9,2.0,-8.0,160.0,NotYet
30.0,4.1,11.9,2.0,-8.0,170.0,NotYet
30.0,4.1,11.9,2.0,-8.0,180.0,NotYet
30.0,4.1,11.9,2.0,-8.0,190.0,NotYet
30.0,4.1,11.9,2.0,-8.0,200.0,NotYet
30.0,4.1,11.9,2.0,-8.0,210.0,NotYet
30.0,4.1,11.9,2.0,-8.0,220.0,NotYet
30.0,4.1,11.9,2.0,-8.0,230.0,NotYet
30.0,4.1,11.9,2.0,-8.0,240.0,NotYet
30.0,4.1,11.9,2.0,-8.0,250.0,NotYet
30.0,4.1,11.9,2.0,-8.0,260.0,NotYet
30.0,4.1,11.9,2.0,-8.0,270.0,NotYet
30.0,4.1,11.9,2.0,-8.0,280.0,NotYet
30.0,4.1,11.9,2.0,-8.0,290.0,NotYet
30.0,4.1,11.9,2.0,-8.0,300.0,NotYet
30.0,4.1,11.9,2.0,-8.0,310.0,NotYet
30.0,4.1,11.9,2.0,-8.0,320.0,NotYet
30.0,4.1,11.9,2.0,-8.0,330.0,NotYet
30.0,4.1,11.9,2.0,-8.0,340.0,NotYet
30.0,4.1,11.9,2.0,-8.0,350.0,NotYet
30.0,4.1,11.9,2.0,-6.0,0.0,NotYet
30.0,4.1,11.9,2.0,-6.0,10.0,NotYet
30.0,4.1,11.9,2.0,-6.0,20.0,NotYet
30.0,4.1,11.9,2.0,-6.0,30.0,NotYet
30.0,4.1,11.9,2.0,-6.0,40.0,NotYet
30.0,4.1,11.9,2.0,-6.0,50.0,NotYet
30.0,4.1,11.9,2.0,-6.0,60.0,NotYet
30.0,4.1,11.9,2.0,-6.0,70.0,NotYet
30.0,4.1,11.9,2.0,-6.0,80.0,NotYet
30.0,4.1,11.9,2.0,-6.0,90.0,NotYet
30.0,4.1,11.9,2.0,-6.0,100.0,NotYet
30.0,4.1,11.9,2.0,-6.0,110.0,NotYet
30.0,4.1,11.9,2.0,-6.0,120.0,NotYet
30.0,4.1,11.9,2.0,-6.0,130.0,NotYet
30.0,4.1,11.9,2.0,-6.0,140.0,NotYet
30.0,4.1,11.9,2.0,-6.0,150.0,NotYet
30.0,4.1,11.9,2.0,-6.0,160.0,NotYet
30.0,4.1,11.9,2.0,-6.0,170.0,NotYet
30.0,4.1,11.9,2.0,-6.0,180.0,NotYet
30.0,4.1,11.9,2.0,-6.0,190.0,NotYet
30.0,4.1,11.9,2.0,-6.0,200.0,NotYet
30.0,4.1,11.9,2.0,-6.0,210.0,NotYet
30.0,4.1,11.9,2.0,-6.0,220.0,NotYet
30.0,4.1,11.9,2.0,-6.0,230.0,NotYet
30.0,4.1,11.9,2.0,-6.0,240.0,NotYet
30.0,4.1,11.9,2.0,-6.0,250.0,NotYet
30.0,4.1,11.9,2.0,-6.0,260.0,NotYet
30.0,4.1,11.9,2.0,-6.0,270.0,NotYet
30.0,4.1,11.9,2.0,-6.0,280.0,NotYet
30.0,4.1,11.9,2.0,-6.0,290.0,NotYet
30.0,4.1,11.9,2.0,-6.0,300.0,NotYet
30.0,4.1,11.9,2.0,-6.0,310.0,NotYet
30.0,4.1,11.9,2.0,-6.0,320.0,NotYet
30.0,4.1,11.9,2.0,-6.0,330.0,NotYet
30.0,4.1,11.9,2.0,-6.0,340.0,NotYet
30.0,4.1,11.9,2.0,-6.0,350.0,NotYet
30.0,4.1,11.9,2.0,-4.0,0.0,NotYet
30.0,4.1,11.9,2.0,-4.0,10.0,NotYet
30.0,4.1,11.9,2.0,-4.0,20.0,NotYet
30.0,4.1,11.9,2.0,-4.0,30.0,NotYet
30.0,4.1,11.9,2.0,-4.0,40.0,NotYet
30.0,4.1,11.9,2.0,-4.0,50.0,NotYet
30.0,4.1,11.9,2.0,-4.0,60.0,NotYet
30.0,4.1,11.9,2.0,-4.0,70.0,NotYet
30.0,4.1,11.9,2.0,-4.0,80.0,NotYet
30.0,4.1,11.9,2.0,-4.0,90.0,NotYet
30.0,4.1,11.9,2.0,-4.0,100.0,NotYet
30.0,4.1,11.9,2.0,-4.0,110.0,NotYet
30.0,4.1,11.9,2.0,-4.0,120.0,NotYet
30.0,4.1,11.9,2.0,-4.0,130.0,NotYet
30.0,4.1,11.9,2.0,-4.0,140.0,NotYet
30.0,4.1,11.9,2.0,-4.0,150.0,NotYet
30.0,4.1,11.9,2.0,-4.0,160.0,NotYet
30.0,4.1,11.9,2.0,-4.0,170.0,NotYet
30.0,4.1,11.9,2.0,-4.0,180.0,NotYet
30.0,4.1,11.9,2.0,-4.0,190.0,NotYet
30.0,4.1,11.9,2.0,-4.0,200.0,NotYet
30.0,4.1,11.9,2.0,-4.0,210.0,NotYet
30.0,4.1,11.9,2.0,-4.0,220.0,NotYet
30.0,4.1,11.9,2.0,-4.0,230.0,NotYet
30.0,4.1,11.9,2.0,-4.0,240.0,NotYet
30.0,4.1,11.9,2.0,-4.0,250.0,NotYet
30.0,4.1,11.9,2.0,-4.0,260.0,NotYet
30.0,4.1,11.9,2.0,-4.0,270.0,NotYet
30.0,4.1,11.9,2.0,-4.0,280.0,NotYet
30.0,4.1,11.9,2.0,-4.0,290.0,NotYet
30.0,4.1,11.9,2.0,-4.0,300.0,NotYet
30.0,4.1,11.9,2.0,-4.0,310.0,NotYet
30.0,4.1,11.9,2.0,-4.0,320.0,NotYet
30.0,4.1,11.9,2.0,-4.0,330.0,NotYet
30.0,4.1,11.9,2.0,-4.0,340.0,NotYet
30.0,4.1,11.9,2.0,-4.0,350.0,NotYet
30.0,4.1,11.9,2.0,-2.0,0.0,NotYet
30.0,4.1,11.9,2.0,-2.0,10.0,NotYet
30.0,4.1,11.9,2.0,-2.0,20.0,NotYet
30.0,4.1,11.9,2.0,-2.0,30.0,NotYet
30.0,4.1,11.9,2.0,-2.0,40.0,NotYet
30.0,4.1,11.9,2.0,-2.0,50.0,NotYet
30.0,4.1,11.9,2.0,-2.0,60.0,NotYet
30.0,4.1,11.9,2.0,-2.0,70.0,NotYet
30.0,4.1,11.9,2.0,-2.0,80.0,NotYet
30.0,4.1,11.9,2.0,-2.0,90.0,NotYet
30.0,4.1,11.9,2.0,-2.0,100.0,NotYet
30.0,4.1,11.9,2.0,-2.0,110.0,NotYet
30.0,4.1,11.9,2.0,-2.0,120.0,NotYet
30.0,4.1,11.9,2.0,-2.0,130.0,NotYet
30.0,4.1,11.9,2.0,-2.0,140.0,NotYet
30.0,4.1,11.9,2.0,-2.0,150.0,NotYet
30.0,4.1,11.9,2.0,-2.0,160.0,NotYet
30.0,4.1,11.9,2.0,-2.0,170.0,NotYet
30.0,4.1,11.9,2.0,-2.0,180.0,NotYet
30.0,4.1,11.9,2.0,-2.0,190.0,NotYet
30.0,4.1,11.9,2.0,-2.0,200.0,NotYet
30.0,4.1,11.9,2.0,-2.0,210.0,NotYet
30.0,4.1,11.9,2.0,-2.0,220.0,NotYet
30.0,4.1,11.9,2.0,-2.0,230.0,NotYet
30.0,4.1,11.9,2.0,-2.0,240.0,NotYet
30.0,4.1,11.9,2.0,-2.0,250.0,NotYet
30.0,4.1,11.9,2.0,-2.0,260.0,NotYet
30.0,4.1,11.9,2.0,-2.0,270.0,NotYet
30.0,4.1,11.9,2.0,-2.0,280.0,NotYet
30.0,4.1,11.9,2.0,-2.0,290.0,NotYet
30.0,4.1,11.9,2.0,-2.0,300.0,NotYet
30.0,4.1,11.9,2.0,-2.0,310.0,NotYet
30.0,4.1,11.9,2.0,-2.0,320.0,NotYet
30.0,4.1,11.9,2.0,-2.0,330.0,NotYet
30.0,4.1,11.9,2.0,-2.0,340.0,NotYet
30.0,4.1,11.9,2.0,-2.0,350.0,NotYet
30.0,4.1,11.9,2.0,0.0,0.0,NotYet
30.0,4.1,11.9,2.0,0.0,10.0,NotYet
30.0,4.1,11.9,2.0,0.0,20.0,NotYet
30.0,4.1,11.9,2.0,0.0,30.0,NotYet
30.0,4.1,11.9,2.0,0.0,40.0,NotYet
30.0,4.1,11.9,2.0,0.0,50.0,NotYet
30.0,4.1,11.9,2.0,0.0,60.0,NotYet
30.0,4.1,11.9,2.0,0.0,70.0,NotYet
30.0,4.1,11.9,2.0,0.0,80.0,NotYet
30.0,4.1,11.9,2.0,0.0,90.0,NotYet
30.0,4.1,11.9,2.0,0.0,100.0,NotYet
30.0,4.1,11.9,2.0,0.0,110.0,NotYet
30.0,4.1,11.9,2.0,0.0,120.0,NotYet
30.0,4.1,11.9,2.0,0.0,130.0,NotYet
30.0,4.1,11.9,2.0,0.0,140.0,NotYet
30.0,4.1,11.9,2.0,0.0,150.0,NotYet
30.0,4.1,11.9,2.0,0.0,160.0,NotYet
30.0,4.1,11.9,2.0,0.0,170.0,NotYet
30.0,4.1,11.9,2.0,0.0,180.0,NotYet
30.0,4.1,11.9,2.0,0.0,190.0,NotYet
30.0,4.1,11.9,2.0,0.0,200.0,NotYet
30.0,4.1,11.9,2.0,0.0,210.0,NotYet
30.0,4.1,11.9,2.0,0.0,220.0,NotYet
30.0,4.1,11.9,2.0,0.0,230.0,NotYet
30.0,4.1,11.9,2.0,0.0,240.0,NotYet
30.0,4.1,11.9,2.0,0.0,250.0,NotYet
30.0,4.1,11.9,2.0,0.0,260.0,NotYet
30.0,4.1,11.9,2.0,0.0,270.0,NotYet
30.0,4.1,11.9,2.0,0.0,280.0,NotYet
30.0,4.1,11.9,2.0,0.0,290.0,NotYet
30.0,4.1,11.9,2.0,0.0,300.0,NotYet
30.0,4.1,11.9,2.0,0.0,310.0,NotYet
30.0,4.1,11.9,2.0,0.0,320.0,NotYet
30.0,4.1,11.9,2.0,0.0,330.0,NotYet
30.0,4.1,11.9,2.0,0.0,340.0,NotYet
30.0,4.1,11.9,2.0,0.0,350.0,NotYet
30.0,4.1,11.9,2.0,2.0,0.0,NotYet
30.0,4.1,11.9,2.0,2.0,10.0,NotYet
30.0,4.1,11.9,2.0,2.0,20.0,NotYet
30.0,4.1,11.9,2.0,2.0,30.0,NotYet
30.0,4.1,11.9,2.0,2.0,40.0,NotYet
30.0,4.1,11.9,2.0,2.0,50.0,NotYet
30.0,4.1,11.9,2.0,2.0,60.0,NotYet
30.0,4.1,11.9,2.0,2.0,70.0,NotYet
30.0,4.1,11.9,2.0,2.0,80.0,NotYet
30.0,4.1,11.9,2.0,2.0,90.0,NotYet
30.0,4.1,11.9,2.0,2.0,100.0,NotYet
30.0,4.1,11.9,2.0,2.0,110.0,NotYet
30.0,4.1,11.9,2.0,2.0,120.0,NotYet
30.0,4.1,11.9,2.0,2.0,130.0,NotYet
30.0,4.1,11.9,2.0,2.0,140.0,NotYet
30.0,4.1,11.9,2.0,2.0,150.0,NotYet
30.0,4.1,11.9,2.0,2.0,160.0,NotYet
30.0,4.1,11.9,2.0,2.0,170.0,NotYet
30.0,4.1,11.9,2.0,2.0,180.0,NotYet
30.0,4.1,11.9,2.0,2.0,190.0,NotYet
30.0,4.1,11.9,2.0,2.0,200.0,NotYet
30.0,4.1,11.9,2.0,2.0,210.0,NotYet
30.0,4.1,11.9,2.0,2.0,220.0,NotYet
30.0,4.1,11.9,2.0,2.0,230.0,NotYet
30.0,4.1,11.9,2.0,2.0,240.0,NotYet
30.0,4.1,11.9,2.0,2.0,250.0,NotYet
30.0,4.1,11.9,2.0,2.0,260.0,NotYet
30.0,4.1,11.9,2.0,2.0,270.0,NotYet
30.0,4.1,11.9,2.0,2.0,280.0,NotYet
30.0,4.1,11.9,2.0,2.0,290.0,NotYet
30.0,4.1,11.9,2.0,2.0,300.0,NotYet
30.0,4.1,11.9,2.0,2.0,310.0,NotYet
30.0,4.1,11.9,2.0,2.0,320.0,NotYet
30.0,4.1,11.9,2.0,2.0,330.0,NotYet
30.0,4.1,11.9,2.0,2.0,340.0,NotYet
30.0,4.1,11.9,2.0,2.0,350.0,NotYet
30.0,4.1,11.9,2.0,4.0,0.0,NotYet
30.0,4.1,11.9,2.0,4.0,10.0,NotYet
30.0,4.1,11.9,2.0,4.0,20.0,NotYet
30.0,4.1,11.9,2.0,4.0,30.0,NotYet
30.0,4.1,11.9,2.0,4.0,40.0,NotYet
30.0,4.1,11.9,2.0,4.0,50.0,NotYet
30.0,4.1,11.9,2.0,4.0,60.0,NotYet
30.0,4.1,11.9,2.0,4.0,70.0,NotYet
30.0,4.1,11.9,2.0,4.0,80.0,NotYet
30.0,4.1,11.9,2.0,4.0,90.0,NotYet
30.0,4.1,11.9,2.0,4.0,100.0,NotYet
30.0,4.1,11.9,2.0,4.0,110.0,NotYet
30.0,4.1,11.9,2.0,4.0,120.0,NotYet
30.0,4.1,11.9,2.0,4.0,130.0,NotYet
30.0,4.1,11.9,2.0,4.0,140.0,NotYet
30.0,4.1,11.9,2.0,4.0,150.0,NotYet
30.0,4.1,11.9,2.0,4.0,160.0,NotYet
30.0,4.1,11.9,2.0,4.0,170.0,NotYet
30.0,4.1,11.9,2.0,4.0,180.0,NotYet
30.0,4.1,11.9,2.0,4.0,190.0,NotYet
30.0,4.1,11.9,2.0,4.0,200.0,NotYet
30.0,4.1,11.9,2.0,4.0,210.0,NotYet
30.0,4.1,11.9,2.0,4.0,220.0,NotYet
30.0,4.1,11.9,2.0,4.0,230.0,NotYet
30.0,4.1,11.9,2.0,4.0,240.0,NotYet
30.0,4.1,11.9,2.0,4.0,250.0,NotYet
30.0,4.1,11.9,2.0,4.0,260.0,NotYet
30.0,4.1,11.9,2.0,4.0,270.0,NotYet
30.0,4.1,11.9,2.0,4.0,280.0,NotYet
30.0,4.1,11.9,2.0,4.0,290.0,NotYet
30.0,4.1,11.9,2.0,4.0,300.0,NotYet
30.0,4.1,11.9,2.0,4.0,310.0,NotYet
30.0,4.1,11.9,2.0,4.0,320.0,NotYet
30.0,4.1,11.9,2.0,4.0,330.0,NotYet
30.0,4.1,11.9,2.0,4.0,340.0,NotYet
30.0,4.1,11.9,2.0,4.0,350.0,NotYet
30.0,4.1,11.9,2.0,6.0,0.0,NotYet
30.0,4.1,11.9,2.0,6.0,10.0,NotYet
30.0,4.1,11.9,2.0,6.0,20.0,NotYet
30.0,4.1,11.9,2.0,6.0,30.0,NotYet
30.0,4.1,11.9,2.0,6.0,40.0,NotYet
30.0,4.1,11.9,2.0,6.0,50.0,NotYet
30.0,4.1,11.9,2.0,6.0,60.0,NotYet
30.0,4.1,11.9,2.0,6.0,70.0,NotYet
30.0,4.1,11.9,2.0,6.0,80.0,NotYet
30.0,4.1,11.9,2.0,6.0,90.0,NotYet
30.0,4.1,11.9,2.0,6.0,100.0,NotYet
30.0,4.1,11.9,2.0,6.0,110.0,NotYet
30.0,4.1,11.9,2.0,6.0,120.0,NotYet
30.0,4.1,11.9,2.0,6.0,130.0,NotYet
30.0,4.1,11.9,2.0,6.0,140.0,NotYet
30.0,4.1,11.9,2.0,6.0,150.0,NotYet
30.0,4.1,11.9,2.0,6.0,160.0,NotYet
30.0,4.1,11.9,2.0,6.0,170.0,NotYet
30.0,4.1,11.9,2.0,6.0,180.0,NotYet
30.0,4.1,11.9,2.0,6.0,190.0,NotYet
30.0,4.1,11.9,2.0,6.0,200.0,NotYet
30.0,4.1,11.9,2.0,6.0,210.0,NotYet
30.0,4.1,11.9,2.0,6.0,220.0,NotYet
30.0,4.1,11.9,2.0,6.0,230.0,NotYet
30.0,4.1,11.9,2.0,6.0,240.0,NotYet
30.0,4.1,11.9,2.0,6.0,250.0,NotYet
30.0,4.1,11.9,2.0,6.0,260.0,NotYet
30.0,4.1,11.9,2.0,6.0,270.0,NotYet
30.0,4.1,11.9,2.0,6.0,280.0,NotYet
30.0,4.1,11.9,2.0,6.0,290.0,NotYet
30.0,4.1,11.9,2.0,6.0,300.0,NotYet
30.0,4.1,11.9,2.0,6.0,310.0,NotYet
30.0,4.1,11.9,2.0,6.0,320.0,NotYet
30.0,4.1,11.9,2.0,6.0,330.0,NotYet
30.0,4.1,11.9,2.0,6.0,340.0,NotYet
30.0,4.1,11.9,2.0,6.0,350.0,NotYet
30.0,4.1,11.9,2.0,8.0,0.0,NotYet
30.0,4.1,11.9,2.0,8.0,10.0,NotYet
30.0,4.1,11.9,2.0,8.0,20.0,NotYet
30.0,4.1,11.9,2.0,8.0,30.0,NotYet
30.0,4.1,11.9,2.0,8.0,40.0,NotYet
30.0,4.1,11.9,2.0,8.0,50.0,NotYet
30.0,4.1,11.9,2.0,8.0,60.0,NotYet
30.0,4.1,11.9,2.0,8.0,70.0,NotYet
30.0,4.1,11.9,2.0,8.0,80.0,NotYet
30.0,4.1,11.9,2.0,8.0,90.0,NotYet
30.0,4.1,11.9,2.0,8.0,100.0,NotYet
30.0,4.1,11.9,2.0,8.0,110.0,NotYet
30.0,4.1,11.9,2.0,8.0,120.0,NotYet
30.0,4.1,11.9,2.0,8.0,130.0,NotYet
30.0,4.1,11.9,2.0,8.0,140.0,NotYet
30.0,4.1,11.9,2.0,8.0,150.0,NotYet
30.0,4.1,11.9,2.0,8.0,160.0,NotYet
30.0,4.1,11.9,2.0,8.0,170.0,NotYet
30.0,4.1,11.9,2.0,8.0,180.0,NotYet
30.0,4.1,11.9,2.0,8.0,190.0,NotYet
30.0,4.1,11.9,2.0,8.0,200.0,NotYet
30.0,4.1,11.9,2.0,8.0,210.0,NotYet
30.0,4.1,11.9,2.0,8.0,220.0,NotYet
30.0,4.1,11.9,2.0,8.0,230.0,NotYet
30.0,4.1,11.9,2.0,8.0,240.0,NotYet
30.0,4.1,11.9,2.0,8.0,250.0,NotYet
30.0,4.1,11.9,2.0,8.0,260.0,NotYet
30.0,4.1,11.9,2.0,8.0,270.0,NotYet
30.0,4.1,11.9,2.0,8.0,280.0,NotYet
30.0,4.1,11.9,2.0,8.0,290.0,NotYet
30.0,4.1,11.9,2.0,8.0,300.0,NotYet
30.0,4.1,11.9,2.0,8.0,310.0,NotYet
30.0,4.1,11.9,2.0,8.0,320.0,NotYet
30.0,4.1,11.9,2.0,8.0,330.0,NotYet
30.0,4.1,11.9,2.0,8.0,340.0,NotYet
30.0,4.1,11.9,2.0,8.0,350.0,NotYet
30.0,4.1,11.9,2.0,10.0,0.0,NotYet
30.0,4.1,11.9,2.0,10.0,10.0,NotYet
30.0,4.1,11.9,2.0,10.0,20.0,NotYet
30.0,4.1,11.9,2.0,10.0,30.0,NotYet
30.0,4.1,11.9,2.0,10.0,40.0,NotYet
30.0,4.1,11.9,2.0,10.0,50.0,NotYet
30.0,4.1,11.9,2.0,10.0,60.0,NotYet
30.0,4.1,11.9,2.0,10.0,70.0,NotYet
30.0,4.1,11.9,2.0,10.0,80.0,NotYet
30.0,4.1,11.9,2.0,10.0,90.0,NotYet
30.0,4.1,11.9,2.0,10.0,100.0,NotYet
30.0,4.1,11.9,2.0,10.0,110.0,NotYet
30.0,4.1,11.9,2.0,10.0,120.0,NotYet
30.0,4.1,11.9,2.0,10.0,130.0,NotYet
30.0,4.1,11.9,2.0,10.0,140.0,NotYet
30.0,4.1,11.9,2.0,10.0,150.0,NotYet
30.0,4.1,11.9,2.0,10.0,160.0,NotYet
30.0,4.1,11.9,2.0,10.0,170.0,NotYet
30.0,4.1,11.9,2.0,10.0,180.0,NotYet
30.0,4.1,11.9,2.0,10.0,190.0,NotYet
30.0,4.1,11.9,2.0,10.0,200.0,NotYet
30.0,4.1,11.9,2.0,10.0,210.0,NotYet
30.0,4.1,11.9,2.0,10.0,220.0,NotYet
30.0,4.1,11.9,2.0,10.0,230.0,NotYet
30.0,4.1,11.9,2.0,10.0,240.0,NotYet
30.0,4.1,11.9,2.0,10.0,250.0,NotYet
30.0,4.1,11.9,2.0,10.0,260.0,NotYet
30.0,4.1,11.9,2.0,10.0,270.0,NotYet
30.0,4.1,11.9,2.0,10.0,280.0,NotYet
30.0,4.1,11.9,2.0,10.0,290.0,NotYet
30.0,4.1,11.9,2.0,10.0,300.0,NotYet
30.0,4.1,11.9,2.0,10.0,310.0,NotYet
30.0,4.1,11.9,2.0,10.0,320.0,NotYet
30.0,4.1,11.9,2.0,10.0,330.0,NotYet
30.0,4.1,11.9,2.0,10.0,340.0,NotYet
30.0,4.1,11.9,2.0,10.0,350.0,NotYet
30.0,4.1,11.9,2.0,12.0,0.0,NotYet
30.0,4.1,11.9,2.0,12.0,10.0,NotYet
30.0,4.1,11.9,2.0,12.0,20.0,NotYet
30.0,4.1,11.9,2.0,12.0,30.0,NotYet
30.0,4.1,11.9,2.0,12.0,40.0,NotYet
30.0,4.1,11.9,2.0,12.0,50.0,NotYet
30.0,4.1,11.9,2.0,12.0,60.0,NotYet
30.0,4.1,11.9,2.0,12.0,70.0,NotYet
30.0,4.1,11.9,2.0,12.0,80.0,NotYet
30.0,4.1,11.9,2.0,12.0,90.0,NotYet
30.0,4.1,11.9,2.0,12.0,100.0,NotYet
30.0,4.1,11.9,2.0,12.0,110.0,NotYet
30.0,4.1,11.9,2.0,12.0,120.0,NotYet
30.0,4.1,11.9,2.0,12.0,130.0,NotYet
30.0,4.1,11.9,2.0,12.0,140.0,NotYet
30.0,4.1,11.9,2.0,12.0,150.0,NotYet
30.0,4.1,11.9,2.0,12.0,160.0,NotYet
30.0,4.1,11.9,2.0,12.0,170.0,NotYet
30.0,4.1,11.9,2.0,12.0,180.0,NotYet
30.0,4.1,11.9,2.0,12.0,190.0,NotYet
30.0,4.1,11.9,2.0,12.0,200.0,NotYet
30.0,4.1,11.9,2.0,12.0,210.0,NotYet
30.0,4.1,11.9,2.0,12.0,220.0,NotYet
30.0,4.1,11.9,2.0,12.0,230.0,NotYet
30.0,4.1,11.9,2.0,12.0,240.0,NotYet
30.0,4.1,11.9,2.0,12.0,250.0,NotYet
30.0,4.1,11.9,2.0,12.0,260.0,NotYet
30.0,4.1,11.9,2.0,12.0,270.0,NotYet
30.0,4.1,11.9,2.0,12.0,280.0,NotYet
30.0,4.1,11.9,2.0,12.0,290.0,NotYet
30.0,4.1,11.9,2.0,12.0,300.0,NotYet
30.0,4.1,11.9,2.0,12.0,310.0,NotYet
30.0,4.1,11.9,2.0,12.0,320.0,NotYet
30.0,4.1,11.9,2.0,12.0,330.0,NotYet
30.0,4.1,11.9,2.0,12.0,340.0,NotYet
30.0,4.1,11.9,2.0,12.0,350.0,NotYet
30.0,4.1,11.9,2.0,14.0,0.0,NotYet
30.0,4.1,11.9,2.0,14.0,10.0,NotYet
30.0,4.1,11.9,2.0,14.0,20.0,NotYet
30.0,4.1,11.9,2.0,14.0,30.0,NotYet
30.0,4.1,11.9,2.0,14.0,40.0,NotYet
30.0,4.1,11.9,2.0,14.0,50.0,NotYet
30.0,4.1,11.9,2.0,14.0,60.0,NotYet
30.0,4.1,11.9,2.0,14.0,70.0,NotYet
30.0,4.1,11.9,2.0,14.0,80.0,NotYet
30.0,4.1,11.9,2.0,14.0,90.0,NotYet
30.0,4.1,11.9,2.0,14.0,100.0,NotYet
30.0,4.1,11.9,2.0,14.0,110.0,NotYet
30.0,4.1,11.9,2.0,14.0,120.0,NotYet
30.0,4.1,11.9,2.0,14.0,130.0,NotYet
30.0,4.1,11.9,2.0,14.0,140.0,NotYet
30.0,4.1,11.9,2.0,14.0,150.0,NotYet
30.0,4.1,11.9,2.0,14.0,160.0,NotYet
30.0,4.1,11.9,2.0,14.0,170.0,NotYet
30.0,4.1,11.9,2.0,14.0,180.0,NotYet
30.0,4.1,11.9,2.0,14.0,190.0,NotYet
30.0,4.1,11.9,2.0,14.0,200.0,NotYet
30.0,4.1,11.9,2.0,14.0,210.0,NotYet
30.0,4.1,11.9,2.0,14.0,220.0,NotYet
30.0,4.1,11.9,2.0,14.0,230.0,NotYet
30.0,4.1,11.9,2.0,14.0,240.0,NotYet
30.0,4.1,11.9,2.0,14.0,250.0,NotYet
30.0,4.1,11.9,2.0,14.0,260.0,NotYet
30.0,4.1,11.9,2.0,14.0,270.0,NotYet
30.0,4.1,11.9,2.0,14.0,280.0,NotYet
30.0,4.1,11.9,2.0,14.0,290.0,NotYet
30.0,4.1,11.9,2.0,14.0,300.0,NotYet
30.0,4.1,11.9,2.0,14.0,310.0,NotYet
30.0,4.1,11.9,2.0,14.0,320.0,NotYet
30.0,4.1,11.9,2.0,14.0,330.0,NotYet
30.0,4.1,11.9,2.0,14.0,340.0,NotYet
30.0,4.1,11.9,2.0,14.0,350.0,NotYet
