theta,a,b,z,A2,status
10.0,6.9,7.1,-2.0,-10.0,NotYet
10.0,6.9,7.1,-2.0,-8.0,NotYet
10.0,6.9,7.1,-2.0,-6.0,NotYet
10.0,6.9,7.1,-2.0,-4.0,NotYet
10.0,6.9,7.1,-2.0,-2.0,NotYet
10.0,6.9,7.1,-2.0,0.0,NotYet
10.0,6.9,7.1,-2.0,2.0,NotYet
10.0,6.9,7.1,-2.0,4.0,NotYet
10.0,6.9,7.1,-2.0,6.0,NotYet
10.0,6.9,7.1,-2.0,8.0,NotYet
10.0,6.9,7.1,-2.0,10.0,NotYet
10.0,6.9,7.1,-1.8,-10.0,NotYet
10.0,6.9,7.1,-1.8,-8.0,NotYet
10.0,6.9,7.1,-1.8,-6.0,NotYet
10.0,6.9,7.1,-1.8,-4.0,NotYet
10.0,6.9,7.1,-1.8,-2.0,NotYet
10.0,6.9,7.1,-1.8,0.0,NotYet
10.0,6.9,7.1,-1.8,2.0,NotYet
10.0,6.9,7.1,-1.8,4.0,NotYet
10.0,6.9,7.1,-1.8,6.0,NotYet
10.0,6.9,7.1,-1.8,8.0,NotYet
10.0,6.9,7.1,-1.8,10.0,NotYet
10.0,6.9,7.1,-1.6,-10.0,NotYet
10.0,6.9,7.1,-1.6,-8.0,NotYet
10.0,6.9,7.1,-1.6,-6.0,NotYet
10.0,6.9,7.1,-1.6,-4.0,NotYet
10.0,6.9,7.1,-1.6,-2.0,NotYet
10.0,6.9,7.1,-1.6,0.0,NotYet
10.0,6.9,7.1,-1.6,2.0,NotYet
10.0,6.9,7.1,-1.6,4.0,NotYet
10.0,6.9,7.1,-1.6,6.0,NotYet
10.0,6.9,7.1,-1.6,8.0,NotYet
10.0,6.9,7.1,-1.6,10.0,NotYet
10.0,6.9,7.1,-1.4,-10.0,NotYet
10.0,6.9,7.1,-1.4,-8.0,NotYet
10.0,6.9,7.1,-1.4,-6.0,NotYet
10.0,6.9,7.1,-1.4,-4.0,NotYet
10.0,6.9,7.1,-1.4,-2.0,NotYet
10.0,6.9,7.1,-1.4,0.0,NotYet
10.0,6.9,7.1,-1.4,2.0,NotYet
10.0,6.9,7.1,-1.4,4.0,NotYet
10.0,6.9,7.1,-1.4,6.0,NotYet
10.0,6.9,7.1,-1.4,8.0,NotYet
10.0,6.9,7.1,-1.4,10.0,NotYet
10.0,6.9,7.1,-1.2,-10.0,NotYet
10.0,6.9,7.1,-1.2,-8.0,NotYet
10.0,6.9,7.1,-1.2,-6.0,NotYet
10.0,6.9,7.1,-1.2,-4.0,NotYet
10.0,6.9,7.1,-1.2,-2.0,NotYet
10.0,6.9,7.1,-1.2,0.0,NotYet
10.0,6.9,7.1,-1.2,2.0,NotYet
10.0,6.9,7.1,-1.2,4.0,NotYet
10.0,6.9,7.1,-1.2,6.0,NotYet
10.0,6.9,7.1,-1.2,8.0,NotYet
10.0,6.9,7.1,-1.2,10.0,NotYet
10.0,6.9,7.1,-1.0,-10.0,NotYet
10.0,6.9,7.1,-1.0,-8.0,NotYet
10.0,6.9,7.1,-1.0,-6.0,NotYet
10.0,6.9,7.1,-1.0,-4.0,NotYet
10.0,6.9,7.1,-1.0,-2.0,NotYet
10.0,6.9,7.1,-1.0,0.0,NotYet
10.0,6.9,7.1,-1.0,2.0,NotYet
10.0,6.9,7.1,-1.0,4.0,NotYet
10.0,6.9,7.1,-1.0,6.0,NotYet
10.0,6.9,7.1,-1.0,8.0,NotYet
10.0,6.9,7.1,-1.0,10.0,NotYet
10.0,6.9,7.1,-0.8,-10.0,NotYet
10.0,6.9,7.1,-0.8,-8.0,NotYet
10.0,6.9,7.1,-0.8,-6.0,NotYet
10.0,6.9,7.1,-0.8,-4.0,NotYet
10.0,6.9,7.1,-0.8,-2.0,NotYet
10.0,6.9,7.1,-0.8,0.0,NotYet
10.0,6.9,7.1,-0.8,2.0,NotYet
10.0,6.9,7.1,-0.8,4.0,NotYet
10.0,6.9,7.1,-0.8,6.0,NotYet
10.0,6.9,7.1,-0.8,8.0,NotYet
10.0,6.9,7.1,-0.8,10.0,NotYet
10.0,6.9,7.1,-0.6,-10.0,NotYet
10.0,6.9,7.1,-0.6,-8.0,NotYet
10.0,6.9,7.1,-0.6,-6.0,NotYet
10.0,6.9,7.1,-0.6,-4.0,NotYet
10.0,6.9,7.1,-0.6,-2.0,NotYet
10.0,6.9,7.1,-0.6,0.0,NotYet
10.0,6.9,7.1,-0.6,2.0,NotYet
10.0,6.9,7.1,-0.6,4.0,NotYet
10.0,6.9,7.1,-0.6,6.0,NotYet
10.0,6.9,7.1,-0.6,8.0,NotYet
10.0,6.9,7.1,-0.6,10.0,NotYet
10.0,6.9,7.1,-0.4,-10.0,NotYet
10.0,6.9,7.1,-0.4,-8.0,NotYet
10.0,6.9,7.1,-0.4,-6.0,NotYet
10.0,6.9,7.1,-0.4,-4.0,NotYet
10.0,6.9,7.1,-0.4,-2.0,NotYet
10.0,6.9,7.1,-0.4,0.0,NotYet
10.0,6.9,7.1,-0.4,2.0,NotYet
10.0,6.9,7.1,-0.4,4.0,NotYet
10.0,6.9,7.1,-0.4,6.0,NotYet
10.0,6.9,7.1,-0.4,8.0,NotYet
10.0,6.9,7.1,-0.4,10.0,NotYet
10.0,6.9,7.1,-0.2,-10.0,NotYet
10.0,6.9,7.1,-0.2,-8.0,NotYet
10.0,6.9,7.1,-0.2,-6.0,NotYet
10.0,6.9,7.1,-0.2,-4.0,NotYet
10.0,6.9,7.1,-0.2,-2.0,NotYet
10.0,6.9,7.1,-0.2,0.0,NotYet
10.0,6.9,7.1,-0.2,2.0,NotYet
10.0,6.9,7.1,-0.2,4.0,NotYet
10.0,6.9,7.1,-0.2,6.0,NotYet
10.0,6.9,7.1,-0.2,8.0,NotYet
10.0,6.9,7.1,-0.2,10.0,NotYet
10.0,6.9,7.1,0.0,-10.0,NotYet
10.0,6.9,7.1,0.0,-8.0,NotYet
10.0,6.9,7.1,0.0,-6.0,NotYet
10.0,6.9,7.1,0.0,-4.0,NotYet
10.0,6.9,7.1,0.0,-2.0,NotYet
10.0,6.9,7.1,0.0,0.0,NotYet
10.0,6.9,7.1,0.0,2.0,NotYet
10.0,6.9,7.1,0.0,4.0,NotYet
10.0,6.9,7.1,0.0,6.0,NotYet
10.0,6.9,7.1,0.0,8.0,NotYet
10.0,6.9,7.1,0.0,10.0,NotYet
10.0,6.9,7.1,0.2,-10.0,NotYet
10.0,6.9,7.1,0.2,-8.0,NotYet
10.0,6.9,7.1,0.2,-6.0,NotYet
10.0,6.9,7.1,0.2,-4.0,NotYet
10.0,6.9,7.1,0.2,-2.0,NotYet
10.0,6.9,7.1,0.2,0.0,NotYet
10.0,6.9,7.1,0.2,2.0,NotYet
10.0,6.9,7.1,0.2,4.0,NotYet
10.0,6.9,7.1,0.2,6.0,NotYet
10.0,6.9,7.1,0.2,8.0,NotYet
10.0,6.9,7.1,0.2,10.0,NotYet
10.0,6.9,7.1,0.4,-10.0,NotYet
10.0,6.9,7.1,0.4,-8.0,NotYet
10.0,6.9,7.1,0.4,-6.0,NotYet
10.0,6.9,7.1,0.4,-4.0,NotYet
10.0,6.9,7.1,0.4,-2.0,NotYet
10.0,6.9,7.1,0.4,0.0,NotYet
10.0,6.9,7.1,0.4,2.0,NotYet
10.0,6.9,7.1,0.4,4.0,NotYet
10.0,6.9,7.1,0.4,6.0,NotYet
10.0,6.9,7.1,0.4,8.0,NotYet
10.0,6.9,7.1,0.4,10.0,NotYet
10.0,6.9,7.1,0.6,-10.0,NotYet
10.0,6.9,7.1,0.6,-8.0,NotYet
10.0,6.9,7.1,0.6,-6.0,NotYet
10.0,6.9,7.1,0.6,-4.0,NotYet
10.0,6.9,7.1,0.6,-2.0,NotYet
10.0,6.9,7.1,0.6,0.0,NotYet
10.0,6.9,7.1,0.6,2.0,NotYet
10.0,6.9,7.1,0.6,4.0,NotYet
10.0,6.9,7.1,0.6,6.0,NotYet
10.0,6.9,7.1,0.6,8.0,NotYet
10.0,6.9,7.1,0.6,10.0,NotYet
10.0,6.9,7.1,0.8,-10.0,NotYet
10.0,6.9,7.1,0.8,-8.0,NotYet
10.0,6.9,7.1,0.8,-6.0,NotYet
10.0,6.9,7.1,0.8,-4.0,NotYet
10.0,6.9,7.1,0.8,-2.0,NotYet
10.0,6.9,7.1,0.8,0.0,NotYet
10.0,6.9,7.1,0.8,2.0,NotYet
10.0,6.9,7.1,0.8,4.0,NotYet
10.0,6.9,7.1,0.8,6.0,NotYet
10.0,6.9,7.1,0.8,8.0,NotYet
10.0,6.9,7.1,0.8,10.0,NotYet
10.0,6.9,7.1,1.0,-10.0,NotYet
10.0,6.9,7.1,1.0,-8.0,NotYet
10.0,6.9,7.1,1.0,-6.0,NotYet
10.0,6.9,7.1,1.0,-4.0,NotYet
10.0,6.9,7.1,1.0,-2.0,NotYet
10.0,6.9,7.1,1.0,0.0,NotYet
10.0,6.9,7.1,1.0,2.0,NotYet
10.0,6.9,7.1,1.0,4.0,NotYet
10.0,6.9,7.1,1.0,6.0,NotYet
10.0,6.9,7.1,1.0,8.0,NotYet
10.0,6.9,7.1,1.0,10.0,NotYet
10.0,6.9,7.1,1.2,-10.0,NotYet
10.0,6.9,7.1,1.2,-8.0,NotYet
10.0,6.9,7.1,1.2,-6.0,NotYet
10.0,6.9,7.1,1.2,-4.0,NotYet
10.0,6.9,7.1,1.2,-2.0,NotYet
10.0,6.9,7.1,1.2,0.0,NotYet
10.0,6.9,7.1,1.2,2.0,NotYet
10.0,6.9,7.1,1.2,4.0,NotYet
10.0,6.9,7.1,1.2,6.0,NotYet
10.0,6.9,7.1,1.2,8.0,NotYet
10.0,6.9,7.1,1.2,10.0,NotYet
10.0,6.9,7.1,1.4,-10.0,NotYet
10.0,6.9,7.1,1.4,-8.0,NotYet
10.0,6.9,7.1,1.4,-6.0,NotYet
10.0,6.9,7.1,1.4,-4.0,NotYet
10.0,6.9,7.1,1.4,-2.0,NotYet
10.0,6.9,7.1,1.4,0.0,NotYet
10.0,6.9,7.1,1.4,2.0,NotYet
10.0,6.9,7.1,1.4,4.0,NotYet
10.0,6.9,7.1,1.4,6.0,NotYet
10.0,6.9,7.1,1.4,8.0,NotYet
10.0,6.9,7.1,1.4,10.0,NotYet
10.0,6.9,7.1,1.6,-10.0,NotYet
10.0,6.9,7.1,1.6,-8.0,NotYet
10.0,6.9,7.1,1.6,-6.0,NotYet
10.0,6.9,7.1,1.6,-4.0,NotYet
10.0,6.9,7.1,1.6,-2.0,NotYet
10.0,6.9,7.1,1.6,0.0,NotYet
10.0,6.9,7.1,1.6,2.0,NotYet
10.0,6.9,7.1,1.6,4.0,NotYet
10.0,6.9,7.1,1.6,6.0,NotYet
10.0,6.9,7.1,1.6,8.0,NotYet
10.0,6.9,7.1,1.6,10.0,NotYet
10.0,6.9,7.1,1.8,-10.0,NotYet
10.0,6.9,7.1,1.8,-8.0,NotYet
10.0,6.9,7.1,1.8,-6.0,NotYet
10.0,6.9,7.1,1.8,-4.0,NotYet
10.0,6.9,7.1,1.8,-2.0,NotYet
10.0,6.9,7.1,1.8,0.0,NotYet
10.0,6.9,7.1,1.8,2.0,NotYet
10.0,6.9,7.1,1.8,4.0,NotYet
10.0,6.9,7.1,1.8,6.0,NotYet
10.0,6.9,7.1,1.8,8.0,NotYet
10.0,6.9,7.1,1.8,10.0,NotYet
10.0,6.9,7.1,2.0,-10.0,NotYet
10.0,6.9,7.1,2.0,-8.0,NotYet
10.0,6.9,7.1,2.0,-6.0,NotYet
10.0,6.9,7.1,2.0,-4.0,NotYet
10.0,6.9,7.1,2.0,-2.0,NotYet
10.0,6.9,7.1,2.0,0.0,NotYet
10.0,6.9,7.1,2.0,2.0,NotYet
10.0,6.9,7.1,2.0,4.0,NotYet
10.0,6.9,7.1,2.0,6.0,NotYet
10.0,6.9,7.1,2.0,8.0,NotYet
10.0,6.9,7.1,2.0,10.0,NotYet
10.0,3.8,13.1,-2.0,-10.0,NotYet
10.0,3.8,13.1,-2.0,-8.0,NotYet
10.0,3.8,13.1,-2.0,-6.0,NotYet
10.0,3.8,13.1,-2.0,-4.0,NotYet
10.0,3.8,13.1,-2.0,-2.0,NotYet
10.0,3.8,13.1,-2.0,0.0,NotYet
10.0,3.8,13.1,-2.0,2.0,NotYet
10.0,3.8,13.1,-2.0,4.0,NotYet
10.0,3.8,13.1,-2.0,6.0,NotYet
10.0,3.8,13.1,-2.0,8.0,NotYet
10.0,3.8,13.1,-2.0,10.0,NotYet
10.0,3.8,13.1,-1.8,-10.0,NotYet
10.0,3.8,13.1,-1.8,-8.0,NotYet
10.0,3.8,13.1,-1.8,-6.0,NotYet
10.0,3.8,13.1,-1.8,-4.0,NotYet
10.0,3.8,13.1,-1.8,-2.0,NotYet
10.0,3.8,13.1,-1.8,0.0,NotYet
10.0,3.8,13.1,-1.8,2.0,NotYet
10.0,3.8,13.1,-1.8,4.0,NotYet
10.0,3.8,13.1,-1.8,6.0,NotYet
10.0,3.8,13.1,-1.8,8.0,NotYet
10.0,3.8,13.1,-1.8,10.0,NotYet
10.0,3.8,13.1,-1.6,-10.0,NotYet
10.0,3.8,13.1,-1.6,-8.0,NotYet
10.0,3.8,13.1,-1.6,-6.0,NotYet
10.0,3.8,13.1,-1.6,-4.0,NotYet
10.0,3.8,13.1,-1.6,-2.0,NotYet
10.0,3.8,13.1,-1.6,0.0,NotYet
10.0,3.8,13.1,-1.6,2.0,NotYet
10.0,3.8,13.1,-1.6,4.0,NotYet
10.0,3.8,13.1,-1.6,6.0,NotYet
10.0,3.8,13.1,-1.6,8.0,NotYet
10.0,3.8,13.1,-1.6,10.0,NotYet
10.0,3.8,13.1,-1.4,-10.0,NotYet
10.0,3.8,13.1,-1.4,-8.0,NotYet
10.0,3.8,13.1,-1.4,-6.0,NotYet
10.0,3.8,13.1,-1.4,-4.0,NotYet
10.0,3.8,13.1,-1.4,-2.0,NotYet
10.0,3.8,13.1,-1.4,0.0,NotYet
10.0,3.8,13.1,-1.4,2.0,NotYet
10.0,3.8,13.1,-1.4,4.0,NotYet
10.0,3.8,13.1,-1.4,6.0,NotYet
10.0,3.8,13.1,-1.4,8.0,NotYet
10.0,3.8,13.1,-1.4,10.0,NotYet
10.0,3.8,13.1,-1.2,-10.0,NotYet
10.0,3.8,13.1,-1.2,-8.0,NotYet
10.0,3.8,13.1,-1.2,-6.0,NotYet
10.0,3.8,13.1,-1.2,-4.0,NotYet
10.0,3.8,13.1,-1.2,-2.0,NotYet
10.0,3.8,13.1,-1.2,0.0,NotYet
10.0,3.8,13.1,-1.2,2.0,NotYet
10.0,3.8,13.1,-1.2,4.0,NotYet
10.0,3.8,13.1,-1.2,6.0,NotYet
10.0,3.8,13.1,-1.2,8.0,NotYet
10.0,3.8,13.1,-1.2,10.0,NotYet
10.0,3.8,13.1,-1.0,-10.0,NotYet
10.0,3.8,13.1,-1.0,-8.0,NotYet
10.0,3.8,13.1,-1.0,-6.0,NotYet
10.0,3.8,13.1,-1.0,-4.0,NotYet
10.0,3.8,13.1,-1.0,-2.0,NotYet
10.0,3.8,13.1,-1.0,0.0,NotYet
10.0,3.8,13.1,-1.0,2.0,NotYet
10.0,3.8,13.1,-1.0,4.0,NotYet
10.0,3.8,13.1,-1.0,6.0,NotYet
10.0,3.8,13.1,-1.0,8.0,NotYet
10.0,3.8,13.1,-1.0,10.0,NotYet
10.0,3.8,13.1,-0.8,-10.0,NotYet
10.0,3.8,13.1,-0.8,-8.0,NotYet
10.0,3.8,13.1,-0.8,-6.0,NotYet
10.0,3.8,13.1,-0.8,-4.0,NotYet
10.0,3.8,13.1,-0.8,-2.0,NotYet
10.0,3.8,13.1,-0.8,0.0,NotYet
10.0,3.8,13.1,-0.8,2.0,NotYet
10.0,3.8,13.1,-0.8,4.0,NotYet
10.0,3.8,13.1,-0.8,6.0,NotYet
10.0,3.8,13.1,-0.8,8.0,NotYet
10.0,3.8,13.1,-0.8,10.0,NotYet
10.0,3.8,13.1,-0.6,-10.0,NotYet
10.0,3.8,13.1,-0.6,-8.0,NotYet
10.0,3.8,13.1,-0.6,-6.0,NotYet
10.0,3.8,13.1,-0.6,-4.0,NotYet
10.0,3.8,13.1,-0.6,-2.0,NotYet
10.0,3.8,13.1,-0.6,0.0,NotYet
10.0,3.8,13.1,-0.6,2.0,NotYet
10.0,3.8,13.1,-0.6,4.0,NotYet
10.0,3.8,13.1,-0.6,6.0,NotYet
10.0,3.8,13.1,-0.6,8.0,NotYet
10.0,3.8,13.1,-0.6,10.0,NotYet
10.0,3.8,13.1,-0.4,-10.0,NotYet
10.0,3.8,13.1,-0.4,-8.0,NotYet
10.0,3.8,13.1,-0.4,-6.0,NotYet
10.0,3.8,13.1,-0.4,-4.0,NotYet
10.0,3.8,13.1,-0.4,-2.0,NotYet
10.0,3.8,13.1,-0.4,0.0,NotYet
10.0,3.8,13.1,-0.4,2.0,NotYet
10.0,3.8,13.1,-0.4,4.0,NotYet
10.0,3.8,13.1,-0.4,6.0,NotYet
10.0,3.8,13.1,-0.4,8.0,NotYet
10.0,3.8,13.1,-0.4,10.0,NotYet
10.0,3.8,13.1,-0.2,-10.0,NotYet
10.0,3.8,13.1,-0.2,-8.0,NotYet
10.0,3.8,13.1,-0.2,-6.0,NotYet
10.0,3.8,13.1,-0.2,-4.0,NotYet
10.0,3.8,13.1,-0.2,-2.0,NotYet
10.0,3.8,13.1,-0.2,0.0,NotYet
10.0,3.8,13.1,-0.2,2.0,NotYet
10.0,3.8,13.1,-0.2,4.0,NotYet
10.0,3.8,13.1,-0.2,6.0,NotYet
10.0,3.8,13.1,-0.2,8.0,NotYet
10.0,3.8,13.1,-0.2,10.0,NotYet
10.0,3.8,13.1,0.0,-10.0,NotYet
10.0,3.8,13.1,0.0,-8.0,NotYet
10.0,3.8,13.1,0.0,-6.0,NotYet
10.0,3.8,13.1,0.0,-4.0,NotYet
10.0,3.8,13.1,0.0,-2.0,NotYet
10.0,3.8,13.1,0.0,0.0,NotYet
10.0,3.8,13.1,0.0,2.0,NotYet
10.0,3.8,13.1,0.0,4.0,NotYet
10.0,3.8,13.1,0.0,6.0,NotYet
10.0,3.8,13.1,0.0,8.0,NotYet
10.0,3.8,13.1,0.0,10.0,NotYet
10.0,3.8,13.1,0.2,-10.0,NotYet
10.0,3.8,13.1,0.2,-8.0,NotYet
10.0,3.8,13.1,0.2,-6.0,NotYet
10.0,3.8,13.1,0.2,-4.0,NotYet
10.0,3.8,13.1,0.2,-2.0,NotYet
10.0,3.8,13.1,0.2,0.0,NotYet
10.0,3.8,13.1,0.2,2.0,NotYet
10.0,3.8,13.1,0.2,4.0,NotYet
10.0,3.8,13.1,0.2,6.0,NotYet
10.0,3.8,13.1,0.2,8.0,NotYet
10.0,3.8,13.1,0.2,10.0,NotYet
10.0,3.8,13.1,0.4,-10.0,NotYet
10.0,3.8,13.1,0.4,-8.0,NotYet
10.0,3.8,13.1,0.4,-6.0,NotYet
10.0,3.8,13.1,0.4,-4.0,NotYet
10.0,3.8,13.1,0.4,-2.0,NotYet
10.0,3.8,13.1,0.4,0.0,NotYet
10.0,3.8,13.1,0.4,2.0,NotYet
10.0,3.8,13.1,0.4,4.0,NotYet
10.0,3.8,13.1,0.4,6.0,NotYet
10.0,3.8,13.1,0.4,8.0,NotYet
10.0,3.8,13.1,0.4,10.0,NotYet
10.0,3.8,13.1,0.6,-10.0,NotYet
10.0,3.8,13.1,0.6,-8.0,NotYet
10.0,3.8,13.1,0.6,-6.0,NotYet
10.0,3.8,13.1,0.6,-4.0,NotYet
10.0,3.8,13.1,0.6,-2.0,NotYet
10.0,3.8,13.1,0.6,0.0,NotYet
10.0,3.8,13.1,0.6,2.0,NotYet
10.0,3.8,13.1,0.6,4.0,NotYet
10.0,3.8,13.1,0.6,6.0,NotYet
10.0,3.8,13.1,0.6,8.0,NotYet
10.0,3.8,13.1,0.6,10.0,NotYet
10.0,3.8,13.1,0.8,-10.0,NotYet
10.0,3.8,13.1,0.8,-8.0,NotYet
10.0,3.8,13.1,0.8,-6.0,NotYet
10.0,3.8,13.1,0.8,-4.0,NotYet
10.0,3.8,13.1,0.8,-2.0,NotYet
10.0,3.8,13.1,0.8,0.0,NotYet
10.0,3.8,13.1,0.8,2.0,NotYet
10.0,3.8,13.1,0.8,4.0,NotYet
10.0,3.8,13.1,0.8,6.0,NotYet
10.0,3.8,13.1,0.8,8.0,NotYet
10.0,3.8,13.1,0.8,10.0,NotYet
10.0,3.8,13.1,1.0,-10.0,NotYet
10.0,3.8,13.1,1.0,-8.0,NotYet
10.0,3.8,13.1,1.0,-6.0,NotYet
10.0,3.8,13.1,1.0,-4.0,NotYet
10.0,3.8,13.1,1.0,-2.0,NotYet
10.0,3.8,13.1,1.0,0.0,NotYet
10.0,3.8,13.1,1.0,2.0,NotYet
10.0,3.8,13.1,1.0,4.0,NotYet
10.0,3.8,13.1,1.0,6.0,NotYet
10.0,3.8,13.1,1.0,8.0,NotYet
10.0,3.8,13.1,1.0,10.0,NotYet
10.0,3.8,13.1,1.2,-10.0,NotYet
10.0,3.8,13.1,1.2,-8.0,NotYet
10.0,3.8,13.1,1.2,-6.0,NotYet
10.0,3.8,13.1,1.2,-4.0,NotYet
10.0,3.8,13.1,1.2,-2.0,NotYet
10.0,3.8,13.1,1.2,0.0,NotYet
10.0,3.8,13.1,1.2,2.0,NotYet
10.0,3.8,13.1,1.2,4.0,NotYet
10.0,3.8,13.1,1.2,6.0,NotYet
10.0,3.8,13.1,1.2,8.0,NotYet
10.0,3.8,13.1,1.2,10.0,NotYet
10.0,3.8,13.1,1.4,-10.0,NotYet
10.0,3.8,13.1,1.4,-8.0,NotYet
10.0,3.8,13.1,1.4,-6.0,NotYet
10.0,3.8,13.1,1.4,-4.0,NotYet
10.0,3.8,13.1,1.4,-2.0,NotYet
10.0,3.8,13.1,1.4,0.0,NotYet
10.0,3.8,13.1,1.4,2.0,NotYet
10.0,3.8,13.1,1.4,4.0,NotYet
10.0,3.8,13.1,1.4,6.0,NotYet
10.0,3.8,13.1,1.4,8.0,NotYet
10.0,3.8,13.1,1.4,10.0,NotYet
10.0,3.8,13.1,1.6,-10.0,NotYet
10.0,3.8,13.1,1.6,-8.0,NotYet
10.0,3.8,13.1,1.6,-6.0,NotYet
10.0,3.8,13.1,1.6,-4.0,NotYet
10.0,3.8,13.1,1.6,-2.0,NotYet
10.0,3.8,13.1,1.6,0.0,NotYet
10.0,3.8,13.1,1.6,2.0,NotYet
10.0,3.8,13.1,1.6,4.0,NotYet
10.0,3.8,13.1,1.6,6.0,NotYet
10.0,3.8,13.1,1.6,8.0,NotYet
10.0,3.8,13.1,1.6,10.0,NotYet
10.0,3.8,13.1,1.8,-10.0,NotYet
10.0,3.8,13.1,1.8,-8.0,NotYet
10.0,3.8,13.1,1.8,-6.0,NotYet
10.0,3.8,13.1,1.8,-4.0,NotYet
10.0,3.8,13.1,1.8,-2.0,NotYet
10.0,3.8,13.1,1.8,0.0,NotYet
10.0,3.8,13.1,1.8,2.0,NotYet
10.0,3.8,13.1,1.8,4.0,NotYet
10.0,3.8,13.1,1.8,6.0,NotYet
10.0,3.8,13.1,1.8,8.0,NotYet
10.0,3.8,13.1,1.8,10.0,NotYet
10.0,3.8,13.1,2.0,-10.0,NotYet
10.0,3.8,13.1,2.0,-8.0,NotYet
10.0,3.8,13.1,2.0,-6.0,NotYet
10.0,3.8,13.1,2.0,-4.0,NotYet
10.0,3.8,13.1,2.0,-2.0,NotYet
10.0,3.8,13.1,2.0,0.0,NotYet
10.0,3.8,13.1,2.0,2.0,NotYet
10.0,3.8,13.1,2.0,4.0,NotYet
10.0,3.8,13.1,2.0,6.0,NotYet
10.0,3.8,13.1,2.0,8.0,NotYet
10.0,3.8,13.1,2.0,10.0,NotYet
20.0,7.4,6.6,-2.0,-10.0,NotYet
20.0,7.4,6.6,-2.0,-8.0,NotYet
20.0,7.4,6.6,-2.0,-6.0,NotYet
20.0,7.4,6.6,-2.0,-4.0,NotYet
20.0,7.4,6.6,-2.0,-2.0,NotYet
20.0,7.4,6.6,-2.0,0.0,NotYet
20.0,7.4,6.6,-2.0,2.0,NotYet
20.0,7.4,6.6,-2.0,4.0,NotYet
20.0,7.4,6.6,-2.0,6.0,NotYet
20.0,7.4,6.6,-2.0,8.0,NotYet
20.0,7.4,6.6,-2.0,10.0,NotYet
20.0,7.4,6.6,-1.8,-10.0,NotYet
20.0,7.4,6.6,-1.8,-8.0,NotYet
20.0,7.4,6.6,-1.8,-6.0,NotYet
20.0,7.4,6.6,-1.8,-4.0,NotYet
20.0,7.4,6.6,-1.8,-2.0,NotYet
20.0,7.4,6.6,-1.8,0.0,NotYet
20.0,7.4,6.6,-1.8,2.0,NotYet
20.0,7.4,6.6,-1.8,4.0,NotYet
20.0,7.4,6.6,-1.8,6.0,NotYet
20.0,7.4,6.6,-1.8,8.0,NotYet
20.0,7.4,6.6,-1.8,10.0,NotYet
20.0,7.4,6.6,-1.6,-10.0,NotYet
20.0,7.4,6.6,-1.6,-8.0,NotYet
20.0,7.4,6.6,-1.6,-6.0,NotYet
20.0,7.4,6.6,-1.6,-4.0,NotYet
20.0,7.4,6.6,-1.6,-2.0,NotYet
20.0,7.4,6.6,-1.6,0.0,NotYet
20.0,7.4,6.6,-1.6,2.0,NotYet
20.0,7.4,6.6,-1.6,4.0,NotYet
20.0,7.4,6.6,-1.6,6.0,NotYet
20.0,7.4,6.6,-1.6,8.0,NotYet
20.0,7.4,6.6,-1.6,10.0,NotYet
20.0,7.4,6.6,-1.4,-10.0,NotYet
20.0,7.4,6.6,-1.4,-8.0,NotYet
20.0,7.4,6.6,-1.4,-6.0,NotYet
20.0,7.4,6.6,-1.4,-4.0,NotYet
20.0,7.4,6.6,-1.4,-2.0,NotYet
20.0,7.4,6.6,-1.4,0.0,NotYet
20.0,7.4,6.6,-1.4,2.0,NotYet
20.0,7.4,6.6,-1.4,4.0,NotYet
20.0,7.4,6.6,-1.4,6.0,NotYet
20.0,7.4,6.6,-1.4,8.0,NotYet
20.0,7.4,6.6,-1.4,10.0,NotYet
20.0,7.4,6.6,-1.2,-10.0,NotYet
20.0,7.4,6.6,-1.2,-8.0,NotYet
20.0,7.4,6.6,-1.2,-6.0,NotYet
20.0,7.4,6.6,-1.2,-4.0,NotYet
20.0,7.4,6.6,-1.2,-2.0,NotYet
20.0,7.4,6.6,-1.2,0.0,NotYet
20.0,7.4,6.6,-1.2,2.0,NotYet
20.0,7.4,6.6,-1.2,4.0,NotYet
20.0,7.4,6.6,-1.2,6.0,NotYet
20.0,7.4,6.6,-1.2,8.0,NotYet
20.0,7.4,6.6,-1.2,10.0,NotYet
20.0,7.4,6.6,-1.0,-10.0,NotYet
20.0,7.4,6.6,-1.0,-8.0,NotYet
20.0,7.4,6.6,-1.0,-6.0,NotYet
20.0,7.4,6.6,-1.0,-4.0,NotYet
20.0,7.4,6.6,-1.0,-2.0,NotYet
20.0,7.4,6.6,-1.0,0.0,NotYet
20.0,7.4,6.6,-1.0,2.0,NotYet
20.0,7.4,6.6,-1.0,4.0,NotYet
20.0,7.4,6.6,-1.0,6.0,NotYet
20.0,7.4,6.6,-1.0,8.0,NotYet
20.0,7.4,6.6,-1.0,10.0,NotYet
20.0,7.4,6.6,-0.8,-10.0,NotYet
20.0,7.4,6.6,-0.8,-8.0,NotYet
20.0,7.4,6.6,-0.8,-6.0,NotYet
20.0,7.4,6.6,-0.8,-4.0,NotYet
20.0,7.4,6.6,-0.8,-2.0,NotYet
20.0,7.4,6.6,-0.8,0.0,NotYet
20.0,7.4,6.6,-0.8,2.0,NotYet
20.0,7.4,6.6,-0.8,4.0,NotYet
20.0,7.4,6.6,-0.8,6.0,NotYet
20.0,7.4,6.6,-0.8,8.0,NotYet
20.0,7.4,6.6,-0.8,10.0,NotYet
20.0,7.4,6.6,-0.6,-10.0,NotYet
20.0,7.4,6.6,-0.6,-8.0,NotYet
20.0,7.4,6.6,-0.6,-6.0,NotYet
20.0,7.4,6.6,-0.6,-4.0,NotYet
20.0,7.4,6.6,-0.6,-2.0,NotYet
20.0,7.4,6.6,-0.6,0.0,NotYet
20.0,7.4,6.6,-0.6,2.0,NotYet
20.0,7.4,6.6,-0.6,4.0,NotYet
20.0,7.4,6.6,-0.6,6.0,NotYet
20.0,7.4,6.6,-0.6,8.0,NotYet
20.0,7.4,6.6,-0.6,10.0,NotYet
20.0,7.4,6.6,-0.4,-10.0,NotYet
20.0,7.4,6.6,-0.4,-8.0,NotYet
20.0,7.4,6.6,-0.4,-6.0,NotYet
20.0,7.4,6.6,-0.4,-4.0,NotYet
20.0,7.4,6.6,-0.4,-2.0,NotYet
20.0,7.4,6.6,-0.4,0.0,NotYet
20.0,7.4,6.6,-0.4,2.0,NotYet
20.0,7.4,6.6,-0.4,4.0,NotYet
20.0,7.4,6.6,-0.4,6.0,NotYet
20.0,7.4,6.6,-0.4,8.0,NotYet
20.0,7.4,6.6,-0.4,10.0,NotYet
20.0,7.4,6.6,-0.2,-10.0,NotYet
20.0,7.4,6.6,-0.2,-8.0,NotYet
20.0,7.4,6.6,-0.2,-6.0,NotYet
20.0,7.4,6.6,-0.2,-4.0,NotYet
20.0,7.4,6.6,-0.2,-2.0,NotYet
20.0,7.4,6.6,-0.2,0.0,NotYet
20.0,7.4,6.6,-0.2,2.0,NotYet
20.0,7.4,6.6,-0.2,4.0,NotYet
20.0,7.4,6.6,-0.2,6.0,NotYet
20.0,7.4,6.6,-0.2,8.0,NotYet
20.0,7.4,6.6,-0.2,10.0,NotYet
20.0,7.4,6.6,0.0,-10.0,NotYet
20.0,7.4,6.6,0.0,-8.0,NotYet
20.0,7.4,6.6,0.0,-6.0,NotYet
20.0,7.4,6.6,0.0,-4.0,NotYet
20.0,7.4,6.6,0.0,-2.0,NotYet
20.0,7.4,6.6,0.0,0.0,NotYet
20.0,7.4,6.6,0.0,2.0,NotYet
20.0,7.4,6.6,0.0,4.0,NotYet
20.0,7.4,6.6,0.0,6.0,NotYet
20.0,7.4,6.6,0.0,8.0,NotYet
20.0,7.4,6.6,0.0,10.0,NotYet
20.0,7.4,6.6,0.2,-10.0,NotYet
20.0,7.4,6.6,0.2,-8.0,NotYet
20.0,7.4,6.6,0.2,-6.0,NotYet
20.0,7.4,6.6,0.2,-4.0,NotYet
20.0,7.4,6.6,0.2,-2.0,NotYet
20.0,7.4,6.6,0.2,0.0,NotYet
20.0,7.4,6.6,0.2,2.0,NotYet
20.0,7.4,6.6,0.2,4.0,NotYet
20.0,7.4,6.6,0.2,6.0,NotYet
20.0,7.4,6.6,0.2,8.0,NotYet
20.0,7.4,6.6,0.2,10.0,NotYet
20.0,7.4,6.6,0.4,-10.0,NotYet
20.0,7.4,6.6,0.4,-8.0,NotYet
20.0,7.4,6.6,0.4,-6.0,NotYet
20.0,7.4,6.6,0.4,-4.0,NotYet
20.0,7.4,6.6,0.4,-2.0,NotYet
20.0,7.4,6.6,0.4,0.0,NotYet
20.0,7.4,6.6,0.4,2.0,NotYet
20.0,7.4,6.6,0.4,4.0,NotYet
20.0,7.4,6.6,0.4,6.0,NotYet
20.0,7.4,6.6,0.4,8.0,NotYet
20.0,7.4,6.6,0.4,10.0,NotYet
20.0,7.4,6.6,0.6,-10.0,NotYet
20.0,7.4,6.6,0.6,-8.0,NotYet
20.0,7.4,6.6,0.6,-6.0,NotYet
20.0,7.4,6.6,0.6,-4.0,NotYet
20.0,7.4,6.6,0.6,-2.0,NotYet
20.0,7.4,6.6,0.6,0.0,NotYet
20.0,7.4,6.6,0.6,2.0,NotYet
20.0,7.4,6.6,0.6,4.0,NotYet
20.0,7.4,6.6,0.6,6.0,NotYet
20.0,7.4,6.6,0.6,8.0,NotYet
20.0,7.4,6.6,0.6,10.0,NotYet
20.0,7.4,6.6,0.8,-10.0,NotYet
20.0,7.4,6.6,0.8,-8.0,NotYet
20.0,7.4,6.6,0.8,-6.0,NotYet
20.0,7.4,6.6,0.8,-4.0,NotYet
20.0,7.4,6.6,0.8,-2.0,NotYet
20.0,7.4,6.6,0.8,0.0,NotYet
20.0,7.4,6.6,0.8,2.0,NotYet
20.0,7.4,6.6,0.8,4.0,NotYet
20.0,7.4,6.6,0.8,6.0,NotYet
20.0,7.4,6.6,0.8,8.0,NotYet
20.0,7.4,6.6,0.8,10.0,NotYet
20.0,7.4,6.6,1.0,-10.0,NotYet
20.0,7.4,6.6,1.0,-8.0,NotYet
20.0,7.4,6.6,1.0,-6.0,NotYet
20.0,7.4,6.6,1.0,-4.0,NotYet
20.0,7.4,6.6,1.0,-2.0,NotYet
20.0,7.4,6.6,1.0,0.0,NotYet
20.0,7.4,6.6,1.0,2.0,NotYet
20.0,7.4,6.6,1.0,4.0,NotYet
20.0,7.4,6.6,1.0,6.0,NotYet
20.0,7.4,6.6,1.0,8.0,NotYet
20.0,7.4,6.6,1.0,10.0,NotYet
20.0,7.4,6.6,1.2,-10.0,NotYet
20.0,7.4,6.6,1.2,-8.0,NotYet
20.0,7.4,6.6,1.2,-6.0,NotYet
20.0,7.4,6.6,1.2,-4.0,NotYet
20.0,7.4,6.6,1.2,-2.0,NotYet
20.0,7.4,6.6,1.2,0.0,NotYet
20.0,7.4,6.6,1.2,2.0,NotYet
20.0,7.4,6.6,1.2,4.0,NotYet
20.0,7.4,6.6,1.2,6.0,NotYet
20.0,7.4,6.6,1.2,8.0,NotYet
20.0,7.4,6.6,1.2,10.0,NotYet
20.0,7.4,6.6,1.4,-10.0,NotYet
20.0,7.4,6.6,1.4,-8.0,NotYet
20.0,7.4,6.6,1.4,-6.0,NotYet
20.0,7.4,6.6,1.4,-4.0,NotYet
20.0,7.4,6.6,1.4,-2.0,NotYet
20.0,7.4,6.6,1.4,0.0,NotYet
20.0,7.4,6.6,1.4,2.0,NotYet
20.0,7.4,6.6,1.4,4.0,NotYet
20.0,7.4,6.6,1.4,6.0,NotYet
20.0,7.4,6.6,1.4,8.0,NotYet
20.0,7.4,6.6,1.4,10.0,NotYet
20.0,7.4,6.6,1.6,-10.0,NotYet
20.0,7.4,6.6,1.6,-8.0,NotYet
20.0,7.4,6.6,1.6,-6.0,NotYet
20.0,7.4,6.6,1.6,-4.0,NotYet
20.0,7.4,6.6,1.6,-2.0,NotYet
20.0,7.4,6.6,1.6,0.0,NotYet
20.0,7.4,6.6,1.6,2.0,NotYet
20.0,7.4,6.6,1.6,4.0,NotYet
20.0,7.4,6.6,1.6,6.0,NotYet
20.0,7.4,6.6,1.6,8.0,NotYet
20.0,7.4,6.6,1.6,10.0,NotYet
20.0,7.4,6.6,1.8,-10.0,NotYet
20.0,7.4,6.6,1.8,-8.0,NotYet
20.0,7.4,6.6,1.8,-6.0,NotYet
20.0,7.4,6.6,1.8,-4.0,NotYet
20.0,7.4,6.6,1.8,-2.0,NotYet
20.0,7.4,6.6,1.8,0.0,NotYet
20.0,7.4,6.6,1.8,2.0,NotYet
20.0,7.4,6.6,1.8,4.0,NotYet
20.0,7.4,6.6,1.8,6.0,NotYet
20.0,7.4,6.6,1.8,8.0,NotYet
20.0,7.4,6.6,1.8,10.0,NotYet
20.0,7.4,6.6,2.0,-10.0,NotYet
20.0,7.4,6.6,2.0,-8.0,NotYet
20.0,7.4,6.6,2.0,-6.0,NotYet
20.0,7.4,6.6,2.0,-4.0,NotYet
20.0,7.4,6.6,2.0,-2.0,NotYet
20.0,7.4,6.6,2.0,0.0,NotYet
20.0,7.4,6.6,2.0,2.0,NotYet
20.0,7.4,6.6,2.0,4.0,NotYet
20.0,7.4,6.6,2.0,6.0,NotYet
20.0,7.4,6.6,2.0,8.0,NotYet
20.0,7.4,6.6,2.0,10.0,NotYet
20.0,3.9,12.6,-2.0,-10.0,NotYet
20.0,3.9,12.6,-2.0,-8.0,NotYet
20.0,3.9,12.6,-2.0,-6.0,NotYet
20.0,3.9,12.6,-2.0,-4.0,NotYet
20.0,3.9,12.6,-2.0,-2.0,NotYet
20.0,3.9,12.6,-2.0,0.0,NotYet
20.0,3.9,12.6,-2.0,2.0,NotYet
20.0,3.9,12.6,-2.0,4.0,NotYet
20.0,3.9,12.6,-2.0,6.0,NotYet
20.0,3.9,12.6,-2.0,8.0,NotYet
20.0,3.9,12.6,-2.0,10.0,NotYet
20.0,3.9,12.6,-1.8,-10.0,NotYet
20.0,3.9,12.6,-1.8,-8.0,NotYet
20.0,3.9,12.6,-1.8,-6.0,NotYet
20.0,3.9,12.6,-1.8,-4.0,NotYet
20.0,3.9,12.6,-1.8,-2.0,NotYet
20.0,3.9,12.6,-1.8,0.0,NotYet
20.0,3.9,12.6,-1.8,2.0,NotYet
20.0,3.9,12.6,-1.8,4.0,NotYet
20.0,3.9,12.6,-1.8,6.0,NotYet
20.0,3.9,12.6,-1.8,8.0,NotYet
20.0,3.9,12.6,-1.8,10.0,NotYet
20.0,3.9,12.6,-1.6,-10.0,NotYet
20.0,3.9,12.6,-1.6,-8.0,NotYet
20.0,3.9,12.6,-1.6,-6.0,NotYet
20.0,3.9,12.6,-1.6,-4.0,NotYet
20.0,3.9,12.6,-1.6,-2.0,NotYet
20.0,3.9,12.6,-1.6,0.0,NotYet
20.0,3.9,12.6,-1.6,2.0,NotYet
20.0,3.9,12.6,-1.6,4.0,NotYet
20.0,3.9,12.6,-1.6,6.0,NotYet
20.0,3.9,12.6,-1.6,8.0,NotYet
20.0,3.9,12.6,-1.6,10.0,NotYet
20.0,3.9,12.6,-1.4,-10.0,NotYet
20.0,3.9,12.6,-1.4,-8.0,NotYet
20.0,3.9,12.6,-1.4,-6.0,NotYet
20.0,3.9,12.6,-1.4,-4.0,NotYet
20.0,3.9,12.6,-1.4,-2.0,NotYet
20.0,3.9,12.6,-1.4,0.0,NotYet
20.0,3.9,12.6,-1.4,2.0,NotYet
20.0,3.9,12.6,-1.4,4.0,NotYet
20.0,3.9,12.6,-1.4,6.0,NotYet
20.0,3.9,12.6,-1.4,8.0,NotYet
20.0,3.9,12.6,-1.4,10.0,NotYet
20.0,3.9,12.6,-1.2,-10.0,NotYet
20.0,3.9,12.6,-1.2,-8.0,NotYet
20.0,3.9,12.6,-1.2,-6.0,NotYet
20.0,3.9,12.6,-1.2,-4.0,NotYet
20.0,3.9,12.6,-1.2,-2.0,NotYet
20.0,3.9,12.6,-1.2,0.0,NotYet
20.0,3.9,12.6,-1.2,2.0,NotYet
20.0,3.9,12.6,-1.2,4.0,NotYet
20.0,3.9,12.6,-1.2,6.0,NotYet
20.0,3.9,12.6,-1.2,8.0,NotYet
20.0,3.9,12.6,-1.2,10.0,NotYet
20.0,3.9,12.6,-1.0,-10.0,NotYet
20.0,3.9,12.6,-1.0,-8.0,NotYet
20.0,3.9,12.6,-1.0,-6.0,NotYet
20.0,3.9,12.6,-1.0,-4.0,NotYet
20.0,3.9,12.6,-1.0,-2.0,NotYet
20.0,3.9,12.6,-1.0,0.0,NotYet
20.0,3.9,12.6,-1.0,2.0,NotYet
20.0,3.9,12.6,-1.0,4.0,NotYet
20.0,3.9,12.6,-1.0,6.0,NotYet
20.0,3.9,12.6,-1.0,8.0,NotYet
20.0,3.9,12.6,-1.0,10.0,NotYet
20.0,3.9,12.6,-0.8,-10.0,NotYet
20.0,3.9,12.6,-0.8,-8.0,NotYet
20.0,3.9,12.6,-0.8,-6.0,NotYet
20.0,3.9,12.6,-0.8,-4.0,NotYet
20.0,3.9,12.6,-0.8,-2.0,NotYet
20.0,3.9,12.6,-0.8,0.0,NotYet
20.0,3.9,12.6,-0.8,2.0,NotYet
20.0,3.9,12.6,-0.8,4.0,NotYet
20.0,3.9,12.6,-0.8,6.0,NotYet
20.0,3.9,12.6,-0.8,8.0,NotYet
20.0,3.9,12.6,-0.8,10.0,NotYet
20.0,3.9,12.6,-0.6,-10.0,NotYet
20.0,3.9,12.6,-0.6,-8.0,NotYet
20.0,3.9,12.6,-0.6,-6.0,NotYet
20.0,3.9,12.6,-0.6,-4.0,NotYet
20.0,3.9,12.6,-0.6,-2.0,NotYet
20.0,3.9,12.6,-0.6,0.0,NotYet
20.0,3.9,12.6,-0.6,2.0,NotYet
20.0,3.9,12.6,-0.6,4.0,NotYet
20.0,3.9,12.6,-0.6,6.0,NotYet
20.0,3.9,12.6,-0.6,8.0,NotYet
20.0,3.9,12.6,-0.6,10.0,NotYet
20.0,3.9,12.6,-0.4,-10.0,NotYet
20.0,3.9,12.6,-0.4,-8.0,NotYet
20.0,3.9,12.6,-0.4,-6.0,NotYet
20.0,3.9,12.6,-0.4,-4.0,NotYet
20.0,3.9,12.6,-0.4,-2.0,NotYet
20.0,3.9,12.6,-0.4,0.0,NotYet
20.0,3.9,12.6,-0.4,2.0,NotYet
20.0,3.9,12.6,-0.4,4.0,NotYet
20.0,3.9,12.6,-0.4,6.0,NotYet
20.0,3.9,12.6,-0.4,8.0,NotYet
20.0,3.9,12.6,-0.4,10.0,NotYet
20.0,3.9,12.6,-0.2,-10.0,NotYet
20.0,3.9,12.6,-0.2,-8.0,NotYet
20.0,3.9,12.6,-0.2,-6.0,NotYet
20.0,3.9,12.6,-0.2,-4.0,NotYet
20.0,3.9,12.6,-0.2,-2.0,NotYet
20.0,3.9,12.6,-0.2,0.0,NotYet
20.0,3.9,12.6,-0.2,2.0,NotYet
20.0,3.9,12.6,-0.2,4.0,NotYet
20.0,3.9,12.6,-0.2,6.0,NotYet
20.0,3.9,12.6,-0.2,8.0,NotYet
20.0,3.9,12.6,-0.2,10.0,NotYet
20.0,3.9,12.6,0.0,-10.0,NotYet
20.0,3.9,12.6,0.0,-8.0,NotYet
20.0,3.9,12.6,0.0,-6.0,NotYet
20.0,3.9,12.6,0.0,-4.0,NotYet
20.0,3.9,12.6,0.0,-2.0,NotYet
20.0,3.9,12.6,0.0,0.0,NotYet
20.0,3.9,12.6,0.0,2.0,NotYet
20.0,3.9,12.6,0.0,4.0,NotYet
20.0,3.9,12.6,0.0,6.0,NotYet
20.0,3.9,12.6,0.0,8.0,NotYet
20.0,3.9,12.6,0.0,10.0,NotYet
20.0,3.9,12.6,0.2,-10.0,NotYet
20.0,3.9,12.6,0.2,-8.0,NotYet
20.0,3.9,12.6,0.2,-6.0,NotYet
20.0,3.9,12.6,0.2,-4.0,NotYet
20.0,3.9,12.6,0.2,-2.0,NotYet
20.0,3.9,12.6,0.2,0.0,NotYet
20.0,3.9,12.6,0.2,2.0,NotYet
20.0,3.9,12.6,0.2,4.0,NotYet
20.0,3.9,12.6,0.2,6.0,NotYet
20.0,3.9,12.6,0.2,8.0,NotYet
20.0,3.9,12.6,0.2,10.0,NotYet
20.0,3.9,12.6,0.4,-10.0,NotYet
20.0,3.9,12.6,0.4,-8.0,NotYet
20.0,3.9,12.6,0.4,-6.0,NotYet
20.0,3.9,12.6,0.4,-4.0,NotYet
20.0,3.9,12.6,0.4,-2.0,NotYet
20.0,3.9,12.6,0.4,0.0,NotYet
20.0,3.9,12.6,0.4,2.0,NotYet
20.0,3.9,12.6,0.4,4.0,NotYet
20.0,3.9,12.6,0.4,6.0,NotYet
20.0,3.9,12.6,0.4,8.0,NotYet
20.0,3.9,12.6,0.4,10.0,NotYet
20.0,3.9,12.6,0.6,-10.0,NotYet
20.0,3.9,12.6,0.6,-8.0,NotYet
20.0,3.9,12.6,0.6,-6.0,NotYet
20.0,3.9,12.6,0.6,-4.0,NotYet
20.0,3.9,12.6,0.6,-2.0,NotYet
20.0,3.9,12.6,0.6,0.0,NotYet
20.0,3.9,12.6,0.6,2.0,NotYet
20.0,3.9,12.6,0.6,4.0,NotYet
20.0,3.9,12.6,0.6,6.0,NotYet
20.0,3.9,12.6,0.6,8.0,NotYet
20.0,3.9,12.6,0.6,10.0,NotYet
20.0,3.9,12.6,0.8,-10.0,NotYet
20.0,3.9,12.6,0.8,-8.0,NotYet
20.0,3.9,12.6,0.8,-6.0,NotYet
20.0,3.9,12.6,0.8,-4.0,NotYet
20.0,3.9,12.6,0.8,-2.0,NotYet
20.0,3.9,12.6,0.8,0.0,NotYet
20.0,3.9,12.6,0.8,2.0,NotYet
20.0,3.9,12.6,0.8,4.0,NotYet
20.0,3.9,12.6,0.8,6.0,NotYet
20.0,3.9,12.6,0.8,8.0,NotYet
20.0,3.9,12.6,0.8,10.0,NotYet
20.0,3.9,12.6,1.0,-10.0,NotYet
20.0,3.9,12.6,1.0,-8.0,NotYet
20.0,3.9,12.6,1.0,-6.0,NotYet
20.0,3.9,12.6,1.0,-4.0,NotYet
20.0,3.9,12.6,1.0,-2.0,NotYet
20.0,3.9,12.6,1.0,0.0,NotYet
20.0,3.9,12.6,1.0,2.0,NotYet
20.0,3.9,12.6,1.0,4.0,NotYet
20.0,3.9,12.6,1.0,6.0,NotYet
20.0,3.9,12.6,1.0,8.0,NotYet
20.0,3.9,12.6,1.0,10.0,NotYet
20.0,3.9,12.6,1.2,-10.0,NotYet
20.0,3.9,12.6,1.2,-8.0,NotYet
20.0,3.9,12.6,1.2,-6.0,NotYet
20.0,3.9,12.6,1.2,-4.0,NotYet
20.0,3.9,12.6,1.2,-2.0,NotYet
20.0,3.9,12.6,1.2,0.0,NotYet
20.0,3.9,12.6,1.2,2.0,NotYet
20.0,3.9,12.6,1.2,4.0,NotYet
20.0,3.9,12.6,1.2,6.0,NotYet
20.0,3.9,12.6,1.2,8.0,NotYet
20.0,3.9,12.6,1.2,10.0,NotYet
20.0,3.9,12.6,1.4,-10.0,NotYet
20.0,3.9,12.6,1.4,-8.0,NotYet
20.0,3.9,12.6,1.4,-6.0,NotYet
20.0,3.9,12.6,1.4,-4.0,NotYet
20.0,3.9,12.6,1.4,-2.0,NotYet
20.0,3.9,12.6,1.4,0.0,NotYet
20.0,3.9,12.6,1.4,2.0,NotYet
20.0,3.9,12.6,1.4,4.0,NotYet
20.0,3.9,12.6,1.4,6.0,NotYet
20.0,3.9,12.6,1.4,8.0,NotYet
20.0,3.9,12.6,1.4,10.0,NotYet
20.0,3.9,12.6,1.6,-10.0,NotYet
20.0,3.9,12.6,1.6,-8.0,NotYet
20.0,3.9,12.6,1.6,-6.0,NotYet
20.0,3.9,12.6,1.6,-4.0,NotYet
20.0,3.9,12.6,1.6,-2.0,NotYet
20.0,3.9,12.6,1.6,0.0,NotYet
20.0,3.9,12.6,1.6,2.0,NotYet
20.0,3.9,12.6,1.6,4.0,NotYet
20.0,3.9,12.6,1.6,6.0,NotYet
20.0,3.9,12.6,1.6,8.0,NotYet
20.0,3.9,12.6,1.6,10.0,NotYet
20.0,3.9,12.6,1.8,-10.0,NotYet
20.0,3.9,12.6,1.8,-8.0,NotYet
20.0,3.9,12.6,1.8,-6.0,NotYet
20.0,3.9,12.6,1.8,-4.0,NotYet
20.0,3.9,12.6,1.8,-2.0,NotYet
20.0,3.9,12.6,1.8,0.0,NotYet
20.0,3.9,12.6,1.8,2.0,NotYet
20.0,3.9,12.6,1.8,4.0,NotYet
20.0,3.9,12.6,1.8,6.0,NotYet
20.0,3.9,12.6,1.8,8.0,NotYet
20.0,3.9,12.6,1.8,10.0,NotYet
20.0,3.9,12.6,2.0,-10.0,NotYet
20.0,3.9,12.6,2.0,-8.0,NotYet
20.0,3.9,12.6,2.0,-6.0,NotYet
20.0,3.9,12.6,2.0,-4.0,NotYet
20.0,3.9,12.6,2.0,-2.0,NotYet
20.0,3.9,12.6,2.0,0.0,NotYet
20.0,3.9,12.6,2.0,2.0,NotYet
20.0,3.9,12.6,2.0,4.0,NotYet
20.0,3.9,12.6,2.0,6.0,NotYet
20.0,3.9,12.6,2.0,8.0,NotYet
20.0,3.9,12.6,2.0,10.0,NotYet
25.0,7.8,6.3,-2.0,-10.0,NotYet
25.0,7.8,6.3,-2.0,-8.0,NotYet
25.0,7.8,6.3,-2.0,-6.0,NotYet
25.0,7.8,6.3,-2.0,-4.0,NotYet
25.0,7.8,6.3,-2.0,-2.0,NotYet
25.0,7.8,6.3,-2.0,0.0,NotYet
25.0,7.8,6.3,-2.0,2.0,NotYet
25.0,7.8,6.3,-2.0,4.0,NotYet
25.0,7.8,6.3,-2.0,6.0,NotYet
25.0,7.8,6.3,-2.0,8.0,NotYet
25.0,7.8,6.3,-2.0,10.0,NotYet
25.0,7.8,6.3,-1.8,-10.0,NotYet
25.0,7.8,6.3,-1.8,-8.0,NotYet
25.0,7.8,6.3,-1.8,-6.0,NotYet
25.0,7.8,6.3,-1.8,-4.0,NotYet
25.0,7.8,6.3,-1.8,-2.0,NotYet
25.0,7.8,6.3,-1.8,0.0,NotYet
25.0,7.8,6.3,-1.8,2.0,NotYet
25.0,7.8,6.3,-1.8,4.0,NotYet
25.0,7.8,6.3,-1.8,6.0,NotYet
25.0,7.8,6.3,-1.8,8.0,NotYet
25.0,7.8,6.3,-1.8,10.0,NotYet
25.0,7.8,6.3,-1.6,-10.0,NotYet
25.0,7.8,6.3,-1.6,-8.0,NotYet
25.0,7.8,6.3,-1.6,-6.0,NotYet
25.0,7.8,6.3,-1.6,-4.0,NotYet
25.0,7.8,6.3,-1.6,-2.0,NotYet
25.0,7.8,6.3,-1.6,0.0,NotYet
25.0,7.8,6.3,-1.6,2.0,NotYet
25.0,7.8,6.3,-1.6,4.0,NotYet
25.0,7.8,6.3,-1.6,6.0,NotYet
25.0,7.8,6.3,-1.6,8.0,NotYet
25.0,7.8,6.3,-1.6,10.0,NotYet
25.0,7.8,6.3,-1.4,-10.0,NotYet
25.0,7.8,6.3,-1.4,-8.0,NotYet
25.0,7.8,6.3,-1.4,-6.0,NotYet
25.0,7.8,6.3,-1.4,-4.0,NotYet
25.0,7.8,6.3,-1.4,-2.0,NotYet
25.0,7.8,6.3,-1.4,0.0,NotYet
25.0,7.8,6.3,-1.4,2.0,NotYet
25.0,7.8,6.3,-1.4,4.0,NotYet
25.0,7.8,6.3,-1.4,6.0,NotYet
25.0,7.8,6.3,-1.4,8.0,NotYet
25.0,7.8,6.3,-1.4,10.0,NotYet
25.0,7.8,6.3,-1.2,-10.0,NotYet
25.0,7.8,6.3,-1.2,-8.0,NotYet
25.0,7.8,6.3,-1.2,-6.0,NotYet
25.0,7.8,6.3,-1.2,-4.0,NotYet
25.0,7.8,6.3,-1.2,-2.0,NotYet
25.0,7.8,6.3,-1.2,0.0,NotYet
25.0,7.8,6.3,-1.2,2.0,NotYet
25.0,7.8,6.3,-1.2,4.0,NotYet
25.0,7.8,6.3,-1.2,6.0,NotYet
25.0,7.8,6.3,-1.2,8.0,NotYet
25.0,7.8,6.3,-1.2,10.0,NotYet
25.0,7.8,6.3,-1.0,-10.0,NotYet
25.0,7.8,6.3,-1.0,-8.0,NotYet
25.0,7.8,6.3,-1.0,-6.0,NotYet
25.0,7.8,6.3,-1.0,-4.0,NotYet
25.0,7.8,6.3,-1.0,-2.0,NotYet
25.0,7.8,6.3,-1.0,0.0,NotYet
25.0,7.8,6.3,-1.0,2.0,NotYet
25.0,7.8,6.3,-1.0,4.0,NotYet
25.0,7.8,6.3,-1.0,6.0,NotYet
25.0,7.8,6.3,-1.0,8.0,NotYet
25.0,7.8,6.3,-1.0,10.0,NotYet
25.0,7.8,6.3,-0.8,-10.0,NotYet
25.0,7.8,6.3,-0.8,-8.0,NotYet
25.0,7.8,6.3,-0.8,-6.0,NotYet
25.0,7.8,6.3,-0.8,-4.0,NotYet
25.0,7.8,6.3,-0.8,-2.0,NotYet
25.0,7.8,6.3,-0.8,0.0,NotYet
25.0,7.8,6.3,-0.8,2.0,NotYet
25.0,7.8,6.3,-0.8,4.0,NotYet
25.0,7.8,6.3,-0.8,6.0,NotYet
25.0,7.8,6.3,-0.8,8.0,NotYet
25.0,7.8,6.3,-0.8,10.0,NotYet
25.0,7.8,6.3,-0.6,-10.0,NotYet
25.0,7.8,6.3,-0.6,-8.0,NotYet
25.0,7.8,6.3,-0.6,-6.0,NotYet
25.0,7.8,6.3,-0.6,-4.0,NotYet
25.0,7.8,6.3,-0.6,-2.0,NotYet
25.0,7.8,6.3,-0.6,0.0,NotYet
25.0,7.8,6.3,-0.6,2.0,NotYet
25.0,7.8,6.3,-0.6,4.0,NotYet
25.0,7.8,6.3,-0.6,6.0,NotYet
25.0,7.8,6.3,-0.6,8.0,NotYet
25.0,7.8,6.3,-0.6,10.0,NotYet
25.0,7.8,6.3,-0.4,-10.0,NotYet
25.0,7.8,6.3,-0.4,-8.0,NotYet
25.0,7.8,6.3,-0.4,-6.0,NotYet
25.0,7.8,6.3,-0.4,-4.0,NotYet
25.0,7.8,6.3,-0.4,-2.0,NotYet
25.0,7.8,6.3,-0.4,0.0,NotYet
25.0,7.8,6.3,-0.4,2.0,NotYet
25.0,7.8,6.3,-0.4,4.0,NotYet
25.0,7.8,6.3,-0.4,6.0,NotYet
25.0,7.8,6.3,-0.4,8.0,NotYet
25.0,7.8,6.3,-0.4,10.0,NotYet
25.0,7.8,6.3,-0.2,-10.0,NotYet
25.0,7.8,6.3,-0.2,-8.0,NotYet
25.0,7.8,6.3,-0.2,-6.0,NotYet
25.0,7.8,6.3,-0.2,-4.0,NotYet
25.0,7.8,6.3,-0.2,-2.0,NotYet
25.0,7.8,6.3,-0.2,0.0,NotYet
25.0,7.8,6.3,-0.2,2.0,NotYet
25.0,7.8,6.3,-0.2,4.0,NotYet
25.0,7.8,6.3,-0.2,6.0,NotYet
25.0,7.8,6.3,-0.2,8.0,NotYet
25.0,7.8,6.3,-0.2,10.0,NotYet
25.0,7.8,6.3,0.0,-10.0,NotYet
25.0,7.8,6.3,0.0,-8.0,NotYet
25.0,7.8,6.3,0.0,-6.0,NotYet
25.0,7.8,6.3,0.0,-4.0,NotYet
25.0,7.8,6.3,0.0,-2.0,NotYet
25.0,7.8,6.3,0.0,0.0,NotYet
25.0,7.8,6.3,0.0,2.0,NotYet
25.0,7.8,6.3,0.0,4.0,NotYet
25.0,7.8,6.3,0.0,6.0,NotYet
25.0,7.8,6.3,0.0,8.0,NotYet
25.0,7.8,6.3,0.0,10.0,NotYet
25.0,7.8,6.3,0.2,-10.0,NotYet
25.0,7.8,6.3,0.2,-8.0,NotYet
25.0,7.8,6.3,0.2,-6.0,NotYet
25.0,7.8,6.3,0.2,-4.0,NotYet
25.0,7.8,6.3,0.2,-2.0,NotYet
25.0,7.8,6.3,0.2,0.0,NotYet
25.0,7.8,6.3,0.2,2.0,NotYet
25.0,7.8,6.3,0.2,4.0,NotYet
25.0,7.8,6.3,0.2,6.0,NotYet
25.0,7.8,6.3,0.2,8.0,NotYet
25.0,7.8,6.3,0.2,10.0,NotYet
25.0,7.8,6.3,0.4,-10.0,NotYet
25.0,7.8,6.3,0.4,-8.0,NotYet
25.0,7.8,6.3,0.4,-6.0,NotYet
25.0,7.8,6.3,0.4,-4.0,NotYet
25.0,7.8,6.3,0.4,-2.0,NotYet
25.0,7.8,6.3,0.4,0.0,NotYet
25.0,7.8,6.3,0.4,2.0,NotYet
25.0,7.8,6.3,0.4,4.0,NotYet
25.0,7.8,6.3,0.4,6.0,NotYet
25.0,7.8,6.3,0.4,8.0,NotYet
25.0,7.8,6.3,0.4,10.0,NotYet
25.0,7.8,6.3,0.6,-10.0,NotYet
25.0,7.8,6.3,0.6,-8.0,NotYet
25.0,7.8,6.3,0.6,-6.0,NotYet
25.0,7.8,6.3,0.6,-4.0,NotYet
25.0,7.8,6.3,0.6,-2.0,NotYet
25.0,7.8,6.3,0.6,0.0,NotYet
25.0,7.8,6.3,0.6,2.0,NotYet
25.0,7.8,6.3,0.6,4.0,NotYet
25.0,7.8,6.3,0.6,6.0,NotYet
25.0,7.8,6.3,0.6,8.0,NotYet
25.0,7.8,6.3,0.6,10.0,NotYet
25.0,7.8,6.3,0.8,-10.0,NotYet
25.0,7.8,6.3,0.8,-8.0,NotYet
25.0,7.8,6.3,0.8,-6.0,NotYet
25.0,7.8,6.3,0.8,-4.0,NotYet
25.0,7.8,6.3,0.8,-2.0,NotYet
25.0,7.8,6.3,0.8,0.0,NotYet
25.0,7.8,6.3,0.8,2.0,NotYet
25.0,7.8,6.3,0.8,4.0,NotYet
25.0,7.8,6.3,0.8,6.0,NotYet
25.0,7.8,6.3,0.8,8.0,NotYet
25.0,7.8,6.3,0.8,10.0,NotYet
25.0,7.8,6.3,1.0,-10.0,NotYet
25.0,7.8,6.3,1.0,-8.0,NotYet
25.0,7.8,6.3,1.0,-6.0,NotYet
25.0,7.8,6.3,1.0,-4.0,NotYet
25.0,7.8,6.3,1.0,-2.0,NotYet
25.0,7.8,6.3,1.0,0.0,NotYet
25.0,7.8,6.3,1.0,2.0,NotYet
25.0,7.8,6.3,1.0,4.0,NotYet
25.0,7.8,6.3,1.0,6.0,NotYet
25.0,7.8,6.3,1.0,8.0,NotYet
25.0,7.8,6.3,1.0,10.0,NotYet
25.0,7.8,6.3,1.2,-10.0,NotYet
25.0,7.8,6.3,1.2,-8.0,NotYet
25.0,7.8,6.3,1.2,-6.0,NotYet
25.0,7.8,6.3,1.2,-4.0,NotYet
25.0,7.8,6.3,1.2,-2.0,NotYet
25.0,7.8,6.3,1.2,0.0,NotYet
25.0,7.8,6.3,1.2,2.0,NotYet
25.0,7.8,6.3,1.2,4.0,NotYet
25.0,7.8,6.3,1.2,6.0,NotYet
25.0,7.8,6.3,1.2,8.0,NotYet
25.0,7.8,6.3,1.2,10.0,NotYet
25.0,7.8,6.3,1.4,-10.0,NotYet
25.0,7.8,6.3,1.4,-8.0,NotYet
25.0,7.8,6.3,1.4,-6.0,NotYet
25.0,7.8,6.3,1.4,-4.0,NotYet
25.0,7.8,6.3,1.4,-2.0,NotYet
25.0,7.8,6.3,1.4,0.0,NotYet
25.0,7.8,6.3,1.4,2.0,NotYet
25.0,7.8,6.3,1.4,4.0,NotYet
25.0,7.8,6.3,1.4,6.0,NotYet
25.0,7.8,6.3,1.4,8.0,NotYet
25.0,7.8,6.3,1.4,10.0,NotYet
25.0,7.8,6.3,1.6,-10.0,NotYet
25.0,7.8,6.3,1.6,-8.0,NotYet
25.0,7.8,6.3,1.6,-6.0,NotYet
25.0,7.8,6.3,1.6,-4.0,NotYet
25.0,7.8,6.3,1.6,-2.0,NotYet
25.0,7.8,6.3,1.6,0.0,NotYet
25.0,7.8,6.3,1.6,2.0,NotYet
25.0,7.8,6.3,1.6,4.0,NotYet
25.0,7.8,6.3,1.6,6.0,NotYet
25.0,7.8,6.3,1.6,8.0,NotYet
25.0,7.8,6.3,1.6,10.0,NotYet
25.0,7.8,6.3,1.8,-10.0,NotYet
25.0,7.8,6.3,1.8,-8.0,NotYet
25.0,7.8,6.3,1.8,-6.0,NotYet
25.0,7.8,6.3,1.8,-4.0,NotYet
25.0,7.8,6.3,1.8,-2.0,NotYet
25.0,7.8,6.3,1.8,0.0,NotYet
25.0,7.8,6.3,1.8,2.0,NotYet
25.0,7.8,6.3,1.8,4.0,NotYet
25.0,7.8,6.3,1.8,6.0,NotYet
25.0,7.8,6.3,1.8,8.0,NotYet
25.0,7.8,6.3,1.8,10.0,NotYet
25.0,7.8,6.3,2.0,-10.0,NotYet
25.0,7.8,6.3,2.0,-8.0,NotYet
25.0,7.8,6.3,2.0,-6.0,NotYet
25.0,7.8,6.3,2.0,-4.0,NotYet
25.0,7.8,6.3,2.0,-2.0,NotYet
25.0,7.8,6.3,2.0,0.0,NotYet
25.0,7.8,6.3,2.0,2.0,NotYet
25.0,7.8,6.3,2.0,4.0,NotYet
25.0,7.8,6.3,2.0,6.0,NotYet
25.0,7.8,6.3,2.0,8.0,NotYet
25.0,7.8,6.3,2.0,10.0,NotYet
25.0,4.0,12.3,-2.0,-10.0,NotYet
25.0,4.0,12.3,-2.0,-8.0,NotYet
25.0,4.0,12.3,-2.0,-6.0,NotYet
25.0,4.0,12.3,-2.0,-4.0,NotYet
25.0,4.0,12.3,-2.0,-2.0,NotYet
25.0,4.0,12.3,-2.0,0.0,NotYet
25.0,4.0,12.3,-2.0,2.0,NotYet
25.0,4.0,12.3,-2.0,4.0,NotYet
25.0,4.0,12.3,-2.0,6.0,NotYet
25.0,4.0,12.3,-2.0,8.0,NotYet
25.0,4.0,12.3,-2.0,10.0,NotYet
25.0,4.0,12.3,-1.8,-10.0,NotYet
25.0,4.0,12.3,-1.8,-8.0,NotYet
25.0,4.0,12.3,-1.8,-6.0,NotYet
25.0,4.0,12.3,-1.8,-4.0,NotYet
25.0,4.0,12.3,-1.8,-2.0,NotYet
25.0,4.0,12.3,-1.8,0.0,NotYet
25.0,4.0,12.3,-1.8,2.0,NotYet
25.0,4.0,12.3,-1.8,4.0,NotYet
25.0,4.0,12.3,-1.8,6.0,NotYet
25.0,4.0,12.3,-1.8,8.0,NotYet
25.0,4.0,12.3,-1.8,10.0,NotYet
25.0,4.0,12.3,-1.6,-10.0,NotYet
25.0,4.0,12.3,-1.6,-8.0,NotYet
25.0,4.0,12.3,-1.6,-6.0,NotYet
25.0,4.0,12.3,-1.6,-4.0,NotYet
25.0,4.0,12.3,-1.6,-2.0,NotYet
25.0,4.0,12.3,-1.6,0.0,NotYet
25.0,4.0,12.3,-1.6,2.0,NotYet
25.0,4.0,12.3,-1.6,4.0,NotYet
25.0,4.0,12.3,-1.6,6.0,NotYet
25.0,4.0,12.3,-1.6,8.0,NotYet
25.0,4.0,12.3,-1.6,10.0,NotYet
25.0,4.0,12.3,-1.4,-10.0,NotYet
25.0,4.0,12.3,-1.4,-8.0,NotYet
25.0,4.0,12.3,-1.4,-6.0,NotYet
25.0,4.0,12.3,-1.4,-4.0,NotYet
25.0,4.0,12.3,-1.4,-2.0,NotYet
25.0,4.0,12.3,-1.4,0.0,NotYet
25.0,4.0,12.3,-1.4,2.0,NotYet
25.0,4.0,12.3,-1.4,4.0,NotYet
25.0,4.0,12.3,-1.4,6.0,NotYet
25.0,4.0,12.3,-1.4,8.0,NotYet
25.0,4.0,12.3,-1.4,10.0,NotYet
25.0,4.0,12.3,-1.2,-10.0,NotYet
25.0,4.0,12.3,-1.2,-8.0,NotYet
25.0,4.0,12.3,-1.2,-6.0,NotYet
25.0,4.0,12.3,-1.2,-4.0,NotYet
25.0,4.0,12.3,-1.2,-2.0,NotYet
25.0,4.0,12.3,-1.2,0.0,NotYet
25.0,4.0,12.3,-1.2,2.0,NotYet
25.0,4.0,12.3,-1.2,4.0,NotYet
25.0,4.0,12.3,-1.2,6.0,NotYet
25.0,4.0,12.3,-1.2,8.0,NotYet
25.0,4.0,12.3,-1.2,10.0,NotYet
25.0,4.0,12.3,-1.0,-10.0,NotYet
25.0,4.0,12.3,-1.0,-8.0,NotYet
25.0,4.0,12.3,-1.0,-6.0,NotYet
25.0,4.0,12.3,-1.0,-4.0,NotYet
25.0,4.0,12.3,-1.0,-2.0,NotYet
25.0,4.0,12.3,-1.0,0.0,NotYet
25.0,4.0,12.3,-1.0,2.0,NotYet
25.0,4.0,12.3,-1.0,4.0,NotYet
25.0,4.0,12.3,-1.0,6.0,NotYet
25.0,4.0,12.3,-1.0,8.0,NotYet
25.0,4.0,12.3,-1.0,10.0,NotYet
25.0,4.0,12.3,-0.8,-10.0,NotYet
25.0,4.0,12.3,-0.8,-8.0,NotYet
25.0,4.0,12.3,-0.8,-6.0,NotYet
25.0,4.0,12.3,-0.8,-4.0,NotYet
25.0,4.0,12.3,-0.8,-2.0,NotYet
25.0,4.0,12.3,-0.8,0.0,NotYet
25.0,4.0,12.3,-0.8,2.0,NotYet
25.0,4.0,12.3,-0.8,4.0,NotYet
25.0,4.0,12.3,-0.8,6.0,NotYet
25.0,4.0,12.3,-0.8,8.0,NotYet
25.0,4.0,12.3,-0.8,10.0,NotYet
25.0,4.0,12.3,-0.6,-10.0,NotYet
25.0,4.0,12.3,-0.6,-8.0,NotYet
25.0,4.0,12.3,-0.6,-6.0,NotYet
25.0,4.0,12.3,-0.6,-4.0,NotYet
25.0,4.0,12.3,-0.6,-2.0,NotYet
25.0,4.0,12.3,-0.6,0.0,NotYet
25.0,4.0,12.3,-0.6,2.0,NotYet
25.0,4.0,12.3,-0.6,4.0,NotYet
25.0,4.0,12.3,-0.6,6.0,NotYet
25.0,4.0,12.3,-0.6,8.0,NotYet
25.0,4.0,12.3,-0.6,10.0,NotYet
25.0,4.0,12.3,-0.4,-10.0,NotYet
25.0,4.0,12.3,-0.4,-8.0,NotYet
25.0,4.0,12.3,-0.4,-6.0,NotYet
25.0,4.0,12.3,-0.4,-4.0,NotYet
25.0,4.0,12.3,-0.4,-2.0,NotYet
25.0,4.0,12.3,-0.4,0.0,NotYet
25.0,4.0,12.3,-0.4,2.0,NotYet
25.0,4.0,12.3,-0.4,4.0,NotYet
25.0,4.0,12.3,-0.4,6.0,NotYet
25.0,4.0,12.3,-0.4,8.0,NotYet
25.0,4.0,12.3,-0.4,10.0,NotYet
25.0,4.0,12.3,-0.2,-10.0,NotYet
25.0,4.0,12.3,-0.2,-8.0,NotYet
25.0,4.0,12.3,-0.2,-6.0,NotYet
25.0,4.0,12.3,-0.2,-4.0,NotYet
25.0,4.0,12.3,-0.2,-2.0,NotYet
25.0,4.0,12.3,-0.2,0.0,NotYet
25.0,4.0,12.3,-0.2,2.0,NotYet
25.0,4.0,12.3,-0.2,4.0,NotYet
25.0,4.0,12.3,-0.2,6.0,NotYet
25.0,4.0,12.3,-0.2,8.0,NotYet
25.0,4.0,12.3,-0.2,10.0,NotYet
25.0,4.0,12.3,0.0,-10.0,NotYet
25.0,4.0,12.3,0.0,-8.0,NotYet
25.0,4.0,12.3,0.0,-6.0,NotYet
25.0,4.0,12.3,0.0,-4.0,NotYet
25.0,4.0,12.3,0.0,-2.0,NotYet
25.0,4.0,12.3,0.0,0.0,NotYet
25.0,4.0,12.3,0.0,2.0,NotYet
25.0,4.0,12.3,0.0,4.0,NotYet
25.0,4.0,12.3,0.0,6.0,NotYet
25.0,4.0,12.3,0.0,8.0,NotYet
25.0,4.0,12.3,0.0,10.0,NotYet
25.0,4.0,12.3,0.2,-10.0,NotYet
25.0,4.0,12.3,0.2,-8.0,NotYet
25.0,4.0,12.3,0.2,-6.0,NotYet
25.0,4.0,12.3,0.2,-4.0,NotYet
25.0,4.0,12.3,0.2,-2.0,NotYet
25.0,4.0,12.3,0.2,0.0,NotYet
25.0,4.0,12.3,0.2,2.0,NotYet
25.0,4.0,12.3,0.2,4.0,NotYet
25.0,4.0,12.3,0.2,6.0,NotYet
25.0,4.0,12.3,0.2,8.0,NotYet
25.0,4.0,12.3,0.2,10.0,NotYet
25.0,4.0,12.3,0.4,-10.0,NotYet
25.0,4.0,12.3,0.4,-8.0,NotYet
25.0,4.0,12.3,0.4,-6.0,NotYet
25.0,4.0,12.3,0.4,-4.0,NotYet
25.0,4.0,12.3,0.4,-2.0,NotYet
25.0,4.0,12.3,0.4,0.0,NotYet
25.0,4.0,12.3,0.4,2.0,NotYet
25.0,4.0,12.3,0.4,4.0,NotYet
25.0,4.0,12.3,0.4,6.0,NotYet
25.0,4.0,12.3,0.4,8.0,NotYet
25.0,4.0,12.3,0.4,10.0,NotYet
25.0,4.0,12.3,0.6,-10.0,NotYet
25.0,4.0,12.3,0.6,-8.0,NotYet
25.0,4.0,12.3,0.6,-6.0,NotYet
25.0,4.0,12.3,0.6,-4.0,NotYet
25.0,4.0,12.3,0.6,-2.0,NotYet
25.0,4.0,12.3,0.6,0.0,NotYet
25.0,4.0,12.3,0.6,2.0,NotYet
25.0,4.0,12.3,0.6,4.0,NotYet
25.0,4.0,12.3,0.6,6.0,NotYet
25.0,4.0,12.3,0.6,8.0,NotYet
25.0,4.0,12.3,0.6,10.0,NotYet
25.0,4.0,12.3,0.8,-10.0,NotYet
25.0,4.0,12.3,0.8,-8.0,NotYet
25.0,4.0,12.3,0.8,-6.0,NotYet
25.0,4.0,12.3,0.8,-4.0,NotYet
25.0,4.0,12.3,0.8,-2.0,NotYet
25.0,4.0,12.3,0.8,0.0,NotYet
25.0,4.0,12.3,0.8,2.0,NotYet
25.0,4.0,12.3,0.8,4.0,NotYet
25.0,4.0,12.3,0.8,6.0,NotYet
25.0,4.0,12.3,0.8,8.0,NotYet
25.0,4.0,12.3,0.8,10.0,NotYet
25.0,4.0,12.3,1.0,-10.0,NotYet
25.0,4.0,12.3,1.0,-8.0,NotYet
25.0,4.0,12.3,1.0,-6.0,NotYet
25.0,4.0,12.3,1.0,-4.0,NotYet
25.0,4.0,12.3,1.0,-2.0,NotYet
25.0,4.0,12.3,1.0,0.0,NotYet
25.0,4.0,12.3,1.0,2.0,NotYet
25.0,4.0,12.3,1.0,4.0,NotYet
25.0,4.0,12.3,1.0,6.0,NotYet
25.0,4.0,12.3,1.0,8.0,NotYet
25.0,4.0,12.3,1.0,10.0,NotYet
25.0,4.0,12.3,1.2,-10.0,NotYet
25.0,4.0,12.3,1.2,-8.0,NotYet
25.0,4.0,12.3,1.2,-6.0,NotYet
25.0,4.0,12.3,1.2,-4.0,NotYet
25.0,4.0,12.3,1.2,-2.0,NotYet
25.0,4.0,12.3,1.2,0.0,NotYet
25.0,4.0,12.3,1.2,2.0,NotYet
25.0,4.0,12.3,1.2,4.0,NotYet
25.0,4.0,12.3,1.2,6.0,NotYet
25.0,4.0,12.3,1.2,8.0,NotYet
25.0,4.0,12.3,1.2,10.0,NotYet
25.0,4.0,12.3,1.4,-10.0,NotYet
25.0,4.0,12.3,1.4,-8.0,NotYet
25.0,4.0,12.3,1.4,-6.0,NotYet
25.0,4.0,12.3,1.4,-4.0,NotYet
25.0,4.0,12.3,1.4,-2.0,NotYet
25.0,4.0,12.3,1.4,0.0,NotYet
25.0,4.0,12.3,1.4,2.0,NotYet
25.0,4.0,12.3,1.4,4.0,NotYet
25.0,4.0,12.3,1.4,6.0,NotYet
25.0,4.0,12.3,1.4,8.0,NotYet
25.0,4.0,12.3,1.4,10.0,NotYet
25.0,4.0,12.3,1.6,-10.0,NotYet
25.0,4.0,12.3,1.6,-8.0,NotYet
25.0,4.0,12.3,1.6,-6.0,NotYet
25.0,4.0,12.3,1.6,-4.0,NotYet
25.0,4.0,12.3,1.6,-2.0,NotYet
25.0,4.0,12.3,1.6,0.0,NotYet
25.0,4.0,12.3,1.6,2.0,NotYet
25.0,4.0,12.3,1.6,4.0,NotYet
25.0,4.0,12.3,1.6,6.0,NotYet
25.0,4.0,12.3,1.6,8.0,NotYet
25.0,4.0,12.3,1.6,10.0,NotYet
25.0,4.0,12.3,1.8,-10.0,NotYet
25.0,4.0,12.3,1.8,-8.0,NotYet
25.0,4.0,12.3,1.8,-6.0,NotYet
25.0,4.0,12.3,1.8,-4.0,NotYet
25.0,4.0,12.3,1.8,-2.0,NotYet
25.0,4.0,12.3,1.8,0.0,NotYet
25.0,4.0,12.3,1.8,2.0,NotYet
25.0,4.0,12.3,1.8,4.0,NotYet
25.0,4.0,12.3,1.8,6.0,NotYet
25.0,4.0,12.3,1.8,8.0,NotYet
25.0,4.0,12.3,1.8,10.0,NotYet
25.0,4.0,12.3,2.0,-10.0,NotYet
25.0,4.0,12.3,2.0,-8.0,NotYet
25.0,4.0,12.3,2.0,-6.0,NotYet
25.0,4.0,12.3,2.0,-4.0,NotYet
25.0,4.0,12.3,2.0,-2.0,NotYet
25.0,4.0,12.3,2.0,0.0,NotYet
25.0,4.0,12.3,2.0,2.0,NotYet
25.0,4.0,12.3,2.0,4.0,NotYet
25.0,4.0,12.3,2.0,6.0,NotYet
25.0,4.0,12.3,2.0,8.0,NotYet
25.0,4.0,12.3,2.0,10.0,NotYet
30.0,8.2,6.0,-2.0,-10.0,NotYet
30.0,8.2,6.0,-2.0,-8.0,NotYet
30.0,8.2,6.0,-2.0,-6.0,NotYet
30.0,8.2,6.0,-2.0,-4.0,NotYet
30.0,8.2,6.0,-2.0,-2.0,NotYet
30.0,8.2,6.0,-2.0,0.0,NotYet
30.0,8.2,6.0,-2.0,2.0,NotYet
30.0,8.2,6.0,-2.0,4.0,NotYet
30.0,8.2,6.0,-2.0,6.0,NotYet
30.0,8.2,6.0,-2.0,8.0,NotYet
30.0,8.2,6.0,-2.0,10.0,NotYet
30.0,8.2,6.0,-1.8,-10.0,NotYet
30.0,8.2,6.0,-1.8,-8.0,NotYet
30.0,8.2,6.0,-1.8,-6.0,NotYet
30.0,8.2,6.0,-1.8,-4.0,NotYet
30.0,8.2,6.0,-1.8,-2.0,NotYet
30.0,8.2,6.0,-1.8,0.0,NotYet
30.0,8.2,6.0,-1.8,2.0,NotYet
30.0,8.2,6.0,-1.8,4.0,NotYet
30.0,8.2,6.0,-1.8,6.0,NotYet
30.0,8.2,6.0,-1.8,8.0,NotYet
30.0,8.2,6.0,-1.8,10.0,NotYet
30.0,8.2,6.0,-1.6,-10.0,NotYet
30.0,8.2,6.0,-1.6,-8.0,NotYet
30.0,8.2,6.0,-1.6,-6.0,NotYet
30.0,8.2,6.0,-1.6,-4.0,NotYet
30.0,8.2,6.0,-1.6,-2.0,NotYet
30.0,8.2,6.0,-1.6,0.0,NotYet
30.0,8.2,6.0,-1.6,2.0,NotYet
30.0,8.2,6.0,-1.6,4.0,NotYet
30.0,8.2,6.0,-1.6,6.0,NotYet
30.0,8.2,6.0,-1.6,8.0,NotYet
30.0,8.2,6.0,-1.6,10.0,NotYet
30.0,8.2,6.0,-1.4,-10.0,NotYet
30.0,8.2,6.0,-1.4,-8.0,NotYet
30.0,8.2,6.0,-1.4,-6.0,NotYet
30.0,8.2,6.0,-1.4,-4.0,NotYet
30.0,8.2,6.0,-1.4,-2.0,NotYet
30.0,8.2,6.0,-1.4,0.0,NotYet
30.0,8.2,6.0,-1.4,2.0,NotYet
30.0,8.2,6.0,-1.4,4.0,NotYet
30.0,8.2,6.0,-1.4,6.0,NotYet
30.0,8.2,6.0,-1.4,8.0,NotYet
30.0,8.2,6.0,-1.4,10.0,NotYet
30.0,8.2,6.0,-1.2,-10.0,NotYet
30.0,8.2,6.0,-1.2,-8.0,NotYet
30.0,8.2,6.0,-1.2,-6.0,NotYet
30.0,8.2,6.0,-1.2,-4.0,NotYet
30.0,8.2,6.0,-1.2,-2.0,NotYet
30.0,8.2,6.0,-1.2,0.0,NotYet
30.0,8.2,6.0,-1.2,2.0,NotYet
30.0,8.2,6.0,-1.2,4.0,NotYet
30.0,8.2,6.0,-1.2,6.0,NotYet
30.0,8.2,6.0,-1.2,8.0,NotYet
30.0,8.2,6.0,-1.2,10.0,NotYet
30.0,8.2,6.0,-1.0,-10.0,NotYet
30.0,8.2,6.0,-1.0,-8.0,NotYet
30.0,8.2,6.0,-1.0,-6.0,NotYet
30.0,8.2,6.0,-1.0,-4.0,NotYet
30.0,8.2,6.0,-1.0,-2.0,NotYet
30.0,8.2,6.0,-1.0,0.0,NotYet
30.0,8.2,6.0,-1.0,2.0,NotYet
30.0,8.2,6.0,-1.0,4.0,NotYet
30.0,8.2,6.0,-1.0,6.0,NotYet
30.0,8.2,6.0,-1.0,8.0,NotYet
30.0,8.2,6.0,-1.0,10.0,NotYet
30.0,8.2,6.0,-0.8,-10.0,NotYet
30.0,8.2,6.0,-0.8,-8.0,NotYet
30.0,8.2,6.0,-0.8,-6.0,NotYet
30.0,8.2,6.0,-0.8,-4.0,NotYet
30.0,8.2,6.0,-0.8,-2.0,NotYet
30.0,8.2,6.0,-0.8,0.0,NotYet
30.0,8.2,6.0,-0.8,2.0,NotYet
30.0,8.2,6.0,-0.8,4.0,NotYet
30.0,8.2,6.0,-0.8,6.0,NotYet
30.0,8.2,6.0,-0.8,8.0,NotYet
30.0,8.2,6.0,-0.8,10.0,NotYet
30.0,8.2,6.0,-0.6,-10.0,NotYet
30.0,8.2,6.0,-0.6,-8.0,NotYet
30.0,8.2,6.0,-0.6,-6.0,NotYet
30.0,8.2,6.0,-0.6,-4.0,NotYet
30.0,8.2,6.0,-0.6,-2.0,NotYet
30.0,8.2,6.0,-0.6,0.0,NotYet
30.0,8.2,6.0,-0.6,2.0,NotYet
30.0,8.2,6.0,-0.6,4.0,NotYet
30.0,8.2,6.0,-0.6,6.0,NotYet
30.0,8.2,6.0,-0.6,8.0,NotYet
30.0,8.2,6.0,-0.6,10.0,NotYet
30.0,8.2,6.0,-0.4,-10.0,NotYet
30.0,8.2,6.0,-0.4,-8.0,NotYet
30.0,8.2,6.0,-0.4,-6.0,NotYet
30.0,8.2,6.0,-0.4,-4.0,NotYet
30.0,8.2,6.0,-0.4,-2.0,NotYet
30.0,8.2,6.0,-0.4,0.0,NotYet
30.0,8.2,6.0,-0.4,2.0,NotYet
30.0,8.2,6.0,-0.4,4.0,NotYet
30.0,8.2,6.0,-0.4,6.0,NotYet
30.0,8.2,6.0,-0.4,8.0,NotYet
30.0,8.2,6.0,-0.4,10.0,NotYet
30.0,8.2,6.0,-0.2,-10.0,NotYet
30.0,8.2,6.0,-0.2,-8.0,NotYet
30.0,8.2,6.0,-0.2,-6.0,NotYet
30.0,8.2,6.0,-0.2,-4.0,NotYet
30.0,8.2,6.0,-0.2,-2.0,NotYet
30.0,8.2,6.0,-0.2,0.0,NotYet
30.0,8.2,6.0,-0.2,2.0,NotYet
30.0,8.2,6.0,-0.2,4.0,NotYet
30.0,8.2,6.0,-0.2,6.0,NotYet
30.0,8.2,6.0,-0.2,8.0,NotYet
30.0,8.2,6.0,-0.2,10.0,NotYet
30.0,8.2,6.0,0.0,-10.0,NotYet
30.0,8.2,6.0,0.0,-8.0,NotYet
30.0,8.2,6.0,0.0,-6.0,NotYet
30.0,8.2,6.0,0.0,-4.0,NotYet
30.0,8.2,6.0,0.0,-2.0,NotYet
30.0,8.2,6.0,0.0,0.0,NotYet
30.0,8.2,6.0,0.0,2.0,NotYet
30.0,8.2,6.0,0.0,4.0,NotYet
30.0,8.2,6.0,0.0,6.0,NotYet
30.0,8.2,6.0,0.0,8.0,NotYet
30.0,8.2,6.0,0.0,10.0,NotYet
30.0,8.2,6.0,0.2,-10.0,NotYet
30.0,8.2,6.0,0.2,-8.0,NotYet
30.0,8.2,6.0,0.2,-6.0,NotYet
30.0,8.2,6.0,0.2,-4.0,NotYet
30.0,8.2,6.0,0.2,-2.0,NotYet
30.0,8.2,6.0,0.2,0.0,NotYet
30.0,8.2,6.0,0.2,2.0,NotYet
30.0,8.2,6.0,0.2,4.0,NotYet
30.0,8.2,6.0,0.2,6.0,NotYet
30.0,8.2,6.0,0.2,8.0,NotYet
30.0,8.2,6.0,0.2,10.0,NotYet
30.0,8.2,6.0,0.4,-10.0,NotYet
30.0,8.2,6.0,0.4,-8.0,NotYet
30.0,8.2,6.0,0.4,-6.0,NotYet
30.0,8.2,6.0,0.4,-4.0,NotYet
30.0,8.2,6.0,0.4,-2.0,NotYet
30.0,8.2,6.0,0.4,0.0,NotYet
30.0,8.2,6.0,0.4,2.0,NotYet
30.0,8.2,6.0,0.4,4.0,NotYet
30.0,8.2,6.0,0.4,6.0,NotYet
30.0,8.2,6.0,0.4,8.0,NotYet
30.0,8.2,6.0,0.4,10.0,NotYet
30.0,8.2,6.0,0.6,-10.0,NotYet
30.0,8.2,6.0,0.6,-8.0,NotYet
30.0,8.2,6.0,0.6,-6.0,NotYet
30.0,8.2,6.0,0.6,-4.0,NotYet
30.0,8.2,6.0,0.6,-2.0,NotYet
30.0,8.2,6.0,0.6,0.0,NotYet
30.0,8.2,6.0,0.6,2.0,NotYet
30.0,8.2,6.0,0.6,4.0,NotYet
30.0,8.2,6.0,0.6,6.0,NotYet
30.0,8.2,6.0,0.6,8.0,NotYet
30.0,8.2,6.0,0.6,10.0,NotYet
30.0,8.2,6.0,0.8,-10.0,NotYet
30.0,8.2,6.0,0.8,-8.0,NotYet
30.0,8.2,6.0,0.8,-6.0,NotYet
30.0,8.2,6.0,0.8,-4.0,NotYet
30.0,8.2,6.0,0.8,-2.0,NotYet
30.0,8.2,6.0,0.8,0.0,NotYet
30.0,8.2,6.0,0.8,2.0,NotYet
30.0,8.2,6.0,0.8,4.0,NotYet
30.0,8.2,6.0,0.8,6.0,NotYet
30.0,8.2,6.0,0.8,8.0,NotYet
30.0,8.2,6.0,0.8,10.0,NotYet
30.0,8.2,6.0,1.0,-10.0,NotYet
30.0,8.2,6.0,1.0,-8.0,NotYet
30.0,8.2,6.0,1.0,-6.0,NotYet
30.0,8.2,6.0,1.0,-4.0,NotYet
30.0,8.2,6.0,1.0,-2.0,NotYet
30.0,8.2,6.0,1.0,0.0,NotYet
30.0,8.2,6.0,1.0,2.0,NotYet
30.0,8.2,6.0,1.0,4.0,NotYet
30.0,8.2,6.0,1.0,6.0,NotYet
30.0,8.2,6.0,1.0,8.0,NotYet
30.0,8.2,6.0,1.0,10.0,NotYet
30.0,8.2,6.0,1.2,-10.0,NotYet
30.0,8.2,6.0,1.2,-8.0,NotYet
30.0,8.2,6.0,1.2,-6.0,NotYet
30.0,8.2,6.0,1.2,-4.0,NotYet
30.0,8.2,6.0,1.2,-2.0,NotYet
30.0,8.2,6.0,1.2,0.0,NotYet
30.0,8.2,6.0,1.2,2.0,NotYet
30.0,8.2,6.0,1.2,4.0,NotYet
30.0,8.2,6.0,1.2,6.0,NotYet
30.0,8.2,6.0,1.2,8.0,NotYet
30.0,8.2,6.0,1.2,10.0,NotYet
30.0,8.2,6.0,1.4,-10.0,NotYet
30.0,8.2,6.0,1.4,-8.0,NotYet
30.0,8.2,6.0,1.4,-6.0,NotYet
30.0,8.2,6.0,1.4,-4.0,NotYet
30.0,8.2,6.0,1.4,-2.0,NotYet
30.0,8.2,6.0,1.4,0.0,NotYet
30.0,8.2,6.0,1.4,2.0,NotYet
30.0,8.2,6.0,1.4,4.0,NotYet
30.0,8.2,6.0,1.4,6.0,NotYet
30.0,8.2,6.0,1.4,8.0,NotYet
30.0,8.2,6.0,1.4,10.0,NotYet
30.0,8.2,6.0,1.6,-10.0,NotYet
30.0,8.2,6.0,1.6,-8.0,NotYet
30.0,8.2,6.0,1.6,-6.0,NotYet
30.0,8.2,6.0,1.6,-4.0,NotYet
30.0,8.2,6.0,1.6,-2.0,NotYet
30.0,8.2,6.0,1.6,0.0,NotYet
30.0,8.2,6.0,1.6,2.0,NotYet
30.0,8.2,6.0,1.6,4.0,NotYet
30.0,8.2,6.0,1.6,6.0,NotYet
30.0,8.2,6.0,1.6,8.0,NotYet
30.0,8.2,6.0,1.6,10.0,NotYet
30.0,8.2,6.0,1.8,-10.0,NotYet
30.0,8.2,6.0,1.8,-8.0,NotYet
30.0,8.2,6.0,1.8,-6.0,NotYet
30.0,8.2,6.0,1.8,-4.0,NotYet
30.0,8.2,6.0,1.8,-2.0,NotYet
30.0,8.2,6.0,1.8,0.0,NotYet
30.0,8.2,6.0,1.8,2.0,NotYet
30.0,8.2,6.0,1.8,4.0,NotYet
30.0,8.2,6.0,1.8,6.0,NotYet
30.0,8.2,6.0,1.8,8.0,NotYet
30.0,8.2,6.0,1.8,10.0,NotYet
30.0,8.2,6.0,2.0,-10.0,NotYet
30.0,8.2,6.0,2.0,-8.0,NotYet
30.0,8.2,6.0,2.0,-6.0,NotYet
30.0,8.2,6.0,2.0,-4.0,NotYet
30.0,8.2,6.0,2.0,-2.0,NotYet
30.0,8.2,6.0,2.0,0.0,NotYet
30.0,8.2,6.0,2.0,2.0,NotYet
30.0,8.2,6.0,2.0,4.0,NotYet
30.0,8.2,6.0,2.0,6.0,NotYet
30.0,8.2,6.0,2.0,8.0,NotYet
30.0,8.2,6.0,2.0,10.0,NotYet
30.0,4.1,11.9,-2.0,-10.0,NotYet
30.0,4.1,11.9,-2.0,-8.0,NotYet
30.0,4.1,11.9,-2.0,-6.0,NotYet
30.0,4.1,11.9,-2.0,-4.0,NotYet
30.0,4.1,11.9,-2.0,-2.0,NotYet
30.0,4.1,11.9,-2.0,0.0,NotYet
30.0,4.1,11.9,-2.0,2.0,NotYet
30.0,4.1,11.9,-2.0,4.0,NotYet
30.0,4.1,11.9,-2.0,6.0,NotYet
30.0,4.1,11.9,-2.0,8.0,NotYet
30.0,4.1,11.9,-2.0,10.0,NotYet
30.0,4.1,11.9,-1.8,-10.0,NotYet
30.0,4.1,11.9,-1.8,-8.0,NotYet
30.0,4.1,11.9,-1.8,-6.0,NotYet
30.0,4.1,11.9,-1.8,-4.0,NotYet
30.0,4.1,11.9,-1.8,-2.0,NotYet
30.0,4.1,11.9,-1.8,0.0,NotYet
30.0,4.1,11.9,-1.8,2.0,NotYet
30.0,4.1,11.9,-1.8,4.0,NotYet
30.0,4.1,11.9,-1.8,6.0,NotYet
30.0,4.1,11.9,-1.8,8.0,NotYet
30.0,4.1,11.9,-1.8,10.0,NotYet
30.0,4.1,11.9,-1.6,-10.0,NotYet
30.0,4.1,11.9,-1.6,-8.0,NotYet
30.0,4.1,11.9,-1.6,-6.0,NotYet
30.0,4.1,11.9,-1.6,-4.0,NotYet
30.0,4.1,11.9,-1.6,-2.0,NotYet
30.0,4.1,11.9,-1.6,0.0,NotYet
30.0,4.1,11.9,-1.6,2.0,NotYet
30.0,4.1,11.9,-1.6,4.0,NotYet
30.0,4.1,11.9,-1.6,6.0,NotYet
30.0,4.1,11.9,-1.6,8.0,NotYet
30.0,4.1,11.9,-1.6,10.0,NotYet
30.0,4.1,11.9,-1.4,-10.0,NotYet
30.0,4.1,11.9,-1.4,-8.0,NotYet
30.0,4.1,11.9,-1.4,-6.0,NotYet
30.0,4.1,11.9,-1.4,-4.0,NotYet
30.0,4.1,11.9,-1.4,-2.0,NotYet
30.0,4.1,11.9,-1.4,0.0,NotYet
30.0,4.1,11.9,-1.4,2.0,NotYet
30.0,4.1,11.9,-1.4,4.0,NotYet
30.0,4.1,11.9,-1.4,6.0,NotYet
30.0,4.1,11.9,-1.4,8.0,NotYet
30.0,4.1,11.9,-1.4,10.0,NotYet
30.0,4.1,11.9,-1.2,-10.0,NotYet
30.0,4.1,11.9,-1.2,-8.0,NotYet
30.0,4.1,11.9,-1.2,-6.0,NotYet
30.0,4.1,11.9,-1.2,-4.0,NotYet
30.0,4.1,11.9,-1.2,-2.0,NotYet
30.0,4.1,11.9,-1.2,0.0,NotYet
30.0,4.1,11.9,-1.2,2.0,NotYet
30.0,4.1,11.9,-1.2,4.0,NotYet
30.0,4.1,11.9,-1.2,6.0,NotYet
30.0,4.1,11.9,-1.2,8.0,NotYet
30.0,4.1,11.9,-1.2,10.0,NotYet
30.0,4.1,11.9,-1.0,-10.0,NotYet
30.0,4.1,11.9,-1.0,-8.0,NotYet
30.0,4.1,11.9,-1.0,-6.0,NotYet
30.0,4.1,11.9,-1.0,-4.0,NotYet
30.0,4.1,11.9,-1.0,-2.0,NotYet
30.0,4.1,11.9,-1.0,0.0,NotYet
30.0,4.1,11.9,-1.0,2.0,NotYet
30.0,4.1,11.9,-1.0,4.0,NotYet
30.0,4.1,11.9,-1.0,6.0,NotYet
30.0,4.1,11.9,-1.0,8.0,NotYet
30.0,4.1,11.9,-1.0,10.0,NotYet
30.0,4.1,11.9,-0.8,-10.0,NotYet
30.0,4.1,11.9,-0.8,-8.0,NotYet
30.0,4.1,11.9,-0.8,-6.0,NotYet
30.0,4.1,11.9,-0.8,-4.0,NotYet
30.0,4.1,11.9,-0.8,-2.0,NotYet
30.0,4.1,11.9,-0.8,0.0,NotYet
30.0,4.1,11.9,-0.8,2.0,NotYet
30.0,4.1,11.9,-0.8,4.0,NotYet
30.0,4.1,11.9,-0.8,6.0,NotYet
30.0,4.1,11.9,-0.8,8.0,NotYet
30.0,4.1,11.9,-0.8,10.0,NotYet
30.0,4.1,11.9,-0.6,-10.0,NotYet
30.0,4.1,11.9,-0.6,-8.0,NotYet
30.0,4.1,11.9,-0.6,-6.0,NotYet
30.0,4.1,11.9,-0.6,-4.0,NotYet
30.0,4.1,11.9,-0.6,-2.0,NotYet
30.0,4.1,11.9,-0.6,0.0,NotYet
30.0,4.1,11.9,-0.6,2.0,NotYet
30.0,4.1,11.9,-0.6,4.0,NotYet
30.0,4.1,11.9,-0.6,6.0,NotYet
30.0,4.1,11.9,-0.6,8.0,NotYet
30.0,4.1,11.9,-0.6,10.0,NotYet
30.0,4.1,11.9,-0.4,-10.0,NotYet
30.0,4.1,11.9,-0.4,-8.0,NotYet
30.0,4.1,11.9,-0.4,-6.0,NotYet
30.0,4.1,11.9,-0.4,-4.0,NotYet
30.0,4.1,11.9,-0.4,-2.0,NotYet
30.0,4.1,11.9,-0.4,0.0,NotYet
30.0,4.1,11.9,-0.4,2.0,NotYet
30.0,4.1,11.9,-0.4,4.0,NotYet
30.0,4.1,11.9,-0.4,6.0,NotYet
30.0,4.1,11.9,-0.4,8.0,NotYet
30.0,4.1,11.9,-0.4,10.0,NotYet
30.0,4.1,11.9,-0.2,-10.0,NotYet
30.0,4.1,11.9,-0.2,-8.0,NotYet
30.0,4.1,11.9,-0.2,-6.0,NotYet
30.0,4.1,11.9,-0.2,-4.0,NotYet
30.0,4.1,11.9,-0.2,-2.0,NotYet
30.0,4.1,11.9,-0.2,0.0,NotYet
30.0,4.1,11.9,-0.2,2.0,NotYet
30.0,4.1,11.9,-0.2,4.0,NotYet
30.0,4.1,11.9,-0.2,6.0,NotYet
30.0,4.1,11.9,-0.2,8.0,NotYet
30.0,4.1,11.9,-0.2,10.0,NotYet
30.0,4.1,11.9,0.0,-10.0,NotYet
30.0,4.1,11.9,0.0,-8.0,NotYet
30.0,4.1,11.9,0.0,-6.0,NotYet
30.0,4.1,11.9,0.0,-4.0,NotYet
30.0,4.1,11.9,0.0,-2.0,NotYet
30.0,4.1,11.9,0.0,0.0,NotYet
30.0,4.1,11.9,0.0,2.0,NotYet
30.0,4.1,11.9,0.0,4.0,NotYet
30.0,4.1,11.9,0.0,6.0,NotYet
30.0,4.1,11.9,0.0,8.0,NotYet
30.0,4.1,11.9,0.0,10.0,NotYet
30.0,4.1,11.9,0.2,-10.0,NotYet
30.0,4.1,11.9,0.2,-8.0,NotYet
30.0,4.1,11.9,0.2,-6.0,NotYet
30.0,4.1,11.9,0.2,-4.0,NotYet
30.0,4.1,11.9,0.2,-2.0,NotYet
30.0,4.1,11.9,0.2,0.0,NotYet
30.0,4.1,11.9,0.2,2.0,NotYet
30.0,4.1,11.9,0.2,4.0,NotYet
30.0,4.1,11.9,0.2,6.0,NotYet
30.0,4.1,11.9,0.2,8.0,NotYet
30.0,4.1,11.9,0.2,10.0,NotYet
30.0,4.1,11.9,0.4,-10.0,NotYet
30.0,4.1,11.9,0.4,-8.0,NotYet
30.0,4.1,11.9,0.4,-6.0,NotYet
30.0,4.1,11.9,0.4,-4.0,NotYet
30.0,4.1,11.9,0.4,-2.0,NotYet
30.0,4.1,11.9,0.4,0.0,NotYet
30.0,4.1,11.9,0.4,2.0,NotYet
30.0,4.1,11.9,0.4,4.0,NotYet
30.0,4.1,11.9,0.4,6.0,NotYet
30.0,4.1,11.9,0.4,8.0,NotYet
30.0,4.1,11.9,0.4,10.0,NotYet
30.0,4.1,11.9,0.6,-10.0,NotYet
30.0,4.1,11.9,0.6,-8.0,NotYet
30.0,4.1,11.9,0.6,-6.0,NotYet
30.0,4.1,11.9,0.6,-4.0,NotYet
30.0,4.1,11.9,0.6,-2.0,NotYet
30.0,4.1,11.9,0.6,0.0,NotYet
30.0,4.1,11.9,0.6,2.0,NotYet
30.0,4.1,11.9,0.6,4.0,NotYet
30.0,4.1,11.9,0.6,6.0,NotYet
30.0,4.1,11.9,0.6,8.0,NotYet
30.0,4.1,11.9,0.6,10.0,NotYet
30.0,4.1,11.9,0.8,-10.0,NotYet
30.0,4.1,11.9,0.8,-8.0,NotYet
30.0,4.1,11.9,0.8,-6.0,NotYet
30.0,4.1,11.9,0.8,-4.0,NotYet
30.0,4.1,11.9,0.8,-2.0,NotYet
30.0,4.1,11.9,0.8,0.0,NotYet
30.0,4.1,11.9,0.8,2.0,NotYet
30.0,4.1,11.9,0.8,4.0,NotYet
30.0,4.1,11.9,0.8,6.0,NotYet
30.0,4.1,11.9,0.8,8.0,NotYet
30.0,4.1,11.9,0.8,10.0,NotYet
30.0,4.1,11.9,1.0,-10.0,NotYet
30.0,4.1,11.9,1.0,-8.0,NotYet
30.0,4.1,11.9,1.0,-6.0,NotYet
30.0,4.1,11.9,1.0,-4.0,NotYet
30.0,4.1,11.9,1.0,-2.0,NotYet
30.0,4.1,11.9,1.0,0.0,NotYet
30.0,4.1,11.9,1.0,2.0,NotYet
30.0,4.1,11.9,1.0,4.0,NotYet
30.0,4.1,11.9,1.0,6.0,NotYet
30.0,4.1,11.9,1.0,8.0,NotYet
30.0,4.1,11.9,1.0,10.0,NotYet
30.0,4.1,11.9,1.2,-10.0,NotYet
30.0,4.1,11.9,1.2,-8.0,NotYet
30.0,4.1,11.9,1.2,-6.0,NotYet
30.0,4.1,11.9,1.2,-4.0,NotYet
30.0,4.1,11.9,1.2,-2.0,NotYet
30.0,4.1,11.9,1.2,0.0,NotYet
30.0,4.1,11.9,1.2,2.0,NotYet
30.0,4.1,11.9,1.2,4.0,NotYet
30.0,4.1,11.9,1.2,6.0,NotYet
30.0,4.1,11.9,1.2,8.0,NotYet
30.0,4.1,11.9,1.2,10.0,NotYet
30.0,4.1,11.9,1.4,-10.0,NotYet
30.0,4.1,11.9,1.4,-8.0,NotYet
30.0,4.1,11.9,1.4,-6.0,NotYet
30.0,4.1,11.9,1.4,-4.0,NotYet
30.0,4.1,11.9,1.4,-2.0,NotYet
30.0,4.1,11.9,1.4,0.0,NotYet
30.0,4.1,11.9,1.4,2.0,NotYet
30.0,4.1,11.9,1.4,4.0,NotYet
30.0,4.1,11.9,1.4,6.0,NotYet
30.0,4.1,11.9,1.4,8.0,NotYet
30.0,4.1,11.9,1.4,10.0,NotYet
30.0,4.1,11.9,1.6,-10.0,NotYet
30.0,4.1,11.9,1.6,-8.0,NotYet
30.0,4.1,11.9,1.6,-6.0,NotYet
30.0,4.1,11.9,1.6,-4.0,NotYet
30.0,4.1,11.9,1.6,-2.0,NotYet
30.0,4.1,11.9,1.6,0.0,NotYet
30.0,4.1,11.9,1.6,2.0,NotYet
30.0,4.1,11.9,1.6,4.0,NotYet
30.0,4.1,11.9,1.6,6.0,NotYet
30.0,4.1,11.9,1.6,8.0,NotYet
30.0,4.1,11.9,1.6,10.0,NotYet
30.0,4.1,11.9,1.8,-10.0,NotYet
30.0,4.1,11.9,1.8,-8.0,NotYet
30.0,4.1,11.9,1.8,-6.0,NotYet
30.0,4.1,11.9,1.8,-4.0,NotYet
30.0,4.1,11.9,1.8,-2.0,NotYet
30.0,4.1,11.9,1.8,0.0,NotYet
30.0,4.1,11.9,1.8,2.0,NotYet
30.0,4.1,11.9,1.8,4.0,NotYet
30.0,4.1,11.9,1.8,6.0,NotYet
30.0,4.1,11.9,1.8,8.0,NotYet
30.0,4.1,11.9,1.8,10.0,NotYet
30.0,4.1,11.9,2.0,-10.0,NotYet
30.0,4.1,11.9,2.0,-8.0,NotYet
30.0,4.1,11.9,2.0,-6.0,NotYet
30.0,4.1,11.9,2.0,-4.0,NotYet
30.0,4.1,11.9,2.0,-2.0,NotYet
30.0,4.1,11.9,2.0,0.0,NotYet
30.0,4.1,11.9,2.0,2.0,NotYet
30.0,4.1,11.9,2.0,4.0,NotYet
30.0,4.1,11.9,2.0,6.0,NotYet
30.0,4.1,11.9,2.0,8.0,NotYet
30.0,4.1,11.9,2.0,10.0,NotYet
35.0,8.9,5.6,-2.0,-10.0,NotYet
35.0,8.9,5.6,-2.0,-8.0,NotYet
35.0,8.9,5.6,-2.0,-6.0,NotYet
35.0,8.9,5.6,-2.0,-4.0,NotYet
35.0,8.9,5.6,-2.0,-2.0,NotYet
35.0,8.9,5.6,-2.0,0.0,NotYet
35.0,8.9,5.6,-2.0,2.0,NotYet
35.0,8.9,5.6,-2.0,4.0,NotYet
35.0,8.9,5.6,-2.0,6.0,NotYet
35.0,8.9,5.6,-2.0,8.0,NotYet
35.0,8.9,5.6,-2.0,10.0,NotYet
35.0,8.9,5.6,-1.8,-10.0,NotYet
35.0,8.9,5.6,-1.8,-8.0,NotYet
35.0,8.9,5.6,-1.8,-6.0,NotYet
35.0,8.9,5.6,-1.8,-4.0,NotYet
35.0,8.9,5.6,-1.8,-2.0,NotYet
35.0,8.9,5.6,-1.8,0.0,NotYet
35.0,8.9,5.6,-1.8,2.0,NotYet
35.0,8.9,5.6,-1.8,4.0,NotYet
35.0,8.9,5.6,-1.8,6.0,NotYet
35.0,8.9,5.6,-1.8,8.0,NotYet
35.0,8.9,5.6,-1.8,10.0,NotYet
35.0,8.9,5.6,-1.6,-10.0,NotYet
35.0,8.9,5.6,-1.6,-8.0,NotYet
35.0,8.9,5.6,-1.6,-6.0,NotYet
35.0,8.9,5.6,-1.6,-4.0,NotYet
35.0,8.9,5.6,-1.6,-2.0,NotYet
35.0,8.9,5.6,-1.6,0.0,NotYet
35.0,8.9,5.6,-1.6,2.0,NotYet
35.0,8.9,5.6,-1.6,4.0,NotYet
35.0,8.9,5.6,-1.6,6.0,NotYet
35.0,8.9,5.6,-1.6,8.0,NotYet
35.0,8.9,5.6,-1.6,10.0,NotYet
35.0,8.9,5.6,-1.4,-10.0,NotYet
35.0,8.9,5.6,-1.4,-8.0,NotYet
35.0,8.9,5.6,-1.4,-6.0,NotYet
35.0,8.9,5.6,-1.4,-4.0,NotYet
35.0,8.9,5.6,-1.4,-2.0,NotYet
35.0,8.9,5.6,-1.4,0.0,NotYet
35.0,8.9,5.6,-1.4,2.0,NotYet
35.0,8.9,5.6,-1.4,4.0,NotYet
35.0,8.9,5.6,-1.4,6.0,NotYet
35.0,8.9,5.6,-1.4,8.0,NotYet
35.0,8.9,5.6,-1.4,10.0,NotYet
35.0,8.9,5.6,-1.2,-10.0,NotYet
35.0,8.9,5.6,-1.2,-8.0,NotYet
35.0,8.9,5.6,-1.2,-6.0,NotYet
35.0,8.9,5.6,-1.2,-4.0,NotYet
35.0,8.9,5.6,-1.2,-2.0,NotYet
35.0,8.9,5.6,-1.2,0.0,NotYet
35.0,8.9,5.6,-1.2,2.0,NotYet
35.0,8.9,5.6,-1.2,4.0,NotYet
35.0,8.9,5.6,-1.2,6.0,NotYet
35.0,8.9,5.6,-1.2,8.0,NotYet
35.0,8.9,5.6,-1.2,10.0,NotYet
35.0,8.9,5.6,-1.0,-10.0,NotYet
35.0,8.9,5.6,-1.0,-8.0,NotYet
35.0,8.9,5.6,-1.0,-6.0,NotYet
35.0,8.9,5.6,-1.0,-4.0,NotYet
35.0,8.9,5.6,-1.0,-2.0,NotYet
35.0,8.9,5.6,-1.0,0.0,NotYet
35.0,8.9,5.6,-1.0,2.0,NotYet
35.0,8.9,5.6,-1.0,4.0,NotYet
35.0,8.9,5.6,-1.0,6.0,NotYet
35.0,8.9,5.6,-1.0,8.0,NotYet
35.0,8.9,5.6,-1.0,10.0,NotYet
35.0,8.9,5.6,-0.8,-10.0,NotYet
35.0,8.9,5.6,-0.8,-8.0,NotYet
35.0,8.9,5.6,-0.8,-6.0,NotYet
35.0,8.9,5.6,-0.8,-4.0,NotYet
35.0,8.9,5.6,-0.8,-2.0,NotYet
35.0,8.9,5.6,-0.8,0.0,NotYet
35.0,8.9,5.6,-0.8,2.0,NotYet
35.0,8.9,5.6,-0.8,4.0,NotYet
35.0,8.9,5.6,-0.8,6.0,NotYet
35.0,8.9,5.6,-0.8,8.0,NotYet
35.0,8.9,5.6,-0.8,10.0,NotYet
35.0,8.9,5.6,-0.6,-10.0,NotYet
35.0,8.9,5.6,-0.6,-8.0,NotYet
35.0,8.9,5.6,-0.6,-6.0,NotYet
35.0,8.9,5.6,-0.6,-4.0,NotYet
35.0,8.9,5.6,-0.6,-2.0,NotYet
35.0,8.9,5.6,-0.6,0.0,NotYet
35.0,8.9,5.6,-0.6,2.0,NotYet
35.0,8.9,5.6,-0.6,4.0,NotYet
35.0,8.9,5.6,-0.6,6.0,NotYet
35.0,8.9,5.6,-0.6,8.0,NotYet
35.0,8.9,5.6,-0.6,10.0,NotYet
35.0,8.9,5.6,-0.4,-10.0,NotYet
35.0,8.9,5.6,-0.4,-8.0,NotYet
35.0,8.9,5.6,-0.4,-6.0,NotYet
35.0,8.9,5.6,-0.4,-4.0,NotYet
35.0,8.9,5.6,-0.4,-2.0,NotYet
35.0,8.9,5.6,-0.4,0.0,NotYet
35.0,8.9,5.6,-0.4,2.0,NotYet
35.0,8.9,5.6,-0.4,4.0,NotYet
35.0,8.9,5.6,-0.4,6.0,NotYet
35.0,8.9,5.6,-0.4,8.0,NotYet
35.0,8.9,5.6,-0.4,10.0,NotYet
35.0,8.9,5.6,-0.2,-10.0,NotYet
35.0,8.9,5.6,-0.2,-8.0,NotYet
35.0,8.9,5.6,-0.2,-6.0,NotYet
35.0,8.9,5.6,-0.2,-4.0,NotYet
35.0,8.9,5.6,-0.2,-2.0,NotYet
35.0,8.9,5.6,-0.2,0.0,NotYet
35.0,8.9,5.6,-0.2,2.0,NotYet
35.0,8.9,5.6,-0.2,4.0,NotYet
35.0,8.9,5.6,-0.2,6.0,NotYet
35.0,8.9,5.6,-0.2,8.0,NotYet
35.0,8.9,5.6,-0.2,10.0,NotYet
35.0,8.9,5.6,0.0,-10.0,NotYet
35.0,8.9,5.6,0.0,-8.0,NotYet
35.0,8.9,5.6,0.0,-6.0,NotYet
35.0,8.9,5.6,0.0,-4.0,NotYet
35.0,8.9,5.6,0.0,-2.0,NotYet
35.0,8.9,5.6,0.0,0.0,NotYet
35.0,8.9,5.6,0.0,2.0,NotYet
35.0,8.9,5.6,0.0,4.0,NotYet
35.0,8.9,5.6,0.0,6.0,NotYet
35.0,8.9,5.6,0.0,8.0,NotYet
35.0,8.9,5.6,0.0,10.0,NotYet
35.0,8.9,5.6,0.2,-10.0,NotYet
35.0,8.9,5.6,0.2,-8.0,NotYet
35.0,8.9,5.6,0.2,-6.0,NotYet
35.0,8.9,5.6,0.2,-4.0,NotYet
35.0,8.9,5.6,0.2,-2.0,NotYet
35.0,8.9,5.6,0.2,0.0,NotYet
35.0,8.9,5.6,0.2,2.0,NotYet
35.0,8.9,5.6,0.2,4.0,NotYet
35.0,8.9,5.6,0.2,6.0,NotYet
35.0,8.9,5.6,0.2,8.0,NotYet
35.0,8.9,5.6,0.2,10.0,NotYet
35.0,8.9,5.6,0.4,-10.0,NotYet
35.0,8.9,5.6,0.4,-8.0,NotYet
35.0,8.9,5.6,0.4,-6.0,NotYet
35.0,8.9,5.6,0.4,-4.0,NotYet
35.0,8.9,5.6,0.4,-2.0,NotYet
35.0,8.9,5.6,0.4,0.0,NotYet
35.0,8.9,5.6,0.4,2.0,NotYet
35.0,8.9,5.6,0.4,4.0,NotYet
35.0,8.9,5.6,0.4,6.0,NotYet
35.0,8.9,5.6,0.4,8.0,NotYet
35.0,8.9,5.6,0.4,10.0,NotYet
35.0,8.9,5.6,0.6,-10.0,NotYet
35.0,8.9,5.6,0.6,-8.0,NotYet
35.0,8.9,5.6,0.6,-6.0,NotYet
35.0,8.9,5.6,0.6,-4.0,NotYet
35.0,8.9,5.6,0.6,-2.0,NotYet
35.0,8.9,5.6,0.6,0.0,NotYet
35.0,8.9,5.6,0.6,2.0,NotYet
35.0,8.9,5.6,0.6,4.0,NotYet
35.0,8.9,5.6,0.6,6.0,NotYet
35.0,8.9,5.6,0.6,8.0,NotYet
35.0,8.9,5.6,0.6,10.0,NotYet
35.0,8.9,5.6,0.8,-10.0,NotYet
35.0,8.9,5.6,0.8,-8.0,NotYet
35.0,8.9,5.6,0.8,-6.0,NotYet
35.0,8.9,5.6,0.8,-4.0,NotYet
35.0,8.9,5.6,0.8,-2.0,NotYet
35.0,8.9,5.6,0.8,0.0,NotYet
35.0,8.9,5.6,0.8,2.0,NotYet
35.0,8.9,5.6,0.8,4.0,NotYet
35.0,8.9,5.6,0.8,6.0,NotYet
35.0,8.9,5.6,0.8,8.0,NotYet
35.0,8.9,5.6,0.8,10.0,NotYet
35.0,8.9,5.6,1.0,-10.0,NotYet
35.0,8.9,5.6,1.0,-8.0,NotYet
35.0,8.9,5.6,1.0,-6.0,NotYet
35.0,8.9,5.6,1.0,-4.0,NotYet
35.0,8.9,5.6,1.0,-2.0,NotYet
35.0,8.9,5.6,1.0,0.0,NotYet
35.0,8.9,5.6,1.0,2.0,NotYet
35.0,8.9,5.6,1.0,4.0,NotYet
35.0,8.9,5.6,1.0,6.0,NotYet
35.0,8.9,5.6,1.0,8.0,NotYet
35.0,8.9,5.6,1.0,10.0,NotYet
35.0,8.9,5.6,1.2,-10.0,NotYet
35.0,8.9,5.6,1.2,-8.0,NotYet
35.0,8.9,5.6,1.2,-6.0,NotYet
35.0,8.9,5.6,1.2,-4.0,NotYet
35.0,8.9,5.6,1.2,-2.0,NotYet
35.0,8.9,5.6,1.2,0.0,NotYet
35.0,8.9,5.6,1.2,2.0,NotYet
35.0,8.9,5.6,1.2,4.0,NotYet
35.0,8.9,5.6,1.2,6.0,NotYet
35.0,8.9,5.6,1.2,8.0,NotYet
35.0,8.9,5.6,1.2,10.0,NotYet
35.0,8.9,5.6,1.4,-10.0,NotYet
35.0,8.9,5.6,1.4,-8.0,NotYet
35.0,8.9,5.6,1.4,-6.0,NotYet
35.0,8.9,5.6,1.4,-4.0,NotYet
35.0,8.9,5.6,1.4,-2.0,NotYet
35.0,8.9,5.6,1.4,0.0,NotYet
35.0,8.9,5.6,1.4,2.0,NotYet
35.0,8.9,5.6,1.4,4.0,NotYet
35.0,8.9,5.6,1.4,6.0,NotYet
35.0,8.9,5.6,1.4,8.0,NotYet
35.0,8.9,5.6,1.4,10.0,NotYet
35.0,8.9,5.6,1.6,-10.0,NotYet
35.0,8.9,5.6,1.6,-8.0,NotYet
35.0,8.9,5.6,1.6,-6.0,NotYet
35.0,8.9,5.6,1.6,-4.0,NotYet
35.0,8.9,5.6,1.6,-2.0,NotYet
35.0,8.9,5.6,1.6,0.0,NotYet
35.0,8.9,5.6,1.6,2.0,NotYet
35.0,8.9,5.6,1.6,4.0,NotYet
35.0,8.9,5.6,1.6,6.0,NotYet
35.0,8.9,5.6,1.6,8.0,NotYet
35.0,8.9,5.6,1.6,10.0,NotYet
35.0,8.9,5.6,1.8,-10.0,NotYet
35.0,8.9,5.6,1.8,-8.0,NotYet
35.0,8.9,5.6,1.8,-6.0,NotYet
35.0,8.9,5.6,1.8,-4.0,NotYet
35.0,8.9,5.6,1.8,-2.0,NotYet
35.0,8.9,5.6,1.8,0.0,NotYet
35.0,8.9,5.6,1.8,2.0,NotYet
35.0,8.9,5.6,1.8,4.0,NotYet
35.0,8.9,5.6,1.8,6.0,NotYet
35.0,8.9,5.6,1.8,8.0,NotYet
35.0,8.9,5.6,1.8,10.0,NotYet
35.0,8.9,5.6,2.0,-10.0,NotYet
35.0,8.9,5.6,2.0,-8.0,NotYet
35.0,8.9,5.6,2.0,-6.0,NotYet
35.0,8.9,5.6,2.0,-4.0,NotYet
35.0,8.9,5.6,2.0,-2.0,NotYet
35.0,8.9,5.6,2.0,0.0,NotYet
35.0,8.9,5.6,2.0,2.0,NotYet
35.0,8.9,5.6,2.0,4.0,NotYet
35.0,8.9,5.6,2.0,6.0,NotYet
35.0,8.9,5.6,2.0,8.0,NotYet
35.0,8.9,5.6,2.0,10.0,NotYet
35.0,4.4,11.2,-2.0,-10.0,NotYet
35.0,4.4,11.2,-2.0,-8.0,NotYet
35.0,4.4,11.2,-2.0,-6.0,NotYet
35.0,4.4,11.2,-2.0,-4.0,NotYet
35.0,4.4,11.2,-2.0,-2.0,NotYet
35.0,4.4,11.2,-2.0,0.0,NotYet
35.0,4.4,11.2,-2.0,2.0,NotYet
35.0,4.4,11.2,-2.0,4.0,NotYet
35.0,4.4,11.2,-2.0,6.0,NotYet
35.0,4.4,11.2,-2.0,8.0,NotYet
35.0,4.4,11.2,-2.0,10.0,NotYet
35.0,4.4,11.2,-1.8,-10.0,NotYet
35.0,4.4,11.2,-1.8,-8.0,NotYet
35.0,4.4,11.2,-1.8,-6.0,NotYet
35.0,4.4,11.2,-1.8,-4.0,NotYet
35.0,4.4,11.2,-1.8,-2.0,NotYet
35.0,4.4,11.2,-1.8,0.0,NotYet
35.0,4.4,11.2,-1.8,2.0,NotYet
35.0,4.4,11.2,-1.8,4.0,NotYet
35.0,4.4,11.2,-1.8,6.0,NotYet
35.0,4.4,11.2,-1.8,8.0,NotYet
35.0,4.4,11.2,-1.8,10.0,NotYet
35.0,4.4,11.2,-1.6,-10.0,NotYet
35.0,4.4,11.2,-1.6,-8.0,NotYet
35.0,4.4,11.2,-1.6,-6.0,NotYet
35.0,4.4,11.2,-1.6,-4.0,NotYet
35.0,4.4,11.2,-1.6,-2.0,NotYet
35.0,4.4,11.2,-1.6,0.0,NotYet
35.0,4.4,11.2,-1.6,2.0,NotYet
35.0,4.4,11.2,-1.6,4.0,NotYet
35.0,4.4,11.2,-1.6,6.0,NotYet
35.0,4.4,11.2,-1.6,8.0,NotYet
35.0,4.4,11.2,-1.6,10.0,NotYet
35.0,4.4,11.2,-1.4,-10.0,NotYet
35.0,4.4,11.2,-1.4,-8.0,NotYet
35.0,4.4,11.2,-1.4,-6.0,NotYet
35.0,4.4,11.2,-1.4,-4.0,NotYet
35.0,4.4,11.2,-1.4,-2.0,NotYet
35.0,4.4,11.2,-1.4,0.0,NotYet
35.0,4.4,11.2,-1.4,2.0,NotYet
35.0,4.4,11.2,-1.4,4.0,NotYet
35.0,4.4,11.2,-1.4,6.0,NotYet
35.0,4.4,11.2,-1.4,8.0,NotYet
35.0,4.4,11.2,-1.4,10.0,NotYet
35.0,4.4,11.2,-1.2,-10.0,NotYet
35.0,4.4,11.2,-1.2,-8.0,NotYet
35.0,4.4,11.2,-1.2,-6.0,NotYet
35.0,4.4,11.2,-1.2,-4.0,NotYet
35.0,4.4,11.2,-1.2,-2.0,NotYet
35.0,4.4,11.2,-1.2,0.0,NotYet
35.0,4.4,11.2,-1.2,2.0,NotYet
35.0,4.4,11.2,-1.2,4.0,NotYet
35.0,4.4,11.2,-1.2,6.0,NotYet
35.0,4.4,11.2,-1.2,8.0,NotYet
35.0,4.4,11.2,-1.2,10.0,NotYet
35.0,4.4,11.2,-1.0,-10.0,NotYet
35.0,4.4,11.2,-1.0,-8.0,NotYet
35.0,4.4,11.2,-1.0,-6.0,NotYet
35.0,4.4,11.2,-1.0,-4.0,NotYet
35.0,4.4,11.2,-1.0,-2.0,NotYet
35.0,4.4,11.2,-1.0,0.0,NotYet
35.0,4.4,11.2,-1.0,2.0,NotYet
35.0,4.4,11.2,-1.0,4.0,NotYet
35.0,4.4,11.2,-1.0,6.0,NotYet
35.0,4.4,11.2,-1.0,8.0,NotYet
35.0,4.4,11.2,-1.0,10.0,NotYet
35.0,4.4,11.2,-0.8,-10.0,NotYet
35.0,4.4,11.2,-0.8,-8.0,NotYet
35.0,4.4,11.2,-0.8,-6.0,NotYet
35.0,4.4,11.2,-0.8,-4.0,NotYet
35.0,4.4,11.2,-0.8,-2.0,NotYet
35.0,4.4,11.2,-0.8,0.0,NotYet
35.0,4.4,11.2,-0.8,2.0,NotYet
35.0,4.4,11.2,-0.8,4.0,NotYet
35.0,4.4,11.2,-0.8,6.0,NotYet
35.0,4.4,11.2,-0.8,8.0,NotYet
35.0,4.4,11.2,-0.8,10.0,NotYet
35.0,4.4,11.2,-0.6,-10.0,NotYet
35.0,4.4,11.2,-0.6,-8.0,NotYet
35.0,4.4,11.2,-0.6,-6.0,NotYet
35.0,4.4,11.2,-0.6,-4.0,NotYet
35.0,4.4,11.2,-0.6,-2.0,NotYet
35.0,4.4,11.2,-0.6,0.0,NotYet
35.0,4.4,11.2,-0.6,2.0,NotYet
35.0,4.4,11.2,-0.6,4.0,NotYet
35.0,4.4,11.2,-0.6,6.0,NotYet
35.0,4.4,11.2,-0.6,8.0,NotYet
35.0,4.4,11.2,-0.6,10.0,NotYet
35.0,4.4,11.2,-0.4,-10.0,NotYet
35.0,4.4,11.2,-0.4,-8.0,NotYet
35.0,4.4,11.2,-0.4,-6.0,NotYet
35.0,4.4,11.2,-0.4,-4.0,NotYet
35.0,4.4,11.2,-0.4,-2.0,NotYet
35.0,4.4,11.2,-0.4,0.0,NotYet
35.0,4.4,11.2,-0.4,2.0,NotYet
35.0,4.4,11.2,-0.4,4.0,NotYet
35.0,4.4,11.2,-0.4,6.0,NotYet
35.0,4.4,11.2,-0.4,8.0,NotYet
35.0,4.4,11.2,-0.4,10.0,NotYet
35.0,4.4,11.2,-0.2,-10.0,NotYet
35.0,4.4,11.2,-0.2,-8.0,NotYet
35.0,4.4,11.2,-0.2,-6.0,NotYet
35.0,4.4,11.2,-0.2,-4.0,NotYet
35.0,4.4,11.2,-0.2,-2.0,NotYet
35.0,4.4,11.2,-0.2,0.0,NotYet
35.0,4.4,11.2,-0.2,2.0,NotYet
35.0,4.4,11.2,-0.2,4.0,NotYet
35.0,4.4,11.2,-0.2,6.0,NotYet
35.0,4.4,11.2,-0.2,8.0,NotYet
35.0,4.4,11.2,-0.2,10.0,NotYet
35.0,4.4,11.2,0.0,-10.0,NotYet
35.0,4.4,11.2,0.0,-8.0,NotYet
35.0,4.4,11.2,0.0,-6.0,NotYet
35.0,4.4,11.2,0.0,-4.0,NotYet
35.0,4.4,11.2,0.0,-2.0,NotYet
35.0,4.4,11.2,0.0,0.0,NotYet
35.0,4.4,11.2,0.0,2.0,NotYet
35.0,4.4,11.2,0.0,4.0,NotYet
35.0,4.4,11.2,0.0,6.0,NotYet
35.0,4.4,11.2,0.0,8.0,NotYet
35.0,4.4,11.2,0.0,10.0,NotYet
35.0,4.4,11.2,0.2,-10.0,NotYet
35.0,4.4,11.2,0.2,-8.0,NotYet
35.0,4.4,11.2,0.2,-6.0,NotYet
35.0,4.4,11.2,0.2,-4.0,NotYet
35.0,4.4,11.2,0.2,-2.0,NotYet
35.0,4.4,11.2,0.2,0.0,NotYet
35.0,4.4,11.2,0.2,2.0,NotYet
35.0,4.4,11.2,0.2,4.0,NotYet
35.0,4.4,11.2,0.2,6.0,NotYet
35.0,4.4,11.2,0.2,8.0,NotYet
35.0,4.4,11.2,0.2,10.0,NotYet
35.0,4.4,11.2,0.4,-10.0,NotYet
35.0,4.4,11.2,0.4,-8.0,NotYet
35.0,4.4,11.2,0.4,-6.0,NotYet
35.0,4.4,11.2,0.4,-4.0,NotYet
35.0,4.4,11.2,0.4,-2.0,NotYet
35.0,4.4,11.2,0.4,0.0,NotYet
35.0,4.4,11.2,0.4,2.0,NotYet
35.0,4.4,11.2,0.4,4.0,NotYet
35.0,4.4,11.2,0.4,6.0,NotYet
35.0,4.4,11.2,0.4,8.0,NotYet
35.0,4.4,11.2,0.4,10.0,NotYet
35.0,4.4,11.2,0.6,-10.0,NotYet
35.0,4.4,11.2,0.6,-8.0,NotYet
35.0,4.4,11.2,0.6,-6.0,NotYet
35.0,4.4,11.2,0.6,-4.0,NotYet
35.0,4.4,11.2,0.6,-2.0,NotYet
35.0,4.4,11.2,0.6,0.0,NotYet
35.0,4.4,11.2,0.6,2.0,NotYet
35.0,4.4,11.2,0.6,4.0,NotYet
35.0,4.4,11.2,0.6,6.0,NotYet
35.0,4.4,11.2,0.6,8.0,NotYet
35.0,4.4,11.2,0.6,10.0,NotYet
35.0,4.4,11.2,0.8,-10.0,NotYet
35.0,4.4,11.2,0.8,-8.0,NotYet
35.0,4.4,11.2,0.8,-6.0,NotYet
35.0,4.4,11.2,0.8,-4.0,NotYet
35.0,4.4,11.2,0.8,-2.0,NotYet
35.0,4.4,11.2,0.8,0.0,NotYet
35.0,4.4,11.2,0.8,2.0,NotYet
35.0,4.4,11.2,0.8,4.0,NotYet
35.0,4.4,11.2,0.8,6.0,NotYet
35.0,4.4,11.2,0.8,8.0,NotYet
35.0,4.4,11.2,0.8,10.0,NotYet
35.0,4.4,11.2,1.0,-10.0,NotYet
35.0,4.4,11.2,1.0,-8.0,NotYet
35.0,4.4,11.2,1.0,-6.0,NotYet
35.0,4.4,11.2,1.0,-4.0,NotYet
35.0,4.4,11.2,1.0,-2.0,NotYet
35.0,4.4,11.2,1.0,0.0,NotYet
35.0,4.4,11.2,1.0,2.0,NotYet
35.0,4.4,11.2,1.0,4.0,NotYet
35.0,4.4,11.2,1.0,6.0,NotYet
35.0,4.4,11.2,1.0,8.0,NotYet
35.0,4.4,11.2,1.0,10.0,NotYet
35.0,4.4,11.2,1.2,-10.0,NotYet
35.0,4.4,11.2,1.2,-8.0,NotYet
35.0,4.4,11.2,1.2,-6.0,NotYet
35.0,4.4,11.2,1.2,-4.0,NotYet
35.0,4.4,11.2,1.2,-2.0,NotYet
35.0,4.4,11.2,1.2,0.0,NotYet
35.0,4.4,11.2,1.2,2.0,NotYet
35.0,4.4,11.2,1.2,4.0,NotYet
35.0,4.4,11.2,1.2,6.0,NotYet
35.0,4.4,11.2,1.2,8.0,NotYet
35.0,4.4,11.2,1.2,10.0,NotYet
35.0,4.4,11.2,1.4,-10.0,NotYet
35.0,4.4,11.2,1.4,-8.0,NotYet
35.0,4.4,11.2,1.4,-6.0,NotYet
35.0,4.4,11.2,1.4,-4.0,NotYet
35.0,4.4,11.2,1.4,-2.0,NotYet
35.0,4.4,11.2,1.4,0.0,NotYet
35.0,4.4,11.2,1.4,2.0,NotYet
35.0,4.4,11.2,1.4,4.0,NotYet
35.0,4.4,11.2,1.4,6.0,NotYet
35.0,4.4,11.2,1.4,8.0,NotYet
35.0,4.4,11.2,1.4,10.0,NotYet
35.0,4.4,11.2,1.6,-10.0,NotYet
35.0,4.4,11.2,1.6,-8.0,NotYet
35.0,4.4,11.2,1.6,-6.0,NotYet
35.0,4.4,11.2,1.6,-4.0,NotYet
35.0,4.4,11.2,1.6,-2.0,NotYet
35.0,4.4,11.2,1.6,0.0,NotYet
35.0,4.4,11.2,1.6,2.0,NotYet
35.0,4.4,11.2,1.6,4.0,NotYet
35.0,4.4,11.2,1.6,6.0,NotYet
35.0,4.4,11.2,1.6,8.0,NotYet
35.0,4.4,11.2,1.6,10.0,NotYet
35.0,4.4,11.2,1.8,-10.0,NotYet
35.0,4.4,11.2,1.8,-8.0,NotYet
35.0,4.4,11.2,1.8,-6.0,NotYet
35.0,4.4,11.2,1.8,-4.0,NotYet
35.0,4.4,11.2,1.8,-2.0,NotYet
35.0,4.4,11.2,1.8,0.0,NotYet
35.0,4.4,11.2,1.8,2.0,NotYet
35.0,4.4,11.2,1.8,4.0,NotYet
35.0,4.4,11.2,1.8,6.0,NotYet
35.0,4.4,11.2,1.8,8.0,NotYet
35.0,4.4,11.2,1.8,10.0,NotYet
35.0,4.4,11.2,2.0,-10.0,NotYet
35.0,4.4,11.2,2.0,-8.0,NotYet
35.0,4.4,11.2,2.0,-6.0,NotYet
35.0,4.4,11.2,2.0,-4.0,NotYet
35.0,4.4,11.2,2.0,-2.0,NotYet
35.0,4.4,11.2,2.0,0.0,NotYet
35.0,4.4,11.2,2.0,2.0,NotYet
35.0,4.4,11.2,2.0,4.0,NotYet
35.0,4.4,11.2,2.0,6.0,NotYet
35.0,4.4,11.2,2.0,8.0,NotYet
35.0,4.4,11.2,2.0,10.0,NotYet
40.0,9.6,5.3,-2.0,-10.0,NotYet
40.0,9.6,5.3,-2.0,-8.0,NotYet
40.0,9.6,5.3,-2.0,-6.0,NotYet
40.0,9.6,5.3,-2.0,-4.0,NotYet
40.0,9.6,5.3,-2.0,-2.0,NotYet
40.0,9.6,5.3,-2.0,0.0,NotYet
40.0,9.6,5.3,-2.0,2.0,NotYet
40.0,9.6,5.3,-2.0,4.0,NotYet
40.0,9.6,5.3,-2.0,6.0,NotYet
40.0,9.6,5.3,-2.0,8.0,NotYet
40.0,9.6,5.3,-2.0,10.0,NotYet
40.0,9.6,5.3,-1.8,-10.0,NotYet
40.0,9.6,5.3,-1.8,-8.0,NotYet
40.0,9.6,5.3,-1.8,-6.0,NotYet
40.0,9.6,5.3,-1.8,-4.0,NotYet
40.0,9.6,5.3,-1.8,-2.0,NotYet
40.0,9.6,5.3,-1.8,0.0,NotYet
40.0,9.6,5.3,-1.8,2.0,NotYet
40.0,9.6,5.3,-1.8,4.0,NotYet
40.0,9.6,5.3,-1.8,6.0,NotYet
40.0,9.6,5.3,-1.8,8.0,NotYet
40.0,9.6,5.3,-1.8,10.0,NotYet
40.0,9.6,5.3,-1.6,-10.0,NotYet
40.0,9.6,5.3,-1.6,-8.0,NotYet
40.0,9.6,5.3,-1.6,-6.0,NotYet
40.0,9.6,5.3,-1.6,-4.0,NotYet
40.0,9.6,5.3,-1.6,-2.0,NotYet
40.0,9.6,5.3,-1.6,0.0,NotYet
40.0,9.6,5.3,-1.6,2.0,NotYet
40.0,9.6,5.3,-1.6,4.0,NotYet
40.0,9.6,5.3,-1.6,6.0,NotYet
40.0,9.6,5.3,-1.6,8.0,NotYet
40.0,9.6,5.3,-1.6,10.0,NotYet
40.0,9.6,5.3,-1.4,-10.0,NotYet
40.0,9.6,5.3,-1.4,-8.0,NotYet
40.0,9.6,5.3,-1.4,-6.0,NotYet
40.0,9.6,5.3,-1.4,-4.0,NotYet
40.0,9.6,5.3,-1.4,-2.0,NotYet
40.0,9.6,5.3,-1.4,0.0,NotYet
40.0,9.6,5.3,-1.4,2.0,NotYet
40.0,9.6,5.3,-1.4,4.0,NotYet
40.0,9.6,5.3,-1.4,6.0,NotYet
40.0,9.6,5.3,-1.4,8.0,NotYet
40.0,9.6,5.3,-1.4,10.0,NotYet
40.0,9.6,5.3,-1.2,-10.0,NotYet
40.0,9.6,5.3,-1.2,-8.0,NotYet
40.0,9.6,5.3,-1.2,-6.0,NotYet
40.0,9.6,5.3,-1.2,-4.0,NotYet
40.0,9.6,5.3,-1.2,-2.0,NotYet
40.0,9.6,5.3,-1.2,0.0,NotYet
40.0,9.6,5.3,-1.2,2.0,NotYet
40.0,9.6,5.3,-1.2,4.0,NotYet
40.0,9.6,5.3,-1.2,6.0,NotYet
40.0,9.6,5.3,-1.2,8.0,NotYet
40.0,9.6,5.3,-1.2,10.0,NotYet
40.0,9.6,5.3,-1.0,-10.0,NotYet
40.0,9.6,5.3,-1.0,-8.0,NotYet
40.0,9.6,5.3,-1.0,-6.0,NotYet
40.0,9.6,5.3,-1.0,-4.0,NotYet
40.0,9.6,5.3,-1.0,-2.0,NotYet
40.0,9.6,5.3,-1.0,0.0,NotYet
40.0,9.6,5.3,-1.0,2.0,NotYet
40.0,9.6,5.3,-1.0,4.0,NotYet
40.0,9.6,5.3,-1.0,6.0,NotYet
40.0,9.6,5.3,-1.0,8.0,NotYet
40.0,9.6,5.3,-1.0,10.0,NotYet
40.0,9.6,5.3,-0.8,-10.0,NotYet
40.0,9.6,5.3,-0.8,-8.0,NotYet
40.0,9.6,5.3,-0.8,-6.0,NotYet
40.0,9.6,5.3,-0.8,-4.0,NotYet
40.0,9.6,5.3,-0.8,-2.0,NotYet
40.0,9.6,5.3,-0.8,0.0,NotYet
40.0,9.6,5.3,-0.8,2.0,NotYet
40.0,9.6,5.3,-0.8,4.0,NotYet
40.0,9.6,5.3,-0.8,6.0,NotYet
40.0,9.6,5.3,-0.8,8.0,NotYet
40.0,9.6,5.3,-0.8,10.0,NotYet
40.0,9.6,5.3,-0.6,-10.0,NotYet
40.0,9.6,5.3,-0.6,-8.0,NotYet
40.0,9.6,5.3,-0.6,-6.0,NotYet
40.0,9.6,5.3,-0.6,-4.0,NotYet
40.0,9.6,5.3,-0.6,-2.0,NotYet
40.0,9.6,5.3,-0.6,0.0,NotYet
40.0,9.6,5.3,-0.6,2.0,NotYet
40.0,9.6,5.3,-0.6,4.0,NotYet
40.0,9.6,5.3,-0.6,6.0,NotYet
40.0,9.6,5.3,-0.6,8.0,NotYet
40.0,9.6,5.3,-0.6,10.0,NotYet
40.0,9.6,5.3,-0.4,-10.0,NotYet
40.0,9.6,5.3,-0.4,-8.0,NotYet
40.0,9.6,5.3,-0.4,-6.0,NotYet
40.0,9.6,5.3,-0.4,-4.0,NotYet
40.0,9.6,5.3,-0.4,-2.0,NotYet
40.0,9.6,5.3,-0.4,0.0,NotYet
40.0,9.6,5.3,-0.4,2.0,NotYet
40.0,9.6,5.3,-0.4,4.0,NotYet
40.0,9.6,5.3,-0.4,6.0,NotYet
40.0,9.6,5.3,-0.4,8.0,NotYet
40.0,9.6,5.3,-0.4,10.0,NotYet
40.0,9.6,5.3,-0.2,-10.0,NotYet
40.0,9.6,5.3,-0.2,-8.0,NotYet
40.0,9.6,5.3,-0.2,-6.0,NotYet
40.0,9.6,5.3,-0.2,-4.0,NotYet
40.0,9.6,5.3,-0.2,-2.0,NotYet
40.0,9.6,5.3,-0.2,0.0,NotYet
40.0,9.6,5.3,-0.2,2.0,NotYet
40.0,9.6,5.3,-0.2,4.0,NotYet
40.0,9.6,5.3,-0.2,6.0,NotYet
40.0,9.6,5.3,-0.2,8.0,NotYet
40.0,9.6,5.3,-0.2,10.0,NotYet
40.0,9.6,5.3,0.0,-10.0,NotYet
40.0,9.6,5.3,0.0,-8.0,NotYet
40.0,9.6,5.3,0.0,-6.0,NotYet
40.0,9.6,5.3,0.0,-4.0,NotYet
40.0,9.6,5.3,0.0,-2.0,NotYet
40.0,9.6,5.3,0.0,0.0,NotYet
40.0,9.6,5.3,0.0,2.0,NotYet
40.0,9.6,5.3,0.0,4.0,NotYet
40.0,9.6,5.3,0.0,6.0,NotYet
40.0,9.6,5.3,0.0,8.0,NotYet
40.0,9.6,5.3,0.0,10.0,NotYet
40.0,9.6,5.3,0.2,-10.0,NotYet
40.0,9.6,5.3,0.2,-8.0,NotYet
40.0,9.6,5.3,0.2,-6.0,NotYet
40.0,9.6,5.3,0.2,-4.0,NotYet
40.0,9.6,5.3,0.2,-2.0,NotYet
40.0,9.6,5.3,0.2,0.0,NotYet
40.0,9.6,5.3,0.2,2.0,NotYet
40.0,9.6,5.3,0.2,4.0,NotYet
40.0,9.6,5.3,0.2,6.0,NotYet
40.0,9.6,5.3,0.2,8.0,NotYet
40.0,9.6,5.3,0.2,10.0,NotYet
40.0,9.6,5.3,0.4,-10.0,NotYet
40.0,9.6,5.3,0.4,-8.0,NotYet
40.0,9.6,5.3,0.4,-6.0,NotYet
40.0,9.6,5.3,0.4,-4.0,NotYet
40.0,9.6,5.3,0.4,-2.0,NotYet
40.0,9.6,5.3,0.4,0.0,NotYet
40.0,9.6,5.3,0.4,2.0,NotYet
40.0,9.6,5.3,0.4,4.0,NotYet
40.0,9.6,5.3,0.4,6.0,NotYet
40.0,9.6,5.3,0.4,8.0,NotYet
40.0,9.6,5.3,0.4,10.0,NotYet
40.0,9.6,5.3,0.6,-10.0,NotYet
40.0,9.6,5.3,0.6,-8.0,NotYet
40.0,9.6,5.3,0.6,-6.0,NotYet
40.0,9.6,5.3,0.6,-4.0,NotYet
40.0,9.6,5.3,0.6,-2.0,NotYet
40.0,9.6,5.3,0.6,0.0,NotYet
40.0,9.6,5.3,0.6,2.0,NotYet
40.0,9.6,5.3,0.6,4.0,NotYet
40.0,9.6,5.3,0.6,6.0,NotYet
40.0,9.6,5.3,0.6,8.0,NotYet
40.0,9.6,5.3,0.6,10.0,NotYet
40.0,9.6,5.3,0.8,-10.0,NotYet
40.0,9.6,5.3,0.8,-8.0,NotYet
40.0,9.6,5.3,0.8,-6.0,NotYet
40.0,9.6,5.3,0.8,-4.0,NotYet
40.0,9.6,5.3,0.8,-2.0,NotYet
40.0,9.6,5.3,0.8,0.0,NotYet
40.0,9.6,5.3,0.8,2.0,NotYet
40.0,9.6,5.3,0.8,4.0,NotYet
40.0,9.6,5.3,0.8,6.0,NotYet
40.0,9.6,5.3,0.8,8.0,NotYet
40.0,9.6,5.3,0.8,10.0,NotYet
40.0,9.6,5.3,1.0,-10.0,NotYet
40.0,9.6,5.3,1.0,-8.0,NotYet
40.0,9.6,5.3,1.0,-6.0,NotYet
40.0,9.6,5.3,1.0,-4.0,NotYet
40.0,9.6,5.3,1.0,-2.0,NotYet
40.0,9.6,5.3,1.0,0.0,NotYet
40.0,9.6,5.3,1.0,2.0,NotYet
40.0,9.6,5.3,1.0,4.0,NotYet
40.0,9.6,5.3,1.0,6.0,NotYet
40.0,9.6,5.3,1.0,8.0,NotYet
40.0,9.6,5.3,1.0,10.0,NotYet
40.0,9.6,5.3,1.2,-10.0,NotYet
40.0,9.6,5.3,1.2,-8.0,NotYet
40.0,9.6,5.3,1.2,-6.0,NotYet
40.0,9.6,5.3,1.2,-4.0,NotYet
40.0,9.6,5.3,1.2,-2.0,NotYet
40.0,9.6,5.3,1.2,0.0,NotYet
40.0,9.6,5.3,1.2,2.0,NotYet
40.0,9.6,5.3,1.2,4.0,NotYet
40.0,9.6,5.3,1.2,6.0,NotYet
40.0,9.6,5.3,1.2,8.0,NotYet
40.0,9.6,5.3,1.2,10.0,NotYet
40.0,9.6,5.3,1.4,-10.0,NotYet
40.0,9.6,5.3,1.4,-8.0,NotYet
40.0,9.6,5.3,1.4,-6.0,NotYet
40.0,9.6,5.3,1.4,-4.0,NotYet
40.0,9.6,5.3,1.4,-2.0,NotYet
40.0,9.6,5.3,1.4,0.0,NotYet
40.0,9.6,5.3,1.4,2.0,NotYet
40.0,9.6,5.3,1.4,4.0,NotYet
40.0,9.6,5.3,1.4,6.0,NotYet
40.0,9.6,5.3,1.4,8.0,NotYet
40.0,9.6,5.3,1.4,10.0,NotYet
40.0,9.6,5.3,1.6,-10.0,NotYet
40.0,9.6,5.3,1.6,-8.0,NotYet
40.0,9.6,5.3,1.6,-6.0,NotYet
40.0,9.6,5.3,1.6,-4.0,NotYet
40.0,9.6,5.3,1.6,-2.0,NotYet
40.0,9.6,5.3,1.6,0.0,NotYet
40.0,9.6,5.3,1.6,2.0,NotYet
40.0,9.6,5.3,1.6,4.0,NotYet
40.0,9.6,5.3,1.6,6.0,NotYet
40.0,9.6,5.3,1.6,8.0,NotYet
40.0,9.6,5.3,1.6,10.0,NotYet
40.0,9.6,5.3,1.8,-10.0,NotYet
40.0,9.6,5.3,1.8,-8.0,NotYet
40.0,9.6,5.3,1.8,-6.0,NotYet
40.0,9.6,5.3,1.8,-4.0,NotYet
40.0,9.6,5.3,1.8,-2.0,NotYet
40.0,9.6,5.3,1.8,0.0,NotYet
40.0,9.6,5.3,1.8,2.0,NotYet
40.0,9.6,5.3,1.8,4.0,NotYet
40.0,9.6,5.3,1.8,6.0,NotYet
40.0,9.6,5.3,1.8,8.0,NotYet
40.0,9.6,5.3,1.8,10.0,NotYet
40.0,9.6,5.3,2.0,-10.0,NotYet
40.0,9.6,5.3,2.0,-8.0,NotYet
40.0,9.6,5.3,2.0,-6.0,NotYet
40.0,9.6,5.3,2.0,-4.0,NotYet
40.0,9.6,5.3,2.0,-2.0,NotYet
40.0,9.6,5.3,2.0,0.0,NotYet
40.0,9.6,5.3,2.0,2.0,NotYet
40.0,9.6,5.3,2.0,4.0,NotYet
40.0,9.6,5.3,2.0,6.0,NotYet
40.0,9.6,5.3,2.0,8.0,NotYet
40.0,9.6,5.3,2.0,10.0,NotYet
40.0,4.6,10.7,-2.0,-10.0,NotYet
40.0,4.6,10.7,-2.0,-8.0,NotYet
40.0,4.6,10.7,-2.0,-6.0,NotYet
40.0,4.6,10.7,-2.0,-4.0,NotYet
40.0,4.6,10.7,-2.0,-2.0,NotYet
40.0,4.6,10.7,-2.0,0.0,NotYet
40.0,4.6,10.7,-2.0,2.0,NotYet
40.0,4.6,10.7,-2.0,4.0,NotYet
40.0,4.6,10.7,-2.0,6.0,NotYet
40.0,4.6,10.7,-2.0,8.0,NotYet
40.0,4.6,10.7,-2.0,10.0,NotYet
40.0,4.6,10.7,-1.8,-10.0,NotYet
40.0,4.6,10.7,-1.8,-8.0,NotYet
40.0,4.6,10.7,-1.8,-6.0,NotYet
40.0,4.6,10.7,-1.8,-4.0,NotYet
40.0,4.6,10.7,-1.8,-2.0,NotYet
40.0,4.6,10.7,-1.8,0.0,NotYet
40.0,4.6,10.7,-1.8,2.0,NotYet
40.0,4.6,10.7,-1.8,4.0,NotYet
40.0,4.6,10.7,-1.8,6.0,NotYet
40.0,4.6,10.7,-1.8,8.0,NotYet
40.0,4.6,10.7,-1.8,10.0,NotYet
40.0,4.6,10.7,-1.6,-10.0,NotYet
40.0,4.6,10.7,-1.6,-8.0,NotYet
40.0,4.6,10.7,-1.6,-6.0,NotYet
40.0,4.6,10.7,-1.6,-4.0,NotYet
40.0,4.6,10.7,-1.6,-2.0,NotYet
40.0,4.6,10.7,-1.6,0.0,NotYet
40.0,4.6,10.7,-1.6,2.0,NotYet
40.0,4.6,10.7,-1.6,4.0,NotYet
40.0,4.6,10.7,-1.6,6.0,NotYet
40.0,4.6,10.7,-1.6,8.0,NotYet
40.0,4.6,10.7,-1.6,10.0,NotYet
40.0,4.6,10.7,-1.4,-10.0,NotYet
40.0,4.6,10.7,-1.4,-8.0,NotYet
40.0,4.6,10.7,-1.4,-6.0,NotYet
40.0,4.6,10.7,-1.4,-4.0,NotYet
40.0,4.6,10.7,-1.4,-2.0,NotYet
40.0,4.6,10.7,-1.4,0.0,NotYet
40.0,4.6,10.7,-1.4,2.0,NotYet
40.0,4.6,10.7,-1.4,4.0,NotYet
40.0,4.6,10.7,-1.4,6.0,NotYet
40.0,4.6,10.7,-1.4,8.0,NotYet
40.0,4.6,10.7,-1.4,10.0,NotYet
40.0,4.6,10.7,-1.2,-10.0,NotYet
40.0,4.6,10.7,-1.2,-8.0,NotYet
40.0,4.6,10.7,-1.2,-6.0,NotYet
40.0,4.6,10.7,-1.2,-4.0,NotYet
40.0,4.6,10.7,-1.2,-2.0,NotYet
40.0,4.6,10.7,-1.2,0.0,NotYet
40.0,4.6,10.7,-1.2,2.0,NotYet
40.0,4.6,10.7,-1.2,4.0,NotYet
40.0,4.6,10.7,-1.2,6.0,NotYet
40.0,4.6,10.7,-1.2,8.0,NotYet
40.0,4.6,10.7,-1.2,10.0,NotYet
40.0,4.6,10.7,-1.0,-10.0,NotYet
40.0,4.6,10.7,-1.0,-8.0,NotYet
40.0,4.6,10.7,-1.0,-6.0,NotYet
40.0,4.6,10.7,-1.0,-4.0,NotYet
40.0,4.6,10.7,-1.0,-2.0,NotYet
40.0,4.6,10.7,-1.0,0.0,NotYet
40.0,4.6,10.7,-1.0,2.0,NotYet
40.0,4.6,10.7,-1.0,4.0,NotYet
40.0,4.6,10.7,-1.0,6.0,NotYet
40.0,4.6,10.7,-1.0,8.0,NotYet
40.0,4.6,10.7,-1.0,10.0,NotYet
40.0,4.6,10.7,-0.8,-10.0,NotYet
40.0,4.6,10.7,-0.8,-8.0,NotYet
40.0,4.6,10.7,-0.8,-6.0,NotYet
40.0,4.6,10.7,-0.8,-4.0,NotYet
40.0,4.6,10.7,-0.8,-2.0,NotYet
40.0,4.6,10.7,-0.8,0.0,NotYet
40.0,4.6,10.7,-0.8,2.0,NotYet
40.0,4.6,10.7,-0.8,4.0,NotYet
40.0,4.6,10.7,-0.8,6.0,NotYet
40.0,4.6,10.7,-0.8,8.0,NotYet
40.0,4.6,10.7,-0.8,10.0,NotYet
40.0,4.6,10.7,-0.6,-10.0,NotYet
40.0,4.6,10.7,-0.6,-8.0,NotYet
40.0,4.6,10.7,-0.6,-6.0,NotYet
40.0,4.6,10.7,-0.6,-4.0,NotYet
40.0,4.6,10.7,-0.6,-2.0,NotYet
40.0,4.6,10.7,-0.6,0.0,NotYet
40.0,4.6,10.7,-0.6,2.0,NotYet
40.0,4.6,10.7,-0.6,4.0,NotYet
40.0,4.6,10.7,-0.6,6.0,NotYet
40.0,4.6,10.7,-0.6,8.0,NotYet
40.0,4.6,10.7,-0.6,10.0,NotYet
40.0,4.6,10.7,-0.4,-10.0,NotYet
40.0,4.6,10.7,-0.4,-8.0,NotYet
40.0,4.6,10.7,-0.4,-6.0,NotYet
40.0,4.6,10.7,-0.4,-4.0,NotYet
40.0,4.6,10.7,-0.4,-2.0,NotYet
40.0,4.6,10.7,-0.4,0.0,NotYet
40.0,4.6,10.7,-0.4,2.0,NotYet
40.0,4.6,10.7,-0.4,4.0,NotYet
40.0,4.6,10.7,-0.4,6.0,NotYet
40.0,4.6,10.7,-0.4,8.0,NotYet
40.0,4.6,10.7,-0.4,10.0,NotYet
40.0,4.6,10.7,-0.2,-10.0,NotYet
40.0,4.6,10.7,-0.2,-8.0,NotYet
40.0,4.6,10.7,-0.2,-6.0,NotYet
40.0,4.6,10.7,-0.2,-4.0,NotYet
40.0,4.6,10.7,-0.2,-2.0,NotYet
40.0,4.6,10.7,-0.2,0.0,NotYet
40.0,4.6,10.7,-0.2,2.0,NotYet
40.0,4.6,10.7,-0.2,4.0,NotYet
40.0,4.6,10.7,-0.2,6.0,NotYet
40.0,4.6,10.7,-0.2,8.0,NotYet
40.0,4.6,10.7,-0.2,10.0,NotYet
40.0,4.6,10.7,0.0,-10.0,NotYet
40.0,4.6,10.7,0.0,-8.0,NotYet
40.0,4.6,10.7,0.0,-6.0,NotYet
40.0,4.6,10.7,0.0,-4.0,NotYet
40.0,4.6,10.7,0.0,-2.0,NotYet
40.0,4.6,10.7,0.0,0.0,NotYet
40.0,4.6,10.7,0.0,2.0,NotYet
40.0,4.6,10.7,0.0,4.0,NotYet
40.0,4.6,10.7,0.0,6.0,NotYet
40.0,4.6,10.7,0.0,8.0,NotYet
40.0,4.6,10.7,0.0,10.0,NotYet
40.0,4.6,10.7,0.2,-10.0,NotYet
40.0,4.6,10.7,0.2,-8.0,NotYet
40.0,4.6,10.7,0.2,-6.0,NotYet
40.0,4.6,10.7,0.2,-4.0,NotYet
40.0,4.6,10.7,0.2,-2.0,NotYet
40.0,4.6,10.7,0.2,0.0,NotYet
40.0,4.6,10.7,0.2,2.0,NotYet
40.0,4.6,10.7,0.2,4.0,NotYet
40.0,4.6,10.7,0.2,6.0,NotYet
40.0,4.6,10.7,0.2,8.0,NotYet
40.0,4.6,10.7,0.2,10.0,NotYet
40.0,4.6,10.7,0.4,-10.0,NotYet
40.0,4.6,10.7,0.4,-8.0,NotYet
40.0,4.6,10.7,0.4,-6.0,NotYet
40.0,4.6,10.7,0.4,-4.0,NotYet
40.0,4.6,10.7,0.4,-2.0,NotYet
40.0,4.6,10.7,0.4,0.0,NotYet
40.0,4.6,10.7,0.4,2.0,NotYet
40.0,4.6,10.7,0.4,4.0,NotYet
40.0,4.6,10.7,0.4,6.0,NotYet
40.0,4.6,10.7,0.4,8.0,NotYet
40.0,4.6,10.7,0.4,10.0,NotYet
40.0,4.6,10.7,0.6,-10.0,NotYet
40.0,4.6,10.7,0.6,-8.0,NotYet
40.0,4.6,10.7,0.6,-6.0,NotYet
40.0,4.6,10.7,0.6,-4.0,NotYet
40.0,4.6,10.7,0.6,-2.0,NotYet
40.0,4.6,10.7,0.6,0.0,NotYet
40.0,4.6,10.7,0.6,2.0,NotYet
40.0,4.6,10.7,0.6,4.0,NotYet
40.0,4.6,10.7,0.6,6.0,NotYet
40.0,4.6,10.7,0.6,8.0,NotYet
40.0,4.6,10.7,0.6,10.0,NotYet
40.0,4.6,10.7,0.8,-10.0,NotYet
40.0,4.6,10.7,0.8,-8.0,NotYet
40.0,4.6,10.7,0.8,-6.0,NotYet
40.0,4.6,10.7,0.8,-4.0,NotYet
40.0,4.6,10.7,0.8,-2.0,NotYet
40.0,4.6,10.7,0.8,0.0,NotYet
40.0,4.6,10.7,0.8,2.0,NotYet
40.0,4.6,10.7,0.8,4.0,NotYet
40.0,4.6,10.7,0.8,6.0,NotYet
40.0,4.6,10.7,0.8,8.0,NotYet
40.0,4.6,10.7,0.8,10.0,NotYet
40.0,4.6,10.7,1.0,-10.0,NotYet
40.0,4.6,10.7,1.0,-8.0,NotYet
40.0,4.6,10.7,1.0,-6.0,NotYet
40.0,4.6,10.7,1.0,-4.0,NotYet
40.0,4.6,10.7,1.0,-2.0,NotYet
40.0,4.6,10.7,1.0,0.0,NotYet
40.0,4.6,10.7,1.0,2.0,NotYet
40.0,4.6,10.7,1.0,4.0,NotYet
40.0,4.6,10.7,1.0,6.0,NotYet
40.0,4.6,10.7,1.0,8.0,NotYet
40.0,4.6,10.7,1.0,10.0,NotYet
40.0,4.6,10.7,1.2,-10.0,NotYet
40.0,4.6,10.7,1.2,-8.0,NotYet
40.0,4.6,10.7,1.2,-6.0,NotYet
40.0,4.6,10.7,1.2,-4.0,NotYet
40.0,4.6,10.7,1.2,-2.0,NotYet
40.0,4.6,10.7,1.2,0.0,NotYet
40.0,4.6,10.7,1.2,2.0,NotYet
40.0,4.6,10.7,1.2,4.0,NotYet
40.0,4.6,10.7,1.2,6.0,NotYet
40.0,4.6,10.7,1.2,8.0,NotYet
40.0,4.6,10.7,1.2,10.0,NotYet
40.0,4.6,10.7,1.4,-10.0,NotYet
40.0,4.6,10.7,1.4,-8.0,NotYet
40.0,4.6,10.7,1.4,-6.0,NotYet
40.0,4.6,10.7,1.4,-4.0,NotYet
40.0,4.6,10.7,1.4,-2.0,NotYet
40.0,4.6,10.7,1.4,0.0,NotYet
40.0,4.6,10.7,1.4,2.0,NotYet
40.0,4.6,10.7,1.4,4.0,NotYet
40.0,4.6,10.7,1.4,6.0,NotYet
40.0,4.6,10.7,1.4,8.0,NotYet
40.0,4.6,10.7,1.4,10.0,NotYet
40.0,4.6,10.7,1.6,-10.0,NotYet
40.0,4.6,10.7,1.6,-8.0,NotYet
40.0,4.6,10.7,1.6,-6.0,NotYet
40.0,4.6,10.7,1.6,-4.0,NotYet
40.0,4.6,10.7,1.6,-2.0,NotYet
40.0,4.6,10.7,1.6,0.0,NotYet
40.0,4.6,10.7,1.6,2.0,NotYet
40.0,4.6,10.7,1.6,4.0,NotYet
40.0,4.6,10.7,1.6,6.0,NotYet
40.0,4.6,10.7,1.6,8.0,NotYet
40.0,4.6,10.7,1.6,10.0,NotYet
40.0,4.6,10.7,1.8,-10.0,NotYet
40.0,4.6,10.7,1.8,-8.0,NotYet
40.0,4.6,10.7,1.8,-6.0,NotYet
40.0,4.6,10.7,1.8,-4.0,NotYet
40.0,4.6,10.7,1.8,-2.0,NotYet
40.0,4.6,10.7,1.8,0.0,NotYet
40.0,4.6,10.7,1.8,2.0,NotYet
40.0,4.6,10.7,1.8,4.0,NotYet
40.0,4.6,10.7,1.8,6.0,NotYet
40.0,4.6,10.7,1.8,8.0,NotYet
40.0,4.6,10.7,1.8,10.0,NotYet
40.0,4.6,10.7,2.0,-10.0,NotYet
40.0,4.6,10.7,2.0,-8.0,NotYet
40.0,4.6,10.7,2.0,-6.0,NotYet
40.0,4.6,10.7,2.0,-4.0,NotYet
40.0,4.6,10.7,2.0,-2.0,NotYet
40.0,4.6,10.7,2.0,0.0,NotYet
40.0,4.6,10.7,2.0,2.0,NotYet
40.0,4.6,10.7,2.0,4.0,NotYet
40.0,4.6,10.7,2.0,6.0,NotYet
40.0,4.6,10.7,2.0,8.0,NotYet
40.0,4.6,10.7,2.0,10.0,NotYet
45.0,10.5,4.9,-2.0,-10.0,NotYet
45.0,10.5,4.9,-2.0,-8.0,NotYet
45.0,10.5,4.9,-2.0,-6.0,NotYet
45.0,10.5,4.9,-2.0,-4.0,NotYet
45.0,10.5,4.9,-2.0,-2.0,NotYet
45.0,10.5,4.9,-2.0,0.0,NotYet
45.0,10.5,4.9,-2.0,2.0,NotYet
45.0,10.5,4.9,-2.0,4.0,NotYet
45.0,10.5,4.9,-2.0,6.0,NotYet
45.0,10.5,4.9,-2.0,8.0,NotYet
45.0,10.5,4.9,-2.0,10.0,NotYet
45.0,10.5,4.9,-1.8,-10.0,NotYet
45.0,10.5,4.9,-1.8,-8.0,NotYet
45.0,10.5,4.9,-1.8,-6.0,NotYet
45.0,10.5,4.9,-1.8,-4.0,NotYet
45.0,10.5,4.9,-1.8,-2.0,NotYet
45.0,10.5,4.9,-1.8,0.0,NotYet
45.0,10.5,4.9,-1.8,2.0,NotYet
45.0,10.5,4.9,-1.8,4.0,NotYet
45.0,10.5,4.9,-1.8,6.0,NotYet
45.0,10.5,4.9,-1.8,8.0,NotYet
45.0,10.5,4.9,-1.8,10.0,NotYet
45.0,10.5,4.9,-1.6,-10.0,NotYet
45.0,10.5,4.9,-1.6,-8.0,NotYet
45.0,10.5,4.9,-1.6,-6.0,NotYet
45.0,10.5,4.9,-1.6,-4.0,NotYet
45.0,10.5,4.9,-1.6,-2.0,NotYet
45.0,10.5,4.9,-1.6,0.0,NotYet
45.0,10.5,4.9,-1.6,2.0,NotYet
45.0,10.5,4.9,-1.6,4.0,NotYet
45.0,10.5,4.9,-1.6,6.0,NotYet
45.0,10.5,4.9,-1.6,8.0,NotYet
45.0,10.5,4.9,-1.6,10.0,NotYet
45.0,10.5,4.9,-1.4,-10.0,NotYet
45.0,10.5,4.9,-1.4,-8.0,NotYet
45.0,10.5,4.9,-1.4,-6.0,NotYet
45.0,10.5,4.9,-1.4,-4.0,NotYet
45.0,10.5,4.9,-1.4,-2.0,NotYet
45.0,10.5,4.9,-1.4,0.0,NotYet
45.0,10.5,4.9,-1.4,2.0,NotYet
45.0,10.5,4.9,-1.4,4.0,NotYet
45.0,10.5,4.9,-1.4,6.0,NotYet
45.0,10.5,4.9,-1.4,8.0,NotYet
45.0,10.5,4.9,-1.4,10.0,NotYet
45.0,10.5,4.9,-1.2,-10.0,NotYet
45.0,10.5,4.9,-1.2,-8.0,NotYet
45.0,10.5,4.9,-1.2,-6.0,NotYet
45.0,10.5,4.9,-1.2,-4.0,NotYet
45.0,10.5,4.9,-1.2,-2.0,NotYet
45.0,10.5,4.9,-1.2,0.0,NotYet
45.0,10.5,4.9,-1.2,2.0,NotYet
45.0,10.5,4.9,-1.2,4.0,NotYet
45.0,10.5,4.9,-1.2,6.0,NotYet
45.0,10.5,4.9,-1.2,8.0,NotYet
45.0,10.5,4.9,-1.2,10.0,NotYet
45.0,10.5,4.9,-1.0,-10.0,NotYet
45.0,10.5,4.9,-1.0,-8.0,NotYet
45.0,10.5,4.9,-1.0,-6.0,NotYet
45.0,10.5,4.9,-1.0,-4.0,NotYet
45.0,10.5,4.9,-1.0,-2.0,NotYet
45.0,10.5,4.9,-1.0,0.0,NotYet
45.0,10.5,4.9,-1.0,2.0,NotYet
45.0,10.5,4.9,-1.0,4.0,NotYet
45.0,10.5,4.9,-1.0,6.0,NotYet
45.0,10.5,4.9,-1.0,8.0,NotYet
45.0,10.5,4.9,-1.0,10.0,NotYet
45.0,10.5,4.9,-0.8,-10.0,NotYet
45.0,10.5,4.9,-0.8,-8.0,NotYet
45.0,10.5,4.9,-0.8,-6.0,NotYet
45.0,10.5,4.9,-0.8,-4.0,NotYet
45.0,10.5,4.9,-0.8,-2.0,NotYet
45.0,10.5,4.9,-0.8,0.0,NotYet
45.0,10.5,4.9,-0.8,2.0,NotYet
45.0,10.5,4.9,-0.8,4.0,NotYet
45.0,10.5,4.9,-0.8,6.0,NotYet
45.0,10.5,4.9,-0.8,8.0,NotYet
45.0,10.5,4.9,-0.8,10.0,NotYet
45.0,10.5,4.9,-0.6,-10.0,NotYet
45.0,10.5,4.9,-0.6,-8.0,NotYet
45.0,10.5,4.9,-0.6,-6.0,NotYet
45.0,10.5,4.9,-0.6,-4.0,NotYet
45.0,10.5,4.9,-0.6,-2.0,NotYet
45.0,10.5,4.9,-0.6,0.0,NotYet
45.0,10.5,4.9,-0.6,2.0,NotYet
45.0,10.5,4.9,-0.6,4.0,NotYet
45.0,10.5,4.9,-0.6,6.0,NotYet
45.0,10.5,4.9,-0.6,8.0,NotYet
45.0,10.5,4.9,-0.6,10.0,NotYet
45.0,10.5,4.9,-0.4,-10.0,NotYet
45.0,10.5,4.9,-0.4,-8.0,NotYet
45.0,10.5,4.9,-0.4,-6.0,NotYet
45.0,10.5,4.9,-0.4,-4.0,NotYet
45.0,10.5,4.9,-0.4,-2.0,NotYet
45.0,10.5,4.9,-0.4,0.0,NotYet
45.0,10.5,4.9,-0.4,2.0,NotYet
45.0,10.5,4.9,-0.4,4.0,NotYet
45.0,10.5,4.9,-0.4,6.0,NotYet
45.0,10.5,4.9,-0.4,8.0,NotYet
45.0,10.5,4.9,-0.4,10.0,NotYet
45.0,10.5,4.9,-0.2,-10.0,NotYet
45.0,10.5,4.9,-0.2,-8.0,NotYet
45.0,10.5,4.9,-0.2,-6.0,NotYet
45.0,10.5,4.9,-0.2,-4.0,NotYet
45.0,10.5,4.9,-0.2,-2.0,NotYet
45.0,10.5,4.9,-0.2,0.0,NotYet
45.0,10.5,4.9,-0.2,2.0,NotYet
45.0,10.5,4.9,-0.2,4.0,NotYet
45.0,10.5,4.9,-0.2,6.0,NotYet
45.0,10.5,4.9,-0.2,8.0,NotYet
45.0,10.5,4.9,-0.2,10.0,NotYet
45.0,10.5,4.9,0.0,-10.0,NotYet
45.0,10.5,4.9,0.0,-8.0,NotYet
45.0,10.5,4.9,0.0,-6.0,NotYet
45.0,10.5,4.9,0.0,-4.0,NotYet
45.0,10.5,4.9,0.0,-2.0,NotYet
45.0,10.5,4.9,0.0,0.0,NotYet
45.0,10.5,4.9,0.0,2.0,NotYet
45.0,10.5,4.9,0.0,4.0,NotYet
45.0,10.5,4.9,0.0,6.0,NotYet
45.0,10.5,4.9,0.0,8.0,NotYet
45.0,10.5,4.9,0.0,10.0,NotYet
45.0,10.5,4.9,0.2,-10.0,NotYet
45.0,10.5,4.9,0.2,-8.0,NotYet
45.0,10.5,4.9,0.2,-6.0,NotYet
45.0,10.5,4.9,0.2,-4.0,NotYet
45.0,10.5,4.9,0.2,-2.0,NotYet
45.0,10.5,4.9,0.2,0.0,NotYet
45.0,10.5,4.9,0.2,2.0,NotYet
45.0,10.5,4.9,0.2,4.0,NotYet
45.0,10.5,4.9,0.2,6.0,NotYet
45.0,10.5,4.9,0.2,8.0,NotYet
45.0,10.5,4.9,0.2,10.0,NotYet
45.0,10.5,4.9,0.4,-10.0,NotYet
45.0,10.5,4.9,0.4,-8.0,NotYet
45.0,10.5,4.9,0.4,-6.0,NotYet
45.0,10.5,4.9,0.4,-4.0,NotYet
45.0,10.5,4.9,0.4,-2.0,NotYet
45.0,10.5,4.9,0.4,0.0,NotYet
45.0,10.5,4.9,0.4,2.0,NotYet
45.0,10.5,4.9,0.4,4.0,NotYet
45.0,10.5,4.9,0.4,6.0,NotYet
45.0,10.5,4.9,0.4,8.0,NotYet
45.0,10.5,4.9,0.4,10.0,NotYet
45.0,10.5,4.9,0.6,-10.0,NotYet
45.0,10.5,4.9,0.6,-8.0,NotYet
45.0,10.5,4.9,0.6,-6.0,NotYet
45.0,10.5,4.9,0.6,-4.0,NotYet
45.0,10.5,4.9,0.6,-2.0,NotYet
45.0,10.5,4.9,0.6,0.0,NotYet
45.0,10.5,4.9,0.6,2.0,NotYet
45.0,10.5,4.9,0.6,4.0,NotYet
45.0,10.5,4.9,0.6,6.0,NotYet
45.0,10.5,4.9,0.6,8.0,NotYet
45.0,10.5,4.9,0.6,10.0,NotYet
45.0,10.5,4.9,0.8,-10.0,NotYet
45.0,10.5,4.9,0.8,-8.0,NotYet
45.0,10.5,4.9,0.8,-6.0,NotYet
45.0,10.5,4.9,0.8,-4.0,NotYet
45.0,10.5,4.9,0.8,-2.0,NotYet
45.0,10.5,4.9,0.8,0.0,NotYet
45.0,10.5,4.9,0.8,2.0,NotYet
45.0,10.5,4.9,0.8,4.0,NotYet
45.0,10.5,4.9,0.8,6.0,NotYet
45.0,10.5,4.9,0.8,8.0,NotYet
45.0,10.5,4.9,0.8,10.0,NotYet
45.0,10.5,4.9,1.0,-10.0,NotYet
45.0,10.5,4.9,1.0,-8.0,NotYet
45.0,10.5,4.9,1.0,-6.0,NotYet
45.0,10.5,4.9,1.0,-4.0,NotYet
45.0,10.5,4.9,1.0,-2.0,NotYet
45.0,10.5,4.9,1.0,0.0,NotYet
45.0,10.5,4.9,1.0,2.0,NotYet
45.0,10.5,4.9,1.0,4.0,NotYet
45.0,10.5,4.9,1.0,6.0,NotYet
45.0,10.5,4.9,1.0,8.0,NotYet
45.0,10.5,4.9,1.0,10.0,NotYet
45.0,10.5,4.9,1.2,-10.0,NotYet
45.0,10.5,4.9,1.2,-8.0,NotYet
45.0,10.5,4.9,1.2,-6.0,NotYet
45.0,10.5,4.9,1.2,-4.0,NotYet
45.0,10.5,4.9,1.2,-2.0,NotYet
45.0,10.5,4.9,1.2,0.0,NotYet
45.0,10.5,4.9,1.2,2.0,NotYet
45.0,10.5,4.9,1.2,4.0,NotYet
45.0,10.5,4.9,1.2,6.0,NotYet
45.0,10.5,4.9,1.2,8.0,NotYet
45.0,10.5,4.9,1.2,10.0,NotYet
45.0,10.5,4.9,1.4,-10.0,NotYet
45.0,10.5,4.9,1.4,-8.0,NotYet
45.0,10.5,4.9,1.4,-6.0,NotYet
45.0,10.5,4.9,1.4,-4.0,NotYet
45.0,10.5,4.9,1.4,-2.0,NotYet
45.0,10.5,4.9,1.4,0.0,NotYet
45.0,10.5,4.9,1.4,2.0,NotYet
45.0,10.5,4.9,1.4,4.0,NotYet
45.0,10.5,4.9,1.4,6.0,NotYet
45.0,10.5,4.9,1.4,8.0,NotYet
45.0,10.5,4.9,1.4,10.0,NotYet
45.0,10.5,4.9,1.6,-10.0,NotYet
45.0,10.5,4.9,1.6,-8.0,NotYet
45.0,10.5,4.9,1.6,-6.0,NotYet
45.0,10.5,4.9,1.6,-4.0,NotYet
45.0,10.5,4.9,1.6,-2.0,NotYet
45.0,10.5,4.9,1.6,0.0,NotYet
45.0,10.5,4.9,1.6,2.0,NotYet
45.0,10.5,4.9,1.6,4.0,NotYet
45.0,10.5,4.9,1.6,6.0,NotYet
45.0,10.5,4.9,1.6,8.0,NotYet
45.0,10.5,4.9,1.6,10.0,NotYet
45.0,10.5,4.9,1.8,-10.0,NotYet
45.0,10.5,4.9,1.8,-8.0,NotYet
45.0,10.5,4.9,1.8,-6.0,NotYet
45.0,10.5,4.9,1.8,-4.0,NotYet
45.0,10.5,4.9,1.8,-2.0,NotYet
45.0,10.5,4.9,1.8,0.0,NotYet
45.0,10.5,4.9,1.8,2.0,NotYet
45.0,10.5,4.9,1.8,4.0,NotYet
45.0,10.5,4.9,1.8,6.0,NotYet
45.0,10.5,4.9,1.8,8.0,NotYet
45.0,10.5,4.9,1.8,10.0,NotYet
45.0,10.5,4.9,2.0,-10.0,NotYet
45.0,10.5,4.9,2.0,-8.0,NotYet
45.0,10.5,4.9,2.0,-6.0,NotYet
45.0,10.5,4.9,2.0,-4.0,NotYet
45.0,10.5,4.9,2.0,-2.0,NotYet
45.0,10.5,4.9,2.0,0.0,NotYet
45.0,10.5,4.9,2.0,2.0,NotYet
45.0,10.5,4.9,2.0,4.0,NotYet
45.0,10.5,4.9,2.0,6.0,NotYet
45.0,10.5,4.9,2.0,8.0,NotYet
45.0,10.5,4.9,2.0,10.0,NotYet
45.0,4.9,10.1,-2.0,-10.0,NotYet
45.0,4.9,10.1,-2.0,-8.0,NotYet
45.0,4.9,10.1,-2.0,-6.0,NotYet
45.0,4.9,10.1,-2.0,-4.0,NotYet
45.0,4.9,10.1,-2.0,-2.0,NotYet
45.0,4.9,10.1,-2.0,0.0,NotYet
45.0,4.9,10.1,-2.0,2.0,NotYet
45.0,4.9,10.1,-2.0,4.0,NotYet
45.0,4.9,10.1,-2.0,6.0,NotYet
45.0,4.9,10.1,-2.0,8.0,NotYet
45.0,4.9,10.1,-2.0,10.0,NotYet
45.0,4.9,10.1,-1.8,-10.0,NotYet
45.0,4.9,10.1,-1.8,-8.0,NotYet
45.0,4.9,10.1,-1.8,-6.0,NotYet
45.0,4.9,10.1,-1.8,-4.0,NotYet
45.0,4.9,10.1,-1.8,-2.0,NotYet
45.0,4.9,10.1,-1.8,0.0,NotYet
45.0,4.9,10.1,-1.8,2.0,NotYet
45.0,4.9,10.1,-1.8,4.0,NotYet
45.0,4.9,10.1,-1.8,6.0,NotYet
45.0,4.9,10.1,-1.8,8.0,NotYet
45.0,4.9,10.1,-1.8,10.0,NotYet
45.0,4.9,10.1,-1.6,-10.0,NotYet
45.0,4.9,10.1,-1.6,-8.0,NotYet
45.0,4.9,10.1,-1.6,-6.0,NotYet
45.0,4.9,10.1,-1.6,-4.0,NotYet
45.0,4.9,10.1,-1.6,-2.0,NotYet
45.0,4.9,10.1,-1.6,0.0,NotYet
45.0,4.9,10.1,-1.6,2.0,NotYet
45.0,4.9,10.1,-1.6,4.0,NotYet
45.0,4.9,10.1,-1.6,6.0,NotYet
45.0,4.9,10.1,-1.6,8.0,NotYet
45.0,4.9,10.1,-1.6,10.0,NotYet
45.0,4.9,10.1,-1.4,-10.0,NotYet
45.0,4.9,10.1,-1.4,-8.0,NotYet
45.0,4.9,10.1,-1.4,-6.0,NotYet
45.0,4.9,10.1,-1.4,-4.0,NotYet
45.0,4.9,10.1,-1.4,-2.0,NotYet
45.0,4.9,10.1,-1.4,0.0,NotYet
45.0,4.9,10.1,-1.4,2.0,NotYet
45.0,4.9,10.1,-1.4,4.0,NotYet
45.0,4.9,10.1,-1.4,6.0,NotYet
45.0,4.9,10.1,-1.4,8.0,NotYet
45.0,4.9,10.1,-1.4,10.0,NotYet
45.0,4.9,10.1,-1.2,-10.0,NotYet
45.0,4.9,10.1,-1.2,-8.0,NotYet
45.0,4.9,10.1,-1.2,-6.0,NotYet
45.0,4.9,10.1,-1.2,-4.0,NotYet
45.0,4.9,10.1,-1.2,-2.0,NotYet
45.0,4.9,10.1,-1.2,0.0,NotYet
45.0,4.9,10.1,-1.2,2.0,NotYet
45.0,4.9,10.1,-1.2,4.0,NotYet
45.0,4.9,10.1,-1.2,6.0,NotYet
45.0,4.9,10.1,-1.2,8.0,NotYet
45.0,4.9,10.1,-1.2,10.0,NotYet
45.0,4.9,10.1,-1.0,-10.0,NotYet
45.0,4.9,10.1,-1.0,-8.0,NotYet
45.0,4.9,10.1,-1.0,-6.0,NotYet
45.0,4.9,10.1,-1.0,-4.0,NotYet
45.0,4.9,10.1,-1.0,-2.0,NotYet
45.0,4.9,10.1,-1.0,0.0,NotYet
45.0,4.9,10.1,-1.0,2.0,NotYet
45.0,4.9,10.1,-1.0,4.0,NotYet
45.0,4.9,10.1,-1.0,6.0,NotYet
45.0,4.9,10.1,-1.0,8.0,NotYet
45.0,4.9,10.1,-1.0,10.0,NotYet
45.0,4.9,10.1,-0.8,-10.0,NotYet
45.0,4.9,10.1,-0.8,-8.0,NotYet
45.0,4.9,10.1,-0.8,-6.0,NotYet
45.0,4.9,10.1,-0.8,-4.0,NotYet
45.0,4.9,10.1,-0.8,-2.0,NotYet
45.0,4.9,10.1,-0.8,0.0,NotYet
45.0,4.9,10.1,-0.8,2.0,NotYet
45.0,4.9,10.1,-0.8,4.0,NotYet
45.0,4.9,10.1,-0.8,6.0,NotYet
45.0,4.9,10.1,-0.8,8.0,NotYet
45.0,4.9,10.1,-0.8,10.0,NotYet
45.0,4.9,10.1,-0.6,-10.0,NotYet
45.0,4.9,10.1,-0.6,-8.0,NotYet
45.0,4.9,10.1,-0.6,-6.0,NotYet
45.0,4.9,10.1,-0.6,-4.0,NotYet
45.0,4.9,10.1,-0.6,-2.0,NotYet
45.0,4.9,10.1,-0.6,0.0,NotYet
45.0,4.9,10.1,-0.6,2.0,NotYet
45.0,4.9,10.1,-0.6,4.0,NotYet
45.0,4.9,10.1,-0.6,6.0,NotYet
45.0,4.9,10.1,-0.6,8.0,NotYet
45.0,4.9,10.1,-0.6,10.0,NotYet
45.0,4.9,10.1,-0.4,-10.0,NotYet
45.0,4.9,10.1,-0.4,-8.0,NotYet
45.0,4.9,10.1,-0.4,-6.0,NotYet
45.0,4.9,10.1,-0.4,-4.0,NotYet
45.0,4.9,10.1,-0.4,-2.0,NotYet
45.0,4.9,10.1,-0.4,0.0,NotYet
45.0,4.9,10.1,-0.4,2.0,NotYet
45.0,4.9,10.1,-0.4,4.0,NotYet
45.0,4.9,10.1,-0.4,6.0,NotYet
45.0,4.9,10.1,-0.4,8.0,NotYet
45.0,4.9,10.1,-0.4,10.0,NotYet
45.0,4.9,10.1,-0.2,-10.0,NotYet
45.0,4.9,10.1,-0.2,-8.0,NotYet
45.0,4.9,10.1,-0.2,-6.0,NotYet
45.0,4.9,10.1,-0.2,-4.0,NotYet
45.0,4.9,10.1,-0.2,-2.0,NotYet
45.0,4.9,10.1,-0.2,0.0,NotYet
45.0,4.9,10.1,-0.2,2.0,NotYet
45.0,4.9,10.1,-0.2,4.0,NotYet
45.0,4.9,10.1,-0.2,6.0,NotYet
45.0,4.9,10.1,-0.2,8.0,NotYet
45.0,4.9,10.1,-0.2,10.0,NotYet
45.0,4.9,10.1,0.0,-10.0,NotYet
45.0,4.9,10.1,0.0,-8.0,NotYet
45.0,4.9,10.1,0.0,-6.0,NotYet
45.0,4.9,10.1,0.0,-4.0,NotYet
45.0,4.9,10.1,0.0,-2.0,NotYet
45.0,4.9,10.1,0.0,0.0,NotYet
45.0,4.9,10.1,0.0,2.0,NotYet
45.0,4.9,10.1,0.0,4.0,NotYet
45.0,4.9,10.1,0.0,6.0,NotYet
45.0,4.9,10.1,0.0,8.0,NotYet
45.0,4.9,10.1,0.0,10.0,NotYet
45.0,4.9,10.1,0.2,-10.0,NotYet
45.0,4.9,10.1,0.2,-8.0,NotYet
45.0,4.9,10.1,0.2,-6.0,NotYet
45.0,4.9,10.1,0.2,-4.0,NotYet
45.0,4.9,10.1,0.2,-2.0,NotYet
45.0,4.9,10.1,0.2,0.0,NotYet
45.0,4.9,10.1,0.2,2.0,NotYet
45.0,4.9,10.1,0.2,4.0,NotYet
45.0,4.9,10.1,0.2,6.0,NotYet
45.0,4.9,10.1,0.2,8.0,NotYet
45.0,4.9,10.1,0.2,10.0,NotYet
45.0,4.9,10.1,0.4,-10.0,NotYet
45.0,4.9,10.1,0.4,-8.0,NotYet
45.0,4.9,10.1,0.4,-6.0,NotYet
45.0,4.9,10.1,0.4,-4.0,NotYet
45.0,4.9,10.1,0.4,-2.0,NotYet
45.0,4.9,10.1,0.4,0.0,NotYet
45.0,4.9,10.1,0.4,2.0,NotYet
45.0,4.9,10.1,0.4,4.0,NotYet
45.0,4.9,10.1,0.4,6.0,NotYet
45.0,4.9,10.1,0.4,8.0,NotYet
45.0,4.9,10.1,0.4,10.0,NotYet
45.0,4.9,10.1,0.6,-10.0,NotYet
45.0,4.9,10.1,0.6,-8.0,NotYet
45.0,4.9,10.1,0.6,-6.0,NotYet
45.0,4.9,10.1,0.6,-4.0,NotYet
45.0,4.9,10.1,0.6,-2.0,NotYet
45.0,4.9,10.1,0.6,0.0,NotYet
45.0,4.9,10.1,0.6,2.0,NotYet
45.0,4.9,10.1,0.6,4.0,NotYet
45.0,4.9,10.1,0.6,6.0,NotYet
45.0,4.9,10.1,0.6,8.0,NotYet
45.0,4.9,10.1,0.6,10.0,NotYet
45.0,4.9,10.1,0.8,-10.0,NotYet
45.0,4.9,10.1,0.8,-8.0,NotYet
45.0,4.9,10.1,0.8,-6.0,NotYet
45.0,4.9,10.1,0.8,-4.0,NotYet
45.0,4.9,10.1,0.8,-2.0,NotYet
45.0,4.9,10.1,0.8,0.0,NotYet
45.0,4.9,10.1,0.8,2.0,NotYet
45.0,4.9,10.1,0.8,4.0,NotYet
45.0,4.9,10.1,0.8,6.0,NotYet
45.0,4.9,10.1,0.8,8.0,NotYet
45.0,4.9,10.1,0.8,10.0,NotYet
45.0,4.9,10.1,1.0,-10.0,NotYet
45.0,4.9,10.1,1.0,-8.0,NotYet
45.0,4.9,10.1,1.0,-6.0,NotYet
45.0,4.9,10.1,1.0,-4.0,NotYet
45.0,4.9,10.1,1.0,-2.0,NotYet
45.0,4.9,10.1,1.0,0.0,NotYet
45.0,4.9,10.1,1.0,2.0,NotYet
45.0,4.9,10.1,1.0,4.0,NotYet
45.0,4.9,10.1,1.0,6.0,NotYet
45.0,4.9,10.1,1.0,8.0,NotYet
45.0,4.9,10.1,1.0,10.0,NotYet
45.0,4.9,10.1,1.2,-10.0,NotYet
45.0,4.9,10.1,1.2,-8.0,NotYet
45.0,4.9,10.1,1.2,-6.0,NotYet
45.0,4.9,10.1,1.2,-4.0,NotYet
45.0,4.9,10.1,1.2,-2.0,NotYet
45.0,4.9,10.1,1.2,0.0,NotYet
45.0,4.9,10.1,1.2,2.0,NotYet
45.0,4.9,10.1,1.2,4.0,NotYet
45.0,4.9,10.1,1.2,6.0,NotYet
45.0,4.9,10.1,1.2,8.0,NotYet
45.0,4.9,10.1,1.2,10.0,NotYet
45.0,4.9,10.1,1.4,-10.0,NotYet
45.0,4.9,10.1,1.4,-8.0,NotYet
45.0,4.9,10.1,1.4,-6.0,NotYet
45.0,4.9,10.1,1.4,-4.0,NotYet
45.0,4.9,10.1,1.4,-2.0,NotYet
45.0,4.9,10.1,1.4,0.0,NotYet
45.0,4.9,10.1,1.4,2.0,NotYet
45.0,4.9,10.1,1.4,4.0,NotYet
45.0,4.9,10.1,1.4,6.0,NotYet
45.0,4.9,10.1,1.4,8.0,NotYet
45.0,4.9,10.1,1.4,10.0,NotYet
45.0,4.9,10.1,1.6,-10.0,NotYet
45.0,4.9,10.1,1.6,-8.0,NotYet
45.0,4.9,10.1,1.6,-6.0,NotYet
45.0,4.9,10.1,1.6,-4.0,NotYet
45.0,4.9,10.1,1.6,-2.0,NotYet
45.0,4.9,10.1,1.6,0.0,NotYet
45.0,4.9,10.1,1.6,2.0,NotYet
45.0,4.9,10.1,1.6,4.0,NotYet
45.0,4.9,10.1,1.6,6.0,NotYet
45.0,4.9,10.1,1.6,8.0,NotYet
45.0,4.9,10.1,1.6,10.0,NotYet
45.0,4.9,10.1,1.8,-10.0,NotYet
45.0,4.9,10.1,1.8,-8.0,NotYet
45.0,4.9,10.1,1.8,-6.0,NotYet
45.0,4.9,10.1,1.8,-4.0,NotYet
45.0,4.9,10.1,1.8,-2.0,NotYet
45.0,4.9,10.1,1.8,0.0,NotYet
45.0,4.9,10.1,1.8,2.0,NotYet
45.0,4.9,10.1,1.8,4.0,NotYet
45.0,4.9,10.1,1.8,6.0,NotYet
45.0,4.9,10.1,1.8,8.0,NotYet
45.0,4.9,10.1,1.8,10.0,NotYet
45.0,4.9,10.1,2.0,-10.0,NotYet
45.0,4.9,10.1,2.0,-8.0,NotYet
45.0,4.9,10.1,2.0,-6.0,NotYet
45.0,4.9,10.1,2.0,-4.0,NotYet
45.0,4.9,10.1,2.0,-2.0,NotYet
45.0,4.9,10.1,2.0,0.0,NotYet
45.0,4.9,10.1,2.0,2.0,NotYet
45.0,4.9,10.1,2.0,4.0,NotYet
45.0,4.9,10.1,2.0,6.0,NotYet
45.0,4.9,10.1,2.0,8.0,NotYet
45.0,4.9,10.1,2.0,10.0,NotYet
50.0,11.4,4.6,-2.0,-10.0,NotYet
50.0,11.4,4.6,-2.0,-8.0,NotYet
50.0,11.4,4.6,-2.0,-6.0,NotYet
50.0,11.4,4.6,-2.0,-4.0,NotYet
50.0,11.4,4.6,-2.0,-2.0,NotYet
50.0,11.4,4.6,-2.0,0.0,NotYet
50.0,11.4,4.6,-2.0,2.0,NotYet
50.0,11.4,4.6,-2.0,4.0,NotYet
50.0,11.4,4.6,-2.0,6.0,NotYet
50.0,11.4,4.6,-2.0,8.0,NotYet
50.0,11.4,4.6,-2.0,10.0,NotYet
50.0,11.4,4.6,-1.8,-10.0,NotYet
50.0,11.4,4.6,-1.8,-8.0,NotYet
50.0,11.4,4.6,-1.8,-6.0,NotYet
50.0,11.4,4.6,-1.8,-4.0,NotYet
50.0,11.4,4.6,-1.8,-2.0,NotYet
50.0,11.4,4.6,-1.8,0.0,NotYet
50.0,11.4,4.6,-1.8,2.0,NotYet
50.0,11.4,4.6,-1.8,4.0,NotYet
50.0,11.4,4.6,-1.8,6.0,NotYet
50.0,11.4,4.6,-1.8,8.0,NotYet
50.0,11.4,4.6,-1.8,10.0,NotYet
50.0,11.4,4.6,-1.6,-10.0,NotYet
50.0,11.4,4.6,-1.6,-8.0,NotYet
50.0,11.4,4.6,-1.6,-6.0,NotYet
50.0,11.4,4.6,-1.6,-4.0,NotYet
50.0,11.4,4.6,-1.6,-2.0,NotYet
50.0,11.4,4.6,-1.6,0.0,NotYet
50.0,11.4,4.6,-1.6,2.0,NotYet
50.0,11.4,4.6,-1.6,4.0,NotYet
50.0,11.4,4.6,-1.6,6.0,NotYet
50.0,11.4,4.6,-1.6,8.0,NotYet
50.0,11.4,4.6,-1.6,10.0,NotYet
50.0,11.4,4.6,-1.4,-10.0,NotYet
50.0,11.4,4.6,-1.4,-8.0,NotYet
50.0,11.4,4.6,-1.4,-6.0,NotYet
50.0,11.4,4.6,-1.4,-4.0,NotYet
50.0,11.4,4.6,-1.4,-2.0,NotYet
50.0,11.4,4.6,-1.4,0.0,NotYet
50.0,11.4,4.6,-1.4,2.0,NotYet
50.0,11.4,4.6,-1.4,4.0,NotYet
50.0,11.4,4.6,-1.4,6.0,NotYet
50.0,11.4,4.6,-1.4,8.0,NotYet
50.0,11.4,4.6,-1.4,10.0,NotYet
50.0,11.4,4.6,-1.2,-10.0,NotYet
50.0,11.4,4.6,-1.2,-8.0,NotYet
50.0,11.4,4.6,-1.2,-6.0,NotYet
50.0,11.4,4.6,-1.2,-4.0,NotYet
50.0,11.4,4.6,-1.2,-2.0,NotYet
50.0,11.4,4.6,-1.2,0.0,NotYet
50.0,11.4,4.6,-1.2,2.0,NotYet
50.0,11.4,4.6,-1.2,4.0,NotYet
50.0,11.4,4.6,-1.2,6.0,NotYet
50.0,11.4,4.6,-1.2,8.0,NotYet
50.0,11.4,4.6,-1.2,10.0,NotYet
50.0,11.4,4.6,-1.0,-10.0,NotYet
50.0,11.4,4.6,-1.0,-8.0,NotYet
50.0,11.4,4.6,-1.0,-6.0,NotYet
50.0,11.4,4.6,-1.0,-4.0,NotYet
50.0,11.4,4.6,-1.0,-2.0,NotYet
50.0,11.4,4.6,-1.0,0.0,NotYet
50.0,11.4,4.6,-1.0,2.0,NotYet
50.0,11.4,4.6,-1.0,4.0,NotYet
50.0,11.4,4.6,-1.0,6.0,NotYet
50.0,11.4,4.6,-1.0,8.0,NotYet
50.0,11.4,4.6,-1.0,10.0,NotYet
50.0,11.4,4.6,-0.8,-10.0,NotYet
50.0,11.4,4.6,-0.8,-8.0,NotYet
50.0,11.4,4.6,-0.8,-6.0,NotYet
50.0,11.4,4.6,-0.8,-4.0,NotYet
50.0,11.4,4.6,-0.8,-2.0,NotYet
50.0,11.4,4.6,-0.8,0.0,NotYet
50.0,11.4,4.6,-0.8,2.0,NotYet
50.0,11.4,4.6,-0.8,4.0,NotYet
50.0,11.4,4.6,-0.8,6.0,NotYet
50.0,11.4,4.6,-0.8,8.0,NotYet
50.0,11.4,4.6,-0.8,10.0,NotYet
50.0,11.4,4.6,-0.6,-10.0,NotYet
50.0,11.4,4.6,-0.6,-8.0,NotYet
50.0,11.4,4.6,-0.6,-6.0,NotYet
50.0,11.4,4.6,-0.6,-4.0,NotYet
50.0,11.4,4.6,-0.6,-2.0,NotYet
50.0,11.4,4.6,-0.6,0.0,NotYet
50.0,11.4,4.6,-0.6,2.0,NotYet
50.0,11.4,4.6,-0.6,4.0,NotYet
50.0,11.4,4.6,-0.6,6.0,NotYet
50.0,11.4,4.6,-0.6,8.0,NotYet
50.0,11.4,4.6,-0.6,10.0,NotYet
50.0,11.4,4.6,-0.4,-10.0,NotYet
50.0,11.4,4.6,-0.4,-8.0,NotYet
50.0,11.4,4.6,-0.4,-6.0,NotYet
50.0,11.4,4.6,-0.4,-4.0,NotYet
50.0,11.4,4.6,-0.4,-2.0,NotYet
50.0,11.4,4.6,-0.4,0.0,NotYet
50.0,11.4,4.6,-0.4,2.0,NotYet
50.0,11.4,4.6,-0.4,4.0,NotYet
50.0,11.4,4.6,-0.4,6.0,NotYet
50.0,11.4,4.6,-0.4,8.0,NotYet
50.0,11.4,4.6,-0.4,10.0,NotYet
50.0,11.4,4.6,-0.2,-10.0,NotYet
50.0,11.4,4.6,-0.2,-8.0,NotYet
50.0,11.4,4.6,-0.2,-6.0,NotYet
50.0,11.4,4.6,-0.2,-4.0,NotYet
50.0,11.4,4.6,-0.2,-2.0,NotYet
50.0,11.4,4.6,-0.2,0.0,NotYet
50.0,11.4,4.6,-0.2,2.0,NotYet
50.0,11.4,4.6,-0.2,4.0,NotYet
50.0,11.4,4.6,-0.2,6.0,NotYet
50.0,11.4,4.6,-0.2,8.0,NotYet
50.0,11.4,4.6,-0.2,10.0,NotYet
50.0,11.4,4.6,0.0,-10.0,NotYet
50.0,11.4,4.6,0.0,-8.0,NotYet
50.0,11.4,4.6,0.0,-6.0,NotYet
50.0,11.4,4.6,0.0,-4.0,NotYet
50.0,11.4,4.6,0.0,-2.0,NotYet
50.0,11.4,4.6,0.0,0.0,NotYet
50.0,11.4,4.6,0.0,2.0,NotYet
50.0,11.4,4.6,0.0,4.0,NotYet
50.0,11.4,4.6,0.0,6.0,NotYet
50.0,11.4,4.6,0.0,8.0,NotYet
50.0,11.4,4.6,0.0,10.0,NotYet
50.0,11.4,4.6,0.2,-10.0,NotYet
50.0,11.4,4.6,0.2,-8.0,NotYet
50.0,11.4,4.6,0.2,-6.0,NotYet
50.0,11.4,4.6,0.2,-4.0,NotYet
50.0,11.4,4.6,0.2,-2.0,NotYet
50.0,11.4,4.6,0.2,0.0,NotYet
50.0,11.4,4.6,0.2,2.0,NotYet
50.0,11.4,4.6,0.2,4.0,NotYet
50.0,11.4,4.6,0.2,6.0,NotYet
50.0,11.4,4.6,0.2,8.0,NotYet
50.0,11.4,4.6,0.2,10.0,NotYet
50.0,11.4,4.6,0.4,-10.0,NotYet
50.0,11.4,4.6,0.4,-8.0,NotYet
50.0,11.4,4.6,0.4,-6.0,NotYet
50.0,11.4,4.6,0.4,-4.0,NotYet
50.0,11.4,4.6,0.4,-2.0,NotYet
50.0,11.4,4.6,0.4,0.0,NotYet
50.0,11.4,4.6,0.4,2.0,NotYet
50.0,11.4,4.6,0.4,4.0,NotYet
50.0,11.4,4.6,0.4,6.0,NotYet
50.0,11.4,4.6,0.4,8.0,NotYet
50.0,11.4,4.6,0.4,10.0,NotYet
50.0,11.4,4.6,0.6,-10.0,NotYet
50.0,11.4,4.6,0.6,-8.0,NotYet
50.0,11.4,4.6,0.6,-6.0,NotYet
50.0,11.4,4.6,0.6,-4.0,NotYet
50.0,11.4,4.6,0.6,-2.0,NotYet
50.0,11.4,4.6,0.6,0.0,NotYet
50.0,11.4,4.6,0.6,2.0,NotYet
50.0,11.4,4.6,0.6,4.0,NotYet
50.0,11.4,4.6,0.6,6.0,NotYet
50.0,11.4,4.6,0.6,8.0,NotYet
50.0,11.4,4.6,0.6,10.0,NotYet
50.0,11.4,4.6,0.8,-10.0,NotYet
50.0,11.4,4.6,0.8,-8.0,NotYet
50.0,11.4,4.6,0.8,-6.0,NotYet
50.0,11.4,4.6,0.8,-4.0,NotYet
50.0,11.4,4.6,0.8,-2.0,NotYet
50.0,11.4,4.6,0.8,0.0,NotYet
50.0,11.4,4.6,0.8,2.0,NotYet
50.0,11.4,4.6,0.8,4.0,NotYet
50.0,11.4,4.6,0.8,6.0,NotYet
50.0,11.4,4.6,0.8,8.0,NotYet
50.0,11.4,4.6,0.8,10.0,NotYet
50.0,11.4,4.6,1.0,-10.0,NotYet
50.0,11.4,4.6,1.0,-8.0,NotYet
50.0,11.4,4.6,1.0,-6.0,NotYet
50.0,11.4,4.6,1.0,-4.0,NotYet
50.0,11.4,4.6,1.0,-2.0,NotYet
50.0,11.4,4.6,1.0,0.0,NotYet
50.0,11.4,4.6,1.0,2.0,NotYet
50.0,11.4,4.6,1.0,4.0,NotYet
50.0,11.4,4.6,1.0,6.0,NotYet
50.0,11.4,4.6,1.0,8.0,NotYet
50.0,11.4,4.6,1.0,10.0,NotYet
50.0,11.4,4.6,1.2,-10.0,NotYet
50.0,11.4,4.6,1.2,-8.0,NotYet
50.0,11.4,4.6,1.2,-6.0,NotYet
50.0,11.4,4.6,1.2,-4.0,NotYet
50.0,11.4,4.6,1.2,-2.0,NotYet
50.0,11.4,4.6,1.2,0.0,NotYet
50.0,11.4,4.6,1.2,2.0,NotYet
50.0,11.4,4.6,1.2,4.0,NotYet
50.0,11.4,4.6,1.2,6.0,NotYet
50.0,11.4,4.6,1.2,8.0,NotYet
50.0,11.4,4.6,1.2,10.0,NotYet
50.0,11.4,4.6,1.4,-10.0,NotYet
50.0,11.4,4.6,1.4,-8.0,NotYet
50.0,11.4,4.6,1.4,-6.0,NotYet
50.0,11.4,4.6,1.4,-4.0,NotYet
50.0,11.4,4.6,1.4,-2.0,NotYet
50.0,11.4,4.6,1.4,0.0,NotYet
50.0,11.4,4.6,1.4,2.0,NotYet
50.0,11.4,4.6,1.4,4.0,NotYet
50.0,11.4,4.6,1.4,6.0,NotYet
50.0,11.4,4.6,1.4,8.0,NotYet
50.0,11.4,4.6,1.4,10.0,NotYet
50.0,11.4,4.6,1.6,-10.0,NotYet
50.0,11.4,4.6,1.6,-8.0,NotYet
50.0,11.4,4.6,1.6,-6.0,NotYet
50.0,11.4,4.6,1.6,-4.0,NotYet
50.0,11.4,4.6,1.6,-2.0,NotYet
50.0,11.4,4.6,1.6,0.0,NotYet
50.0,11.4,4.6,1.6,2.0,NotYet
50.0,11.4,4.6,1.6,4.0,NotYet
50.0,11.4,4.6,1.6,6.0,NotYet
50.0,11.4,4.6,1.6,8.0,NotYet
50.0,11.4,4.6,1.6,10.0,NotYet
50.0,11.4,4.6,1.8,-10.0,NotYet
50.0,11.4,4.6,1.8,-8.0,NotYet
50.0,11.4,4.6,1.8,-6.0,NotYet
50.0,11.4,4.6,1.8,-4.0,NotYet
50.0,11.4,4.6,1.8,-2.0,NotYet
50.0,11.4,4.6,1.8,0.0,NotYet
50.0,11.4,4.6,1.8,2.0,NotYet
50.0,11.4,4.6,1.8,4.0,NotYet
50.0,11.4,4.6,1.8,6.0,NotYet
50.0,11.4,4.6,1.8,8.0,NotYet
50.0,11.4,4.6,1.8,10.0,NotYet
50.0,11.4,4.6,2.0,-10.0,NotYet
50.0,11.4,4.6,2.0,-8.0,NotYet
50.0,11.4,4.6,2.0,-6.0,NotYet
50.0,11.4,4.6,2.0,-4.0,NotYet
50.0,11.4,4.6,2.0,-2.0,NotYet
50.0,11.4,4.6,2.0,0.0,NotYet
50.0,11.4,4.6,2.0,2.0,NotYet
50.0,11.4,4.6,2.0,4.0,NotYet
50.0,11.4,4.6,2.0,6.0,NotYet
50.0,11.4,4.6,2.0,8.0,NotYet
50.0,11.4,4.6,2.0,10.0,NotYet
50.0,5.2,9.5,-2.0,-10.0,NotYet
50.0,5.2,9.5,-2.0,-8.0,NotYet
50.0,5.2,9.5,-2.0,-6.0,NotYet
50.0,5.2,9.5,-2.0,-4.0,NotYet
50.0,5.2,9.5,-2.0,-2.0,NotYet
50.0,5.2,9.5,-2.0,0.0,NotYet
50.0,5.2,9.5,-2.0,2.0,NotYet
50.0,5.2,9.5,-2.0,4.0,NotYet
50.0,5.2,9.5,-2.0,6.0,NotYet
50.0,5.2,9.5,-2.0,8.0,NotYet
50.0,5.2,9.5,-2.0,10.0,NotYet
50.0,5.2,9.5,-1.8,-10.0,NotYet
50.0,5.2,9.5,-1.8,-8.0,NotYet
50.0,5.2,9.5,-1.8,-6.0,NotYet
50.0,5.2,9.5,-1.8,-4.0,NotYet
50.0,5.2,9.5,-1.8,-2.0,NotYet
50.0,5.2,9.5,-1.8,0.0,NotYet
50.0,5.2,9.5,-1.8,2.0,NotYet
50.0,5.2,9.5,-1.8,4.0,NotYet
50.0,5.2,9.5,-1.8,6.0,NotYet
50.0,5.2,9.5,-1.8,8.0,NotYet
50.0,5.2,9.5,-1.8,10.0,NotYet
50.0,5.2,9.5,-1.6,-10.0,NotYet
50.0,5.2,9.5,-1.6,-8.0,NotYet
50.0,5.2,9.5,-1.6,-6.0,NotYet
50.0,5.2,9.5,-1.6,-4.0,NotYet
50.0,5.2,9.5,-1.6,-2.0,NotYet
50.0,5.2,9.5,-1.6,0.0,NotYet
50.0,5.2,9.5,-1.6,2.0,NotYet
50.0,5.2,9.5,-1.6,4.0,NotYet
50.0,5.2,9.5,-1.6,6.0,NotYet
50.0,5.2,9.5,-1.6,8.0,NotYet
50.0,5.2,9.5,-1.6,10.0,NotYet
50.0,5.2,9.5,-1.4,-10.0,NotYet
50.0,5.2,9.5,-1.4,-8.0,NotYet
50.0,5.2,9.5,-1.4,-6.0,NotYet
50.0,5.2,9.5,-1.4,-4.0,NotYet
50.0,5.2,9.5,-1.4,-2.0,NotYet
50.0,5.2,9.5,-1.4,0.0,NotYet
50.0,5.2,9.5,-1.4,2.0,NotYet
50.0,5.2,9.5,-1.4,4.0,NotYet
50.0,5.2,9.5,-1.4,6.0,NotYet
50.0,5.2,9.5,-1.4,8.0,NotYet
50.0,5.2,9.5,-1.4,10.0,NotYet
50.0,5.2,9.5,-1.2,-10.0,NotYet
50.0,5.2,9.5,-1.2,-8.0,NotYet
50.0,5.2,9.5,-1.2,-6.0,NotYet
50.0,5.2,9.5,-1.2,-4.0,NotYet
50.0,5.2,9.5,-1.2,-2.0,NotYet
50.0,5.2,9.5,-1.2,0.0,NotYet
50.0,5.2,9.5,-1.2,2.0,NotYet
50.0,5.2,9.5,-1.2,4.0,NotYet
50.0,5.2,9.5,-1.2,6.0,NotYet
50.0,5.2,9.5,-1.2,8.0,NotYet
50.0,5.2,9.5,-1.2,10.0,NotYet
50.0,5.2,9.5,-1.0,-10.0,NotYet
50.0,5.2,9.5,-1.0,-8.0,NotYet
50.0,5.2,9.5,-1.0,-6.0,NotYet
50.0,5.2,9.5,-1.0,-4.0,NotYet
50.0,5.2,9.5,-1.0,-2.0,NotYet
50.0,5.2,9.5,-1.0,0.0,NotYet
50.0,5.2,9.5,-1.0,2.0,NotYet
50.0,5.2,9.5,-1.0,4.0,NotYet
50.0,5.2,9.5,-1.0,6.0,NotYet
50.0,5.2,9.5,-1.0,8.0,NotYet
50.0,5.2,9.5,-1.0,10.0,NotYet
50.0,5.2,9.5,-0.8,-10.0,NotYet
50.0,5.2,9.5,-0.8,-8.0,NotYet
50.0,5.2,9.5,-0.8,-6.0,NotYet
50.0,5.2,9.5,-0.8,-4.0,NotYet
50.0,5.2,9.5,-0.8,-2.0,NotYet
50.0,5.2,9.5,-0.8,0.0,NotYet
50.0,5.2,9.5,-0.8,2.0,NotYet
50.0,5.2,9.5,-0.8,4.0,NotYet
50.0,5.2,9.5,-0.8,6.0,NotYet
50.0,5.2,9.5,-0.8,8.0,NotYet
50.0,5.2,9.5,-0.8,10.0,NotYet
50.0,5.2,9.5,-0.6,-10.0,NotYet
50.0,5.2,9.5,-0.6,-8.0,NotYet
50.0,5.2,9.5,-0.6,-6.0,NotYet
50.0,5.2,9.5,-0.6,-4.0,NotYet
50.0,5.2,9.5,-0.6,-2.0,NotYet
50.0,5.2,9.5,-0.6,0.0,NotYet
50.0,5.2,9.5,-0.6,2.0,NotYet
50.0,5.2,9.5,-0.6,4.0,NotYet
50.0,5.2,9.5,-0.6,6.0,NotYet
50.0,5.2,9.5,-0.6,8.0,NotYet
50.0,5.2,9.5,-0.6,10.0,NotYet
50.0,5.2,9.5,-0.4,-10.0,NotYet
50.0,5.2,9.5,-0.4,-8.0,NotYet
50.0,5.2,9.5,-0.4,-6.0,NotYet
50.0,5.2,9.5,-0.4,-4.0,NotYet
50.0,5.2,9.5,-0.4,-2.0,NotYet
50.0,5.2,9.5,-0.4,0.0,NotYet
50.0,5.2,9.5,-0.4,2.0,NotYet
50.0,5.2,9.5,-0.4,4.0,NotYet
50.0,5.2,9.5,-0.4,6.0,NotYet
50.0,5.2,9.5,-0.4,8.0,NotYet
50.0,5.2,9.5,-0.4,10.0,NotYet
50.0,5.2,9.5,-0.2,-10.0,NotYet
50.0,5.2,9.5,-0.2,-8.0,NotYet
50.0,5.2,9.5,-0.2,-6.0,NotYet
50.0,5.2,9.5,-0.2,-4.0,NotYet
50.0,5.2,9.5,-0.2,-2.0,NotYet
50.0,5.2,9.5,-0.2,0.0,NotYet
50.0,5.2,9.5,-0.2,2.0,NotYet
50.0,5.2,9.5,-0.2,4.0,NotYet
50.0,5.2,9.5,-0.2,6.0,NotYet
50.0,5.2,9.5,-0.2,8.0,NotYet
50.0,5.2,9.5,-0.2,10.0,NotYet
50.0,5.2,9.5,0.0,-10.0,NotYet
50.0,5.2,9.5,0.0,-8.0,NotYet
50.0,5.2,9.5,0.0,-6.0,NotYet
50.0,5.2,9.5,0.0,-4.0,NotYet
50.0,5.2,9.5,0.0,-2.0,NotYet
50.0,5.2,9.5,0.0,0.0,NotYet
50.0,5.2,9.5,0.0,2.0,NotYet
50.0,5.2,9.5,0.0,4.0,NotYet
50.0,5.2,9.5,0.0,6.0,NotYet
50.0,5.2,9.5,0.0,8.0,NotYet
50.0,5.2,9.5,0.0,10.0,NotYet
50.0,5.2,9.5,0.2,-10.0,NotYet
50.0,5.2,9.5,0.2,-8.0,NotYet
50.0,5.2,9.5,0.2,-6.0,NotYet
50.0,5.2,9.5,0.2,-4.0,NotYet
50.0,5.2,9.5,0.2,-2.0,NotYet
50.0,5.2,9.5,0.2,0.0,NotYet
50.0,5.2,9.5,0.2,2.0,NotYet
50.0,5.2,9.5,0.2,4.0,NotYet
50.0,5.2,9.5,0.2,6.0,NotYet
50.0,5.2,9.5,0.2,8.0,NotYet
50.0,5.2,9.5,0.2,10.0,NotYet
50.0,5.2,9.5,0.4,-10.0,NotYet
50.0,5.2,9.5,0.4,-8.0,NotYet
50.0,5.2,9.5,0.4,-6.0,NotYet
50.0,5.2,9.5,0.4,-4.0,NotYet
50.0,5.2,9.5,0.4,-2.0,NotYet
50.0,5.2,9.5,0.4,0.0,NotYet
50.0,5.2,9.5,0.4,2.0,NotYet
50.0,5.2,9.5,0.4,4.0,NotYet
50.0,5.2,9.5,0.4,6.0,NotYet
50.0,5.2,9.5,0.4,8.0,NotYet
50.0,5.2,9.5,0.4,10.0,NotYet
50.0,5.2,9.5,0.6,-10.0,NotYet
50.0,5.2,9.5,0.6,-8.0,NotYet
50.0,5.2,9.5,0.6,-6.0,NotYet
50.0,5.2,9.5,0.6,-4.0,NotYet
50.0,5.2,9.5,0.6,-2.0,NotYet
50.0,5.2,9.5,0.6,0.0,NotYet
50.0,5.2,9.5,0.6,2.0,NotYet
50.0,5.2,9.5,0.6,4.0,NotYet
50.0,5.2,9.5,0.6,6.0,NotYet
50.0,5.2,9.5,0.6,8.0,NotYet
50.0,5.2,9.5,0.6,10.0,NotYet
50.0,5.2,9.5,0.8,-10.0,NotYet
50.0,5.2,9.5,0.8,-8.0,NotYet
50.0,5.2,9.5,0.8,-6.0,NotYet
50.0,5.2,9.5,0.8,-4.0,NotYet
50.0,5.2,9.5,0.8,-2.0,NotYet
50.0,5.2,9.5,0.8,0.0,NotYet
50.0,5.2,9.5,0.8,2.0,NotYet
50.0,5.2,9.5,0.8,4.0,NotYet
50.0,5.2,9.5,0.8,6.0,NotYet
50.0,5.2,9.5,0.8,8.0,NotYet
50.0,5.2,9.5,0.8,10.0,NotYet
50.0,5.2,9.5,1.0,-10.0,NotYet
50.0,5.2,9.5,1.0,-8.0,NotYet
50.0,5.2,9.5,1.0,-6.0,NotYet
50.0,5.2,9.5,1.0,-4.0,NotYet
50.0,5.2,9.5,1.0,-2.0,NotYet
50.0,5.2,9.5,1.0,0.0,NotYet
50.0,5.2,9.5,1.0,2.0,NotYet
50.0,5.2,9.5,1.0,4.0,NotYet
50.0,5.2,9.5,1.0,6.0,NotYet
50.0,5.2,9.5,1.0,8.0,NotYet
50.0,5.2,9.5,1.0,10.0,NotYet
50.0,5.2,9.5,1.2,-10.0,NotYet
50.0,5.2,9.5,1.2,-8.0,NotYet
50.0,5.2,9.5,1.2,-6.0,NotYet
50.0,5.2,9.5,1.2,-4.0,NotYet
50.0,5.2,9.5,1.2,-2.0,NotYet
50.0,5.2,9.5,1.2,0.0,NotYet
50.0,5.2,9.5,1.2,2.0,NotYet
50.0,5.2,9.5,1.2,4.0,NotYet
50.0,5.2,9.5,1.2,6.0,NotYet
50.0,5.2,9.5,1.2,8.0,NotYet
50.0,5.2,9.5,1.2,10.0,NotYet
50.0,5.2,9.5,1.4,-10.0,NotYet
50.0,5.2,9.5,1.4,-8.0,NotYet
50.0,5.2,9.5,1.4,-6.0,NotYet
50.0,5.2,9.5,1.4,-4.0,NotYet
50.0,5.2,9.5,1.4,-2.0,NotYet
50.0,5.2,9.5,1.4,0.0,NotYet
50.0,5.2,9.5,1.4,2.0,NotYet
50.0,5.2,9.5,1.4,4.0,NotYet
50.0,5.2,9.5,1.4,6.0,NotYet
50.0,5.2,9.5,1.4,8.0,NotYet
50.0,5.2,9.5,1.4,10.0,NotYet
50.0,5.2,9.5,1.6,-10.0,NotYet
50.0,5.2,9.5,1.6,-8.0,NotYet
50.0,5.2,9.5,1.6,-6.0,NotYet
50.0,5.2,9.5,1.6,-4.0,NotYet
50.0,5.2,9.5,1.6,-2.0,NotYet
50.0,5.2,9.5,1.6,0.0,NotYet
50.0,5.2,9.5,1.6,2.0,NotYet
50.0,5.2,9.5,1.6,4.0,NotYet
50.0,5.2,9.5,1.6,6.0,NotYet
50.0,5.2,9.5,1.6,8.0,NotYet
50.0,5.2,9.5,1.6,10.0,NotYet
50.0,5.2,9.5,1.8,-10.0,NotYet
50.0,5.2,9.5,1.8,-8.0,NotYet
50.0,5.2,9.5,1.8,-6.0,NotYet
50.0,5.2,9.5,1.8,-4.0,NotYet
50.0,5.2,9.5,1.8,-2.0,NotYet
50.0,5.2,9.5,1.8,0.0,NotYet
50.0,5.2,9.5,1.8,2.0,NotYet
50.0,5.2,9.5,1.8,4.0,NotYet
50.0,5.2,9.5,1.8,6.0,NotYet
50.0,5.2,9.5,1.8,8.0,NotYet
50.0,5.2,9.5,1.8,10.0,NotYet
50.0,5.2,9.5,2.0,-10.0,NotYet
50.0,5.2,9.5,2.0,-8.0,NotYet
50.0,5.2,9.5,2.0,-6.0,NotYet
50.0,5.2,9.5,2.0,-4.0,NotYet
50.0,5.2,9.5,2.0,-2.0,NotYet
50.0,5.2,9.5,2.0,0.0,NotYet
50.0,5.2,9.5,2.0,2.0,NotYet
50.0,5.2,9.5,2.0,4.0,NotYet
50.0,5.2,9.5,2.0,6.0,NotYet
50.0,5.2,9.5,2.0,8.0,NotYet
50.0,5.2,9.5,2.0,10.0,NotYet
55.0,12.1,4.3,-2.0,-10.0,NotYet
55.0,12.1,4.3,-2.0,-8.0,NotYet
55.0,12.1,4.3,-2.0,-6.0,NotYet
55.0,12.1,4.3,-2.0,-4.0,NotYet
55.0,12.1,4.3,-2.0,-2.0,NotYet
55.0,12.1,4.3,-2.0,0.0,NotYet
55.0,12.1,4.3,-2.0,2.0,NotYet
55.0,12.1,4.3,-2.0,4.0,NotYet
55.0,12.1,4.3,-2.0,6.0,NotYet
55.0,12.1,4.3,-2.0,8.0,NotYet
55.0,12.1,4.3,-2.0,10.0,NotYet
55.0,12.1,4.3,-1.8,-10.0,NotYet
55.0,12.1,4.3,-1.8,-8.0,NotYet
55.0,12.1,4.3,-1.8,-6.0,NotYet
55.0,12.1,4.3,-1.8,-4.0,NotYet
55.0,12.1,4.3,-1.8,-2.0,NotYet
55.0,12.1,4.3,-1.8,0.0,NotYet
55.0,12.1,4.3,-1.8,2.0,NotYet
55.0,12.1,4.3,-1.8,4.0,NotYet
55.0,12.1,4.3,-1.8,6.0,NotYet
55.0,12.1,4.3,-1.8,8.0,NotYet
55.0,12.1,4.3,-1.8,10.0,NotYet
55.0,12.1,4.3,-1.6,-10.0,NotYet
55.0,12.1,4.3,-1.6,-8.0,NotYet
55.0,12.1,4.3,-1.6,-6.0,NotYet
55.0,12.1,4.3,-1.6,-4.0,NotYet
55.0,12.1,4.3,-1.6,-2.0,NotYet
55.0,12.1,4.3,-1.6,0.0,NotYet
55.0,12.1,4.3,-1.6,2.0,NotYet
55.0,12.1,4.3,-1.6,4.0,NotYet
55.0,12.1,4.3,-1.6,6.0,NotYet
55.0,12.1,4.3,-1.6,8.0,NotYet
55.0,12.1,4.3,-1.6,10.0,NotYet
55.0,12.1,4.3,-1.4,-10.0,NotYet
55.0,12.1,4.3,-1.4,-8.0,NotYet
55.0,12.1,4.3,-1.4,-6.0,NotYet
55.0,12.1,4.3,-1.4,-4.0,NotYet
55.0,12.1,4.3,-1.4,-2.0,NotYet
55.0,12.1,4.3,-1.4,0.0,NotYet
55.0,12.1,4.3,-1.4,2.0,NotYet
55.0,12.1,4.3,-1.4,4.0,NotYet
55.0,12.1,4.3,-1.4,6.0,NotYet
55.0,12.1,4.3,-1.4,8.0,NotYet
55.0,12.1,4.3,-1.4,10.0,NotYet
55.0,12.1,4.3,-1.2,-10.0,NotYet
55.0,12.1,4.3,-1.2,-8.0,NotYet
55.0,12.1,4.3,-1.2,-6.0,NotYet
55.0,12.1,4.3,-1.2,-4.0,NotYet
55.0,12.1,4.3,-1.2,-2.0,NotYet
55.0,12.1,4.3,-1.2,0.0,NotYet
55.0,12.1,4.3,-1.2,2.0,NotYet
55.0,12.1,4.3,-1.2,4.0,NotYet
55.0,12.1,4.3,-1.2,6.0,NotYet
55.0,12.1,4.3,-1.2,8.0,NotYet
55.0,12.1,4.3,-1.2,10.0,NotYet
55.0,12.1,4.3,-1.0,-10.0,NotYet
55.0,12.1,4.3,-1.0,-8.0,NotYet
55.0,12.1,4.3,-1.0,-6.0,NotYet
55.0,12.1,4.3,-1.0,-4.0,NotYet
55.0,12.1,4.3,-1.0,-2.0,NotYet
55.0,12.1,4.3,-1.0,0.0,NotYet
55.0,12.1,4.3,-1.0,2.0,NotYet
55.0,12.1,4.3,-1.0,4.0,NotYet
55.0,12.1,4.3,-1.0,6.0,NotYet
55.0,12.1,4.3,-1.0,8.0,NotYet
55.0,12.1,4.3,-1.0,10.0,NotYet
55.0,12.1,4.3,-0.8,-10.0,NotYet
55.0,12.1,4.3,-0.8,-8.0,NotYet
55.0,12.1,4.3,-0.8,-6.0,NotYet
55.0,12.1,4.3,-0.8,-4.0,NotYet
55.0,12.1,4.3,-0.8,-2.0,NotYet
55.0,12.1,4.3,-0.8,0.0,NotYet
55.0,12.1,4.3,-0.8,2.0,NotYet
55.0,12.1,4.3,-0.8,4.0,NotYet
55.0,12.1,4.3,-0.8,6.0,NotYet
55.0,12.1,4.3,-0.8,8.0,NotYet
55.0,12.1,4.3,-0.8,10.0,NotYet
55.0,12.1,4.3,-0.6,-10.0,NotYet
55.0,12.1,4.3,-0.6,-8.0,NotYet
55.0,12.1,4.3,-0.6,-6.0,NotYet
55.0,12.1,4.3,-0.6,-4.0,NotYet
55.0,12.1,4.3,-0.6,-2.0,NotYet
55.0,12.1,4.3,-0.6,0.0,NotYet
55.0,12.1,4.3,-0.6,2.0,NotYet
55.0,12.1,4.3,-0.6,4.0,NotYet
55.0,12.1,4.3,-0.6,6.0,NotYet
55.0,12.1,4.3,-0.6,8.0,NotYet
55.0,12.1,4.3,-0.6,10.0,NotYet
55.0,12.1,4.3,-0.4,-10.0,NotYet
55.0,12.1,4.3,-0.4,-8.0,NotYet
55.0,12.1,4.3,-0.4,-6.0,NotYet
55.0,12.1,4.3,-0.4,-4.0,NotYet
55.0,12.1,4.3,-0.4,-2.0,NotYet
55.0,12.1,4.3,-0.4,0.0,NotYet
55.0,12.1,4.3,-0.4,2.0,NotYet
55.0,12.1,4.3,-0.4,4.0,NotYet
55.0,12.1,4.3,-0.4,6.0,NotYet
55.0,12.1,4.3,-0.4,8.0,NotYet
55.0,12.1,4.3,-0.4,10.0,NotYet
55.0,12.1,4.3,-0.2,-10.0,NotYet
55.0,12.1,4.3,-0.2,-8.0,NotYet
55.0,12.1,4.3,-0.2,-6.0,NotYet
55.0,12.1,4.3,-0.2,-4.0,NotYet
55.0,12.1,4.3,-0.2,-2.0,NotYet
55.0,12.1,4.3,-0.2,0.0,NotYet
55.0,12.1,4.3,-0.2,2.0,NotYet
55.0,12.1,4.3,-0.2,4.0,NotYet
55.0,12.1,4.3,-0.2,6.0,NotYet
55.0,12.1,4.3,-0.2,8.0,NotYet
55.0,12.1,4.3,-0.2,10.0,NotYet
55.0,12.1,4.3,0.0,-10.0,NotYet
55.0,12.1,4.3,0.0,-8.0,NotYet
55.0,12.1,4.3,0.0,-6.0,NotYet
55.0,12.1,4.3,0.0,-4.0,NotYet
55.0,12.1,4.3,0.0,-2.0,NotYet
55.0,12.1,4.3,0.0,0.0,NotYet
55.0,12.1,4.3,0.0,2.0,NotYet
55.0,12.1,4.3,0.0,4.0,NotYet
55.0,12.1,4.3,0.0,6.0,NotYet
55.0,12.1,4.3,0.0,8.0,NotYet
55.0,12.1,4.3,0.0,10.0,NotYet
55.0,12.1,4.3,0.2,-10.0,NotYet
55.0,12.1,4.3,0.2,-8.0,NotYet
55.0,12.1,4.3,0.2,-6.0,NotYet
55.0,12.1,4.3,0.2,-4.0,NotYet
55.0,12.1,4.3,0.2,-2.0,NotYet
55.0,12.1,4.3,0.2,0.0,NotYet
55.0,12.1,4.3,0.2,2.0,NotYet
55.0,12.1,4.3,0.2,4.0,NotYet
55.0,12.1,4.3,0.2,6.0,NotYet
55.0,12.1,4.3,0.2,8.0,NotYet
55.0,12.1,4.3,0.2,10.0,NotYet
55.0,12.1,4.3,0.4,-10.0,NotYet
55.0,12.1,4.3,0.4,-8.0,NotYet
55.0,12.1,4.3,0.4,-6.0,NotYet
55.0,12.1,4.3,0.4,-4.0,NotYet
55.0,12.1,4.3,0.4,-2.0,NotYet
55.0,12.1,4.3,0.4,0.0,NotYet
55.0,12.1,4.3,0.4,2.0,NotYet
55.0,12.1,4.3,0.4,4.0,NotYet
55.0,12.1,4.3,0.4,6.0,NotYet
55.0,12.1,4.3,0.4,8.0,NotYet
55.0,12.1,4.3,0.4,10.0,NotYet
55.0,12.1,4.3,0.6,-10.0,NotYet
55.0,12.1,4.3,0.6,-8.0,NotYet
55.0,12.1,4.3,0.6,-6.0,NotYet
55.0,12.1,4.3,0.6,-4.0,NotYet
55.0,12.1,4.3,0.6,-2.0,NotYet
55.0,12.1,4.3,0.6,0.0,NotYet
55.0,12.1,4.3,0.6,2.0,NotYet
55.0,12.1,4.3,0.6,4.0,NotYet
55.0,12.1,4.3,0.6,6.0,NotYet
55.0,12.1,4.3,0.6,8.0,NotYet
55.0,12.1,4.3,0.6,10.0,NotYet
55.0,12.1,4.3,0.8,-10.0,NotYet
55.0,12.1,4.3,0.8,-8.0,NotYet
55.0,12.1,4.3,0.8,-6.0,NotYet
55.0,12.1,4.3,0.8,-4.0,NotYet
55.0,12.1,4.3,0.8,-2.0,NotYet
55.0,12.1,4.3,0.8,0.0,NotYet
55.0,12.1,4.3,0.8,2.0,NotYet
55.0,12.1,4.3,0.8,4.0,NotYet
55.0,12.1,4.3,0.8,6.0,NotYet
55.0,12.1,4.3,0.8,8.0,NotYet
55.0,12.1,4.3,0.8,10.0,NotYet
55.0,12.1,4.3,1.0,-10.0,NotYet
55.0,12.1,4.3,1.0,-8.0,NotYet
55.0,12.1,4.3,1.0,-6.0,NotYet
55.0,12.1,4.3,1.0,-4.0,NotYet
55.0,12.1,4.3,1.0,-2.0,NotYet
55.0,12.1,4.3,1.0,0.0,NotYet
55.0,12.1,4.3,1.0,2.0,NotYet
55.0,12.1,4.3,1.0,4.0,NotYet
55.0,12.1,4.3,1.0,6.0,NotYet
55.0,12.1,4.3,1.0,8.0,NotYet
55.0,12.1,4.3,1.0,10.0,NotYet
55.0,12.1,4.3,1.2,-10.0,NotYet
55.0,12.1,4.3,1.2,-8.0,NotYet
55.0,12.1,4.3,1.2,-6.0,NotYet
55.0,12.1,4.3,1.2,-4.0,NotYet
55.0,12.1,4.3,1.2,-2.0,NotYet
55.0,12.1,4.3,1.2,0.0,NotYet
55.0,12.1,4.3,1.2,2.0,NotYet
55.0,12.1,4.3,1.2,4.0,NotYet
55.0,12.1,4.3,1.2,6.0,NotYet
55.0,12.1,4.3,1.2,8.0,NotYet
55.0,12.1,4.3,1.2,10.0,NotYet
55.0,12.1,4.3,1.4,-10.0,NotYet
55.0,12.1,4.3,1.4,-8.0,NotYet
55.0,12.1,4.3,1.4,-6.0,NotYet
55.0,12.1,4.3,1.4,-4.0,NotYet
55.0,12.1,4.3,1.4,-2.0,NotYet
55.0,12.1,4.3,1.4,0.0,NotYet
55.0,12.1,4.3,1.4,2.0,NotYet
55.0,12.1,4.3,1.4,4.0,NotYet
55.0,12.1,4.3,1.4,6.0,NotYet
55.0,12.1,4.3,1.4,8.0,NotYet
55.0,12.1,4.3,1.4,10.0,NotYet
55.0,12.1,4.3,1.6,-10.0,NotYet
55.0,12.1,4.3,1.6,-8.0,NotYet
55.0,12.1,4.3,1.6,-6.0,NotYet
55.0,12.1,4.3,1.6,-4.0,NotYet
55.0,12.1,4.3,1.6,-2.0,NotYet
55.0,12.1,4.3,1.6,0.0,NotYet
55.0,12.1,4.3,1.6,2.0,NotYet
55.0,12.1,4.3,1.6,4.0,NotYet
55.0,12.1,4.3,1.6,6.0,NotYet
55.0,12.1,4.3,1.6,8.0,NotYet
55.0,12.1,4.3,1.6,10.0,NotYet
55.0,12.1,4.3,1.8,-10.0,NotYet
55.0,12.1,4.3,1.8,-8.0,NotYet
55.0,12.1,4.3,1.8,-6.0,NotYet
55.0,12.1,4.3,1.8,-4.0,NotYet
55.0,12.1,4.3,1.8,-2.0,NotYet
55.0,12.1,4.3,1.8,0.0,NotYet
55.0,12.1,4.3,1.8,2.0,NotYet
55.0,12.1,4.3,1.8,4.0,NotYet
55.0,12.1,4.3,1.8,6.0,NotYet
55.0,12.1,4.3,1.8,8.0,NotYet
55.0,12.1,4.3,1.8,10.0,NotYet
55.0,12.1,4.3,2.0,-10.0,NotYet
55.0,12.1,4.3,2.0,-8.0,NotYet
55.0,12.1,4.3,2.0,-6.0,NotYet
55.0,12.1,4.3,2.0,-4.0,NotYet
55.0,12.1,4.3,2.0,-2.0,NotYet
55.0,12.1,4.3,2.0,0.0,NotYet
55.0,12.1,4.3,2.0,2.0,NotYet
55.0,12.1,4.3,2.0,4.0,NotYet
55.0,12.1,4.3,2.0,6.0,NotYet
55.0,12.1,4.3,2.0,8.0,NotYet
55.0,12.1,4.3,2.0,10.0,NotYet
55.0,5.5,8.9,-2.0,-10.0,NotYet
55.0,5.5,8.9,-2.0,-8.0,NotYet
55.0,5.5,8.9,-2.0,-6.0,NotYet
55.0,5.5,8.9,-2.0,-4.0,NotYet
55.0,5.5,8.9,-2.0,-2.0,NotYet
55.0,5.5,8.9,-2.0,0.0,NotYet
55.0,5.5,8.9,-2.0,2.0,NotYet
55.0,5.5,8.9,-2.0,4.0,NotYet
55.0,5.5,8.9,-2.0,6.0,NotYet
55.0,5.5,8.9,-2.0,8.0,NotYet
55.0,5.5,8.9,-2.0,10.0,NotYet
55.0,5.5,8.9,-1.8,-10.0,NotYet
55.0,5.5,8.9,-1.8,-8.0,NotYet
55.0,5.5,8.9,-1.8,-6.0,NotYet
55.0,5.5,8.9,-1.8,-4.0,NotYet
55.0,5.5,8.9,-1.8,-2.0,NotYet
55.0,5.5,8.9,-1.8,0.0,NotYet
55.0,5.5,8.9,-1.8,2.0,NotYet
55.0,5.5,8.9,-1.8,4.0,NotYet
55.0,5.5,8.9,-1.8,6.0,NotYet
55.0,5.5,8.9,-1.8,8.0,NotYet
55.0,5.5,8.9,-1.8,10.0,NotYet
55.0,5.5,8.9,-1.6,-10.0,NotYet
55.0,5.5,8.9,-1.6,-8.0,NotYet
55.0,5.5,8.9,-1.6,-6.0,NotYet
55.0,5.5,8.9,-1.6,-4.0,NotYet
55.0,5.5,8.9,-1.6,-2.0,NotYet
55.0,5.5,8.9,-1.6,0.0,NotYet
55.0,5.5,8.9,-1.6,2.0,NotYet
55.0,5.5,8.9,-1.6,4.0,NotYet
55.0,5.5,8.9,-1.6,6.0,NotYet
55.0,5.5,8.9,-1.6,8.0,NotYet
55.0,5.5,8.9,-1.6,10.0,NotYet
55.0,5.5,8.9,-1.4,-10.0,NotYet
55.0,5.5,8.9,-1.4,-8.0,NotYet
55.0,5.5,8.9,-1.4,-6.0,NotYet
55.0,5.5,8.9,-1.4,-4.0,NotYet
55.0,5.5,8.9,-1.4,-2.0,NotYet
55.0,5.5,8.9,-1.4,0.0,NotYet
55.0,5.5,8.9,-1.4,2.0,NotYet
55.0,5.5,8.9,-1.4,4.0,NotYet
55.0,5.5,8.9,-1.4,6.0,NotYet
55.0,5.5,8.9,-1.4,8.0,NotYet
55.0,5.5,8.9,-1.4,10.0,NotYet
55.0,5.5,8.9,-1.2,-10.0,NotYet
55.0,5.5,8.9,-1.2,-8.0,NotYet
55.0,5.5,8.9,-1.2,-6.0,NotYet
55.0,5.5,8.9,-1.2,-4.0,NotYet
55.0,5.5,8.9,-1.2,-2.0,NotYet
55.0,5.5,8.9,-1.2,0.0,NotYet
55.0,5.5,8.9,-1.2,2.0,NotYet
55.0,5.5,8.9,-1.2,4.0,NotYet
55.0,5.5,8.9,-1.2,6.0,NotYet
55.0,5.5,8.9,-1.2,8.0,NotYet
55.0,5.5,8.9,-1.2,10.0,NotYet
55.0,5.5,8.9,-1.0,-10.0,NotYet
55.0,5.5,8.9,-1.0,-8.0,NotYet
55.0,5.5,8.9,-1.0,-6.0,NotYet
55.0,5.5,8.9,-1.0,-4.0,NotYet
55.0,5.5,8.9,-1.0,-2.0,NotYet
55.0,5.5,8.9,-1.0,0.0,NotYet
55.0,5.5,8.9,-1.0,2.0,NotYet
55.0,5.5,8.9,-1.0,4.0,NotYet
55.0,5.5,8.9,-1.0,6.0,NotYet
55.0,5.5,8.9,-1.0,8.0,NotYet
55.0,5.5,8.9,-1.0,10.0,NotYet
55.0,5.5,8.9,-0.8,-10.0,NotYet
55.0,5.5,8.9,-0.8,-8.0,NotYet
55.0,5.5,8.9,-0.8,-6.0,NotYet
55.0,5.5,8.9,-0.8,-4.0,NotYet
55.0,5.5,8.9,-0.8,-2.0,NotYet
55.0,5.5,8.9,-0.8,0.0,NotYet
55.0,5.5,8.9,-0.8,2.0,NotYet
55.0,5.5,8.9,-0.8,4.0,NotYet
55.0,5.5,8.9,-0.8,6.0,NotYet
55.0,5.5,8.9,-0.8,8.0,NotYet
55.0,5.5,8.9,-0.8,10.0,NotYet
55.0,5.5,8.9,-0.6,-10.0,NotYet
55.0,5.5,8.9,-0.6,-8.0,NotYet
55.0,5.5,8.9,-0.6,-6.0,NotYet
55.0,5.5,8.9,-0.6,-4.0,NotYet
55.0,5.5,8.9,-0.6,-2.0,NotYet
55.0,5.5,8.9,-0.6,0.0,NotYet
55.0,5.5,8.9,-0.6,2.0,NotYet
55.0,5.5,8.9,-0.6,4.0,NotYet
55.0,5.5,8.9,-0.6,6.0,NotYet
55.0,5.5,8.9,-0.6,8.0,NotYet
55.0,5.5,8.9,-0.6,10.0,NotYet
55.0,5.5,8.9,-0.4,-10.0,NotYet
55.0,5.5,8.9,-0.4,-8.0,NotYet
55.0,5.5,8.9,-0.4,-6.0,NotYet
55.0,5.5,8.9,-0.4,-4.0,NotYet
55.0,5.5,8.9,-0.4,-2.0,NotYet
55.0,5.5,8.9,-0.4,0.0,NotYet
55.0,5.5,8.9,-0.4,2.0,NotYet
55.0,5.5,8.9,-0.4,4.0,NotYet
55.0,5.5,8.9,-0.4,6.0,NotYet
55.0,5.5,8.9,-0.4,8.0,NotYet
55.0,5.5,8.9,-0.4,10.0,NotYet
55.0,5.5,8.9,-0.2,-10.0,NotYet
55.0,5.5,8.9,-0.2,-8.0,NotYet
55.0,5.5,8.9,-0.2,-6.0,NotYet
55.0,5.5,8.9,-0.2,-4.0,NotYet
55.0,5.5,8.9,-0.2,-2.0,NotYet
55.0,5.5,8.9,-0.2,0.0,NotYet
55.0,5.5,8.9,-0.2,2.0,NotYet
55.0,5.5,8.9,-0.2,4.0,NotYet
55.0,5.5,8.9,-0.2,6.0,NotYet
55.0,5.5,8.9,-0.2,8.0,NotYet
55.0,5.5,8.9,-0.2,10.0,NotYet
55.0,5.5,8.9,0.0,-10.0,NotYet
55.0,5.5,8.9,0.0,-8.0,NotYet
55.0,5.5,8.9,0.0,-6.0,NotYet
55.0,5.5,8.9,0.0,-4.0,NotYet
55.0,5.5,8.9,0.0,-2.0,NotYet
55.0,5.5,8.9,0.0,0.0,NotYet
55.0,5.5,8.9,0.0,2.0,NotYet
55.0,5.5,8.9,0.0,4.0,NotYet
55.0,5.5,8.9,0.0,6.0,NotYet
55.0,5.5,8.9,0.0,8.0,NotYet
55.0,5.5,8.9,0.0,10.0,NotYet
55.0,5.5,8.9,0.2,-10.0,NotYet
55.0,5.5,8.9,0.2,-8.0,NotYet
55.0,5.5,8.9,0.2,-6.0,NotYet
55.0,5.5,8.9,0.2,-4.0,NotYet
55.0,5.5,8.9,0.2,-2.0,NotYet
55.0,5.5,8.9,0.2,0.0,NotYet
55.0,5.5,8.9,0.2,2.0,NotYet
55.0,5.5,8.9,0.2,4.0,NotYet
55.0,5.5,8.9,0.2,6.0,NotYet
55.0,5.5,8.9,0.2,8.0,NotYet
55.0,5.5,8.9,0.2,10.0,NotYet
55.0,5.5,8.9,0.4,-10.0,NotYet
55.0,5.5,8.9,0.4,-8.0,NotYet
55.0,5.5,8.9,0.4,-6.0,NotYet
55.0,5.5,8.9,0.4,-4.0,NotYet
55.0,5.5,8.9,0.4,-2.0,NotYet
55.0,5.5,8.9,0.4,0.0,NotYet
55.0,5.5,8.9,0.4,2.0,NotYet
55.0,5.5,8.9,0.4,4.0,NotYet
55.0,5.5,8.9,0.4,6.0,NotYet
55.0,5.5,8.9,0.4,8.0,NotYet
55.0,5.5,8.9,0.4,10.0,NotYet
55.0,5.5,8.9,0.6,-10.0,NotYet
55.0,5.5,8.9,0.6,-8.0,NotYet
55.0,5.5,8.9,0.6,-6.0,NotYet
55.0,5.5,8.9,0.6,-4.0,NotYet
55.0,5.5,8.9,0.6,-2.0,NotYet
55.0,5.5,8.9,0.6,0.0,NotYet
55.0,5.5,8.9,0.6,2.0,NotYet
55.0,5.5,8.9,0.6,4.0,NotYet
55.0,5.5,8.9,0.6,6.0,NotYet
55.0,5.5,8.9,0.6,8.0,NotYet
55.0,5.5,8.9,0.6,10.0,NotYet
55.0,5.5,8.9,0.8,-10.0,NotYet
55.0,5.5,8.9,0.8,-8.0,NotYet
55.0,5.5,8.9,0.8,-6.0,NotYet
55.0,5.5,8.9,0.8,-4.0,NotYet
55.0,5.5,8.9,0.8,-2.0,NotYet
55.0,5.5,8.9,0.8,0.0,NotYet
55.0,5.5,8.9,0.8,2.0,NotYet
55.0,5.5,8.9,0.8,4.0,NotYet
55.0,5.5,8.9,0.8,6.0,NotYet
55.0,5.5,8.9,0.8,8.0,NotYet
55.0,5.5,8.9,0.8,10.0,NotYet
55.0,5.5,8.9,1.0,-10.0,NotYet
55.0,5.5,8.9,1.0,-8.0,NotYet
55.0,5.5,8.9,1.0,-6.0,NotYet
55.0,5.5,8.9,1.0,-4.0,NotYet
55.0,5.5,8.9,1.0,-2.0,NotYet
55.0,5.5,8.9,1.0,0.0,NotYet
55.0,5.5,8.9,1.0,2.0,NotYet
55.0,5.5,8.9,1.0,4.0,NotYet
55.0,5.5,8.9,1.0,6.0,NotYet
55.0,5.5,8.9,1.0,8.0,NotYet
55.0,5.5,8.9,1.0,10.0,NotYet
55.0,5.5,8.9,1.2,-10.0,NotYet
55.0,5.5,8.9,1.2,-8.0,NotYet
55.0,5.5,8.9,1.2,-6.0,NotYet
55.0,5.5,8.9,1.2,-4.0,NotYet
55.0,5.5,8.9,1.2,-2.0,NotYet
55.0,5.5,8.9,1.2,0.0,NotYet
55.0,5.5,8.9,1.2,2.0,NotYet
55.0,5.5,8.9,1.2,4.0,NotYet
55.0,5.5,8.9,1.2,6.0,NotYet
55.0,5.5,8.9,1.2,8.0,NotYet
55.0,5.5,8.9,1.2,10.0,NotYet
55.0,5.5,8.9,1.4,-10.0,NotYet
55.0,5.5,8.9,1.4,-8.0,NotYet
55.0,5.5,8.9,1.4,-6.0,NotYet
55.0,5.5,8.9,1.4,-4.0,NotYet
55.0,5.5,8.9,1.4,-2.0,NotYet
55.0,5.5,8.9,1.4,0.0,NotYet
55.0,5.5,8.9,1.4,2.0,NotYet
55.0,5.5,8.9,1.4,4.0,NotYet
55.0,5.5,8.9,1.4,6.0,NotYet
55.0,5.5,8.9,1.4,8.0,NotYet
55.0,5.5,8.9,1.4,10.0,NotYet
55.0,5.5,8.9,1.6,-10.0,NotYet
55.0,5.5,8.9,1.6,-8.0,NotYet
55.0,5.5,8.9,1.6,-6.0,NotYet
55.0,5.5,8.9,1.6,-4.0,NotYet
55.0,5.5,8.9,1.6,-2.0,NotYet
55.0,5.5,8.9,1.6,0.0,NotYet
55.0,5.5,8.9,1.6,2.0,NotYet
55.0,5.5,8.9,1.6,4.0,NotYet
55.0,5.5,8.9,1.6,6.0,NotYet
55.0,5.5,8.9,1.6,8.0,NotYet
55.0,5.5,8.9,1.6,10.0,NotYet
55.0,5.5,8.9,1.8,-10.0,NotYet
55.0,5.5,8.9,1.8,-8.0,NotYet
55.0,5.5,8.9,1.8,-6.0,NotYet
55.0,5.5,8.9,1.8,-4.0,NotYet
55.0,5.5,8.9,1.8,-2.0,NotYet
55.0,5.5,8.9,1.8,0.0,NotYet
55.0,5.5,8.9,1.8,2.0,NotYet
55.0,5.5,8.9,1.8,4.0,NotYet
55.0,5.5,8.9,1.8,6.0,NotYet
55.0,5.5,8.9,1.8,8.0,NotYet
55.0,5.5,8.9,1.8,10.0,NotYet
55.0,5.5,8.9,2.0,-10.0,NotYet
55.0,5.5,8.9,2.0,-8.0,NotYet
55.0,5.5,8.9,2.0,-6.0,NotYet
55.0,5.5,8.9,2.0,-4.0,NotYet
55.0,5.5,8.9,2.0,-2.0,NotYet
55.0,5.5,8.9,2.0,0.0,NotYet
55.0,5.5,8.9,2.0,2.0,NotYet
55.0,5.5,8.9,2.0,4.0,NotYet
55.0,5.5,8.9,2.0,6.0,NotYet
55.0,5.5,8.9,2.0,8.0,NotYet
55.0,5.5,8.9,2.0,10.0,NotYet
60.0,12.7,4.1,-2.0,-10.0,NotYet
60.0,12.7,4.1,-2.0,-8.0,NotYet
60.0,12.7,4.1,-2.0,-6.0,NotYet
60.0,12.7,4.1,-2.0,-4.0,NotYet
60.0,12.7,4.1,-2.0,-2.0,NotYet
60.0,12.7,4.1,-2.0,0.0,NotYet
60.0,12.7,4.1,-2.0,2.0,NotYet
60.0,12.7,4.1,-2.0,4.0,NotYet
60.0,12.7,4.1,-2.0,6.0,NotYet
60.0,12.7,4.1,-2.0,8.0,NotYet
60.0,12.7,4.1,-2.0,10.0,NotYet
60.0,12.7,4.1,-1.8,-10.0,NotYet
60.0,12.7,4.1,-1.8,-8.0,NotYet
60.0,12.7,4.1,-1.8,-6.0,NotYet
60.0,12.7,4.1,-1.8,-4.0,NotYet
60.0,12.7,4.1,-1.8,-2.0,NotYet
60.0,12.7,4.1,-1.8,0.0,NotYet
60.0,12.7,4.1,-1.8,2.0,NotYet
60.0,12.7,4.1,-1.8,4.0,NotYet
60.0,12.7,4.1,-1.8,6.0,NotYet
60.0,12.7,4.1,-1.8,8.0,NotYet
60.0,12.7,4.1,-1.8,10.0,NotYet
60.0,12.7,4.1,-1.6,-10.0,NotYet
60.0,12.7,4.1,-1.6,-8.0,NotYet
60.0,12.7,4.1,-1.6,-6.0,NotYet
60.0,12.7,4.1,-1.6,-4.0,NotYet
60.0,12.7,4.1,-1.6,-2.0,NotYet
60.0,12.7,4.1,-1.6,0.0,NotYet
60.0,12.7,4.1,-1.6,2.0,NotYet
60.0,12.7,4.1,-1.6,4.0,NotYet
60.0,12.7,4.1,-1.6,6.0,NotYet
60.0,12.7,4.1,-1.6,8.0,NotYet
60.0,12.7,4.1,-1.6,10.0,NotYet
60.0,12.7,4.1,-1.4,-10.0,NotYet
60.0,12.7,4.1,-1.4,-8.0,NotYet
60.0,12.7,4.1,-1.4,-6.0,NotYet
60.0,12.7,4.1,-1.4,-4.0,NotYet
60.0,12.7,4.1,-1.4,-2.0,NotYet
60.0,12.7,4.1,-1.4,0.0,NotYet
60.0,12.7,4.1,-1.4,2.0,NotYet
60.0,12.7,4.1,-1.4,4.0,NotYet
60.0,12.7,4.1,-1.4,6.0,NotYet
60.0,12.7,4.1,-1.4,8.0,NotYet
60.0,12.7,4.1,-1.4,10.0,NotYet
60.0,12.7,4.1,-1.2,-10.0,NotYet
60.0,12.7,4.1,-1.2,-8.0,NotYet
60.0,12.7,4.1,-1.2,-6.0,NotYet
60.0,12.7,4.1,-1.2,-4.0,NotYet
60.0,12.7,4.1,-1.2,-2.0,NotYet
60.0,12.7,4.1,-1.2,0.0,NotYet
60.0,12.7,4.1,-1.2,2.0,NotYet
60.0,12.7,4.1,-1.2,4.0,NotYet
60.0,12.7,4.1,-1.2,6.0,NotYet
60.0,12.7,4.1,-1.2,8.0,NotYet
60.0,12.7,4.1,-1.2,10.0,NotYet
60.0,12.7,4.1,-1.0,-10.0,NotYet
60.0,12.7,4.1,-1.0,-8.0,NotYet
60.0,12.7,4.1,-1.0,-6.0,NotYet
60.0,12.7,4.1,-1.0,-4.0,NotYet
60.0,12.7,4.1,-1.0,-2.0,NotYet
60.0,12.7,4.1,-1.0,0.0,NotYet
60.0,12.7,4.1,-1.0,2.0,NotYet
60.0,12.7,4.1,-1.0,4.0,NotYet
60.0,12.7,4.1,-1.0,6.0,NotYet
60.0,12.7,4.1,-1.0,8.0,NotYet
60.0,12.7,4.1,-1.0,10.0,NotYet
60.0,12.7,4.1,-0.8,-10.0,NotYet
60.0,12.7,4.1,-0.8,-8.0,NotYet
60.0,12.7,4.1,-0.8,-6.0,NotYet
60.0,12.7,4.1,-0.8,-4.0,NotYet
60.0,12.7,4.1,-0.8,-2.0,NotYet
60.0,12.7,4.1,-0.8,0.0,NotYet
60.0,12.7,4.1,-0.8,2.0,NotYet
60.0,12.7,4.1,-0.8,4.0,NotYet
60.0,12.7,4.1,-0.8,6.0,NotYet
60.0,12.7,4.1,-0.8,8.0,NotYet
60.0,12.7,4.1,-0.8,10.0,NotYet
60.0,12.7,4.1,-0.6,-10.0,NotYet
60.0,12.7,4.1,-0.6,-8.0,NotYet
60.0,12.7,4.1,-0.6,-6.0,NotYet
60.0,12.7,4.1,-0.6,-4.0,NotYet
60.0,12.7,4.1,-0.6,-2.0,NotYet
60.0,12.7,4.1,-0.6,0.0,NotYet
60.0,12.7,4.1,-0.6,2.0,NotYet
60.0,12.7,4.1,-0.6,4.0,NotYet
60.0,12.7,4.1,-0.6,6.0,NotYet
60.0,12.7,4.1,-0.6,8.0,NotYet
60.0,12.7,4.1,-0.6,10.0,NotYet
60.0,12.7,4.1,-0.4,-10.0,NotYet
60.0,12.7,4.1,-0.4,-8.0,NotYet
60.0,12.7,4.1,-0.4,-6.0,NotYet
60.0,12.7,4.1,-0.4,-4.0,NotYet
60.0,12.7,4.1,-0.4,-2.0,NotYet
60.0,12.7,4.1,-0.4,0.0,NotYet
60.0,12.7,4.1,-0.4,2.0,NotYet
60.0,12.7,4.1,-0.4,4.0,NotYet
60.0,12.7,4.1,-0.4,6.0,NotYet
60.0,12.7,4.1,-0.4,8.0,NotYet
60.0,12.7,4.1,-0.4,10.0,NotYet
60.0,12.7,4.1,-0.2,-10.0,NotYet
60.0,12.7,4.1,-0.2,-8.0,NotYet
60.0,12.7,4.1,-0.2,-6.0,NotYet
60.0,12.7,4.1,-0.2,-4.0,NotYet
60.0,12.7,4.1,-0.2,-2.0,NotYet
60.0,12.7,4.1,-0.2,0.0,NotYet
60.0,12.7,4.1,-0.2,2.0,NotYet
60.0,12.7,4.1,-0.2,4.0,NotYet
60.0,12.7,4.1,-0.2,6.0,NotYet
60.0,12.7,4.1,-0.2,8.0,NotYet
60.0,12.7,4.1,-0.2,10.0,NotYet
60.0,12.7,4.1,0.0,-10.0,NotYet
60.0,12.7,4.1,0.0,-8.0,NotYet
60.0,12.7,4.1,0.0,-6.0,NotYet
60.0,12.7,4.1,0.0,-4.0,NotYet
60.0,12.7,4.1,0.0,-2.0,NotYet
60.0,12.7,4.1,0.0,0.0,NotYet
60.0,12.7,4.1,0.0,2.0,NotYet
60.0,12.7,4.1,0.0,4.0,NotYet
60.0,12.7,4.1,0.0,6.0,NotYet
60.0,12.7,4.1,0.0,8.0,NotYet
60.0,12.7,4.1,0.0,10.0,NotYet
60.0,12.7,4.1,0.2,-10.0,NotYet
60.0,12.7,4.1,0.2,-8.0,NotYet
60.0,12.7,4.1,0.2,-6.0,NotYet
60.0,12.7,4.1,0.2,-4.0,NotYet
60.0,12.7,4.1,0.2,-2.0,NotYet
60.0,12.7,4.1,0.2,0.0,NotYet
60.0,12.7,4.1,0.2,2.0,NotYet
60.0,12.7,4.1,0.2,4.0,NotYet
60.0,12.7,4.1,0.2,6.0,NotYet
60.0,12.7,4.1,0.2,8.0,NotYet
60.0,12.7,4.1,0.2,10.0,NotYet
60.0,12.7,4.1,0.4,-10.0,NotYet
60.0,12.7,4.1,0.4,-8.0,NotYet
60.0,12.7,4.1,0.4,-6.0,NotYet
60.0,12.7,4.1,0.4,-4.0,NotYet
60.0,12.7,4.1,0.4,-2.0,NotYet
60.0,12.7,4.1,0.4,0.0,NotYet
60.0,12.7,4.1,0.4,2.0,NotYet
60.0,12.7,4.1,0.4,4.0,NotYet
60.0,12.7,4.1,0.4,6.0,NotYet
60.0,12.7,4.1,0.4,8.0,NotYet
60.0,12.7,4.1,0.4,10.0,NotYet
60.0,12.7,4.1,0.6,-10.0,NotYet
60.0,12.7,4.1,0.6,-8.0,NotYet
60.0,12.7,4.1,0.6,-6.0,NotYet
60.0,12.7,4.1,0.6,-4.0,NotYet
60.0,12.7,4.1,0.6,-2.0,NotYet
60.0,12.7,4.1,0.6,0.0,NotYet
60.0,12.7,4.1,0.6,2.0,NotYet
60.0,12.7,4.1,0.6,4.0,NotYet
60.0,12.7,4.1,0.6,6.0,NotYet
60.0,12.7,4.1,0.6,8.0,NotYet
60.0,12.7,4.1,0.6,10.0,NotYet
60.0,12.7,4.1,0.8,-10.0,NotYet
60.0,12.7,4.1,0.8,-8.0,NotYet
60.0,12.7,4.1,0.8,-6.0,NotYet
60.0,12.7,4.1,0.8,-4.0,NotYet
60.0,12.7,4.1,0.8,-2.0,NotYet
60.0,12.7,4.1,0.8,0.0,NotYet
60.0,12.7,4.1,0.8,2.0,NotYet
60.0,12.7,4.1,0.8,4.0,NotYet
60.0,12.7,4.1,0.8,6.0,NotYet
60.0,12.7,4.1,0.8,8.0,NotYet
60.0,12.7,4.1,0.8,10.0,NotYet
60.0,12.7,4.1,1.0,-10.0,NotYet
60.0,12.7,4.1,1.0,-8.0,NotYet
60.0,12.7,4.1,1.0,-6.0,NotYet
60.0,12.7,4.1,1.0,-4.0,NotYet
60.0,12.7,4.1,1.0,-2.0,NotYet
60.0,12.7,4.1,1.0,0.0,NotYet
60.0,12.7,4.1,1.0,2.0,NotYet
60.0,12.7,4.1,1.0,4.0,NotYet
60.0,12.7,4.1,1.0,6.0,NotYet
60.0,12.7,4.1,1.0,8.0,NotYet
60.0,12.7,4.1,1.0,10.0,NotYet
60.0,12.7,4.1,1.2,-10.0,NotYet
60.0,12.7,4.1,1.2,-8.0,NotYet
60.0,12.7,4.1,1.2,-6.0,NotYet
60.0,12.7,4.1,1.2,-4.0,NotYet
60.0,12.7,4.1,1.2,-2.0,NotYet
60.0,12.7,4.1,1.2,0.0,NotYet
60.0,12.7,4.1,1.2,2.0,NotYet
60.0,12.7,4.1,1.2,4.0,NotYet
60.0,12.7,4.1,1.2,6.0,NotYet
60.0,12.7,4.1,1.2,8.0,NotYet
60.0,12.7,4.1,1.2,10.0,NotYet
60.0,12.7,4.1,1.4,-10.0,NotYet
60.0,12.7,4.1,1.4,-8.0,NotYet
60.0,12.7,4.1,1.4,-6.0,NotYet
60.0,12.7,4.1,1.4,-4.0,NotYet
60.0,12.7,4.1,1.4,-2.0,NotYet
60.0,12.7,4.1,1.4,0.0,NotYet
60.0,12.7,4.1,1.4,2.0,NotYet
60.0,12.7,4.1,1.4,4.0,NotYet
60.0,12.7,4.1,1.4,6.0,NotYet
60.0,12.7,4.1,1.4,8.0,NotYet
60.0,12.7,4.1,1.4,10.0,NotYet
60.0,12.7,4.1,1.6,-10.0,NotYet
60.0,12.7,4.1,1.6,-8.0,NotYet
60.0,12.7,4.1,1.6,-6.0,NotYet
60.0,12.7,4.1,1.6,-4.0,NotYet
60.0,12.7,4.1,1.6,-2.0,NotYet
60.0,12.7,4.1,1.6,0.0,NotYet
60.0,12.7,4.1,1.6,2.0,NotYet
60.0,12.7,4.1,1.6,4.0,NotYet
60.0,12.7,4.1,1.6,6.0,NotYet
60.0,12.7,4.1,1.6,8.0,NotYet
60.0,12.7,4.1,1.6,10.0,NotYet
60.0,12.7,4.1,1.8,-10.0,NotYet
60.0,12.7,4.1,1.8,-8.0,NotYet
60.0,12.7,4.1,1.8,-6.0,NotYet
60.0,12.7,4.1,1.8,-4.0,NotYet
60.0,12.7,4.1,1.8,-2.0,NotYet
60.0,12.7,4.1,1.8,0.0,NotYet
60.0,12.7,4.1,1.8,2.0,NotYet
60.0,12.7,4.1,1.8,4.0,NotYet
60.0,12.7,4.1,1.8,6.0,NotYet
60.0,12.7,4.1,1.8,8.0,NotYet
60.0,12.7,4.1,1.8,10.0,NotYet
60.0,12.7,4.1,2.0,-10.0,NotYet
60.0,12.7,4.1,2.0,-8.0,NotYet
60.0,12.7,4.1,2.0,-6.0,NotYet
60.0,12.7,4.1,2.0,-4.0,NotYet
60.0,12.7,4.1,2.0,-2.0,NotYet
60.0,12.7,4.1,2.0,0.0,NotYet
60.0,12.7,4.1,2.0,2.0,NotYet
60.0,12.7,4.1,2.0,4.0,NotYet
60.0,12.7,4.1,2.0,6.0,NotYet
60.0,12.7,4.1,2.0,8.0,NotYet
60.0,12.7,4.1,2.0,10.0,NotYet
60.0,5.9,8.3,-2.0,-10.0,NotYet
60.0,5.9,8.3,-2.0,-8.0,NotYet
60.0,5.9,8.3,-2.0,-6.0,NotYet
60.0,5.9,8.3,-2.0,-4.0,NotYet
60.0,5.9,8.3,-2.0,-2.0,NotYet
60.0,5.9,8.3,-2.0,0.0,NotYet
60.0,5.9,8.3,-2.0,2.0,NotYet
60.0,5.9,8.3,-2.0,4.0,NotYet
60.0,5.9,8.3,-2.0,6.0,NotYet
60.0,5.9,8.3,-2.0,8.0,NotYet
60.0,5.9,8.3,-2.0,10.0,NotYet
60.0,5.9,8.3,-1.8,-10.0,NotYet
60.0,5.9,8.3,-1.8,-8.0,NotYet
60.0,5.9,8.3,-1.8,-6.0,NotYet
60.0,5.9,8.3,-1.8,-4.0,NotYet
60.0,5.9,8.3,-1.8,-2.0,NotYet
60.0,5.9,8.3,-1.8,0.0,NotYet
60.0,5.9,8.3,-1.8,2.0,NotYet
60.0,5.9,8.3,-1.8,4.0,NotYet
60.0,5.9,8.3,-1.8,6.0,NotYet
60.0,5.9,8.3,-1.8,8.0,NotYet
60.0,5.9,8.3,-1.8,10.0,NotYet
60.0,5.9,8.3,-1.6,-10.0,NotYet
60.0,5.9,8.3,-1.6,-8.0,NotYet
60.0,5.9,8.3,-1.6,-6.0,NotYet
60.0,5.9,8.3,-1.6,-4.0,NotYet
60.0,5.9,8.3,-1.6,-2.0,NotYet
60.0,5.9,8.3,-1.6,0.0,NotYet
60.0,5.9,8.3,-1.6,2.0,NotYet
60.0,5.9,8.3,-1.6,4.0,NotYet
60.0,5.9,8.3,-1.6,6.0,NotYet
60.0,5.9,8.3,-1.6,8.0,NotYet
60.0,5.9,8.3,-1.6,10.0,NotYet
60.0,5.9,8.3,-1.4,-10.0,NotYet
60.0,5.9,8.3,-1.4,-8.0,NotYet
60.0,5.9,8.3,-1.4,-6.0,NotYet
60.0,5.9,8.3,-1.4,-4.0,NotYet
60.0,5.9,8.3,-1.4,-2.0,NotYet
60.0,5.9,8.3,-1.4,0.0,NotYet
60.0,5.9,8.3,-1.4,2.0,NotYet
60.0,5.9,8.3,-1.4,4.0,NotYet
60.0,5.9,8.3,-1.4,6.0,NotYet
60.0,5.9,8.3,-1.4,8.0,NotYet
60.0,5.9,8.3,-1.4,10.0,NotYet
60.0,5.9,8.3,-1.2,-10.0,NotYet
60.0,5.9,8.3,-1.2,-8.0,NotYet
60.0,5.9,8.3,-1.2,-6.0,NotYet
60.0,5.9,8.3,-1.2,-4.0,NotYet
60.0,5.9,8.3,-1.2,-2.0,NotYet
60.0,5.9,8.3,-1.2,0.0,NotYet
60.0,5.9,8.3,-1.2,2.0,NotYet
60.0,5.9,8.3,-1.2,4.0,NotYet
60.0,5.9,8.3,-1.2,6.0,NotYet
60.0,5.9,8.3,-1.2,8.0,NotYet
60.0,5.9,8.3,-1.2,10.0,NotYet
60.0,5.9,8.3,-1.0,-10.0,NotYet
60.0,5.9,8.3,-1.0,-8.0,NotYet
60.0,5.9,8.3,-1.0,-6.0,NotYet
60.0,5.9,8.3,-1.0,-4.0,NotYet
60.0,5.9,8.3,-1.0,-2.0,NotYet
60.0,5.9,8.3,-1.0,0.0,NotYet
60.0,5.9,8.3,-1.0,2.0,NotYet
60.0,5.9,8.3,-1.0,4.0,NotYet
60.0,5.9,8.3,-1.0,6.0,NotYet
60.0,5.9,8.3,-1.0,8.0,NotYet
60.0,5.9,8.3,-1.0,10.0,NotYet
60.0,5.9,8.3,-0.8,-10.0,NotYet
60.0,5.9,8.3,-0.8,-8.0,NotYet
60.0,5.9,8.3,-0.8,-6.0,NotYet
60.0,5.9,8.3,-0.8,-4.0,NotYet
60.0,5.9,8.3,-0.8,-2.0,NotYet
60.0,5.9,8.3,-0.8,0.0,NotYet
60.0,5.9,8.3,-0.8,2.0,NotYet
60.0,5.9,8.3,-0.8,4.0,NotYet
60.0,5.9,8.3,-0.8,6.0,NotYet
60.0,5.9,8.3,-0.8,8.0,NotYet
60.0,5.9,8.3,-0.8,10.0,NotYet
60.0,5.9,8.3,-0.6,-10.0,NotYet
60.0,5.9,8.3,-0.6,-8.0,NotYet
60.0,5.9,8.3,-0.6,-6.0,NotYet
60.0,5.9,8.3,-0.6,-4.0,NotYet
60.0,5.9,8.3,-0.6,-2.0,NotYet
60.0,5.9,8.3,-0.6,0.0,NotYet
60.0,5.9,8.3,-0.6,2.0,NotYet
60.0,5.9,8.3,-0.6,4.0,NotYet
60.0,5.9,8.3,-0.6,6.0,NotYet
60.0,5.9,8.3,-0.6,8.0,NotYet
60.0,5.9,8.3,-0.6,10.0,NotYet
60.0,5.9,8.3,-0.4,-10.0,NotYet
60.0,5.9,8.3,-0.4,-8.0,NotYet
60.0,5.9,8.3,-0.4,-6.0,NotYet
60.0,5.9,8.3,-0.4,-4.0,NotYet
60.0,5.9,8.3,-0.4,-2.0,NotYet
60.0,5.9,8.3,-0.4,0.0,NotYet
60.0,5.9,8.3,-0.4,2.0,NotYet
60.0,5.9,8.3,-0.4,4.0,NotYet
60.0,5.9,8.3,-0.4,6.0,NotYet
60.0,5.9,8.3,-0.4,8.0,NotYet
60.0,5.9,8.3,-0.4,10.0,NotYet
60.0,5.9,8.3,-0.2,-10.0,NotYet
60.0,5.9,8.3,-0.2,-8.0,NotYet
60.0,5.9,8.3,-0.2,-6.0,NotYet
60.0,5.9,8.3,-0.2,-4.0,NotYet
60.0,5.9,8.3,-0.2,-2.0,NotYet
60.0,5.9,8.3,-0.2,0.0,NotYet
60.0,5.9,8.3,-0.2,2.0,NotYet
60.0,5.9,8.3,-0.2,4.0,NotYet
60.0,5.9,8.3,-0.2,6.0,NotYet
60.0,5.9,8.3,-0.2,8.0,NotYet
60.0,5.9,8.3,-0.2,10.0,NotYet
60.0,5.9,8.3,0.0,-10.0,NotYet
60.0,5.9,8.3,0.0,-8.0,NotYet
60.0,5.9,8.3,0.0,-6.0,NotYet
60.0,5.9,8.3,0.0,-4.0,NotYet
60.0,5.9,8.3,0.0,-2.0,NotYet
60.0,5.9,8.3,0.0,0.0,NotYet
60.0,5.9,8.3,0.0,2.0,NotYet
60.0,5.9,8.3,0.0,4.0,NotYet
60.0,5.9,8.3,0.0,6.0,NotYet
60.0,5.9,8.3,0.0,8.0,NotYet
60.0,5.9,8.3,0.0,10.0,NotYet
60.0,5.9,8.3,0.2,-10.0,NotYet
60.0,5.9,8.3,0.2,-8.0,NotYet
60.0,5.9,8.3,0.2,-6.0,NotYet
60.0,5.9,8.3,0.2,-4.0,NotYet
60.0,5.9,8.3,0.2,-2.0,NotYet
60.0,5.9,8.3,0.2,0.0,NotYet
60.0,5.9,8.3,0.2,2.0,NotYet
60.0,5.9,8.3,0.2,4.0,NotYet
60.0,5.9,8.3,0.2,6.0,NotYet
60.0,5.9,8.3,0.2,8.0,NotYet
60.0,5.9,8.3,0.2,10.0,NotYet
60.0,5.9,8.3,0.4,-10.0,NotYet
60.0,5.9,8.3,0.4,-8.0,NotYet
60.0,5.9,8.3,0.4,-6.0,NotYet
60.0,5.9,8.3,0.4,-4.0,NotYet
60.0,5.9,8.3,0.4,-2.0,NotYet
60.0,5.9,8.3,0.4,0.0,NotYet
60.0,5.9,8.3,0.4,2.0,NotYet
60.0,5.9,8.3,0.4,4.0,NotYet
60.0,5.9,8.3,0.4,6.0,NotYet
60.0,5.9,8.3,0.4,8.0,NotYet
60.0,5.9,8.3,0.4,10.0,NotYet
60.0,5.9,8.3,0.6,-10.0,NotYet
60.0,5.9,8.3,0.6,-8.0,NotYet
60.0,5.9,8.3,0.6,-6.0,NotYet
60.0,5.9,8.3,0.6,-4.0,NotYet
60.0,5.9,8.3,0.6,-2.0,NotYet
60.0,5.9,8.3,0.6,0.0,NotYet
60.0,5.9,8.3,0.6,2.0,NotYet
60.0,5.9,8.3,0.6,4.0,NotYet
60.0,5.9,8.3,0.6,6.0,NotYet
60.0,5.9,8.3,0.6,8.0,NotYet
60.0,5.9,8.3,0.6,10.0,NotYet
60.0,5.9,8.3,0.8,-10.0,NotYet
60.0,5.9,8.3,0.8,-8.0,NotYet
60.0,5.9,8.3,0.8,-6.0,NotYet
60.0,5.9,8.3,0.8,-4.0,NotYet
60.0,5.9,8.3,0.8,-2.0,NotYet
60.0,5.9,8.3,0.8,0.0,NotYet
60.0,5.9,8.3,0.8,2.0,NotYet
60.0,5.9,8.3,0.8,4.0,NotYet
60.0,5.9,8.3,0.8,6.0,NotYet
60.0,5.9,8.3,0.8,8.0,NotYet
60.0,5.9,8.3,0.8,10.0,NotYet
60.0,5.9,8.3,1.0,-10.0,NotYet
60.0,5.9,8.3,1.0,-8.0,NotYet
60.0,5.9,8.3,1.0,-6.0,NotYet
60.0,5.9,8.3,1.0,-4.0,NotYet
60.0,5.9,8.3,1.0,-2.0,NotYet
60.0,5.9,8.3,1.0,0.0,NotYet
60.0,5.9,8.3,1.0,2.0,NotYet
60.0,5.9,8.3,1.0,4.0,NotYet
60.0,5.9,8.3,1.0,6.0,NotYet
60.0,5.9,8.3,1.0,8.0,NotYet
60.0,5.9,8.3,1.0,10.0,NotYet
60.0,5.9,8.3,1.2,-10.0,NotYet
60.0,5.9,8.3,1.2,-8.0,NotYet
60.0,5.9,8.3,1.2,-6.0,NotYet
60.0,5.9,8.3,1.2,-4.0,NotYet
60.0,5.9,8.3,1.2,-2.0,NotYet
60.0,5.9,8.3,1.2,0.0,NotYet
60.0,5.9,8.3,1.2,2.0,NotYet
60.0,5.9,8.3,1.2,4.0,NotYet
60.0,5.9,8.3,1.2,6.0,NotYet
60.0,5.9,8.3,1.2,8.0,NotYet
60.0,5.9,8.3,1.2,10.0,NotYet
60.0,5.9,8.3,1.4,-10.0,NotYet
60.0,5.9,8.3,1.4,-8.0,NotYet
60.0,5.9,8.3,1.4,-6.0,NotYet
60.0,5.9,8.3,1.4,-4.0,NotYet
60.0,5.9,8.3,1.4,-2.0,NotYet
60.0,5.9,8.3,1.4,0.0,NotYet
60.0,5.9,8.3,1.4,2.0,NotYet
60.0,5.9,8.3,1.4,4.0,NotYet
60.0,5.9,8.3,1.4,6.0,NotYet
60.0,5.9,8.3,1.4,8.0,NotYet
60.0,5.9,8.3,1.4,10.0,NotYet
60.0,5.9,8.3,1.6,-10.0,NotYet
60.0,5.9,8.3,1.6,-8.0,NotYet
60.0,5.9,8.3,1.6,-6.0,NotYet
60.0,5.9,8.3,1.6,-4.0,NotYet
60.0,5.9,8.3,1.6,-2.0,NotYet
60.0,5.9,8.3,1.6,0.0,NotYet
60.0,5.9,8.3,1.6,2.0,NotYet
60.0,5.9,8.3,1.6,4.0,NotYet
60.0,5.9,8.3,1.6,6.0,NotYet
60.0,5.9,8.3,1.6,8.0,NotYet
60.0,5.9,8.3,1.6,10.0,NotYet
60.0,5.9,8.3,1.8,-10.0,NotYet
60.0,5.9,8.3,1.8,-8.0,NotYet
60.0,5.9,8.3,1.8,-6.0,NotYet
60.0,5.9,8.3,1.8,-4.0,NotYet
60.0,5.9,8.3,1.8,-2.0,NotYet
60.0,5.9,8.3,1.8,0.0,NotYet
60.0,5.9,8.3,1.8,2.0,NotYet
60.0,5.9,8.3,1.8,4.0,NotYet
60.0,5.9,8.3,1.8,6.0,NotYet
60.0,5.9,8.3,1.8,8.0,NotYet
60.0,5.9,8.3,1.8,10.0,NotYet
60.0,5.9,8.3,2.0,-10.0,NotYet
60.0,5.9,8.3,2.0,-8.0,NotYet
60.0,5.9,8.3,2.0,-6.0,NotYet
60.0,5.9,8.3,2.0,-4.0,NotYet
60.0,5.9,8.3,2.0,-2.0,NotYet
60.0,5.9,8.3,2.0,0.0,NotYet
60.0,5.9,8.3,2.0,2.0,NotYet
60.0,5.9,8.3,2.0,4.0,NotYet
60.0,5.9,8.3,2.0,6.0,NotYet
60.0,5.9,8.3,2.0,8.0,NotYet
60.0,5.9,8.3,2.0,10.0,NotYet
65.0,13.2,4.0,-2.0,-10.0,NotYet
65.0,13.2,4.0,-2.0,-8.0,NotYet
65.0,13.2,4.0,-2.0,-6.0,NotYet
65.0,13.2,4.0,-2.0,-4.0,NotYet
65.0,13.2,4.0,-2.0,-2.0,NotYet
65.0,13.2,4.0,-2.0,0.0,NotYet
65.0,13.2,4.0,-2.0,2.0,NotYet
65.0,13.2,4.0,-2.0,4.0,NotYet
65.0,13.2,4.0,-2.0,6.0,NotYet
65.0,13.2,4.0,-2.0,8.0,NotYet
65.0,13.2,4.0,-2.0,10.0,NotYet
65.0,13.2,4.0,-1.8,-10.0,NotYet
65.0,13.2,4.0,-1.8,-8.0,NotYet
65.0,13.2,4.0,-1.8,-6.0,NotYet
65.0,13.2,4.0,-1.8,-4.0,NotYet
65.0,13.2,4.0,-1.8,-2.0,NotYet
65.0,13.2,4.0,-1.8,0.0,NotYet
65.0,13.2,4.0,-1.8,2.0,NotYet
65.0,13.2,4.0,-1.8,4.0,NotYet
65.0,13.2,4.0,-1.8,6.0,NotYet
65.0,13.2,4.0,-1.8,8.0,NotYet
65.0,13.2,4.0,-1.8,10.0,NotYet
65.0,13.2,4.0,-1.6,-10.0,NotYet
65.0,13.2,4.0,-1.6,-8.0,NotYet
65.0,13.2,4.0,-1.6,-6.0,NotYet
65.0,13.2,4.0,-1.6,-4.0,NotYet
65.0,13.2,4.0,-1.6,-2.0,NotYet
65.0,13.2,4.0,-1.6,0.0,NotYet
65.0,13.2,4.0,-1.6,2.0,NotYet
65.0,13.2,4.0,-1.6,4.0,NotYet
65.0,13.2,4.0,-1.6,6.0,NotYet
65.0,13.2,4.0,-1.6,8.0,NotYet
65.0,13.2,4.0,-1.6,10.0,NotYet
65.0,13.2,4.0,-1.4,-10.0,NotYet
65.0,13.2,4.0,-1.4,-8.0,NotYet
65.0,13.2,4.0,-1.4,-6.0,NotYet
65.0,13.2,4.0,-1.4,-4.0,NotYet
65.0,13.2,4.0,-1.4,-2.0,NotYet
65.0,13.2,4.0,-1.4,0.0,NotYet
65.0,13.2,4.0,-1.4,2.0,NotYet
65.0,13.2,4.0,-1.4,4.0,NotYet
65.0,13.2,4.0,-1.4,6.0,NotYet
65.0,13.2,4.0,-1.4,8.0,NotYet
65.0,13.2,4.0,-1.4,10.0,NotYet
65.0,13.2,4.0,-1.2,-10.0,NotYet
65.0,13.2,4.0,-1.2,-8.0,NotYet
65.0,13.2,4.0,-1.2,-6.0,NotYet
65.0,13.2,4.0,-1.2,-4.0,NotYet
65.0,13.2,4.0,-1.2,-2.0,NotYet
65.0,13.2,4.0,-1.2,0.0,NotYet
65.0,13.2,4.0,-1.2,2.0,NotYet
65.0,13.2,4.0,-1.2,4.0,NotYet
65.0,13.2,4.0,-1.2,6.0,NotYet
65.0,13.2,4.0,-1.2,8.0,NotYet
65.0,13.2,4.0,-1.2,10.0,NotYet
65.0,13.2,4.0,-1.0,-10.0,NotYet
65.0,13.2,4.0,-1.0,-8.0,NotYet
65.0,13.2,4.0,-1.0,-6.0,NotYet
65.0,13.2,4.0,-1.0,-4.0,NotYet
65.0,13.2,4.0,-1.0,-2.0,NotYet
65.0,13.2,4.0,-1.0,0.0,NotYet
65.0,13.2,4.0,-1.0,2.0,NotYet
65.0,13.2,4.0,-1.0,4.0,NotYet
65.0,13.2,4.0,-1.0,6.0,NotYet
65.0,13.2,4.0,-1.0,8.0,NotYet
65.0,13.2,4.0,-1.0,10.0,NotYet
65.0,13.2,4.0,-0.8,-10.0,NotYet
65.0,13.2,4.0,-0.8,-8.0,NotYet
65.0,13.2,4.0,-0.8,-6.0,NotYet
65.0,13.2,4.0,-0.8,-4.0,NotYet
65.0,13.2,4.0,-0.8,-2.0,NotYet
65.0,13.2,4.0,-0.8,0.0,NotYet
65.0,13.2,4.0,-0.8,2.0,NotYet
65.0,13.2,4.0,-0.8,4.0,NotYet
65.0,13.2,4.0,-0.8,6.0,NotYet
65.0,13.2,4.0,-0.8,8.0,NotYet
65.0,13.2,4.0,-0.8,10.0,NotYet
65.0,13.2,4.0,-0.6,-10.0,NotYet
65.0,13.2,4.0,-0.6,-8.0,NotYet
65.0,13.2,4.0,-0.6,-6.0,NotYet
65.0,13.2,4.0,-0.6,-4.0,NotYet
65.0,13.2,4.0,-0.6,-2.0,NotYet
65.0,13.2,4.0,-0.6,0.0,NotYet
65.0,13.2,4.0,-0.6,2.0,NotYet
65.0,13.2,4.0,-0.6,4.0,NotYet
65.0,13.2,4.0,-0.6,6.0,NotYet
65.0,13.2,4.0,-0.6,8.0,NotYet
65.0,13.2,4.0,-0.6,10.0,NotYet
65.0,13.2,4.0,-0.4,-10.0,NotYet
65.0,13.2,4.0,-0.4,-8.0,NotYet
65.0,13.2,4.0,-0.4,-6.0,NotYet
65.0,13.2,4.0,-0.4,-4.0,NotYet
65.0,13.2,4.0,-0.4,-2.0,NotYet
65.0,13.2,4.0,-0.4,0.0,NotYet
65.0,13.2,4.0,-0.4,2.0,NotYet
65.0,13.2,4.0,-0.4,4.0,NotYet
65.0,13.2,4.0,-0.4,6.0,NotYet
65.0,13.2,4.0,-0.4,8.0,NotYet
65.0,13.2,4.0,-0.4,10.0,NotYet
65.0,13.2,4.0,-0.2,-10.0,NotYet
65.0,13.2,4.0,-0.2,-8.0,NotYet
65.0,13.2,4.0,-0.2,-6.0,NotYet
65.0,13.2,4.0,-0.2,-4.0,NotYet
65.0,13.2,4.0,-0.2,-2.0,NotYet
65.0,13.2,4.0,-0.2,0.0,NotYet
65.0,13.2,4.0,-0.2,2.0,NotYet
65.0,13.2,4.0,-0.2,4.0,NotYet
65.0,13.2,4.0,-0.2,6.0,NotYet
65.0,13.2,4.0,-0.2,8.0,NotYet
65.0,13.2,4.0,-0.2,10.0,NotYet
65.0,13.2,4.0,0.0,-10.0,NotYet
65.0,13.2,4.0,0.0,-8.0,NotYet
65.0,13.2,4.0,0.0,-6.0,NotYet
65.0,13.2,4.0,0.0,-4.0,NotYet
65.0,13.2,4.0,0.0,-2.0,NotYet
65.0,13.2,4.0,0.0,0.0,NotYet
65.0,13.2,4.0,0.0,2.0,NotYet
65.0,13.2,4.0,0.0,4.0,NotYet
65.0,13.2,4.0,0.0,6.0,NotYet
65.0,13.2,4.0,0.0,8.0,NotYet
65.0,13.2,4.0,0.0,10.0,NotYet
65.0,13.2,4.0,0.2,-10.0,NotYet
65.0,13.2,4.0,0.2,-8.0,NotYet
65.0,13.2,4.0,0.2,-6.0,NotYet
65.0,13.2,4.0,0.2,-4.0,NotYet
65.0,13.2,4.0,0.2,-2.0,NotYet
65.0,13.2,4.0,0.2,0.0,NotYet
65.0,13.2,4.0,0.2,2.0,NotYet
65.0,13.2,4.0,0.2,4.0,NotYet
65.0,13.2,4.0,0.2,6.0,NotYet
65.0,13.2,4.0,0.2,8.0,NotYet
65.0,13.2,4.0,0.2,10.0,NotYet
65.0,13.2,4.0,0.4,-10.0,NotYet
65.0,13.2,4.0,0.4,-8.0,NotYet
65.0,13.2,4.0,0.4,-6.0,NotYet
65.0,13.2,4.0,0.4,-4.0,NotYet
65.0,13.2,4.0,0.4,-2.0,NotYet
65.0,13.2,4.0,0.4,0.0,NotYet
65.0,13.2,4.0,0.4,2.0,NotYet
65.0,13.2,4.0,0.4,4.0,NotYet
65.0,13.2,4.0,0.4,6.0,NotYet
65.0,13.2,4.0,0.4,8.0,NotYet
65.0,13.2,4.0,0.4,10.0,NotYet
65.0,13.2,4.0,0.6,-10.0,NotYet
65.0,13.2,4.0,0.6,-8.0,NotYet
65.0,13.2,4.0,0.6,-6.0,NotYet
65.0,13.2,4.0,0.6,-4.0,NotYet
65.0,13.2,4.0,0.6,-2.0,NotYet
65.0,13.2,4.0,0.6,0.0,NotYet
65.0,13.2,4.0,0.6,2.0,NotYet
65.0,13.2,4.0,0.6,4.0,NotYet
65.0,13.2,4.0,0.6,6.0,NotYet
65.0,13.2,4.0,0.6,8.0,NotYet
65.0,13.2,4.0,0.6,10.0,NotYet
65.0,13.2,4.0,0.8,-10.0,NotYet
65.0,13.2,4.0,0.8,-8.0,NotYet
65.0,13.2,4.0,0.8,-6.0,NotYet
65.0,13.2,4.0,0.8,-4.0,NotYet
65.0,13.2,4.0,0.8,-2.0,NotYet
65.0,13.2,4.0,0.8,0.0,NotYet
65.0,13.2,4.0,0.8,2.0,NotYet
65.0,13.2,4.0,0.8,4.0,NotYet
65.0,13.2,4.0,0.8,6.0,NotYet
65.0,13.2,4.0,0.8,8.0,NotYet
65.0,13.2,4.0,0.8,10.0,NotYet
65.0,13.2,4.0,1.0,-10.0,NotYet
65.0,13.2,4.0,1.0,-8.0,NotYet
65.0,13.2,4.0,1.0,-6.0,NotYet
65.0,13.2,4.0,1.0,-4.0,NotYet
65.0,13.2,4.0,1.0,-2.0,NotYet
65.0,13.2,4.0,1.0,0.0,NotYet
65.0,13.2,4.0,1.0,2.0,NotYet
65.0,13.2,4.0,1.0,4.0,NotYet
65.0,13.2,4.0,1.0,6.0,NotYet
65.0,13.2,4.0,1.0,8.0,NotYet
65.0,13.2,4.0,1.0,10.0,NotYet
65.0,13.2,4.0,1.2,-10.0,NotYet
65.0,13.2,4.0,1.2,-8.0,NotYet
65.0,13.2,4.0,1.2,-6.0,NotYet
65.0,13.2,4.0,1.2,-4.0,NotYet
65.0,13.2,4.0,1.2,-2.0,NotYet
65.0,13.2,4.0,1.2,0.0,NotYet
65.0,13.2,4.0,1.2,2.0,NotYet
65.0,13.2,4.0,1.2,4.0,NotYet
65.0,13.2,4.0,1.2,6.0,NotYet
65.0,13.2,4.0,1.2,8.0,NotYet
65.0,13.2,4.0,1.2,10.0,NotYet
65.0,13.2,4.0,1.4,-10.0,NotYet
65.0,13.2,4.0,1.4,-8.0,NotYet
65.0,13.2,4.0,1.4,-6.0,NotYet
65.0,13.2,4.0,1.4,-4.0,NotYet
65.0,13.2,4.0,1.4,-2.0,NotYet
65.0,13.2,4.0,1.4,0.0,NotYet
65.0,13.2,4.0,1.4,2.0,NotYet
65.0,13.2,4.0,1.4,4.0,NotYet
65.0,13.2,4.0,1.4,6.0,NotYet
65.0,13.2,4.0,1.4,8.0,NotYet
65.0,13.2,4.0,1.4,10.0,NotYet
65.0,13.2,4.0,1.6,-10.0,NotYet
65.0,13.2,4.0,1.6,-8.0,NotYet
65.0,13.2,4.0,1.6,-6.0,NotYet
65.0,13.2,4.0,1.6,-4.0,NotYet
65.0,13.2,4.0,1.6,-2.0,NotYet
65.0,13.2,4.0,1.6,0.0,NotYet
65.0,13.2,4.0,1.6,2.0,NotYet
65.0,13.2,4.0,1.6,4.0,NotYet
65.0,13.2,4.0,1.6,6.0,NotYet
65.0,13.2,4.0,1.6,8.0,NotYet
65.0,13.2,4.0,1.6,10.0,NotYet
65.0,13.2,4.0,1.8,-10.0,NotYet
65.0,13.2,4.0,1.8,-8.0,NotYet
65.0,13.2,4.0,1.8,-6.0,NotYet
65.0,13.2,4.0,1.8,-4.0,NotYet
65.0,13.2,4.0,1.8,-2.0,NotYet
65.0,13.2,4.0,1.8,0.0,NotYet
65.0,13.2,4.0,1.8,2.0,NotYet
65.0,13.2,4.0,1.8,4.0,NotYet
65.0,13.2,4.0,1.8,6.0,NotYet
65.0,13.2,4.0,1.8,8.0,NotYet
65.0,13.2,4.0,1.8,10.0,NotYet
65.0,13.2,4.0,2.0,-10.0,NotYet
65.0,13.2,4.0,2.0,-8.0,NotYet
65.0,13.2,4.0,2.0,-6.0,NotYet
65.0,13.2,4.0,2.0,-4.0,NotYet
65.0,13.2,4.0,2.0,-2.0,NotYet
65.0,13.2,4.0,2.0,0.0,NotYet
65.0,13.2,4.0,2.0,2.0,NotYet
65.0,13.2,4.0,2.0,4.0,NotYet
65.0,13.2,4.0,2.0,6.0,NotYet
65.0,13.2,4.0,2.0,8.0,NotYet
65.0,13.2,4.0,2.0,10.0,NotYet
65.0,6.3,7.8,-2.0,-10.0,NotYet
65.0,6.3,7.8,-2.0,-8.0,NotYet
65.0,6.3,7.8,-2.0,-6.0,NotYet
65.0,6.3,7.8,-2.0,-4.0,NotYet
65.0,6.3,7.8,-2.0,-2.0,NotYet
65.0,6.3,7.8,-2.0,0.0,NotYet
65.0,6.3,7.8,-2.0,2.0,NotYet
65.0,6.3,7.8,-2.0,4.0,NotYet
65.0,6.3,7.8,-2.0,6.0,NotYet
65.0,6.3,7.8,-2.0,8.0,NotYet
65.0,6.3,7.8,-2.0,10.0,NotYet
65.0,6.3,7.8,-1.8,-10.0,NotYet
65.0,6.3,7.8,-1.8,-8.0,NotYet
65.0,6.3,7.8,-1.8,-6.0,NotYet
65.0,6.3,7.8,-1.8,-4.0,NotYet
65.0,6.3,7.8,-1.8,-2.0,NotYet
65.0,6.3,7.8,-1.8,0.0,NotYet
65.0,6.3,7.8,-1.8,2.0,NotYet
65.0,6.3,7.8,-1.8,4.0,NotYet
65.0,6.3,7.8,-1.8,6.0,NotYet
65.0,6.3,7.8,-1.8,8.0,NotYet
65.0,6.3,7.8,-1.8,10.0,NotYet
65.0,6.3,7.8,-1.6,-10.0,NotYet
65.0,6.3,7.8,-1.6,-8.0,NotYet
65.0,6.3,7.8,-1.6,-6.0,NotYet
65.0,6.3,7.8,-1.6,-4.0,NotYet
65.0,6.3,7.8,-1.6,-2.0,NotYet
65.0,6.3,7.8,-1.6,0.0,NotYet
65.0,6.3,7.8,-1.6,2.0,NotYet
65.0,6.3,7.8,-1.6,4.0,NotYet
65.0,6.3,7.8,-1.6,6.0,NotYet
65.0,6.3,7.8,-1.6,8.0,NotYet
65.0,6.3,7.8,-1.6,10.0,NotYet
65.0,6.3,7.8,-1.4,-10.0,NotYet
65.0,6.3,7.8,-1.4,-8.0,NotYet
65.0,6.3,7.8,-1.4,-6.0,NotYet
65.0,6.3,7.8,-1.4,-4.0,NotYet
65.0,6.3,7.8,-1.4,-2.0,NotYet
65.0,6.3,7.8,-1.4,0.0,NotYet
65.0,6.3,7.8,-1.4,2.0,NotYet
65.0,6.3,7.8,-1.4,4.0,NotYet
65.0,6.3,7.8,-1.4,6.0,NotYet
65.0,6.3,7.8,-1.4,8.0,NotYet
65.0,6.3,7.8,-1.4,10.0,NotYet
65.0,6.3,7.8,-1.2,-10.0,NotYet
65.0,6.3,7.8,-1.2,-8.0,NotYet
65.0,6.3,7.8,-1.2,-6.0,NotYet
65.0,6.3,7.8,-1.2,-4.0,NotYet
65.0,6.3,7.8,-1.2,-2.0,NotYet
65.0,6.3,7.8,-1.2,0.0,NotYet
65.0,6.3,7.8,-1.2,2.0,NotYet
65.0,6.3,7.8,-1.2,4.0,NotYet
65.0,6.3,7.8,-1.2,6.0,NotYet
65.0,6.3,7.8,-1.2,8.0,NotYet
65.0,6.3,7.8,-1.2,10.0,NotYet
65.0,6.3,7.8,-1.0,-10.0,NotYet
65.0,6.3,7.8,-1.0,-8.0,NotYet
65.0,6.3,7.8,-1.0,-6.0,NotYet
65.0,6.3,7.8,-1.0,-4.0,NotYet
65.0,6.3,7.8,-1.0,-2.0,NotYet
65.0,6.3,7.8,-1.0,0.0,NotYet
65.0,6.3,7.8,-1.0,2.0,NotYet
65.0,6.3,7.8,-1.0,4.0,NotYet
65.0,6.3,7.8,-1.0,6.0,NotYet
65.0,6.3,7.8,-1.0,8.0,NotYet
65.0,6.3,7.8,-1.0,10.0,NotYet
65.0,6.3,7.8,-0.8,-10.0,NotYet
65.0,6.3,7.8,-0.8,-8.0,NotYet
65.0,6.3,7.8,-0.8,-6.0,NotYet
65.0,6.3,7.8,-0.8,-4.0,NotYet
65.0,6.3,7.8,-0.8,-2.0,NotYet
65.0,6.3,7.8,-0.8,0.0,NotYet
65.0,6.3,7.8,-0.8,2.0,NotYet
65.0,6.3,7.8,-0.8,4.0,NotYet
65.0,6.3,7.8,-0.8,6.0,NotYet
65.0,6.3,7.8,-0.8,8.0,NotYet
65.0,6.3,7.8,-0.8,10.0,NotYet
65.0,6.3,7.8,-0.6,-10.0,NotYet
65.0,6.3,7.8,-0.6,-8.0,NotYet
65.0,6.3,7.8,-0.6,-6.0,NotYet
65.0,6.3,7.8,-0.6,-4.0,NotYet
65.0,6.3,7.8,-0.6,-2.0,NotYet
65.0,6.3,7.8,-0.6,0.0,NotYet
65.0,6.3,7.8,-0.6,2.0,NotYet
65.0,6.3,7.8,-0.6,4.0,NotYet
65.0,6.3,7.8,-0.6,6.0,NotYet
65.0,6.3,7.8,-0.6,8.0,NotYet
65.0,6.3,7.8,-0.6,10.0,NotYet
65.0,6.3,7.8,-0.4,-10.0,NotYet
65.0,6.3,7.8,-0.4,-8.0,NotYet
65.0,6.3,7.8,-0.4,-6.0,NotYet
65.0,6.3,7.8,-0.4,-4.0,NotYet
65.0,6.3,7.8,-0.4,-2.0,NotYet
65.0,6.3,7.8,-0.4,0.0,NotYet
65.0,6.3,7.8,-0.4,2.0,NotYet
65.0,6.3,7.8,-0.4,4.0,NotYet
65.0,6.3,7.8,-0.4,6.0,NotYet
65.0,6.3,7.8,-0.4,8.0,NotYet
65.0,6.3,7.8,-0.4,10.0,NotYet
65.0,6.3,7.8,-0.2,-10.0,NotYet
65.0,6.3,7.8,-0.2,-8.0,NotYet
65.0,6.3,7.8,-0.2,-6.0,NotYet
65.0,6.3,7.8,-0.2,-4.0,NotYet
65.0,6.3,7.8,-0.2,-2.0,NotYet
65.0,6.3,7.8,-0.2,0.0,NotYet
65.0,6.3,7.8,-0.2,2.0,NotYet
65.0,6.3,7.8,-0.2,4.0,NotYet
65.0,6.3,7.8,-0.2,6.0,NotYet
65.0,6.3,7.8,-0.2,8.0,NotYet
65.0,6.3,7.8,-0.2,10.0,NotYet
65.0,6.3,7.8,0.0,-10.0,NotYet
65.0,6.3,7.8,0.0,-8.0,NotYet
65.0,6.3,7.8,0.0,-6.0,NotYet
65.0,6.3,7.8,0.0,-4.0,NotYet
65.0,6.3,7.8,0.0,-2.0,NotYet
65.0,6.3,7.8,0.0,0.0,NotYet
65.0,6.3,7.8,0.0,2.0,NotYet
65.0,6.3,7.8,0.0,4.0,NotYet
65.0,6.3,7.8,0.0,6.0,NotYet
65.0,6.3,7.8,0.0,8.0,NotYet
65.0,6.3,7.8,0.0,10.0,NotYet
65.0,6.3,7.8,0.2,-10.0,NotYet
65.0,6.3,7.8,0.2,-8.0,NotYet
65.0,6.3,7.8,0.2,-6.0,NotYet
65.0,6.3,7.8,0.2,-4.0,NotYet
65.0,6.3,7.8,0.2,-2.0,NotYet
65.0,6.3,7.8,0.2,0.0,NotYet
65.0,6.3,7.8,0.2,2.0,NotYet
65.0,6.3,7.8,0.2,4.0,NotYet
65.0,6.3,7.8,0.2,6.0,NotYet
65.0,6.3,7.8,0.2,8.0,NotYet
65.0,6.3,7.8,0.2,10.0,NotYet
65.0,6.3,7.8,0.4,-10.0,NotYet
65.0,6.3,7.8,0.4,-8.0,NotYet
65.0,6.3,7.8,0.4,-6.0,NotYet
65.0,6.3,7.8,0.4,-4.0,NotYet
65.0,6.3,7.8,0.4,-2.0,NotYet
65.0,6.3,7.8,0.4,0.0,NotYet
65.0,6.3,7.8,0.4,2.0,NotYet
65.0,6.3,7.8,0.4,4.0,NotYet
65.0,6.3,7.8,0.4,6.0,NotYet
65.0,6.3,7.8,0.4,8.0,NotYet
65.0,6.3,7.8,0.4,10.0,NotYet
65.0,6.3,7.8,0.6,-10.0,NotYet
65.0,6.3,7.8,0.6,-8.0,NotYet
65.0,6.3,7.8,0.6,-6.0,NotYet
65.0,6.3,7.8,0.6,-4.0,NotYet
65.0,6.3,7.8,0.6,-2.0,NotYet
65.0,6.3,7.8,0.6,0.0,NotYet
65.0,6.3,7.8,0.6,2.0,NotYet
65.0,6.3,7.8,0.6,4.0,NotYet
65.0,6.3,7.8,0.6,6.0,NotYet
65.0,6.3,7.8,0.6,8.0,NotYet
65.0,6.3,7.8,0.6,10.0,NotYet
65.0,6.3,7.8,0.8,-10.0,NotYet
65.0,6.3,7.8,0.8,-8.0,NotYet
65.0,6.3,7.8,0.8,-6.0,NotYet
65.0,6.3,7.8,0.8,-4.0,NotYet
65.0,6.3,7.8,0.8,-2.0,NotYet
65.0,6.3,7.8,0.8,0.0,NotYet
65.0,6.3,7.8,0.8,2.0,NotYet
65.0,6.3,7.8,0.8,4.0,NotYet
65.0,6.3,7.8,0.8,6.0,NotYet
65.0,6.3,7.8,0.8,8.0,NotYet
65.0,6.3,7.8,0.8,10.0,NotYet
65.0,6.3,7.8,1.0,-10.0,NotYet
65.0,6.3,7.8,1.0,-8.0,NotYet
65.0,6.3,7.8,1.0,-6.0,NotYet
65.0,6.3,7.8,1.0,-4.0,NotYet
65.0,6.3,7.8,1.0,-2.0,NotYet
65.0,6.3,7.8,1.0,0.0,NotYet
65.0,6.3,7.8,1.0,2.0,NotYet
65.0,6.3,7.8,1.0,4.0,NotYet
65.0,6.3,7.8,1.0,6.0,NotYet
65.0,6.3,7.8,1.0,8.0,NotYet
65.0,6.3,7.8,1.0,10.0,NotYet
65.0,6.3,7.8,1.2,-10.0,NotYet
65.0,6.3,7.8,1.2,-8.0,NotYet
65.0,6.3,7.8,1.2,-6.0,NotYet
65.0,6.3,7.8,1.2,-4.0,NotYet
65.0,6.3,7.8,1.2,-2.0,NotYet
65.0,6.3,7.8,1.2,0.0,NotYet
65.0,6.3,7.8,1.2,2.0,NotYet
65.0,6.3,7.8,1.2,4.0,NotYet
65.0,6.3,7.8,1.2,6.0,NotYet
65.0,6.3,7.8,1.2,8.0,NotYet
65.0,6.3,7.8,1.2,10.0,NotYet
65.0,6.3,7.8,1.4,-10.0,NotYet
65.0,6.3,7.8,1.4,-8.0,NotYet
65.0,6.3,7.8,1.4,-6.0,NotYet
65.0,6.3,7.8,1.4,-4.0,NotYet
65.0,6.3,7.8,1.4,-2.0,NotYet
65.0,6.3,7.8,1.4,0.0,NotYet
65.0,6.3,7.8,1.4,2.0,NotYet
65.0,6.3,7.8,1.4,4.0,NotYet
65.0,6.3,7.8,1.4,6.0,NotYet
65.0,6.3,7.8,1.4,8.0,NotYet
65.0,6.3,7.8,1.4,10.0,NotYet
65.0,6.3,7.8,1.6,-10.0,NotYet
65.0,6.3,7.8,1.6,-8.0,NotYet
65.0,6.3,7.8,1.6,-6.0,NotYet
65.0,6.3,7.8,1.6,-4.0,NotYet
65.0,6.3,7.8,1.6,-2.0,NotYet
65.0,6.3,7.8,1.6,0.0,NotYet
65.0,6.3,7.8,1.6,2.0,NotYet
65.0,6.3,7.8,1.6,4.0,NotYet
65.0,6.3,7.8,1.6,6.0,NotYet
65.0,6.3,7.8,1.6,8.0,NotYet
65.0,6.3,7.8,1.6,10.0,NotYet
65.0,6.3,7.8,1.8,-10.0,NotYet
65.0,6.3,7.8,1.8,-8.0,NotYet
65.0,6.3,7.8,1.8,-6.0,NotYet
65.0,6.3,7.8,1.8,-4.0,NotYet
65.0,6.3,7.8,1.8,-2.0,NotYet
65.0,6.3,7.8,1.8,0.0,NotYet
65.0,6.3,7.8,1.8,2.0,NotYet
65.0,6.3,7.8,1.8,4.0,NotYet
65.0,6.3,7.8,1.8,6.0,NotYet
65.0,6.3,7.8,1.8,8.0,NotYet
65.0,6.3,7.8,1.8,10.0,NotYet
65.0,6.3,7.8,2.0,-10.0,NotYet
65.0,6.3,7.8,2.0,-8.0,NotYet
65.0,6.3,7.8,2.0,-6.0,NotYet
65.0,6.3,7.8,2.0,-4.0,NotYet
65.0,6.3,7.8,2.0,-2.0,NotYet
65.0,6.3,7.8,2.0,0.0,NotYet
65.0,6.3,7.8,2.0,2.0,NotYet
65.0,6.3,7.8,2.0,4.0,NotYet
65.0,6.3,7.8,2.0,6.0,NotYet
65.0,6.3,7.8,2.0,8.0,NotYet
65.0,6.3,7.8,2.0,10.0,NotYet
70.0,13.6,3.9,-2.0,-10.0,NotYet
70.0,13.6,3.9,-2.0,-8.0,NotYet
70.0,13.6,3.9,-2.0,-6.0,NotYet
70.0,13.6,3.9,-2.0,-4.0,NotYet
70.0,13.6,3.9,-2.0,-2.0,NotYet
70.0,13.6,3.9,-2.0,0.0,NotYet
70.0,13.6,3.9,-2.0,2.0,NotYet
70.0,13.6,3.9,-2.0,4.0,NotYet
70.0,13.6,3.9,-2.0,6.0,NotYet
70.0,13.6,3.9,-2.0,8.0,NotYet
70.0,13.6,3.9,-2.0,10.0,NotYet
70.0,13.6,3.9,-1.8,-10.0,NotYet
70.0,13.6,3.9,-1.8,-8.0,NotYet
70.0,13.6,3.9,-1.8,-6.0,NotYet
70.0,13.6,3.9,-1.8,-4.0,NotYet
70.0,13.6,3.9,-1.8,-2.0,NotYet
70.0,13.6,3.9,-1.8,0.0,NotYet
70.0,13.6,3.9,-1.8,2.0,NotYet
70.0,13.6,3.9,-1.8,4.0,NotYet
70.0,13.6,3.9,-1.8,6.0,NotYet
70.0,13.6,3.9,-1.8,8.0,NotYet
70.0,13.6,3.9,-1.8,10.0,NotYet
70.0,13.6,3.9,-1.6,-10.0,NotYet
70.0,13.6,3.9,-1.6,-8.0,NotYet
70.0,13.6,3.9,-1.6,-6.0,NotYet
70.0,13.6,3.9,-1.6,-4.0,NotYet
70.0,13.6,3.9,-1.6,-2.0,NotYet
70.0,13.6,3.9,-1.6,0.0,NotYet
70.0,13.6,3.9,-1.6,2.0,NotYet
70.0,13.6,3.9,-1.6,4.0,NotYet
70.0,13.6,3.9,-1.6,6.0,NotYet
70.0,13.6,3.9,-1.6,8.0,NotYet
70.0,13.6,3.9,-1.6,10.0,NotYet
70.0,13.6,3.9,-1.4,-10.0,NotYet
70.0,13.6,3.9,-1.4,-8.0,NotYet
70.0,13.6,3.9,-1.4,-6.0,NotYet
70.0,13.6,3.9,-1.4,-4.0,NotYet
70.0,13.6,3.9,-1.4,-2.0,NotYet
70.0,13.6,3.9,-1.4,0.0,NotYet
70.0,13.6,3.9,-1.4,2.0,NotYet
70.0,13.6,3.9,-1.4,4.0,NotYet
70.0,13.6,3.9,-1.4,6.0,NotYet
70.0,13.6,3.9,-1.4,8.0,NotYet
70.0,13.6,3.9,-1.4,10.0,NotYet
70.0,13.6,3.9,-1.2,-10.0,NotYet
70.0,13.6,3.9,-1.2,-8.0,NotYet
70.0,13.6,3.9,-1.2,-6.0,NotYet
70.0,13.6,3.9,-1.2,-4.0,NotYet
70.0,13.6,3.9,-1.2,-2.0,NotYet
70.0,13.6,3.9,-1.2,0.0,NotYet
70.0,13.6,3.9,-1.2,2.0,NotYet
70.0,13.6,3.9,-1.2,4.0,NotYet
70.0,13.6,3.9,-1.2,6.0,NotYet
70.0,13.6,3.9,-1.2,8.0,NotYet
70.0,13.6,3.9,-1.2,10.0,NotYet
70.0,13.6,3.9,-1.0,-10.0,NotYet
70.0,13.6,3.9,-1.0,-8.0,NotYet
70.0,13.6,3.9,-1.0,-6.0,NotYet
70.0,13.6,3.9,-1.0,-4.0,NotYet
70.0,13.6,3.9,-1.0,-2.0,NotYet
70.0,13.6,3.9,-1.0,0.0,NotYet
70.0,13.6,3.9,-1.0,2.0,NotYet
70.0,13.6,3.9,-1.0,4.0,NotYet
70.0,13.6,3.9,-1.0,6.0,NotYet
70.0,13.6,3.9,-1.0,8.0,NotYet
70.0,13.6,3.9,-1.0,10.0,NotYet
70.0,13.6,3.9,-0.8,-10.0,NotYet
70.0,13.6,3.9,-0.8,-8.0,NotYet
70.0,13.6,3.9,-0.8,-6.0,NotYet
70.0,13.6,3.9,-0.8,-4.0,NotYet
70.0,13.6,3.9,-0.8,-2.0,NotYet
70.0,13.6,3.9,-0.8,0.0,NotYet
70.0,13.6,3.9,-0.8,2.0,NotYet
70.0,13.6,3.9,-0.8,4.0,NotYet
70.0,13.6,3.9,-0.8,6.0,NotYet
70.0,13.6,3.9,-0.8,8.0,NotYet
70.0,13.6,3.9,-0.8,10.0,NotYet
70.0,13.6,3.9,-0.6,-10.0,NotYet
70.0,13.6,3.9,-0.6,-8.0,NotYet
70.0,13.6,3.9,-0.6,-6.0,NotYet
70.0,13.6,3.9,-0.6,-4.0,NotYet
70.0,13.6,3.9,-0.6,-2.0,NotYet
70.0,13.6,3.9,-0.6,0.0,NotYet
70.0,13.6,3.9,-0.6,2.0,NotYet
70.0,13.6,3.9,-0.6,4.0,NotYet
70.0,13.6,3.9,-0.6,6.0,NotYet
70.0,13.6,3.9,-0.6,8.0,NotYet
70.0,13.6,3.9,-0.6,10.0,NotYet
70.0,13.6,3.9,-0.4,-10.0,NotYet
70.0,13.6,3.9,-0.4,-8.0,NotYet
70.0,13.6,3.9,-0.4,-6.0,NotYet
70.0,13.6,3.9,-0.4,-4.0,NotYet
70.0,13.6,3.9,-0.4,-2.0,NotYet
70.0,13.6,3.9,-0.4,0.0,NotYet
70.0,13.6,3.9,-0.4,2.0,NotYet
70.0,13.6,3.9,-0.4,4.0,NotYet
70.0,13.6,3.9,-0.4,6.0,NotYet
70.0,13.6,3.9,-0.4,8.0,NotYet
70.0,13.6,3.9,-0.4,10.0,NotYet
70.0,13.6,3.9,-0.2,-10.0,NotYet
70.0,13.6,3.9,-0.2,-8.0,NotYet
70.0,13.6,3.9,-0.2,-6.0,NotYet
70.0,13.6,3.9,-0.2,-4.0,NotYet
70.0,13.6,3.9,-0.2,-2.0,NotYet
70.0,13.6,3.9,-0.2,0.0,NotYet
70.0,13.6,3.9,-0.2,2.0,NotYet
70.0,13.6,3.9,-0.2,4.0,NotYet
70.0,13.6,3.9,-0.2,6.0,NotYet
70.0,13.6,3.9,-0.2,8.0,NotYet
70.0,13.6,3.9,-0.2,10.0,NotYet
70.0,13.6,3.9,0.0,-10.0,NotYet
70.0,13.6,3.9,0.0,-8.0,NotYet
70.0,13.6,3.9,0.0,-6.0,NotYet
70.0,13.6,3.9,0.0,-4.0,NotYet
70.0,13.6,3.9,0.0,-2.0,NotYet
70.0,13.6,3.9,0.0,0.0,NotYet
70.0,13.6,3.9,0.0,2.0,NotYet
70.0,13.6,3.9,0.0,4.0,NotYet
70.0,13.6,3.9,0.0,6.0,NotYet
70.0,13.6,3.9,0.0,8.0,NotYet
70.0,13.6,3.9,0.0,10.0,NotYet
70.0,13.6,3.9,0.2,-10.0,NotYet
70.0,13.6,3.9,0.2,-8.0,NotYet
70.0,13.6,3.9,0.2,-6.0,NotYet
70.0,13.6,3.9,0.2,-4.0,NotYet
70.0,13.6,3.9,0.2,-2.0,NotYet
70.0,13.6,3.9,0.2,0.0,NotYet
70.0,13.6,3.9,0.2,2.0,NotYet
70.0,13.6,3.9,0.2,4.0,NotYet
70.0,13.6,3.9,0.2,6.0,NotYet
70.0,13.6,3.9,0.2,8.0,NotYet
70.0,13.6,3.9,0.2,10.0,NotYet
70.0,13.6,3.9,0.4,-10.0,NotYet
70.0,13.6,3.9,0.4,-8.0,NotYet
70.0,13.6,3.9,0.4,-6.0,NotYet
70.0,13.6,3.9,0.4,-4.0,NotYet
70.0,13.6,3.9,0.4,-2.0,NotYet
70.0,13.6,3.9,0.4,0.0,NotYet
70.0,13.6,3.9,0.4,2.0,NotYet
70.0,13.6,3.9,0.4,4.0,NotYet
70.0,13.6,3.9,0.4,6.0,NotYet
70.0,13.6,3.9,0.4,8.0,NotYet
70.0,13.6,3.9,0.4,10.0,NotYet
70.0,13.6,3.9,0.6,-10.0,NotYet
70.0,13.6,3.9,0.6,-8.0,NotYet
70.0,13.6,3.9,0.6,-6.0,NotYet
70.0,13.6,3.9,0.6,-4.0,NotYet
70.0,13.6,3.9,0.6,-2.0,NotYet
70.0,13.6,3.9,0.6,0.0,NotYet
70.0,13.6,3.9,0.6,2.0,NotYet
70.0,13.6,3.9,0.6,4.0,NotYet
70.0,13.6,3.9,0.6,6.0,NotYet
70.0,13.6,3.9,0.6,8.0,NotYet
70.0,13.6,3.9,0.6,10.0,NotYet
70.0,13.6,3.9,0.8,-10.0,NotYet
70.0,13.6,3.9,0.8,-8.0,NotYet
70.0,13.6,3.9,0.8,-6.0,NotYet
70.0,13.6,3.9,0.8,-4.0,NotYet
70.0,13.6,3.9,0.8,-2.0,NotYet
70.0,13.6,3.9,0.8,0.0,NotYet
70.0,13.6,3.9,0.8,2.0,NotYet
70.0,13.6,3.9,0.8,4.0,NotYet
70.0,13.6,3.9,0.8,6.0,NotYet
70.0,13.6,3.9,0.8,8.0,NotYet
70.0,13.6,3.9,0.8,10.0,NotYet
70.0,13.6,3.9,1.0,-10.0,NotYet
70.0,13.6,3.9,1.0,-8.0,NotYet
70.0,13.6,3.9,1.0,-6.0,NotYet
70.0,13.6,3.9,1.0,-4.0,NotYet
70.0,13.6,3.9,1.0,-2.0,NotYet
70.0,13.6,3.9,1.0,0.0,NotYet
70.0,13.6,3.9,1.0,2.0,NotYet
70.0,13.6,3.9,1.0,4.0,NotYet
70.0,13.6,3.9,1.0,6.0,NotYet
70.0,13.6,3.9,1.0,8.0,NotYet
70.0,13.6,3.9,1.0,10.0,NotYet
70.0,13.6,3.9,1.2,-10.0,NotYet
70.0,13.6,3.9,1.2,-8.0,NotYet
70.0,13.6,3.9,1.2,-6.0,NotYet
70.0,13.6,3.9,1.2,-4.0,NotYet
70.0,13.6,3.9,1.2,-2.0,NotYet
70.0,13.6,3.9,1.2,0.0,NotYet
70.0,13.6,3.9,1.2,2.0,NotYet
70.0,13.6,3.9,1.2,4.0,NotYet
70.0,13.6,3.9,1.2,6.0,NotYet
70.0,13.6,3.9,1.2,8.0,NotYet
70.0,13.6,3.9,1.2,10.0,NotYet
70.0,13.6,3.9,1.4,-10.0,NotYet
70.0,13.6,3.9,1.4,-8.0,NotYet
70.0,13.6,3.9,1.4,-6.0,NotYet
70.0,13.6,3.9,1.4,-4.0,NotYet
70.0,13.6,3.9,1.4,-2.0,NotYet
70.0,13.6,3.9,1.4,0.0,NotYet
70.0,13.6,3.9,1.4,2.0,NotYet
70.0,13.6,3.9,1.4,4.0,NotYet
70.0,13.6,3.9,1.4,6.0,NotYet
70.0,13.6,3.9,1.4,8.0,NotYet
70.0,13.6,3.9,1.4,10.0,NotYet
70.0,13.6,3.9,1.6,-10.0,NotYet
70.0,13.6,3.9,1.6,-8.0,NotYet
70.0,13.6,3.9,1.6,-6.0,NotYet
70.0,13.6,3.9,1.6,-4.0,NotYet
70.0,13.6,3.9,1.6,-2.0,NotYet
70.0,13.6,3.9,1.6,0.0,NotYet
70.0,13.6,3.9,1.6,2.0,NotYet
70.0,13.6,3.9,1.6,4.0,NotYet
70.0,13.6,3.9,1.6,6.0,NotYet
70.0,13.6,3.9,1.6,8.0,NotYet
70.0,13.6,3.9,1.6,10.0,NotYet
70.0,13.6,3.9,1.8,-10.0,NotYet
70.0,13.6,3.9,1.8,-8.0,NotYet
70.0,13.6,3.9,1.8,-6.0,NotYet
70.0,13.6,3.9,1.8,-4.0,NotYet
70.0,13.6,3.9,1.8,-2.0,NotYet
70.0,13.6,3.9,1.8,0.0,NotYet
70.0,13.6,3.9,1.8,2.0,NotYet
70.0,13.6,3.9,1.8,4.0,NotYet
70.0,13.6,3.9,1.8,6.0,NotYet
70.0,13.6,3.9,1.8,8.0,NotYet
70.0,13.6,3.9,1.8,10.0,NotYet
70.0,13.6,3.9,2.0,-10.0,NotYet
70.0,13.6,3.9,2.0,-8.0,NotYet
70.0,13.6,3.9,2.0,-6.0,NotYet
70.0,13.6,3.9,2.0,-4.0,NotYet
70.0,13.6,3.9,2.0,-2.0,NotYet
70.0,13.6,3.9,2.0,0.0,NotYet
70.0,13.6,3.9,2.0,2.0,NotYet
70.0,13.6,3.9,2.0,4.0,NotYet
70.0,13.6,3.9,2.0,6.0,NotYet
70.0,13.6,3.9,2.0,8.0,NotYet
70.0,13.6,3.9,2.0,10.0,NotYet
70.0,6.6,7.4,-2.0,-10.0,NotYet
70.0,6.6,7.4,-2.0,-8.0,NotYet
70.0,6.6,7.4,-2.0,-6.0,NotYet
70.0,6.6,7.4,-2.0,-4.0,NotYet
70.0,6.6,7.4,-2.0,-2.0,NotYet
70.0,6.6,7.4,-2.0,0.0,NotYet
70.0,6.6,7.4,-2.0,2.0,NotYet
70.0,6.6,7.4,-2.0,4.0,NotYet
70.0,6.6,7.4,-2.0,6.0,NotYet
70.0,6.6,7.4,-2.0,8.0,NotYet
70.0,6.6,7.4,-2.0,10.0,NotYet
70.0,6.6,7.4,-1.8,-10.0,NotYet
70.0,6.6,7.4,-1.8,-8.0,NotYet
70.0,6.6,7.4,-1.8,-6.0,NotYet
70.0,6.6,7.4,-1.8,-4.0,NotYet
70.0,6.6,7.4,-1.8,-2.0,NotYet
70.0,6.6,7.4,-1.8,0.0,NotYet
70.0,6.6,7.4,-1.8,2.0,NotYet
70.0,6.6,7.4,-1.8,4.0,NotYet
70.0,6.6,7.4,-1.8,6.0,NotYet
70.0,6.6,7.4,-1.8,8.0,NotYet
70.0,6.6,7.4,-1.8,10.0,NotYet
70.0,6.6,7.4,-1.6,-10.0,NotYet
70.0,6.6,7.4,-1.6,-8.0,NotYet
70.0,6.6,7.4,-1.6,-6.0,NotYet
70.0,6.6,7.4,-1.6,-4.0,NotYet
70.0,6.6,7.4,-1.6,-2.0,NotYet
70.0,6.6,7.4,-1.6,0.0,NotYet
70.0,6.6,7.4,-1.6,2.0,NotYet
70.0,6.6,7.4,-1.6,4.0,NotYet
70.0,6.6,7.4,-1.6,6.0,NotYet
70.0,6.6,7.4,-1.6,8.0,NotYet
70.0,6.6,7.4,-1.6,10.0,NotYet
70.0,6.6,7.4,-1.4,-10.0,NotYet
70.0,6.6,7.4,-1.4,-8.0,NotYet
70.0,6.6,7.4,-1.4,-6.0,NotYet
70.0,6.6,7.4,-1.4,-4.0,NotYet
70.0,6.6,7.4,-1.4,-2.0,NotYet
70.0,6.6,7.4,-1.4,0.0,NotYet
70.0,6.6,7.4,-1.4,2.0,NotYet
70.0,6.6,7.4,-1.4,4.0,NotYet
70.0,6.6,7.4,-1.4,6.0,NotYet
70.0,6.6,7.4,-1.4,8.0,NotYet
70.0,6.6,7.4,-1.4,10.0,NotYet
70.0,6.6,7.4,-1.2,-10.0,NotYet
70.0,6.6,7.4,-1.2,-8.0,NotYet
70.0,6.6,7.4,-1.2,-6.0,NotYet
70.0,6.6,7.4,-1.2,-4.0,NotYet
70.0,6.6,7.4,-1.2,-2.0,NotYet
70.0,6.6,7.4,-1.2,0.0,NotYet
70.0,6.6,7.4,-1.2,2.0,NotYet
70.0,6.6,7.4,-1.2,4.0,NotYet
70.0,6.6,7.4,-1.2,6.0,NotYet
70.0,6.6,7.4,-1.2,8.0,NotYet
70.0,6.6,7.4,-1.2,10.0,NotYet
70.0,6.6,7.4,-1.0,-10.0,NotYet
70.0,6.6,7.4,-1.0,-8.0,NotYet
70.0,6.6,7.4,-1.0,-6.0,NotYet
70.0,6.6,7.4,-1.0,-4.0,NotYet
70.0,6.6,7.4,-1.0,-2.0,NotYet
70.0,6.6,7.4,-1.0,0.0,NotYet
70.0,6.6,7.4,-1.0,2.0,NotYet
70.0,6.6,7.4,-1.0,4.0,NotYet
70.0,6.6,7.4,-1.0,6.0,NotYet
70.0,6.6,7.4,-1.0,8.0,NotYet
70.0,6.6,7.4,-1.0,10.0,NotYet
70.0,6.6,7.4,-0.8,-10.0,NotYet
70.0,6.6,7.4,-0.8,-8.0,NotYet
70.0,6.6,7.4,-0.8,-6.0,NotYet
70.0,6.6,7.4,-0.8,-4.0,NotYet
70.0,6.6,7.4,-0.8,-2.0,NotYet
70.0,6.6,7.4,-0.8,0.0,NotYet
70.0,6.6,7.4,-0.8,2.0,NotYet
70.0,6.6,7.4,-0.8,4.0,NotYet
70.0,6.6,7.4,-0.8,6.0,NotYet
70.0,6.6,7.4,-0.8,8.0,NotYet
70.0,6.6,7.4,-0.8,10.0,NotYet
70.0,6.6,7.4,-0.6,-10.0,NotYet
70.0,6.6,7.4,-0.6,-8.0,NotYet
70.0,6.6,7.4,-0.6,-6.0,NotYet
70.0,6.6,7.4,-0.6,-4.0,NotYet
70.0,6.6,7.4,-0.6,-2.0,NotYet
70.0,6.6,7.4,-0.6,0.0,NotYet
70.0,6.6,7.4,-0.6,2.0,NotYet
70.0,6.6,7.4,-0.6,4.0,NotYet
70.0,6.6,7.4,-0.6,6.0,NotYet
70.0,6.6,7.4,-0.6,8.0,NotYet
70.0,6.6,7.4,-0.6,10.0,NotYet
70.0,6.6,7.4,-0.4,-10.0,NotYet
70.0,6.6,7.4,-0.4,-8.0,NotYet
70.0,6.6,7.4,-0.4,-6.0,NotYet
70.0,6.6,7.4,-0.4,-4.0,NotYet
70.0,6.6,7.4,-0.4,-2.0,NotYet
70.0,6.6,7.4,-0.4,0.0,NotYet
70.0,6.6,7.4,-0.4,2.0,NotYet
70.0,6.6,7.4,-0.4,4.0,NotYet
70.0,6.6,7.4,-0.4,6.0,NotYet
70.0,6.6,7.4,-0.4,8.0,NotYet
70.0,6.6,7.4,-0.4,10.0,NotYet
70.0,6.6,7.4,-0.2,-10.0,NotYet
70.0,6.6,7.4,-0.2,-8.0,NotYet
70.0,6.6,7.4,-0.2,-6.0,NotYet
70.0,6.6,7.4,-0.2,-4.0,NotYet
70.0,6.6,7.4,-0.2,-2.0,NotYet
70.0,6.6,7.4,-0.2,0.0,NotYet
70.0,6.6,7.4,-0.2,2.0,NotYet
70.0,6.6,7.4,-0.2,4.0,NotYet
70.0,6.6,7.4,-0.2,6.0,NotYet
70.0,6.6,7.4,-0.2,8.0,NotYet
70.0,6.6,7.4,-0.2,10.0,NotYet
70.0,6.6,7.4,0.0,-10.0,NotYet
70.0,6.6,7.4,0.0,-8.0,NotYet
70.0,6.6,7.4,0.0,-6.0,NotYet
70.0,6.6,7.4,0.0,-4.0,NotYet
70.0,6.6,7.4,0.0,-2.0,NotYet
70.0,6.6,7.4,0.0,0.0,NotYet
70.0,6.6,7.4,0.0,2.0,NotYet
70.0,6.6,7.4,0.0,4.0,NotYet
70.0,6.6,7.4,0.0,6.0,NotYet
70.0,6.6,7.4,0.0,8.0,NotYet
70.0,6.6,7.4,0.0,10.0,NotYet
70.0,6.6,7.4,0.2,-10.0,NotYet
70.0,6.6,7.4,0.2,-8.0,NotYet
70.0,6.6,7.4,0.2,-6.0,NotYet
70.0,6.6,7.4,0.2,-4.0,NotYet
70.0,6.6,7.4,0.2,-2.0,NotYet
70.0,6.6,7.4,0.2,0.0,NotYet
70.0,6.6,7.4,0.2,2.0,NotYet
70.0,6.6,7.4,0.2,4.0,NotYet
70.0,6.6,7.4,0.2,6.0,NotYet
70.0,6.6,7.4,0.2,8.0,NotYet
70.0,6.6,7.4,0.2,10.0,NotYet
70.0,6.6,7.4,0.4,-10.0,NotYet
70.0,6.6,7.4,0.4,-8.0,NotYet
70.0,6.6,7.4,0.4,-6.0,NotYet
70.0,6.6,7.4,0.4,-4.0,NotYet
70.0,6.6,7.4,0.4,-2.0,NotYet
70.0,6.6,7.4,0.4,0.0,NotYet
70.0,6.6,7.4,0.4,2.0,NotYet
70.0,6.6,7.4,0.4,4.0,NotYet
70.0,6.6,7.4,0.4,6.0,NotYet
70.0,6.6,7.4,0.4,8.0,NotYet
70.0,6.6,7.4,0.4,10.0,NotYet
70.0,6.6,7.4,0.6,-10.0,NotYet
70.0,6.6,7.4,0.6,-8.0,NotYet
70.0,6.6,7.4,0.6,-6.0,NotYet
70.0,6.6,7.4,0.6,-4.0,NotYet
70.0,6.6,7.4,0.6,-2.0,NotYet
70.0,6.6,7.4,0.6,0.0,NotYet
70.0,6.6,7.4,0.6,2.0,NotYet
70.0,6.6,7.4,0.6,4.0,NotYet
70.0,6.6,7.4,0.6,6.0,NotYet
70.0,6.6,7.4,0.6,8.0,NotYet
70.0,6.6,7.4,0.6,10.0,NotYet
70.0,6.6,7.4,0.8,-10.0,NotYet
70.0,6.6,7.4,0.8,-8.0,NotYet
70.0,6.6,7.4,0.8,-6.0,NotYet
70.0,6.6,7.4,0.8,-4.0,NotYet
70.0,6.6,7.4,0.8,-2.0,NotYet
70.0,6.6,7.4,0.8,0.0,NotYet
70.0,6.6,7.4,0.8,2.0,NotYet
70.0,6.6,7.4,0.8,4.0,NotYet
70.0,6.6,7.4,0.8,6.0,NotYet
70.0,6.6,7.4,0.8,8.0,NotYet
70.0,6.6,7.4,0.8,10.0,NotYet
70.0,6.6,7.4,1.0,-10.0,NotYet
70.0,6.6,7.4,1.0,-8.0,NotYet
70.0,6.6,7.4,1.0,-6.0,NotYet
70.0,6.6,7.4,1.0,-4.0,NotYet
70.0,6.6,7.4,1.0,-2.0,NotYet
70.0,6.6,7.4,1.0,0.0,NotYet
70.0,6.6,7.4,1.0,2.0,NotYet
70.0,6.6,7.4,1.0,4.0,NotYet
70.0,6.6,7.4,1.0,6.0,NotYet
70.0,6.6,7.4,1.0,8.0,NotYet
70.0,6.6,7.4,1.0,10.0,NotYet
70.0,6.6,7.4,1.2,-10.0,NotYet
70.0,6.6,7.4,1.2,-8.0,NotYet
70.0,6.6,7.4,1.2,-6.0,NotYet
70.0,6.6,7.4,1.2,-4.0,NotYet
70.0,6.6,7.4,1.2,-2.0,NotYet
70.0,6.6,7.4,1.2,0.0,NotYet
70.0,6.6,7.4,1.2,2.0,NotYet
70.0,6.6,7.4,1.2,4.0,NotYet
70.0,6.6,7.4,1.2,6.0,NotYet
70.0,6.6,7.4,1.2,8.0,NotYet
70.0,6.6,7.4,1.2,10.0,NotYet
70.0,6.6,7.4,1.4,-10.0,NotYet
70.0,6.6,7.4,1.4,-8.0,NotYet
70.0,6.6,7.4,1.4,-6.0,NotYet
70.0,6.6,7.4,1.4,-4.0,NotYet
70.0,6.6,7.4,1.4,-2.0,NotYet
70.0,6.6,7.4,1.4,0.0,NotYet
70.0,6.6,7.4,1.4,2.0,NotYet
70.0,6.6,7.4,1.4,4.0,NotYet
70.0,6.6,7.4,1.4,6.0,NotYet
70.0,6.6,7.4,1.4,8.0,NotYet
70.0,6.6,7.4,1.4,10.0,NotYet
70.0,6.6,7.4,1.6,-10.0,NotYet
70.0,6.6,7.4,1.6,-8.0,NotYet
70.0,6.6,7.4,1.6,-6.0,NotYet
70.0,6.6,7.4,1.6,-4.0,NotYet
70.0,6.6,7.4,1.6,-2.0,NotYet
70.0,6.6,7.4,1.6,0.0,NotYet
70.0,6.6,7.4,1.6,2.0,NotYet
70.0,6.6,7.4,1.6,4.0,NotYet
70.0,6.6,7.4,1.6,6.0,NotYet
70.0,6.6,7.4,1.6,8.0,NotYet
70.0,6.6,7.4,1.6,10.0,NotYet
70.0,6.6,7.4,1.8,-10.0,NotYet
70.0,6.6,7.4,1.8,-8.0,NotYet
70.0,6.6,7.4,1.8,-6.0,NotYet
70.0,6.6,7.4,1.8,-4.0,NotYet
70.0,6.6,7.4,1.8,-2.0,NotYet
70.0,6.6,7.4,1.8,0.0,NotYet
70.0,6.6,7.4,1.8,2.0,NotYet
70.0,6.6,7.4,1.8,4.0,NotYet
70.0,6.6,7.4,1.8,6.0,NotYet
70.0,6.6,7.4,1.8,8.0,NotYet
70.0,6.6,7.4,1.8,10.0,NotYet
70.0,6.6,7.4,2.0,-10.0,NotYet
70.0,6.6,7.4,2.0,-8.0,NotYet
70.0,6.6,7.4,2.0,-6.0,NotYet
70.0,6.6,7.4,2.0,-4.0,NotYet
70.0,6.6,7.4,2.0,-2.0,NotYet
70.0,6.6,7.4,2.0,0.0,NotYet
70.0,6.6,7.4,2.0,2.0,NotYet
70.0,6.6,7.4,2.0,4.0,NotYet
70.0,6.6,7.4,2.0,6.0,NotYet
70.0,6.6,7.4,2.0,8.0,NotYet
70.0,6.6,7.4,2.0,10.0,NotYet
80.0,14.1,3.7,-2.0,-10.0,NotYet
80.0,14.1,3.7,-2.0,-8.0,NotYet
80.0,14.1,3.7,-2.0,-6.0,NotYet
80.0,14.1,3.7,-2.0,-4.0,NotYet
80.0,14.1,3.7,-2.0,-2.0,NotYet
80.0,14.1,3.7,-2.0,0.0,NotYet
80.0,14.1,3.7,-2.0,2.0,NotYet
80.0,14.1,3.7,-2.0,4.0,NotYet
80.0,14.1,3.7,-2.0,6.0,NotYet
80.0,14.1,3.7,-2.0,8.0,NotYet
80.0,14.1,3.7,-2.0,10.0,NotYet
80.0,14.1,3.7,-1.8,-10.0,NotYet
80.0,14.1,3.7,-1.8,-8.0,NotYet
80.0,14.1,3.7,-1.8,-6.0,NotYet
80.0,14.1,3.7,-1.8,-4.0,NotYet
80.0,14.1,3.7,-1.8,-2.0,NotYet
80.0,14.1,3.7,-1.8,0.0,NotYet
80.0,14.1,3.7,-1.8,2.0,NotYet
80.0,14.1,3.7,-1.8,4.0,NotYet
80.0,14.1,3.7,-1.8,6.0,NotYet
80.0,14.1,3.7,-1.8,8.0,NotYet
80.0,14.1,3.7,-1.8,10.0,NotYet
80.0,14.1,3.7,-1.6,-10.0,NotYet
80.0,14.1,3.7,-1.6,-8.0,NotYet
80.0,14.1,3.7,-1.6,-6.0,NotYet
80.0,14.1,3.7,-1.6,-4.0,NotYet
80.0,14.1,3.7,-1.6,-2.0,NotYet
80.0,14.1,3.7,-1.6,0.0,NotYet
80.0,14.1,3.7,-1.6,2.0,NotYet
80.0,14.1,3.7,-1.6,4.0,NotYet
80.0,14.1,3.7,-1.6,6.0,NotYet
80.0,14.1,3.7,-1.6,8.0,NotYet
80.0,14.1,3.7,-1.6,10.0,NotYet
80.0,14.1,3.7,-1.4,-10.0,NotYet
80.0,14.1,3.7,-1.4,-8.0,NotYet
80.0,14.1,3.7,-1.4,-6.0,NotYet
80.0,14.1,3.7,-1.4,-4.0,NotYet
80.0,14.1,3.7,-1.4,-2.0,NotYet
80.0,14.1,3.7,-1.4,0.0,NotYet
80.0,14.1,3.7,-1.4,2.0,NotYet
80.0,14.1,3.7,-1.4,4.0,NotYet
80.0,14.1,3.7,-1.4,6.0,NotYet
80.0,14.1,3.7,-1.4,8.0,NotYet
80.0,14.1,3.7,-1.4,10.0,NotYet
80.0,14.1,3.7,-1.2,-10.0,NotYet
80.0,14.1,3.7,-1.2,-8.0,NotYet
80.0,14.1,3.7,-1.2,-6.0,NotYet
80.0,14.1,3.7,-1.2,-4.0,NotYet
80.0,14.1,3.7,-1.2,-2.0,NotYet
80.0,14.1,3.7,-1.2,0.0,NotYet
80.0,14.1,3.7,-1.2,2.0,NotYet
80.0,14.1,3.7,-1.2,4.0,NotYet
80.0,14.1,3.7,-1.2,6.0,NotYet
80.0,14.1,3.7,-1.2,8.0,NotYet
80.0,14.1,3.7,-1.2,10.0,NotYet
80.0,14.1,3.7,-1.0,-10.0,NotYet
80.0,14.1,3.7,-1.0,-8.0,NotYet
80.0,14.1,3.7,-1.0,-6.0,NotYet
80.0,14.1,3.7,-1.0,-4.0,NotYet
80.0,14.1,3.7,-1.0,-2.0,NotYet
80.0,14.1,3.7,-1.0,0.0,NotYet
80.0,14.1,3.7,-1.0,2.0,NotYet
80.0,14.1,3.7,-1.0,4.0,NotYet
80.0,14.1,3.7,-1.0,6.0,NotYet
80.0,14.1,3.7,-1.0,8.0,NotYet
80.0,14.1,3.7,-1.0,10.0,NotYet
80.0,14.1,3.7,-0.8,-10.0,NotYet
80.0,14.1,3.7,-0.8,-8.0,NotYet
80.0,14.1,3.7,-0.8,-6.0,NotYet
80.0,14.1,3.7,-0.8,-4.0,NotYet
80.0,14.1,3.7,-0.8,-2.0,NotYet
80.0,14.1,3.7,-0.8,0.0,NotYet
80.0,14.1,3.7,-0.8,2.0,NotYet
80.0,14.1,3.7,-0.8,4.0,NotYet
80.0,14.1,3.7,-0.8,6.0,NotYet
80.0,14.1,3.7,-0.8,8.0,NotYet
80.0,14.1,3.7,-0.8,10.0,NotYet
80.0,14.1,3.7,-0.6,-10.0,NotYet
80.0,14.1,3.7,-0.6,-8.0,NotYet
80.0,14.1,3.7,-0.6,-6.0,NotYet
80.0,14.1,3.7,-0.6,-4.0,NotYet
80.0,14.1,3.7,-0.6,-2.0,NotYet
80.0,14.1,3.7,-0.6,0.0,NotYet
80.0,14.1,3.7,-0.6,2.0,NotYet
80.0,14.1,3.7,-0.6,4.0,NotYet
80.0,14.1,3.7,-0.6,6.0,NotYet
80.0,14.1,3.7,-0.6,8.0,NotYet
80.0,14.1,3.7,-0.6,10.0,NotYet
80.0,14.1,3.7,-0.4,-10.0,NotYet
80.0,14.1,3.7,-0.4,-8.0,NotYet
80.0,14.1,3.7,-0.4,-6.0,NotYet
80.0,14.1,3.7,-0.4,-4.0,NotYet
80.0,14.1,3.7,-0.4,-2.0,NotYet
80.0,14.1,3.7,-0.4,0.0,NotYet
80.0,14.1,3.7,-0.4,2.0,NotYet
80.0,14.1,3.7,-0.4,4.0,NotYet
80.0,14.1,3.7,-0.4,6.0,NotYet
80.0,14.1,3.7,-0.4,8.0,NotYet
80.0,14.1,3.7,-0.4,10.0,NotYet
80.0,14.1,3.7,-0.2,-10.0,NotYet
80.0,14.1,3.7,-0.2,-8.0,NotYet
80.0,14.1,3.7,-0.2,-6.0,NotYet
80.0,14.1,3.7,-0.2,-4.0,NotYet
80.0,14.1,3.7,-0.2,-2.0,NotYet
80.0,14.1,3.7,-0.2,0.0,NotYet
80.0,14.1,3.7,-0.2,2.0,NotYet
80.0,14.1,3.7,-0.2,4.0,NotYet
80.0,14.1,3.7,-0.2,6.0,NotYet
80.0,14.1,3.7,-0.2,8.0,NotYet
80.0,14.1,3.7,-0.2,10.0,NotYet
80.0,14.1,3.7,0.0,-10.0,NotYet
80.0,14.1,3.7,0.0,-8.0,NotYet
80.0,14.1,3.7,0.0,-6.0,NotYet
80.0,14.1,3.7,0.0,-4.0,NotYet
80.0,14.1,3.7,0.0,-2.0,NotYet
80.0,14.1,3.7,0.0,0.0,NotYet
80.0,14.1,3.7,0.0,2.0,NotYet
80.0,14.1,3.7,0.0,4.0,NotYet
80.0,14.1,3.7,0.0,6.0,NotYet
80.0,14.1,3.7,0.0,8.0,NotYet
80.0,14.1,3.7,0.0,10.0,NotYet
80.0,14.1,3.7,0.2,-10.0,NotYet
80.0,14.1,3.7,0.2,-8.0,NotYet
80.0,14.1,3.7,0.2,-6.0,NotYet
80.0,14.1,3.7,0.2,-4.0,NotYet
80.0,14.1,3.7,0.2,-2.0,NotYet
80.0,14.1,3.7,0.2,0.0,NotYet
80.0,14.1,3.7,0.2,2.0,NotYet
80.0,14.1,3.7,0.2,4.0,NotYet
80.0,14.1,3.7,0.2,6.0,NotYet
80.0,14.1,3.7,0.2,8.0,NotYet
80.0,14.1,3.7,0.2,10.0,NotYet
80.0,14.1,3.7,0.4,-10.0,NotYet
80.0,14.1,3.7,0.4,-8.0,NotYet
80.0,14.1,3.7,0.4,-6.0,NotYet
80.0,14.1,3.7,0.4,-4.0,NotYet
80.0,14.1,3.7,0.4,-2.0,NotYet
80.0,14.1,3.7,0.4,0.0,NotYet
80.0,14.1,3.7,0.4,2.0,NotYet
80.0,14.1,3.7,0.4,4.0,NotYet
80.0,14.1,3.7,0.4,6.0,NotYet
80.0,14.1,3.7,0.4,8.0,NotYet
80.0,14.1,3.7,0.4,10.0,NotYet
80.0,14.1,3.7,0.6,-10.0,NotYet
80.0,14.1,3.7,0.6,-8.0,NotYet
80.0,14.1,3.7,0.6,-6.0,NotYet
80.0,14.1,3.7,0.6,-4.0,NotYet
80.0,14.1,3.7,0.6,-2.0,NotYet
80.0,14.1,3.7,0.6,0.0,NotYet
80.0,14.1,3.7,0.6,2.0,NotYet
80.0,14.1,3.7,0.6,4.0,NotYet
80.0,14.1,3.7,0.6,6.0,NotYet
80.0,14.1,3.7,0.6,8.0,NotYet
80.0,14.1,3.7,0.6,10.0,NotYet
80.0,14.1,3.7,0.8,-10.0,NotYet
80.0,14.1,3.7,0.8,-8.0,NotYet
80.0,14.1,3.7,0.8,-6.0,NotYet
80.0,14.1,3.7,0.8,-4.0,NotYet
80.0,14.1,3.7,0.8,-2.0,NotYet
80.0,14.1,3.7,0.8,0.0,NotYet
80.0,14.1,3.7,0.8,2.0,NotYet
80.0,14.1,3.7,0.8,4.0,NotYet
80.0,14.1,3.7,0.8,6.0,NotYet
80.0,14.1,3.7,0.8,8.0,NotYet
80.0,14.1,3.7,0.8,10.0,NotYet
80.0,14.1,3.7,1.0,-10.0,NotYet
80.0,14.1,3.7,1.0,-8.0,NotYet
80.0,14.1,3.7,1.0,-6.0,NotYet
80.0,14.1,3.7,1.0,-4.0,NotYet
80.0,14.1,3.7,1.0,-2.0,NotYet
80.0,14.1,3.7,1.0,0.0,NotYet
80.0,14.1,3.7,1.0,2.0,NotYet
80.0,14.1,3.7,1.0,4.0,NotYet
80.0,14.1,3.7,1.0,6.0,NotYet
80.0,14.1,3.7,1.0,8.0,NotYet
80.0,14.1,3.7,1.0,10.0,NotYet
80.0,14.1,3.7,1.2,-10.0,NotYet
80.0,14.1,3.7,1.2,-8.0,NotYet
80.0,14.1,3.7,1.2,-6.0,NotYet
80.0,14.1,3.7,1.2,-4.0,NotYet
80.0,14.1,3.7,1.2,-2.0,NotYet
80.0,14.1,3.7,1.2,0.0,NotYet
80.0,14.1,3.7,1.2,2.0,NotYet
80.0,14.1,3.7,1.2,4.0,NotYet
80.0,14.1,3.7,1.2,6.0,NotYet
80.0,14.1,3.7,1.2,8.0,NotYet
80.0,14.1,3.7,1.2,10.0,NotYet
80.0,14.1,3.7,1.4,-10.0,NotYet
80.0,14.1,3.7,1.4,-8.0,NotYet
80.0,14.1,3.7,1.4,-6.0,NotYet
80.0,14.1,3.7,1.4,-4.0,NotYet
80.0,14.1,3.7,1.4,-2.0,NotYet
80.0,14.1,3.7,1.4,0.0,NotYet
80.0,14.1,3.7,1.4,2.0,NotYet
80.0,14.1,3.7,1.4,4.0,NotYet
80.0,14.1,3.7,1.4,6.0,NotYet
80.0,14.1,3.7,1.4,8.0,NotYet
80.0,14.1,3.7,1.4,10.0,NotYet
80.0,14.1,3.7,1.6,-10.0,NotYet
80.0,14.1,3.7,1.6,-8.0,NotYet
80.0,14.1,3.7,1.6,-6.0,NotYet
80.0,14.1,3.7,1.6,-4.0,NotYet
80.0,14.1,3.7,1.6,-2.0,NotYet
80.0,14.1,3.7,1.6,0.0,NotYet
80.0,14.1,3.7,1.6,2.0,NotYet
80.0,14.1,3.7,1.6,4.0,NotYet
80.0,14.1,3.7,1.6,6.0,NotYet
80.0,14.1,3.7,1.6,8.0,NotYet
80.0,14.1,3.7,1.6,10.0,NotYet
80.0,14.1,3.7,1.8,-10.0,NotYet
80.0,14.1,3.7,1.8,-8.0,NotYet
80.0,14.1,3.7,1.8,-6.0,NotYet
80.0,14.1,3.7,1.8,-4.0,NotYet
80.0,14.1,3.7,1.8,-2.0,NotYet
80.0,14.1,3.7,1.8,0.0,NotYet
80.0,14.1,3.7,1.8,2.0,NotYet
80.0,14.1,3.7,1.8,4.0,NotYet
80.0,14.1,3.7,1.8,6.0,NotYet
80.0,14.1,3.7,1.8,8.0,NotYet
80.0,14.1,3.7,1.8,10.0,NotYet
80.0,14.1,3.7,2.0,-10.0,NotYet
80.0,14.1,3.7,2.0,-8.0,NotYet
80.0,14.1,3.7,2.0,-6.0,NotYet
80.0,14.1,3.7,2.0,-4.0,NotYet
80.0,14.1,3.7,2.0,-2.0,NotYet
80.0,14.1,3.7,2.0,0.0,NotYet
80.0,14.1,3.7,2.0,2.0,NotYet
80.0,14.1,3.7,2.0,4.0,NotYet
80.0,14.1,3.7,2.0,6.0,NotYet
80.0,14.1,3.7,2.0,8.0,NotYet
80.0,14.1,3.7,2.0,10.0,NotYet
80.0,7.1,7.0,-2.0,-10.0,NotYet
80.0,7.1,7.0,-2.0,-8.0,NotYet
80.0,7.1,7.0,-2.0,-6.0,NotYet
80.0,7.1,7.0,-2.0,-4.0,NotYet
80.0,7.1,7.0,-2.0,-2.0,NotYet
80.0,7.1,7.0,-2.0,0.0,NotYet
80.0,7.1,7.0,-2.0,2.0,NotYet
80.0,7.1,7.0,-2.0,4.0,NotYet
80.0,7.1,7.0,-2.0,6.0,NotYet
80.0,7.1,7.0,-2.0,8.0,NotYet
80.0,7.1,7.0,-2.0,10.0,NotYet
80.0,7.1,7.0,-1.8,-10.0,NotYet
80.0,7.1,7.0,-1.8,-8.0,NotYet
80.0,7.1,7.0,-1.8,-6.0,NotYet
80.0,7.1,7.0,-1.8,-4.0,NotYet
80.0,7.1,7.0,-1.8,-2.0,NotYet
80.0,7.1,7.0,-1.8,0.0,NotYet
80.0,7.1,7.0,-1.8,2.0,NotYet
80.0,7.1,7.0,-1.8,4.0,NotYet
80.0,7.1,7.0,-1.8,6.0,NotYet
80.0,7.1,7.0,-1.8,8.0,NotYet
80.0,7.1,7.0,-1.8,10.0,NotYet
80.0,7.1,7.0,-1.6,-10.0,NotYet
80.0,7.1,7.0,-1.6,-8.0,NotYet
80.0,7.1,7.0,-1.6,-6.0,NotYet
80.0,7.1,7.0,-1.6,-4.0,NotYet
80.0,7.1,7.0,-1.6,-2.0,NotYet
80.0,7.1,7.0,-1.6,0.0,NotYet
80.0,7.1,7.0,-1.6,2.0,NotYet
80.0,7.1,7.0,-1.6,4.0,NotYet
80.0,7.1,7.0,-1.6,6.0,NotYet
80.0,7.1,7.0,-1.6,8.0,NotYet
80.0,7.1,7.0,-1.6,10.0,NotYet
80.0,7.1,7.0,-1.4,-10.0,NotYet
80.0,7.1,7.0,-1.4,-8.0,NotYet
80.0,7.1,7.0,-1.4,-6.0,NotYet
80.0,7.1,7.0,-1.4,-4.0,NotYet
80.0,7.1,7.0,-1.4,-2.0,NotYet
80.0,7.1,7.0,-1.4,0.0,NotYet
80.0,7.1,7.0,-1.4,2.0,NotYet
80.0,7.1,7.0,-1.4,4.0,NotYet
80.0,7.1,7.0,-1.4,6.0,NotYet
80.0,7.1,7.0,-1.4,8.0,NotYet
80.0,7.1,7.0,-1.4,10.0,NotYet
80.0,7.1,7.0,-1.2,-10.0,NotYet
80.0,7.1,7.0,-1.2,-8.0,NotYet
80.0,7.1,7.0,-1.2,-6.0,NotYet
80.0,7.1,7.0,-1.2,-4.0,NotYet
80.0,7.1,7.0,-1.2,-2.0,NotYet
80.0,7.1,7.0,-1.2,0.0,NotYet
80.0,7.1,7.0,-1.2,2.0,NotYet
80.0,7.1,7.0,-1.2,4.0,NotYet
80.0,7.1,7.0,-1.2,6.0,NotYet
80.0,7.1,7.0,-1.2,8.0,NotYet
80.0,7.1,7.0,-1.2,10.0,NotYet
80.0,7.1,7.0,-1.0,-10.0,NotYet
80.0,7.1,7.0,-1.0,-8.0,NotYet
80.0,7.1,7.0,-1.0,-6.0,NotYet
80.0,7.1,7.0,-1.0,-4.0,NotYet
80.0,7.1,7.0,-1.0,-2.0,NotYet
80.0,7.1,7.0,-1.0,0.0,NotYet
80.0,7.1,7.0,-1.0,2.0,NotYet
80.0,7.1,7.0,-1.0,4.0,NotYet
80.0,7.1,7.0,-1.0,6.0,NotYet
80.0,7.1,7.0,-1.0,8.0,NotYet
80.0,7.1,7.0,-1.0,10.0,NotYet
80.0,7.1,7.0,-0.8,-10.0,NotYet
80.0,7.1,7.0,-0.8,-8.0,NotYet
80.0,7.1,7.0,-0.8,-6.0,NotYet
80.0,7.1,7.0,-0.8,-4.0,NotYet
80.0,7.1,7.0,-0.8,-2.0,NotYet
80.0,7.1,7.0,-0.8,0.0,NotYet
80.0,7.1,7.0,-0.8,2.0,NotYet
80.0,7.1,7.0,-0.8,4.0,NotYet
80.0,7.1,7.0,-0.8,6.0,NotYet
80.0,7.1,7.0,-0.8,8.0,NotYet
80.0,7.1,7.0,-0.8,10.0,NotYet
80.0,7.1,7.0,-0.6,-10.0,NotYet
80.0,7.1,7.0,-0.6,-8.0,NotYet
80.0,7.1,7.0,-0.6,-6.0,NotYet
80.0,7.1,7.0,-0.6,-4.0,NotYet
80.0,7.1,7.0,-0.6,-2.0,NotYet
80.0,7.1,7.0,-0.6,0.0,NotYet
80.0,7.1,7.0,-0.6,2.0,NotYet
80.0,7.1,7.0,-0.6,4.0,NotYet
80.0,7.1,7.0,-0.6,6.0,NotYet
80.0,7.1,7.0,-0.6,8.0,NotYet
80.0,7.1,7.0,-0.6,10.0,NotYet
80.0,7.1,7.0,-0.4,-10.0,NotYet
80.0,7.1,7.0,-0.4,-8.0,NotYet
80.0,7.1,7.0,-0.4,-6.0,NotYet
80.0,7.1,7.0,-0.4,-4.0,NotYet
80.0,7.1,7.0,-0.4,-2.0,NotYet
80.0,7.1,7.0,-0.4,0.0,NotYet
80.0,7.1,7.0,-0.4,2.0,NotYet
80.0,7.1,7.0,-0.4,4.0,NotYet
80.0,7.1,7.0,-0.4,6.0,NotYet
80.0,7.1,7.0,-0.4,8.0,NotYet
80.0,7.1,7.0,-0.4,10.0,NotYet
80.0,7.1,7.0,-0.2,-10.0,NotYet
80.0,7.1,7.0,-0.2,-8.0,NotYet
80.0,7.1,7.0,-0.2,-6.0,NotYet
80.0,7.1,7.0,-0.2,-4.0,NotYet
80.0,7.1,7.0,-0.2,-2.0,NotYet
80.0,7.1,7.0,-0.2,0.0,NotYet
80.0,7.1,7.0,-0.2,2.0,NotYet
80.0,7.1,7.0,-0.2,4.0,NotYet
80.0,7.1,7.0,-0.2,6.0,NotYet
80.0,7.1,7.0,-0.2,8.0,NotYet
80.0,7.1,7.0,-0.2,10.0,NotYet
80.0,7.1,7.0,0.0,-10.0,NotYet
80.0,7.1,7.0,0.0,-8.0,NotYet
80.0,7.1,7.0,0.0,-6.0,NotYet
80.0,7.1,7.0,0.0,-4.0,NotYet
80.0,7.1,7.0,0.0,-2.0,NotYet
80.0,7.1,7.0,0.0,0.0,NotYet
80.0,7.1,7.0,0.0,2.0,NotYet
80.0,7.1,7.0,0.0,4.0,NotYet
80.0,7.1,7.0,0.0,6.0,NotYet
80.0,7.1,7.0,0.0,8.0,NotYet
80.0,7.1,7.0,0.0,10.0,NotYet
80.0,7.1,7.0,0.2,-10.0,NotYet
80.0,7.1,7.0,0.2,-8.0,NotYet
80.0,7.1,7.0,0.2,-6.0,NotYet
80.0,7.1,7.0,0.2,-4.0,NotYet
80.0,7.1,7.0,0.2,-2.0,NotYet
80.0,7.1,7.0,0.2,0.0,NotYet
80.0,7.1,7.0,0.2,2.0,NotYet
80.0,7.1,7.0,0.2,4.0,NotYet
80.0,7.1,7.0,0.2,6.0,NotYet
80.0,7.1,7.0,0.2,8.0,NotYet
80.0,7.1,7.0,0.2,10.0,NotYet
80.0,7.1,7.0,0.4,-10.0,NotYet
80.0,7.1,7.0,0.4,-8.0,NotYet
80.0,7.1,7.0,0.4,-6.0,NotYet
80.0,7.1,7.0,0.4,-4.0,NotYet
80.0,7.1,7.0,0.4,-2.0,NotYet
80.0,7.1,7.0,0.4,0.0,NotYet
80.0,7.1,7.0,0.4,2.0,NotYet
80.0,7.1,7.0,0.4,4.0,NotYet
80.0,7.1,7.0,0.4,6.0,NotYet
80.0,7.1,7.0,0.4,8.0,NotYet
80.0,7.1,7.0,0.4,10.0,NotYet
80.0,7.1,7.0,0.6,-10.0,NotYet
80.0,7.1,7.0,0.6,-8.0,NotYet
80.0,7.1,7.0,0.6,-6.0,NotYet
80.0,7.1,7.0,0.6,-4.0,NotYet
80.0,7.1,7.0,0.6,-2.0,NotYet
80.0,7.1,7.0,0.6,0.0,NotYet
80.0,7.1,7.0,0.6,2.0,NotYet
80.0,7.1,7.0,0.6,4.0,NotYet
80.0,7.1,7.0,0.6,6.0,NotYet
80.0,7.1,7.0,0.6,8.0,NotYet
80.0,7.1,7.0,0.6,10.0,NotYet
80.0,7.1,7.0,0.8,-10.0,NotYet
80.0,7.1,7.0,0.8,-8.0,NotYet
80.0,7.1,7.0,0.8,-6.0,NotYet
80.0,7.1,7.0,0.8,-4.0,NotYet
80.0,7.1,7.0,0.8,-2.0,NotYet
80.0,7.1,7.0,0.8,0.0,NotYet
80.0,7.1,7.0,0.8,2.0,NotYet
80.0,7.1,7.0,0.8,4.0,NotYet
80.0,7.1,7.0,0.8,6.0,NotYet
80.0,7.1,7.0,0.8,8.0,NotYet
80.0,7.1,7.0,0.8,10.0,NotYet
80.0,7.1,7.0,1.0,-10.0,NotYet
80.0,7.1,7.0,1.0,-8.0,NotYet
80.0,7.1,7.0,1.0,-6.0,NotYet
80.0,7.1,7.0,1.0,-4.0,NotYet
80.0,7.1,7.0,1.0,-2.0,NotYet
80.0,7.1,7.0,1.0,0.0,NotYet
80.0,7.1,7.0,1.0,2.0,NotYet
80.0,7.1,7.0,1.0,4.0,NotYet
80.0,7.1,7.0,1.0,6.0,NotYet
80.0,7.1,7.0,1.0,8.0,NotYet
80.0,7.1,7.0,1.0,10.0,NotYet
80.0,7.1,7.0,1.2,-10.0,NotYet
80.0,7.1,7.0,1.2,-8.0,NotYet
80.0,7.1,7.0,1.2,-6.0,NotYet
80.0,7.1,7.0,1.2,-4.0,NotYet
80.0,7.1,7.0,1.2,-2.0,NotYet
80.0,7.1,7.0,1.2,0.0,NotYet
80.0,7.1,7.0,1.2,2.0,NotYet
80.0,7.1,7.0,1.2,4.0,NotYet
80.0,7.1,7.0,1.2,6.0,NotYet
80.0,7.1,7.0,1.2,8.0,NotYet
80.0,7.1,7.0,1.2,10.0,NotYet
80.0,7.1,7.0,1.4,-10.0,NotYet
80.0,7.1,7.0,1.4,-8.0,NotYet
80.0,7.1,7.0,1.4,-6.0,NotYet
80.0,7.1,7.0,1.4,-4.0,NotYet
80.0,7.1,7.0,1.4,-2.0,NotYet
80.0,7.1,7.0,1.4,0.0,NotYet
80.0,7.1,7.0,1.4,2.0,NotYet
80.0,7.1,7.0,1.4,4.0,NotYet
80.0,7.1,7.0,1.4,6.0,NotYet
80.0,7.1,7.0,1.4,8.0,NotYet
80.0,7.1,7.0,1.4,10.0,NotYet
80.0,7.1,7.0,1.6,-10.0,NotYet
80.0,7.1,7.0,1.6,-8.0,NotYet
80.0,7.1,7.0,1.6,-6.0,NotYet
80.0,7.1,7.0,1.6,-4.0,NotYet
80.0,7.1,7.0,1.6,-2.0,NotYet
80.0,7.1,7.0,1.6,0.0,NotYet
80.0,7.1,7.0,1.6,2.0,NotYet
80.0,7.1,7.0,1.6,4.0,NotYet
80.0,7.1,7.0,1.6,6.0,NotYet
80.0,7.1,7.0,1.6,8.0,NotYet
80.0,7.1,7.0,1.6,10.0,NotYet
80.0,7.1,7.0,1.8,-10.0,NotYet
80.0,7.1,7.0,1.8,-8.0,NotYet
80.0,7.1,7.0,1.8,-6.0,NotYet
80.0,7.1,7.0,1.8,-4.0,NotYet
80.0,7.1,7.0,1.8,-2.0,NotYet
80.0,7.1,7.0,1.8,0.0,NotYet
80.0,7.1,7.0,1.8,2.0,NotYet
80.0,7.1,7.0,1.8,4.0,NotYet
80.0,7.1,7.0,1.8,6.0,NotYet
80.0,7.1,7.0,1.8,8.0,NotYet
80.0,7.1,7.0,1.8,10.0,NotYet
80.0,7.1,7.0,2.0,-10.0,NotYet
80.0,7.1,7.0,2.0,-8.0,NotYet
80.0,7.1,7.0,2.0,-6.0,NotYet
80.0,7.1,7.0,2.0,-4.0,NotYet
80.0,7.1,7.0,2.0,-2.0,NotYet
80.0,7.1,7.0,2.0,0.0,NotYet
80.0,7.1,7.0,2.0,2.0,NotYet
80.0,7.1,7.0,2.0,4.0,NotYet
80.0,7.1,7.0,2.0,6.0,NotYet
80.0,7.1,7.0,2.0,8.0,NotYet
80.0,7.1,7.0,2.0,10.0,NotYet
